# OpenTelemetry Metrics report: .csv, 4 fields: 
# <metric name>, <period start, nanoseconds>, <period end, nanoseconds>, <metric value>
# See CsvMetricsExporter for details.
# 
# NAME, PERIOD_START_NANOS, PERIOD_END_NANOS, VALUE
cacheStateStorage.get.duration,1781855843126000000,1781855903170000000,312
cacheStateStorage.set.duration,1781855843126000000,1781855903170000000,56
cacheStateStorage.set.counter,1781855843126000000,1781855903170000000,3
cacheStateStorage.get.counter,1781855843126000000,1781855903170000000,35
workspaceModel.workspaceFileIndexData.onEntitiesChanged.ms,1781855843126000000,1781855903170000000,4
workspaceModel.update.unloaded.entities.ms,1781855843126000000,1781855903170000000,0
workspaceModel.pre.handlers.ms,1781855843126000000,1781855903170000000,8
workspaceModel.initializing.ms,1781855843126000000,1781855903170000000,75
workspaceModel.workspaceFileIndexData.processFileSets.ms,1781855843126000000,1781855903170000000,0
workspaceModel.workspaceFileIndexData.updateDirtyEntities.ms,1781855843126000000,1781855903170000000,0
workspaceModel.full.replace.project.model.ms,1781855843126000000,1781855903170000000,18
workspaceModel.workspaceFileIndexData.getDirectoriesByPackageName.ms,1781855843126000000,1781855903170000000,107
workspaceModel.workspaceFileIndexData.init.ms,1781855843126000000,1781855903170000000,291
workspaceModel.cachedValueWithParameters.from.cache.count,1781855843126000000,1781855903170000000,13274
workspaceModel.updates.precise.ms,1781855843126000000,1781855903170000000,164
workspaceModel.cachedValue.clear.count,1781855843126000000,1781855903170000000,0
workspaceModel.updates.ms,1781855843126000000,1781855903170000000,575
workspaceModel.workspaceFileIndexData.instances.count,1781855843126000000,1781855903170000000,1
workspaceModel.to.snapshot.ms,1781855843126000000,1781855903170000000,3
workspaceModel.loading.from.cache.ms,1781855843126000000,1781855903170000000,543
workspaceModel.cachedValueWithParameters.total.get.count,1781855843126000000,1781855903170000000,13277
workspaceModel.workspaceFileIndexData.getFileInfo.ms,1781855843126000000,1781855903170000000,1580
workspaceModel.cachedValue.total.get.count,1781855843126000000,1781855903170000000,130
workspaceModel.collect.changes.ms,1781855843126000000,1781855903170000000,0
workspaceModel.check.recursive.update.ms,1781855843126000000,1781855903170000000,3
workspaceModel.workspaceFileIndexData.markDirty.ms,1781855843126000000,1781855903170000000,0
workspaceModel.replace.project.model.ms,1781855843126000000,1781855903170000000,0
workspaceModel.entityStorageSnapshotImpl.instances.count,1781855843126000000,1781855903170000000,22
workspaceModel.on.before.changed.ms,1781855843126000000,1781855903170000000,244
workspaceModel.init.bridges.ms,1781855843126000000,1781855903170000000,75
workspaceModel.loading.total.ms,1781855843126000000,1781855903170000000,565
workspaceModel.cachedValue.calculated.count,1781855843126000000,1781855903170000000,15
workspaceModel.workspaceFileIndexData.getPackageName.ms,1781855843126000000,1781855903170000000,25
workspaceModel.on.changed.ms,1781855843126000000,1781855903170000000,82
workspaceModel.updates.count,1781855843126000000,1781855903170000000,3
workspaceModel.cachedValueWithParameters.calculated.count,1781855843126000000,1781855903170000000,3
workspaceModel.workspaceFileIndexContributor.registerFileSets.ms,1781855843126000000,1781855903170000000,557
workspaceModel.cachedValueWithParameters.clear.count,1781855843126000000,1781855903170000000,0
workspaceModel.workspaceFileIndexData.visitFileSets.ms,1781855843126000000,1781855903170000000,29
workspaceModel.cachedValue.from.cache.count,1781855843126000000,1781855903170000000,115
AWTEventQueue.eventsDispatched,1781855843126000000,1781855903170000000,2494
FlushQueue.queueSize90P,1781855843126000000,1781855903170000000,135
FlushQueue.waitingTimeAvgNs,1781855843126000000,1781855903170000000,4.067318818166432E8
NonBlockingReadAction.finalizedExecutionsCount,1781855843126000000,1781855903170000000,88
AWTEventQueue.dispatchTimeMaxNs,1781855843126000000,1781855903170000000,1275068415
AWTEventQueue.dispatchTimeAvgNs,1781855843126000000,1781855903170000000,8638551.512429832
ReadAction.executionsCount,1781855843126000000,1781855903170000000,38150
AWTEventQueue.dispatchTime90PNs,1781855843126000000,1781855903170000000,12320767
FlushQueue.queueSizeAvg,1781855843126000000,1781855903170000000,46.86918194640339
FlushQueue.executionTimeAvgNs,1781855843126000000,1781855903170000000,3801934.4767277855
FlushQueue.waitingTimeMaxNs,1781855843126000000,1781855903170000000,2835349503
FlushQueue.executionTimeMaxNs,1781855843126000000,1781855903170000000,1275068415
NonBlockingReadAction.finalizedExecutionTimeUs,1781855843126000000,1781855903170000000,1130980
FlushQueue.executionTime90PNs,1781855843126000000,1781855903170000000,2195455
FlushQueue.tasksExecuted,1781855843126000000,1781855903170000000,2836
WriteAction.executionsCount,1781855843126000000,1781855903170000000,12
FlushQueue.waitingTime90PNs,1781855843126000000,1781855903170000000,1317011455
NonBlockingReadAction.failedExecutionsCount,1781855843126000000,1781855903170000000,1
AWTEventQueue.dispatchTimeTotalNS,1781855843126000000,1781855903170000000,21537232761
NonBlockingReadAction.failedExecutionTimeUs,1781855843126000000,1781855903170000000,63967
FlushQueue.queueSizeMax,1781855843126000000,1781855903170000000,289
compiler.ArtifactManagerBridge.commit.ms,1781855843126000000,1781855903170000000,0
compiler.ArtifactManagerBridge.dropMappings.ms,1781855843126000000,1781855903170000000,0
compiler.ArtifactManagerBridge.findArtifact.ms,1781855843126000000,1781855903170000000,0
compiler.ArtifactVirtualFileListener.filePathChanged.ms,1781855843126000000,1781855903170000000,0
compiler.ArtifactManagerBridge.getArtifactsByType.ms,1781855843126000000,1781855903170000000,40
compiler.ArtifactVirtualFileListener.propertyChanged.ms,1781855843126000000,1781855903170000000,0
compiler.ArtifactManagerBridge.initBridges.ms,1781855843126000000,1781855903170000000,3
compiler.ArtifactManagerBridge.getArtifacts.ms,1781855843126000000,1781855903170000000,0
compiler.ArtifactManagerBridge.addArtifact.ms,1781855843126000000,1781855903170000000,0
workspaceModel.mutableEntityStorage.apply.changes.from.ms,1781855843126000000,1781855903170000000,55
jps.global.handle.before.change.events.ms,1781855843126000000,1781855903170000000,0
workspaceModel.moduleManagerBridge.load.module.ms,1781855843126000000,1781855903170000000,0
workspaceModel.global.updates.ms,1781855843126000000,1781855903170000000,20
jps.app.storage.content.reader.load.component.ms,1781855843126000000,1781855903170000000,5
jps.facet.change.listener.init.bridge.ms,1781855843126000000,1781855903170000000,8
workspaceModel.moduleBridgeLoader.loading.modules.ms,1781855843126000000,1781855903170000000,1006
jps.artifact.entities.serializer.load.entities.ms,1781855843126000000,1781855903170000000,0
workspaceModel.mutableEntityStorage.collect.changes.ms,1781855843126000000,1781855903170000000,3
workspaceModel.mutableEntityStorage.instances.count,1781855843126000000,1781855903170000000,33
workspaceModel.save.cache.to.file.ms,1781855843126000000,1781855903170000000,189
jps.storage.jps.conf.reader.load.component.ms,1781855843126000000,1781855903170000000,29
workspaceModel.moduleBridge.facet.initialization.ms,1781855843126000000,1781855903170000000,132
workspaceModel.delayed.project.synchronizer.sync.ms,1781855843126000000,1781855903170000000,719
jps.save.changed.project.entities.ms,1781855843126000000,1781855903170000000,0
workspaceModel.sync.entities.ms,1781855843126000000,1781855903170000000,0
jps.library.entities.serializer.save.entities.ms,1781855843126000000,1781855903170000000,0
workspaceModel.moduleBridge.update.option.ms,1781855843126000000,1781855903170000000,0
workspaceModel.global.apply.state.to.project.ms,1781855843126000000,1781855903170000000,580
workspaceModel.moduleManagerBridge.load.all.modules.ms,1781855843126000000,1781855903170000000,176
workspaceModel.load.cache.metadata.from.file.ms,1781855843126000000,1781855903170000000,47
jps.apply.loaded.storage.ms,1781855843126000000,1781855903170000000,98
jps.global.get.libraries.ms,1781855843126000000,1781855903170000000,9
workspaceModel.moduleBridge.before.changed.ms,1781855843126000000,1781855903170000000,0
workspaceModel.moduleManagerBridge.newModule.ms,1781855843126000000,1781855903170000000,0
workspaceModel.mutableEntityStorage.modify.entity.ms,1781855843126000000,1781855903170000000,14
workspaceModel.mutableEntityStorage.to.snapshot.ms,1781855843126000000,1781855903170000000,10
workspaceModel.orphan.listener.update.ms,1781855843126000000,1781855903170000000,9
jps.save.global.entities.ms,1781855843126000000,1781855903170000000,0
workspaceModel.global.apply.state.to.project.builder.ms,1781855843126000000,1781855903170000000,15
workspaceModel.mutableEntityStorage.referrers.ms,1781855843126000000,1781855903170000000,0
workspaceModel.moduleManagerBridge.build.module.graph.ms,1781855843126000000,1781855903170000000,1
workspaceModel.load.cache.from.file.ms,1781855843126000000,1781855903170000000,556
workspaceModel.mutableEntityStorage.entities.ms,1781855843126000000,1781855903170000000,2
jps.module.iml.entities.serializer.save.entities.ms,1781855843126000000,1781855903170000000,0
jps.global.initialize.library.bridges.after.loading.ms,1781855843126000000,1781855903170000000,6
workspaceModel.mutableEntityStorage.replace.by.source.ms,1781855843126000000,1781855903170000000,131
workspaceModel.mutableEntityStorage.changeLog.addReplaceEventForNewChild.ms,1781855843126000000,1781855903170000000,1
workspaceModel.mutableEntityStorage.has.same.entities.ms,1781855843126000000,1781855903170000000,0
workspaceModel.mutableEntityStorage.remove.entity.ms,1781855843126000000,1781855903170000000,0
workspaceModel.moduleManagerBridge.get.modules.ms,1781855843126000000,1781855903170000000,3
jps.global.initialize.library.bridges.ms,1781855843126000000,1781855903170000000,3
jps.library.entities.serializer.load.entities.ms,1781855843126000000,1781855903170000000,0
workspaceModel.mutableEntityStorage.mutable.vfurl.index.ms,1781855843126000000,1781855903170000000,0
jps.facet.change.listener.process.change.events.ms,1781855843126000000,1781855903170000000,10
workspaceModel.global.updates.count,1781855843126000000,1781855903170000000,1
workspaceModel.mutableEntityStorage.add.entity.ms,1781855843126000000,1781855903170000000,318
workspaceModel.mutableEntityStorage.hasReferrers.ms,1781855843126000000,1781855903170000000,0
workspaceModel.moduleManagerBridge.create.module.instance.ms,1781855843126000000,1781855903170000000,0
jps.module.dependency.index.workspace.model.listener.on.changed.ms,1781855843126000000,1781855903170000000,3
workspaceModel.mutableEntityStorage.put.entity.ms,1781855843126000000,1781855903170000000,57
workspaceModel.moduleManagerBridge.set.unloadedModules.ms,1781855843126000000,1781855903170000000,0
workspaceModel.mutableEntityStorage.mutable.ext.mapping.ms,1781855843126000000,1781855903170000000,4
jps.global.handle.changed.events.ms,1781855843126000000,1781855903170000000,0
jps.project.serializers.load.ms,1781855843126000000,1781855903170000000,364
jps.global.get.library.by.name.ms,1781855843126000000,1781855903170000000,0
jps.load.initial.state.ms,1781855843126000000,1781855903170000000,66
workspaceModel.mutableEntityStorage.changeLog.addReplaceEventForNewParent.ms,1781855843126000000,1781855903170000000,1
jps.reload.project.entities.ms,1781855843126000000,1781855903170000000,0
workspaceModel.do.save.caches.ms,1781855843126000000,1781855903170000000,204
workspaceModel.moduleManagerBridge.new.nonPersistent.module.ms,1781855843126000000,1781855903170000000,0
workspaceModel.mutableEntityStorage.changeLog.addReplaceEventForRemovedParent.ms,1781855843126000000,1781855903170000000,0
workspaceModel.mutableEntityStorage.entities.by.source.ms,1781855843126000000,1781855903170000000,4
workspaceModel.mutableEntityStorage.changeLog.addReplaceEventForRemovedChild.ms,1781855843126000000,1781855903170000000,0
jps.facet.change.listener.before.change.events.ms,1781855843126000000,1781855903170000000,0
jps.module.iml.entities.serializer.load.entities.ms,1781855843126000000,1781855903170000000,224
jps.artifact.entities.serializer.save.entities.ms,1781855843126000000,1781855903170000000,0
jps.project.serializers.save.ms,1781855843126000000,1781855903170000000,0
workspaceModel.mutableEntityStorage.resolve.ms,1781855843126000000,1781855903170000000,0
jps.load.project.to.empty.storage.ms,1781855843126000000,1781855903170000000,607
jps.global.get.library.ms,1781855843126000000,1781855903170000000,0
lexer.JSON.size.bytes,1781855843126000000,1781855903170000000,503
DiskQueryRelay.tasksRequested,1781855843126000000,1781855903170000000,1442
writeAction.max.wait.ms,1781855843126000000,1781855903170000000,13
lexer.JAVA.time.ns,1781855843126000000,1781855903170000000,22071129
LowMemory.gcLoad,1781855843126000000,1781855903170000000,0.0023795897384048924
parser.JAVA.size.bytes,1781855843126000000,1781855903170000000,3058
lexer.JAVA.size.bytes,1781855843126000000,1781855903170000000,3058
writeAction.median.wait.ms,1781855843126000000,1781855903170000000,0
DiskQueryRelay.taskWaitingTotalTimeUs,1781855843126000000,1781855903170000000,5094025
parser.JAVA.time.ns,1781855843126000000,1781855903170000000,257289399
lexer.JSON.time.ns,1781855843126000000,1781855903170000000,5106215
DiskQueryRelay.taskExecutionTotalTimeUs,1781855843126000000,1781855903170000000,1812070
parser.JSON.time.ns,1781855843126000000,1781855903170000000,32
DiskQueryRelay.tasksExecuted,1781855843126000000,1781855903170000000,974
writeAction.wait.ms,1781855843126000000,1781855903170000000,27
parser.JSON.size.bytes,1781855843126000000,1781855903170000000,503
writeAction.count,1781855843126000000,1781855903170000000,12
LowMemory.gcOverloaded,1781855843126000000,1781855903170000000,0
Indexes.stubs.lookupDurationMaxMs,1781855843126000000,1781855903170000000,245.0
Indexes.entries.lookupDurationAvgMs,1781855843126000000,1781855903170000000,7.315789473684211
Indexing.totalTimeIndexersSleptMs,1781855843126000000,1781855903170000000,0
Indexing.writer_3.totalTimeSpentWritingMs,1781855843126000000,1781855903170000000,403
Indexes.entries.lookups,1781855843126000000,1781855903170000000,56
Indexes.allKeys.lookupDurationAvgMs,1781855843126000000,1781855903170000000,1.0
Indexes.allKeys.lookupDurationMaxMs,1781855843126000000,1781855903170000000,2.0
Indexing.writesQueuedAvg,1781855843126000000,1781855903170000000,0.5137614678899083
Indexes.stubs.lookups,1781855843126000000,1781855903170000000,2432
Indexing.cache.totalCacheEvicted,1781855843126000000,1781855903170000000,5571
Indexes.entries.lookupDurationMaxMs,1781855843126000000,1781855903170000000,87.0
Indexing.cache.totalCacheAccesses,1781855843126000000,1781855903170000000,35980
Indexing.writer_0.totalTimeSpentWritingMs,1781855843126000000,1781855903170000000,613
Indexing.writer_1.totalTimeSpentWritingMs,1781855843126000000,1781855903170000000,404
Indexing.cache.totalCacheMisses,1781855843126000000,1781855903170000000,6157
Indexing.writesQueuedMin,1781855843126000000,1781855903170000000,0
Indexing.writer_2.totalTimeSpentWritingMs,1781855843126000000,1781855903170000000,234
Indexes.entries.lookupDuration90PMs,1781855843126000000,1781855903170000000,16.0
Indexes.allKeys.lookupDuration90PMs,1781855843126000000,1781855903170000000,2.0
Indexes.stubs.lookupDuration90PMs,1781855843126000000,1781855903170000000,4.0
Indexes.stubs.lookupDurationAvgMs,1781855843126000000,1781855903170000000,1.237566789971229
Indexing.writesQueuedMax,1781855843126000000,1781855903170000000,50
Indexes.allKeys.lookups,1781855843126000000,1781855903170000000,2
VFS.invertedFileNameIndex.requests,1781855843126000000,1781855903170000000,6
VFS.folderCaseSensitivityReads,1781855843126000000,1781855903170000000,0
FileNameCache.queries,1781855843126000000,1781855903170000000,389824
VFS.contentStorage.recordsDeduplicated,1781855843126000000,1781855903170000000,4
VFS.fileChildByName,1781855843126000000,1781855903170000000,5708
VFS.contentStorage.recordsRead,1781855843126000000,1781855903170000000,127
VFS.contentStorage.recordsReadSize,1781855843126000000,1781855903170000000,442040
VFS.contentStorage.recordsStored,1781855843126000000,1781855903170000000,0
VFS.cache.segmentsCreated,1781855843126000000,1781855903170000000,88
VFS.contentStorage.recordsReadDecompressed,1781855843126000000,1781855903170000000,7
FileNameCache.totalMisses,1781855843126000000,1781855903170000000,27968
VFS.contentStorage.recordsStoredCompressed,1781855843126000000,1781855903170000000,0
VFS.cache.directoriesCreated,1781855843126000000,1781855903170000000,1416
VFS.contentStorage.recordsDecompressionTimeUs,1781855843126000000,1781855903170000000,1550
VFS.contentStorage.recordsUncompressedSize,1781855843126000000,1781855903170000000,0
VFS.fileByIdCache.hits,1781855843126000000,1781855903170000000,0
VFS.cache.segments,1781855843126000000,1781855903170000000,88.0
VFS.fileByIdCache.misses,1781855843126000000,1781855903170000000,332
VFS.cache.filesCreated,1781855843126000000,1781855903170000000,18968
VFS.rootsCount,1781855843126000000,1781855903170000000,12.0
VFS.contentStorage.recordsStoredSize,1781855843126000000,1781855903170000000,0
JVM.maxHeapBytes,1781855843126000000,1781855903170000000,2147483648
JVM.totalCpuTimeMs,1781855843126000000,1781855903170000000,192900
JVM.maxThreadCount,1781855843126000000,1781855903170000000,143
JVM.GC.collectionTimesMs,1781855843126000000,1781855903170000000,1327
MEM.fileMappingsRamBytes,1781855843126000000,1781855903170000000,716673024
MEM.ramPlusSwapMinusFileMappingsBytes,1781855843126000000,1781855903170000000,1318469632
JVM.usedHeapBytes,1781855843126000000,1781855903170000000,443821568
JVM.totalTimeToSafepointsMs,1781855843126000000,1781855903170000000,70
JVM.totalSafepointCount,1781855843126000000,1781855903170000000,142
MEM.ramBytes,1781855843126000000,1781855903170000000,2047987712
MEM.ramMinusFileMappingsBytes,1781855843126000000,1781855903170000000,1318469632
JVM.threadCount,1781855843126000000,1781855903170000000,143
JVM.totalDirectByteBuffersBytes,1781855843126000000,1781855903170000000,47333377
JVM.newThreadsCount,1781855843126000000,1781855903170000000,151
JVM.totalBytesAllocated,1781855843126000000,1781855903170000000,3624766512
OS.loadAverage,1781855843126000000,1781855903170000000,2.12890625
JVM.totalTimeAtSafepointsMs,1781855843126000000,1781855903170000000,1365
JVM.usedNativeBytes,1781855843126000000,1781855903170000000,431722816
JVM.GC.collections,1781855843126000000,1781855903170000000,63
JVM.committedHeapBytes,1781855843126000000,1781855903170000000,599785472
DirectByteBufferAllocator.reclaimed,1781855843126000000,1781855903170000000,83
DirectByteBufferAllocator.hits,1781855843126000000,1781855903170000000,41
DirectByteBufferAllocator.totalSizeOfBuffersAllocatedInBytes,1781855843126000000,1781855903170000000,47235072
FilePageCache.totalPageLoadsUs,1781855843126000000,1781855903170000000,1816189
StreamlinedBlobStorage.recordsDeleted,1781855843126000000,1781855903170000000,3
StreamlinedBlobStorage.totalLiveRecordsPayloadBytes,1781855843126000000,1781855903170000000,2926444
StreamlinedBlobStorage.recordsRelocated,1781855843126000000,1781855903170000000,0
FilePageCache.pageFastCacheHits,1781855843126000000,1781855903170000000,23110
DirectByteBufferAllocator.disposed,1781855843126000000,1781855903170000000,603
FilePageCache.maxRegisteredFiles,1781855843126000000,1781855903170000000,1652
MappedFileStorage.storages,1781855843126000000,1781855903170000000,14
FilePageCache.maxCacheSizeInBytes,1781855843126000000,1781855903170000000,629153792
FilePageCache.uncachedFileAccess,1781855843126000000,1781855903170000000,542
StreamlinedBlobStorage.recordsAllocated,1781855843126000000,1781855903170000000,60014
FilePageCache.capacityInBytes,1781855843126000000,1781855903170000000,629145600
MappedFileStorage.totalBytesMapped,1781855843126000000,1781855903170000000,194248704
FilePageCache.pageLoads,1781855843126000000,1781855903170000000,655
StorageLockContext.competingThreads.max,1781855843126000000,1781855903170000000,11
MappedFileStorage.totalPagesMapped,1781855843126000000,1781855903170000000,14
StorageLockContext.competingThreads.avg,1781855843126000000,1781855903170000000,0.1794871794871795
StorageLockContext.competingThreads.90P,1781855843126000000,1781855903170000000,0
DirectByteBufferAllocator.misses,1781855843126000000,1781855903170000000,654
StreamlinedBlobStorage.totalLiveRecordsCapacityBytes,1781855843126000000,1781855903170000000,5352989
FilePageCache.pageLoadsAboveSizeThreshold,1781855843126000000,1781855903170000000,40
DirectByteBufferAllocator.totalSizeOfBuffersCachedInBytes,1781855843126000000,1781855903170000000,41959424
MappedFileStorage.totalTimeSpentOnMappingUs,1781855843126000000,1781855903170000000,21746
FilePageCache.disposedBuffers,1781855843126000000,1781855903170000000,644
FilePageCache.totalPageDisposalsUs,1781855843126000000,1781855903170000000,23332
FileChannelInterruptsRetryer.totalRetriedAttempts,1781855843126000000,1781855903170000000,0
FilePageCache.pageHits,1781855843126000000,1781855903170000000,2
cacheStateStorage.get.duration,1781855903170000000,1781855963166000000,0
cacheStateStorage.set.duration,1781855903170000000,1781855963166000000,11
cacheStateStorage.set.counter,1781855903170000000,1781855963166000000,1
cacheStateStorage.get.counter,1781855903170000000,1781855963166000000,0
workspaceModel.workspaceFileIndexData.onEntitiesChanged.ms,1781855903170000000,1781855963166000000,0
workspaceModel.update.unloaded.entities.ms,1781855903170000000,1781855963166000000,0
workspaceModel.pre.handlers.ms,1781855903170000000,1781855963166000000,0
workspaceModel.initializing.ms,1781855903170000000,1781855963166000000,0
workspaceModel.workspaceFileIndexData.processFileSets.ms,1781855903170000000,1781855963166000000,0
workspaceModel.workspaceFileIndexData.updateDirtyEntities.ms,1781855903170000000,1781855963166000000,0
workspaceModel.full.replace.project.model.ms,1781855903170000000,1781855963166000000,0
workspaceModel.workspaceFileIndexData.getDirectoriesByPackageName.ms,1781855903170000000,1781855963166000000,0
workspaceModel.workspaceFileIndexData.init.ms,1781855903170000000,1781855963166000000,0
workspaceModel.cachedValueWithParameters.from.cache.count,1781855903170000000,1781855963166000000,0
workspaceModel.updates.precise.ms,1781855903170000000,1781855963166000000,0
workspaceModel.cachedValue.clear.count,1781855903170000000,1781855963166000000,0
workspaceModel.updates.ms,1781855903170000000,1781855963166000000,0
workspaceModel.workspaceFileIndexData.instances.count,1781855903170000000,1781855963166000000,0
workspaceModel.to.snapshot.ms,1781855903170000000,1781855963166000000,0
workspaceModel.loading.from.cache.ms,1781855903170000000,1781855963166000000,0
workspaceModel.cachedValueWithParameters.total.get.count,1781855903170000000,1781855963166000000,0
workspaceModel.workspaceFileIndexData.getFileInfo.ms,1781855903170000000,1781855963166000000,0
workspaceModel.cachedValue.total.get.count,1781855903170000000,1781855963166000000,4
workspaceModel.collect.changes.ms,1781855903170000000,1781855963166000000,0
workspaceModel.check.recursive.update.ms,1781855903170000000,1781855963166000000,0
workspaceModel.workspaceFileIndexData.markDirty.ms,1781855903170000000,1781855963166000000,0
workspaceModel.replace.project.model.ms,1781855903170000000,1781855963166000000,0
workspaceModel.entityStorageSnapshotImpl.instances.count,1781855903170000000,1781855963166000000,0
workspaceModel.on.before.changed.ms,1781855903170000000,1781855963166000000,0
workspaceModel.init.bridges.ms,1781855903170000000,1781855963166000000,0
workspaceModel.loading.total.ms,1781855903170000000,1781855963166000000,0
workspaceModel.cachedValue.calculated.count,1781855903170000000,1781855963166000000,1
workspaceModel.workspaceFileIndexData.getPackageName.ms,1781855903170000000,1781855963166000000,0
workspaceModel.on.changed.ms,1781855903170000000,1781855963166000000,0
workspaceModel.updates.count,1781855903170000000,1781855963166000000,0
workspaceModel.cachedValueWithParameters.calculated.count,1781855903170000000,1781855963166000000,0
workspaceModel.workspaceFileIndexContributor.registerFileSets.ms,1781855903170000000,1781855963166000000,0
workspaceModel.cachedValueWithParameters.clear.count,1781855903170000000,1781855963166000000,0
workspaceModel.workspaceFileIndexData.visitFileSets.ms,1781855903170000000,1781855963166000000,0
workspaceModel.cachedValue.from.cache.count,1781855903170000000,1781855963166000000,3
AWTEventQueue.eventsDispatched,1781855903170000000,1781855963166000000,1886
FlushQueue.queueSize90P,1781855903170000000,1781855963166000000,1
FlushQueue.waitingTimeAvgNs,1781855903170000000,1781855963166000000,979286.1669505963
NonBlockingReadAction.finalizedExecutionsCount,1781855903170000000,1781855963166000000,1
AWTEventQueue.dispatchTimeMaxNs,1781855903170000000,1781855963166000000,65798143
AWTEventQueue.dispatchTimeAvgNs,1781855903170000000,1781855963166000000,688046.3626723224
ReadAction.executionsCount,1781855903170000000,1781855963166000000,266
AWTEventQueue.dispatchTime90PNs,1781855903170000000,1781855963166000000,1253375
FlushQueue.queueSizeAvg,1781855903170000000,1781855963166000000,0.6345826235093697
FlushQueue.executionTimeAvgNs,1781855903170000000,1781855963166000000,195329.43100511073
FlushQueue.waitingTimeMaxNs,1781855903170000000,1781855963166000000,64749567
FlushQueue.executionTimeMaxNs,1781855903170000000,1781855963166000000,40632319
NonBlockingReadAction.finalizedExecutionTimeUs,1781855903170000000,1781855963166000000,42
FlushQueue.executionTime90PNs,1781855903170000000,1781855963166000000,311295
FlushQueue.tasksExecuted,1781855903170000000,1781855963166000000,1174
WriteAction.executionsCount,1781855903170000000,1781855963166000000,0
FlushQueue.waitingTime90PNs,1781855903170000000,1781855963166000000,1122303
NonBlockingReadAction.failedExecutionsCount,1781855903170000000,1781855963166000000,0
AWTEventQueue.dispatchTimeTotalNS,1781855903170000000,1781855963166000000,1297645890
NonBlockingReadAction.failedExecutionTimeUs,1781855903170000000,1781855963166000000,0
FlushQueue.queueSizeMax,1781855903170000000,1781855963166000000,15
compiler.ArtifactManagerBridge.commit.ms,1781855903170000000,1781855963166000000,0
compiler.ArtifactManagerBridge.dropMappings.ms,1781855903170000000,1781855963166000000,0
compiler.ArtifactManagerBridge.findArtifact.ms,1781855903170000000,1781855963166000000,0
compiler.ArtifactVirtualFileListener.filePathChanged.ms,1781855903170000000,1781855963166000000,0
compiler.ArtifactManagerBridge.getArtifactsByType.ms,1781855903170000000,1781855963166000000,0
compiler.ArtifactVirtualFileListener.propertyChanged.ms,1781855903170000000,1781855963166000000,0
compiler.ArtifactManagerBridge.initBridges.ms,1781855903170000000,1781855963166000000,0
compiler.ArtifactManagerBridge.getArtifacts.ms,1781855903170000000,1781855963166000000,0
compiler.ArtifactManagerBridge.addArtifact.ms,1781855903170000000,1781855963166000000,0
workspaceModel.mutableEntityStorage.apply.changes.from.ms,1781855903170000000,1781855963166000000,0
jps.global.handle.before.change.events.ms,1781855903170000000,1781855963166000000,0
workspaceModel.moduleManagerBridge.load.module.ms,1781855903170000000,1781855963166000000,0
workspaceModel.global.updates.ms,1781855903170000000,1781855963166000000,0
jps.app.storage.content.reader.load.component.ms,1781855903170000000,1781855963166000000,0
jps.facet.change.listener.init.bridge.ms,1781855903170000000,1781855963166000000,0
workspaceModel.moduleBridgeLoader.loading.modules.ms,1781855903170000000,1781855963166000000,0
jps.artifact.entities.serializer.load.entities.ms,1781855903170000000,1781855963166000000,0
workspaceModel.mutableEntityStorage.collect.changes.ms,1781855903170000000,1781855963166000000,0
workspaceModel.mutableEntityStorage.instances.count,1781855903170000000,1781855963166000000,0
workspaceModel.save.cache.to.file.ms,1781855903170000000,1781855963166000000,0
jps.storage.jps.conf.reader.load.component.ms,1781855903170000000,1781855963166000000,0
workspaceModel.moduleBridge.facet.initialization.ms,1781855903170000000,1781855963166000000,0
workspaceModel.delayed.project.synchronizer.sync.ms,1781855903170000000,1781855963166000000,0
jps.save.changed.project.entities.ms,1781855903170000000,1781855963166000000,9
workspaceModel.sync.entities.ms,1781855903170000000,1781855963166000000,0
jps.library.entities.serializer.save.entities.ms,1781855903170000000,1781855963166000000,0
workspaceModel.moduleBridge.update.option.ms,1781855903170000000,1781855963166000000,0
workspaceModel.global.apply.state.to.project.ms,1781855903170000000,1781855963166000000,0
workspaceModel.moduleManagerBridge.load.all.modules.ms,1781855903170000000,1781855963166000000,0
workspaceModel.load.cache.metadata.from.file.ms,1781855903170000000,1781855963166000000,0
jps.apply.loaded.storage.ms,1781855903170000000,1781855963166000000,0
jps.global.get.libraries.ms,1781855903170000000,1781855963166000000,0
workspaceModel.moduleBridge.before.changed.ms,1781855903170000000,1781855963166000000,0
workspaceModel.moduleManagerBridge.newModule.ms,1781855903170000000,1781855963166000000,0
workspaceModel.mutableEntityStorage.modify.entity.ms,1781855903170000000,1781855963166000000,0
workspaceModel.mutableEntityStorage.to.snapshot.ms,1781855903170000000,1781855963166000000,0
workspaceModel.orphan.listener.update.ms,1781855903170000000,1781855963166000000,0
jps.save.global.entities.ms,1781855903170000000,1781855963166000000,93
workspaceModel.global.apply.state.to.project.builder.ms,1781855903170000000,1781855963166000000,0
workspaceModel.mutableEntityStorage.referrers.ms,1781855903170000000,1781855963166000000,0
workspaceModel.moduleManagerBridge.build.module.graph.ms,1781855903170000000,1781855963166000000,0
workspaceModel.load.cache.from.file.ms,1781855903170000000,1781855963166000000,0
workspaceModel.mutableEntityStorage.entities.ms,1781855903170000000,1781855963166000000,0
jps.module.iml.entities.serializer.save.entities.ms,1781855903170000000,1781855963166000000,0
jps.global.initialize.library.bridges.after.loading.ms,1781855903170000000,1781855963166000000,0
workspaceModel.mutableEntityStorage.replace.by.source.ms,1781855903170000000,1781855963166000000,0
workspaceModel.mutableEntityStorage.changeLog.addReplaceEventForNewChild.ms,1781855903170000000,1781855963166000000,0
workspaceModel.mutableEntityStorage.has.same.entities.ms,1781855903170000000,1781855963166000000,0
workspaceModel.mutableEntityStorage.remove.entity.ms,1781855903170000000,1781855963166000000,0
workspaceModel.moduleManagerBridge.get.modules.ms,1781855903170000000,1781855963166000000,0
jps.global.initialize.library.bridges.ms,1781855903170000000,1781855963166000000,0
jps.library.entities.serializer.load.entities.ms,1781855903170000000,1781855963166000000,0
workspaceModel.mutableEntityStorage.mutable.vfurl.index.ms,1781855903170000000,1781855963166000000,0
jps.facet.change.listener.process.change.events.ms,1781855903170000000,1781855963166000000,0
jps.app.storage.content.writer.save.component.ms,1781855903170000000,1781855963166000000,32
workspaceModel.global.updates.count,1781855903170000000,1781855963166000000,0
workspaceModel.mutableEntityStorage.add.entity.ms,1781855903170000000,1781855963166000000,0
workspaceModel.mutableEntityStorage.hasReferrers.ms,1781855903170000000,1781855963166000000,0
workspaceModel.moduleManagerBridge.create.module.instance.ms,1781855903170000000,1781855963166000000,0
jps.module.dependency.index.workspace.model.listener.on.changed.ms,1781855903170000000,1781855963166000000,0
workspaceModel.mutableEntityStorage.put.entity.ms,1781855903170000000,1781855963166000000,0
workspaceModel.moduleManagerBridge.set.unloadedModules.ms,1781855903170000000,1781855963166000000,0
workspaceModel.mutableEntityStorage.mutable.ext.mapping.ms,1781855903170000000,1781855963166000000,0
jps.global.handle.changed.events.ms,1781855903170000000,1781855963166000000,0
jps.project.serializers.load.ms,1781855903170000000,1781855963166000000,0
jps.global.get.library.by.name.ms,1781855903170000000,1781855963166000000,0
jps.load.initial.state.ms,1781855903170000000,1781855963166000000,0
workspaceModel.mutableEntityStorage.changeLog.addReplaceEventForNewParent.ms,1781855903170000000,1781855963166000000,0
jps.reload.project.entities.ms,1781855903170000000,1781855963166000000,0
workspaceModel.do.save.caches.ms,1781855903170000000,1781855963166000000,0
workspaceModel.moduleManagerBridge.new.nonPersistent.module.ms,1781855903170000000,1781855963166000000,0
workspaceModel.mutableEntityStorage.changeLog.addReplaceEventForRemovedParent.ms,1781855903170000000,1781855963166000000,0
workspaceModel.mutableEntityStorage.entities.by.source.ms,1781855903170000000,1781855963166000000,0
workspaceModel.mutableEntityStorage.changeLog.addReplaceEventForRemovedChild.ms,1781855903170000000,1781855963166000000,0
jps.facet.change.listener.before.change.events.ms,1781855903170000000,1781855963166000000,0
jps.module.iml.entities.serializer.load.entities.ms,1781855903170000000,1781855963166000000,0
jps.artifact.entities.serializer.save.entities.ms,1781855903170000000,1781855963166000000,0
jps.project.serializers.save.ms,1781855903170000000,1781855963166000000,9
workspaceModel.mutableEntityStorage.resolve.ms,1781855903170000000,1781855963166000000,0
jps.load.project.to.empty.storage.ms,1781855903170000000,1781855963166000000,0
jps.global.get.library.ms,1781855903170000000,1781855963166000000,0
DiskQueryRelay.tasksRequested,1781855903170000000,1781855963166000000,0
writeAction.max.wait.ms,1781855903170000000,1781855963166000000,13
LowMemory.gcLoad,1781855903170000000,1781855963166000000,0.0012216678104176263
writeAction.median.wait.ms,1781855903170000000,1781855963166000000,0
DiskQueryRelay.taskWaitingTotalTimeUs,1781855903170000000,1781855963166000000,0
DiskQueryRelay.taskExecutionTotalTimeUs,1781855903170000000,1781855963166000000,0
DiskQueryRelay.tasksExecuted,1781855903170000000,1781855963166000000,0
writeAction.wait.ms,1781855903170000000,1781855963166000000,0
writeAction.count,1781855903170000000,1781855963166000000,0
LowMemory.gcOverloaded,1781855903170000000,1781855963166000000,0
Indexes.stubs.lookupDurationMaxMs,1781855903170000000,1781855963166000000,0.0
Indexes.entries.lookupDurationAvgMs,1781855903170000000,1781855963166000000,0.0
Indexing.totalTimeIndexersSleptMs,1781855903170000000,1781855963166000000,0
Indexing.writer_3.totalTimeSpentWritingMs,1781855903170000000,1781855963166000000,0
Indexes.entries.lookups,1781855903170000000,1781855963166000000,0
Indexes.allKeys.lookupDurationAvgMs,1781855903170000000,1781855963166000000,0.0
Indexes.allKeys.lookupDurationMaxMs,1781855903170000000,1781855963166000000,0.0
Indexing.writesQueuedAvg,1781855903170000000,1781855963166000000,0.0
Indexes.stubs.lookups,1781855903170000000,1781855963166000000,0
Indexing.cache.totalCacheEvicted,1781855903170000000,1781855963166000000,0
Indexes.entries.lookupDurationMaxMs,1781855903170000000,1781855963166000000,0.0
Indexing.cache.totalCacheAccesses,1781855903170000000,1781855963166000000,0
Indexing.writer_0.totalTimeSpentWritingMs,1781855903170000000,1781855963166000000,0
Indexing.writer_1.totalTimeSpentWritingMs,1781855903170000000,1781855963166000000,0
Indexing.cache.totalCacheMisses,1781855903170000000,1781855963166000000,0
Indexing.writesQueuedMin,1781855903170000000,1781855963166000000,0
Indexing.writer_2.totalTimeSpentWritingMs,1781855903170000000,1781855963166000000,0
Indexes.entries.lookupDuration90PMs,1781855903170000000,1781855963166000000,0.0
Indexes.allKeys.lookupDuration90PMs,1781855903170000000,1781855963166000000,0.0
Indexes.stubs.lookupDuration90PMs,1781855903170000000,1781855963166000000,0.0
Indexes.stubs.lookupDurationAvgMs,1781855903170000000,1781855963166000000,0.0
Indexing.writesQueuedMax,1781855903170000000,1781855963166000000,0
Indexes.allKeys.lookups,1781855903170000000,1781855963166000000,0
VFS.invertedFileNameIndex.requests,1781855903170000000,1781855963166000000,0
VFS.folderCaseSensitivityReads,1781855903170000000,1781855963166000000,0
FileNameCache.queries,1781855903170000000,1781855963166000000,0
VFS.contentStorage.recordsDeduplicated,1781855903170000000,1781855963166000000,0
VFS.fileChildByName,1781855903170000000,1781855963166000000,9
VFS.contentStorage.recordsRead,1781855903170000000,1781855963166000000,0
VFS.contentStorage.recordsReadSize,1781855903170000000,1781855963166000000,0
VFS.contentStorage.recordsStored,1781855903170000000,1781855963166000000,0
VFS.cache.segmentsCreated,1781855903170000000,1781855963166000000,0
VFS.contentStorage.recordsReadDecompressed,1781855903170000000,1781855963166000000,0
FileNameCache.totalMisses,1781855903170000000,1781855963166000000,0
VFS.contentStorage.recordsStoredCompressed,1781855903170000000,1781855963166000000,0
VFS.cache.directoriesCreated,1781855903170000000,1781855963166000000,0
VFS.contentStorage.recordsDecompressionTimeUs,1781855903170000000,1781855963166000000,0
VFS.contentStorage.recordsUncompressedSize,1781855903170000000,1781855963166000000,0
VFS.fileByIdCache.hits,1781855903170000000,1781855963166000000,0
VFS.cache.segments,1781855903170000000,1781855963166000000,88.0
VFS.fileByIdCache.misses,1781855903170000000,1781855963166000000,0
VFS.cache.filesCreated,1781855903170000000,1781855963166000000,0
VFS.rootsCount,1781855903170000000,1781855963166000000,12.0
VFS.contentStorage.recordsStoredSize,1781855903170000000,1781855963166000000,0
JVM.maxHeapBytes,1781855903170000000,1781855963166000000,2147483648
JVM.totalCpuTimeMs,1781855903170000000,1781855963166000000,11080
JVM.maxThreadCount,1781855903170000000,1781855963166000000,143
JVM.GC.collectionTimesMs,1781855903170000000,1781855963166000000,49
MEM.fileMappingsRamBytes,1781855903170000000,1781855963166000000,718376960
MEM.ramPlusSwapMinusFileMappingsBytes,1781855903170000000,1781855963166000000,1329889280
JVM.usedHeapBytes,1781855903170000000,1781855963166000000,387967032
JVM.totalTimeToSafepointsMs,1781855903170000000,1781855963166000000,1
JVM.totalSafepointCount,1781855903170000000,1781855963166000000,3
MEM.ramBytes,1781855903170000000,1781855963166000000,2061111296
MEM.ramMinusFileMappingsBytes,1781855903170000000,1781855963166000000,1329889280
JVM.threadCount,1781855903170000000,1781855963166000000,72
JVM.totalDirectByteBuffersBytes,1781855903170000000,1781855963166000000,47333377
JVM.newThreadsCount,1781855903170000000,1781855963166000000,2
JVM.totalBytesAllocated,1781855903170000000,1781855963166000000,109373592
OS.loadAverage,1781855903170000000,1781855963166000000,0.8115234375
JVM.totalTimeAtSafepointsMs,1781855903170000000,1781855963166000000,48
JVM.usedNativeBytes,1781855903170000000,1781855963166000000,441180936
JVM.GC.collections,1781855903170000000,1781855963166000000,3
JVM.committedHeapBytes,1781855903170000000,1781855963166000000,636485632
DirectByteBufferAllocator.reclaimed,1781855903170000000,1781855963166000000,0
DirectByteBufferAllocator.hits,1781855903170000000,1781855963166000000,0
DirectByteBufferAllocator.totalSizeOfBuffersAllocatedInBytes,1781855903170000000,1781855963166000000,47235072
FilePageCache.totalPageLoadsUs,1781855903170000000,1781855963166000000,0
StreamlinedBlobStorage.recordsDeleted,1781855903170000000,1781855963166000000,0
StreamlinedBlobStorage.totalLiveRecordsPayloadBytes,1781855903170000000,1781855963166000000,0
StreamlinedBlobStorage.recordsRelocated,1781855903170000000,1781855963166000000,0
FilePageCache.pageFastCacheHits,1781855903170000000,1781855963166000000,0
DirectByteBufferAllocator.disposed,1781855903170000000,1781855963166000000,0
FilePageCache.maxRegisteredFiles,1781855903170000000,1781855963166000000,1652
MappedFileStorage.storages,1781855903170000000,1781855963166000000,14
FilePageCache.maxCacheSizeInBytes,1781855903170000000,1781855963166000000,629153792
FilePageCache.uncachedFileAccess,1781855903170000000,1781855963166000000,0
StreamlinedBlobStorage.recordsAllocated,1781855903170000000,1781855963166000000,0
FilePageCache.capacityInBytes,1781855903170000000,1781855963166000000,629145600
MappedFileStorage.totalBytesMapped,1781855903170000000,1781855963166000000,194248704
FilePageCache.pageLoads,1781855903170000000,1781855963166000000,0
StorageLockContext.competingThreads.max,1781855903170000000,1781855963166000000,0
MappedFileStorage.totalPagesMapped,1781855903170000000,1781855963166000000,14
StorageLockContext.competingThreads.avg,1781855903170000000,1781855963166000000,0.0
StorageLockContext.competingThreads.90P,1781855903170000000,1781855963166000000,0
DirectByteBufferAllocator.misses,1781855903170000000,1781855963166000000,0
StreamlinedBlobStorage.totalLiveRecordsCapacityBytes,1781855903170000000,1781855963166000000,0
FilePageCache.pageLoadsAboveSizeThreshold,1781855903170000000,1781855963166000000,0
DirectByteBufferAllocator.totalSizeOfBuffersCachedInBytes,1781855903170000000,1781855963166000000,41959424
MappedFileStorage.totalTimeSpentOnMappingUs,1781855903170000000,1781855963166000000,21746
FilePageCache.disposedBuffers,1781855903170000000,1781855963166000000,0
FilePageCache.totalPageDisposalsUs,1781855903170000000,1781855963166000000,0
FileChannelInterruptsRetryer.totalRetriedAttempts,1781855903170000000,1781855963166000000,0
FilePageCache.pageHits,1781855903170000000,1781855963166000000,0
cacheStateStorage.get.duration,1781855963166000000,1781856023166000000,43
cacheStateStorage.set.duration,1781855963166000000,1781856023166000000,0
cacheStateStorage.set.counter,1781855963166000000,1781856023166000000,0
cacheStateStorage.get.counter,1781855963166000000,1781856023166000000,4
workspaceModel.workspaceFileIndexData.onEntitiesChanged.ms,1781855963166000000,1781856023166000000,0
workspaceModel.update.unloaded.entities.ms,1781855963166000000,1781856023166000000,0
workspaceModel.pre.handlers.ms,1781855963166000000,1781856023166000000,0
workspaceModel.initializing.ms,1781855963166000000,1781856023166000000,0
workspaceModel.workspaceFileIndexData.processFileSets.ms,1781855963166000000,1781856023166000000,0
workspaceModel.workspaceFileIndexData.updateDirtyEntities.ms,1781855963166000000,1781856023166000000,0
workspaceModel.full.replace.project.model.ms,1781855963166000000,1781856023166000000,0
workspaceModel.workspaceFileIndexData.getDirectoriesByPackageName.ms,1781855963166000000,1781856023166000000,10
workspaceModel.workspaceFileIndexData.init.ms,1781855963166000000,1781856023166000000,0
workspaceModel.cachedValueWithParameters.from.cache.count,1781855963166000000,1781856023166000000,1376
workspaceModel.updates.precise.ms,1781855963166000000,1781856023166000000,0
workspaceModel.cachedValue.clear.count,1781855963166000000,1781856023166000000,0
workspaceModel.updates.ms,1781855963166000000,1781856023166000000,0
workspaceModel.workspaceFileIndexData.instances.count,1781855963166000000,1781856023166000000,0
workspaceModel.to.snapshot.ms,1781855963166000000,1781856023166000000,0
workspaceModel.loading.from.cache.ms,1781855963166000000,1781856023166000000,0
workspaceModel.cachedValueWithParameters.total.get.count,1781855963166000000,1781856023166000000,1376
workspaceModel.workspaceFileIndexData.getFileInfo.ms,1781855963166000000,1781856023166000000,30
workspaceModel.cachedValue.total.get.count,1781855963166000000,1781856023166000000,9
workspaceModel.collect.changes.ms,1781855963166000000,1781856023166000000,0
workspaceModel.check.recursive.update.ms,1781855963166000000,1781856023166000000,0
workspaceModel.workspaceFileIndexData.markDirty.ms,1781855963166000000,1781856023166000000,0
workspaceModel.replace.project.model.ms,1781855963166000000,1781856023166000000,0
workspaceModel.entityStorageSnapshotImpl.instances.count,1781855963166000000,1781856023166000000,0
workspaceModel.on.before.changed.ms,1781855963166000000,1781856023166000000,0
workspaceModel.init.bridges.ms,1781855963166000000,1781856023166000000,0
workspaceModel.loading.total.ms,1781855963166000000,1781856023166000000,0
workspaceModel.cachedValue.calculated.count,1781855963166000000,1781856023166000000,0
workspaceModel.workspaceFileIndexData.getPackageName.ms,1781855963166000000,1781856023166000000,9
workspaceModel.on.changed.ms,1781855963166000000,1781856023166000000,0
workspaceModel.updates.count,1781855963166000000,1781856023166000000,0
workspaceModel.cachedValueWithParameters.calculated.count,1781855963166000000,1781856023166000000,0
workspaceModel.workspaceFileIndexContributor.registerFileSets.ms,1781855963166000000,1781856023166000000,0
workspaceModel.cachedValueWithParameters.clear.count,1781855963166000000,1781856023166000000,0
workspaceModel.workspaceFileIndexData.visitFileSets.ms,1781855963166000000,1781856023166000000,0
workspaceModel.cachedValue.from.cache.count,1781855963166000000,1781856023166000000,9
AWTEventQueue.eventsDispatched,1781855963166000000,1781856023166000000,484
FlushQueue.queueSize90P,1781855963166000000,1781856023166000000,9
FlushQueue.waitingTimeAvgNs,1781855963166000000,1781856023166000000,8886189.043927649
NonBlockingReadAction.finalizedExecutionsCount,1781855963166000000,1781856023166000000,29
AWTEventQueue.dispatchTimeMaxNs,1781855963166000000,1781856023166000000,58458111
AWTEventQueue.dispatchTimeAvgNs,1781855963166000000,1781856023166000000,1501770.4132231404
ReadAction.executionsCount,1781855963166000000,1781856023166000000,2664
AWTEventQueue.dispatchTime90PNs,1781855963166000000,1781856023166000000,4014079
FlushQueue.queueSizeAvg,1781855963166000000,1781856023166000000,2.8217054263565893
FlushQueue.executionTimeAvgNs,1781855963166000000,1781856023166000000,602095.5452196383
FlushQueue.waitingTimeMaxNs,1781855963166000000,1781856023166000000,94371839
FlushQueue.executionTimeMaxNs,1781855963166000000,1781856023166000000,29229055
NonBlockingReadAction.finalizedExecutionTimeUs,1781855963166000000,1781856023166000000,51968
FlushQueue.executionTime90PNs,1781855963166000000,1781856023166000000,1245183
FlushQueue.tasksExecuted,1781855963166000000,1781856023166000000,387
WriteAction.executionsCount,1781855963166000000,1781856023166000000,3
FlushQueue.waitingTime90PNs,1781855963166000000,1781856023166000000,39321599
NonBlockingReadAction.failedExecutionsCount,1781855963166000000,1781856023166000000,0
AWTEventQueue.dispatchTimeTotalNS,1781855963166000000,1781856023166000000,726679612
NonBlockingReadAction.failedExecutionTimeUs,1781855963166000000,1781856023166000000,0
FlushQueue.queueSizeMax,1781855963166000000,1781856023166000000,16
compiler.ArtifactManagerBridge.commit.ms,1781855963166000000,1781856023166000000,0
compiler.ArtifactManagerBridge.dropMappings.ms,1781855963166000000,1781856023166000000,0
compiler.ArtifactManagerBridge.findArtifact.ms,1781855963166000000,1781856023166000000,0
compiler.ArtifactVirtualFileListener.filePathChanged.ms,1781855963166000000,1781856023166000000,0
compiler.ArtifactManagerBridge.getArtifactsByType.ms,1781855963166000000,1781856023166000000,0
compiler.ArtifactVirtualFileListener.propertyChanged.ms,1781855963166000000,1781856023166000000,0
compiler.ArtifactManagerBridge.initBridges.ms,1781855963166000000,1781856023166000000,0
compiler.ArtifactManagerBridge.getArtifacts.ms,1781855963166000000,1781856023166000000,0
compiler.ArtifactManagerBridge.addArtifact.ms,1781855963166000000,1781856023166000000,0
workspaceModel.mutableEntityStorage.apply.changes.from.ms,1781855963166000000,1781856023166000000,0
jps.global.handle.before.change.events.ms,1781855963166000000,1781856023166000000,0
workspaceModel.moduleManagerBridge.load.module.ms,1781855963166000000,1781856023166000000,0
workspaceModel.global.updates.ms,1781855963166000000,1781856023166000000,0
jps.app.storage.content.reader.load.component.ms,1781855963166000000,1781856023166000000,0
jps.facet.change.listener.init.bridge.ms,1781855963166000000,1781856023166000000,0
workspaceModel.moduleBridgeLoader.loading.modules.ms,1781855963166000000,1781856023166000000,0
jps.artifact.entities.serializer.load.entities.ms,1781855963166000000,1781856023166000000,0
workspaceModel.mutableEntityStorage.collect.changes.ms,1781855963166000000,1781856023166000000,0
workspaceModel.mutableEntityStorage.instances.count,1781855963166000000,1781856023166000000,0
workspaceModel.save.cache.to.file.ms,1781855963166000000,1781856023166000000,0
jps.storage.jps.conf.reader.load.component.ms,1781855963166000000,1781856023166000000,0
workspaceModel.moduleBridge.facet.initialization.ms,1781855963166000000,1781856023166000000,0
workspaceModel.delayed.project.synchronizer.sync.ms,1781855963166000000,1781856023166000000,0
jps.save.changed.project.entities.ms,1781855963166000000,1781856023166000000,0
workspaceModel.sync.entities.ms,1781855963166000000,1781856023166000000,0
jps.library.entities.serializer.save.entities.ms,1781855963166000000,1781856023166000000,0
workspaceModel.moduleBridge.update.option.ms,1781855963166000000,1781856023166000000,0
workspaceModel.global.apply.state.to.project.ms,1781855963166000000,1781856023166000000,0
workspaceModel.moduleManagerBridge.load.all.modules.ms,1781855963166000000,1781856023166000000,0
workspaceModel.load.cache.metadata.from.file.ms,1781855963166000000,1781856023166000000,0
jps.apply.loaded.storage.ms,1781855963166000000,1781856023166000000,0
jps.global.get.libraries.ms,1781855963166000000,1781856023166000000,0
workspaceModel.moduleBridge.before.changed.ms,1781855963166000000,1781856023166000000,0
workspaceModel.moduleManagerBridge.newModule.ms,1781855963166000000,1781856023166000000,0
workspaceModel.mutableEntityStorage.modify.entity.ms,1781855963166000000,1781856023166000000,0
workspaceModel.mutableEntityStorage.to.snapshot.ms,1781855963166000000,1781856023166000000,0
workspaceModel.orphan.listener.update.ms,1781855963166000000,1781856023166000000,0
jps.save.global.entities.ms,1781855963166000000,1781856023166000000,0
workspaceModel.global.apply.state.to.project.builder.ms,1781855963166000000,1781856023166000000,0
workspaceModel.mutableEntityStorage.referrers.ms,1781855963166000000,1781856023166000000,0
workspaceModel.moduleManagerBridge.build.module.graph.ms,1781855963166000000,1781856023166000000,0
workspaceModel.load.cache.from.file.ms,1781855963166000000,1781856023166000000,0
workspaceModel.mutableEntityStorage.entities.ms,1781855963166000000,1781856023166000000,0
jps.module.iml.entities.serializer.save.entities.ms,1781855963166000000,1781856023166000000,0
jps.global.initialize.library.bridges.after.loading.ms,1781855963166000000,1781856023166000000,0
workspaceModel.mutableEntityStorage.replace.by.source.ms,1781855963166000000,1781856023166000000,0
workspaceModel.mutableEntityStorage.changeLog.addReplaceEventForNewChild.ms,1781855963166000000,1781856023166000000,0
workspaceModel.mutableEntityStorage.has.same.entities.ms,1781855963166000000,1781856023166000000,0
workspaceModel.mutableEntityStorage.remove.entity.ms,1781855963166000000,1781856023166000000,0
workspaceModel.moduleManagerBridge.get.modules.ms,1781855963166000000,1781856023166000000,0
jps.global.initialize.library.bridges.ms,1781855963166000000,1781856023166000000,0
jps.library.entities.serializer.load.entities.ms,1781855963166000000,1781856023166000000,0
workspaceModel.mutableEntityStorage.mutable.vfurl.index.ms,1781855963166000000,1781856023166000000,0
jps.facet.change.listener.process.change.events.ms,1781855963166000000,1781856023166000000,0
jps.app.storage.content.writer.save.component.ms,1781855963166000000,1781856023166000000,0
workspaceModel.global.updates.count,1781855963166000000,1781856023166000000,0
workspaceModel.mutableEntityStorage.add.entity.ms,1781855963166000000,1781856023166000000,0
workspaceModel.mutableEntityStorage.hasReferrers.ms,1781855963166000000,1781856023166000000,0
workspaceModel.moduleManagerBridge.create.module.instance.ms,1781855963166000000,1781856023166000000,0
jps.module.dependency.index.workspace.model.listener.on.changed.ms,1781855963166000000,1781856023166000000,0
workspaceModel.mutableEntityStorage.put.entity.ms,1781855963166000000,1781856023166000000,0
workspaceModel.moduleManagerBridge.set.unloadedModules.ms,1781855963166000000,1781856023166000000,0
workspaceModel.mutableEntityStorage.mutable.ext.mapping.ms,1781855963166000000,1781856023166000000,0
jps.global.handle.changed.events.ms,1781855963166000000,1781856023166000000,0
jps.project.serializers.load.ms,1781855963166000000,1781856023166000000,0
jps.global.get.library.by.name.ms,1781855963166000000,1781856023166000000,0
jps.load.initial.state.ms,1781855963166000000,1781856023166000000,0
workspaceModel.mutableEntityStorage.changeLog.addReplaceEventForNewParent.ms,1781855963166000000,1781856023166000000,0
jps.reload.project.entities.ms,1781855963166000000,1781856023166000000,0
workspaceModel.do.save.caches.ms,1781855963166000000,1781856023166000000,0
workspaceModel.moduleManagerBridge.new.nonPersistent.module.ms,1781855963166000000,1781856023166000000,0
workspaceModel.mutableEntityStorage.changeLog.addReplaceEventForRemovedParent.ms,1781855963166000000,1781856023166000000,0
workspaceModel.mutableEntityStorage.entities.by.source.ms,1781855963166000000,1781856023166000000,0
workspaceModel.mutableEntityStorage.changeLog.addReplaceEventForRemovedChild.ms,1781855963166000000,1781856023166000000,0
jps.facet.change.listener.before.change.events.ms,1781855963166000000,1781856023166000000,0
jps.module.iml.entities.serializer.load.entities.ms,1781855963166000000,1781856023166000000,0
jps.artifact.entities.serializer.save.entities.ms,1781855963166000000,1781856023166000000,0
jps.project.serializers.save.ms,1781855963166000000,1781856023166000000,0
workspaceModel.mutableEntityStorage.resolve.ms,1781855963166000000,1781856023166000000,0
jps.load.project.to.empty.storage.ms,1781855963166000000,1781856023166000000,0
jps.global.get.library.ms,1781855963166000000,1781856023166000000,0
DiskQueryRelay.tasksRequested,1781855963166000000,1781856023166000000,16
writeAction.max.wait.ms,1781855963166000000,1781856023166000000,13
lexer.JAVA.time.ns,1781855963166000000,1781856023166000000,276101
LowMemory.gcLoad,1781855963166000000,1781856023166000000,6.272042604823392E-4
parser.JAVA.size.bytes,1781855963166000000,1781856023166000000,508
lexer.JAVA.size.bytes,1781855963166000000,1781856023166000000,508
writeAction.median.wait.ms,1781855963166000000,1781856023166000000,0
DiskQueryRelay.taskWaitingTotalTimeUs,1781855963166000000,1781856023166000000,4386
parser.JAVA.time.ns,1781855963166000000,1781856023166000000,12712528
DiskQueryRelay.taskExecutionTotalTimeUs,1781855963166000000,1781856023166000000,4326
DiskQueryRelay.tasksExecuted,1781855963166000000,1781856023166000000,16
writeAction.wait.ms,1781855963166000000,1781856023166000000,7
writeAction.count,1781855963166000000,1781856023166000000,3
LowMemory.gcOverloaded,1781855963166000000,1781856023166000000,0
Indexes.stubs.lookupDurationMaxMs,1781855963166000000,1781856023166000000,14.0
Indexes.entries.lookupDurationAvgMs,1781855963166000000,1781856023166000000,3.4285714285714284
Indexing.totalTimeIndexersSleptMs,1781855963166000000,1781856023166000000,0
Indexing.writer_3.totalTimeSpentWritingMs,1781855963166000000,1781856023166000000,0
Indexes.entries.lookups,1781855963166000000,1781856023166000000,14
Indexes.allKeys.lookupDurationAvgMs,1781855963166000000,1781856023166000000,0.0
Indexes.allKeys.lookupDurationMaxMs,1781855963166000000,1781856023166000000,0.0
Indexing.writesQueuedAvg,1781855963166000000,1781856023166000000,0.0
Indexes.stubs.lookups,1781855963166000000,1781856023166000000,1096
Indexing.cache.totalCacheEvicted,1781855963166000000,1781856023166000000,20471
Indexes.entries.lookupDurationMaxMs,1781855963166000000,1781856023166000000,20.0
Indexing.cache.totalCacheAccesses,1781855963166000000,1781856023166000000,121625
Indexing.writer_0.totalTimeSpentWritingMs,1781855963166000000,1781856023166000000,0
Indexing.writer_1.totalTimeSpentWritingMs,1781855963166000000,1781856023166000000,0
Indexing.cache.totalCacheMisses,1781855963166000000,1781856023166000000,20409
Indexing.writesQueuedMin,1781855963166000000,1781856023166000000,0
Indexing.writer_2.totalTimeSpentWritingMs,1781855963166000000,1781856023166000000,0
Indexes.entries.lookupDuration90PMs,1781855963166000000,1781856023166000000,20.0
Indexes.allKeys.lookupDuration90PMs,1781855963166000000,1781856023166000000,0.0
Indexes.stubs.lookupDuration90PMs,1781855963166000000,1781856023166000000,1.0
Indexes.stubs.lookupDurationAvgMs,1781855963166000000,1781856023166000000,0.2625341841385597
Indexing.writesQueuedMax,1781855963166000000,1781856023166000000,0
Indexes.allKeys.lookups,1781855963166000000,1781856023166000000,1
VFS.invertedFileNameIndex.requests,1781855963166000000,1781856023166000000,2
VFS.folderCaseSensitivityReads,1781855963166000000,1781856023166000000,0
FileNameCache.queries,1781855963166000000,1781856023166000000,17280
VFS.contentStorage.recordsDeduplicated,1781855963166000000,1781856023166000000,0
VFS.fileChildByName,1781855963166000000,1781856023166000000,579
VFS.contentStorage.recordsRead,1781855963166000000,1781856023166000000,52
VFS.contentStorage.recordsReadSize,1781855963166000000,1781856023166000000,65904
VFS.contentStorage.recordsStored,1781855963166000000,1781856023166000000,0
VFS.cache.segmentsCreated,1781855963166000000,1781856023166000000,12
VFS.contentStorage.recordsReadDecompressed,1781855963166000000,1781856023166000000,1
FileNameCache.totalMisses,1781855963166000000,1781856023166000000,64
VFS.contentStorage.recordsStoredCompressed,1781855963166000000,1781856023166000000,0
VFS.cache.directoriesCreated,1781855963166000000,1781856023166000000,4
VFS.contentStorage.recordsDecompressionTimeUs,1781855963166000000,1781856023166000000,159
VFS.contentStorage.recordsUncompressedSize,1781855963166000000,1781856023166000000,0
VFS.fileByIdCache.hits,1781855963166000000,1781856023166000000,0
VFS.cache.segments,1781855963166000000,1781856023166000000,100.0
VFS.fileByIdCache.misses,1781855963166000000,1781856023166000000,89
VFS.cache.filesCreated,1781855963166000000,1781856023166000000,5895
VFS.rootsCount,1781855963166000000,1781856023166000000,3.0
VFS.contentStorage.recordsStoredSize,1781855963166000000,1781856023166000000,0
JVM.maxHeapBytes,1781855963166000000,1781856023166000000,2147483648
JVM.totalCpuTimeMs,1781855963166000000,1781856023166000000,9930
JVM.maxThreadCount,1781855963166000000,1781856023166000000,143
JVM.GC.collectionTimesMs,1781855963166000000,1781856023166000000,0
MEM.fileMappingsRamBytes,1781855963166000000,1781856023166000000,486903808
MEM.ramPlusSwapMinusFileMappingsBytes,1781855963166000000,1781856023166000000,1482244096
JVM.usedHeapBytes,1781855963166000000,1781856023166000000,510650424
JVM.totalTimeToSafepointsMs,1781855963166000000,1781856023166000000,0
JVM.totalSafepointCount,1781855963166000000,1781856023166000000,0
MEM.ramBytes,1781855963166000000,1781856023166000000,1981992960
MEM.ramMinusFileMappingsBytes,1781855963166000000,1781856023166000000,1482244096
JVM.threadCount,1781855963166000000,1781856023166000000,81
JVM.totalDirectByteBuffersBytes,1781855963166000000,1781856023166000000,165830657
JVM.newThreadsCount,1781855963166000000,1781856023166000000,21
JVM.totalBytesAllocated,1781855963166000000,1781856023166000000,120381712
OS.loadAverage,1781855963166000000,1781856023166000000,1.1728515625
JVM.totalTimeAtSafepointsMs,1781855963166000000,1781856023166000000,0
JVM.usedNativeBytes,1781855963166000000,1781856023166000000,446937896
JVM.GC.collections,1781855963166000000,1781856023166000000,0
JVM.committedHeapBytes,1781855963166000000,1781856023166000000,636485632
DirectByteBufferAllocator.reclaimed,1781855963166000000,1781856023166000000,0
DirectByteBufferAllocator.hits,1781855963166000000,1781856023166000000,0
DirectByteBufferAllocator.totalSizeOfBuffersAllocatedInBytes,1781855963166000000,1781856023166000000,165732352
FilePageCache.totalPageLoadsUs,1781855963166000000,1781856023166000000,309963
StreamlinedBlobStorage.recordsDeleted,1781855963166000000,1781856023166000000,0
StreamlinedBlobStorage.totalLiveRecordsPayloadBytes,1781855963166000000,1781856023166000000,-5196
StreamlinedBlobStorage.recordsRelocated,1781855963166000000,1781856023166000000,0
FilePageCache.pageFastCacheHits,1781855963166000000,1781856023166000000,43165
DirectByteBufferAllocator.disposed,1781855963166000000,1781856023166000000,0
FilePageCache.maxRegisteredFiles,1781855963166000000,1781856023166000000,1652
MappedFileStorage.storages,1781855963166000000,1781856023166000000,14
FilePageCache.maxCacheSizeInBytes,1781855963166000000,1781856023166000000,629153792
FilePageCache.uncachedFileAccess,1781855963166000000,1781856023166000000,85
StreamlinedBlobStorage.recordsAllocated,1781855963166000000,1781856023166000000,0
FilePageCache.capacityInBytes,1781855963166000000,1781856023166000000,629145600
MappedFileStorage.totalBytesMapped,1781855963166000000,1781856023166000000,194248704
FilePageCache.pageLoads,1781855963166000000,1781856023166000000,114
StorageLockContext.competingThreads.max,1781855963166000000,1781856023166000000,0
MappedFileStorage.totalPagesMapped,1781855963166000000,1781856023166000000,14
StorageLockContext.competingThreads.avg,1781855963166000000,1781856023166000000,0.0
StorageLockContext.competingThreads.90P,1781855963166000000,1781856023166000000,0
DirectByteBufferAllocator.misses,1781855963166000000,1781856023166000000,114
StreamlinedBlobStorage.totalLiveRecordsCapacityBytes,1781855963166000000,1781856023166000000,0
FilePageCache.pageLoadsAboveSizeThreshold,1781855963166000000,1781856023166000000,0
DirectByteBufferAllocator.totalSizeOfBuffersCachedInBytes,1781855963166000000,1781856023166000000,41959424
MappedFileStorage.totalTimeSpentOnMappingUs,1781855963166000000,1781856023166000000,21746
FilePageCache.disposedBuffers,1781855963166000000,1781856023166000000,0
FilePageCache.totalPageDisposalsUs,1781855963166000000,1781856023166000000,240
FileChannelInterruptsRetryer.totalRetriedAttempts,1781855963166000000,1781856023166000000,0
FilePageCache.pageHits,1781855963166000000,1781856023166000000,0
cacheStateStorage.get.duration,1781856023166000000,1781856083166000000,61
cacheStateStorage.set.duration,1781856023166000000,1781856083166000000,0
cacheStateStorage.set.counter,1781856023166000000,1781856083166000000,0
cacheStateStorage.get.counter,1781856023166000000,1781856083166000000,4
workspaceModel.workspaceFileIndexData.onEntitiesChanged.ms,1781856023166000000,1781856083166000000,0
workspaceModel.update.unloaded.entities.ms,1781856023166000000,1781856083166000000,0
workspaceModel.pre.handlers.ms,1781856023166000000,1781856083166000000,0
workspaceModel.initializing.ms,1781856023166000000,1781856083166000000,0
workspaceModel.workspaceFileIndexData.processFileSets.ms,1781856023166000000,1781856083166000000,0
workspaceModel.workspaceFileIndexData.updateDirtyEntities.ms,1781856023166000000,1781856083166000000,0
workspaceModel.full.replace.project.model.ms,1781856023166000000,1781856083166000000,0
workspaceModel.workspaceFileIndexData.getDirectoriesByPackageName.ms,1781856023166000000,1781856083166000000,60
workspaceModel.workspaceFileIndexData.init.ms,1781856023166000000,1781856083166000000,0
workspaceModel.cachedValueWithParameters.from.cache.count,1781856023166000000,1781856083166000000,7943
workspaceModel.updates.precise.ms,1781856023166000000,1781856083166000000,1
workspaceModel.cachedValue.clear.count,1781856023166000000,1781856083166000000,0
workspaceModel.updates.ms,1781856023166000000,1781856083166000000,5
workspaceModel.workspaceFileIndexData.instances.count,1781856023166000000,1781856083166000000,0
workspaceModel.to.snapshot.ms,1781856023166000000,1781856083166000000,0
workspaceModel.loading.from.cache.ms,1781856023166000000,1781856083166000000,0
workspaceModel.cachedValueWithParameters.total.get.count,1781856023166000000,1781856083166000000,7945
workspaceModel.workspaceFileIndexData.getFileInfo.ms,1781856023166000000,1781856083166000000,154
workspaceModel.cachedValue.total.get.count,1781856023166000000,1781856083166000000,52
workspaceModel.collect.changes.ms,1781856023166000000,1781856083166000000,0
workspaceModel.check.recursive.update.ms,1781856023166000000,1781856083166000000,0
workspaceModel.workspaceFileIndexData.markDirty.ms,1781856023166000000,1781856083166000000,0
workspaceModel.replace.project.model.ms,1781856023166000000,1781856083166000000,0
workspaceModel.entityStorageSnapshotImpl.instances.count,1781856023166000000,1781856083166000000,8
workspaceModel.on.before.changed.ms,1781856023166000000,1781856083166000000,1
workspaceModel.init.bridges.ms,1781856023166000000,1781856083166000000,0
workspaceModel.loading.total.ms,1781856023166000000,1781856083166000000,0
workspaceModel.cachedValue.calculated.count,1781856023166000000,1781856083166000000,6
workspaceModel.workspaceFileIndexData.getPackageName.ms,1781856023166000000,1781856083166000000,30
workspaceModel.on.changed.ms,1781856023166000000,1781856083166000000,2
workspaceModel.updates.count,1781856023166000000,1781856083166000000,2
workspaceModel.cachedValueWithParameters.calculated.count,1781856023166000000,1781856083166000000,2
workspaceModel.workspaceFileIndexContributor.registerFileSets.ms,1781856023166000000,1781856083166000000,0
workspaceModel.cachedValueWithParameters.clear.count,1781856023166000000,1781856083166000000,0
workspaceModel.workspaceFileIndexData.visitFileSets.ms,1781856023166000000,1781856083166000000,0
workspaceModel.cachedValue.from.cache.count,1781856023166000000,1781856083166000000,46
AWTEventQueue.eventsDispatched,1781856023166000000,1781856083166000000,548
FlushQueue.queueSize90P,1781856023166000000,1781856083166000000,9
FlushQueue.waitingTimeAvgNs,1781856023166000000,1781856083166000000,1.2086909853658536E7
NonBlockingReadAction.finalizedExecutionsCount,1781856023166000000,1781856083166000000,33
AWTEventQueue.dispatchTimeMaxNs,1781856023166000000,1781856083166000000,129499135
AWTEventQueue.dispatchTimeAvgNs,1781856023166000000,1781856083166000000,3183629.9270072994
ReadAction.executionsCount,1781856023166000000,1781856083166000000,3913
AWTEventQueue.dispatchTime90PNs,1781856023166000000,1781856083166000000,6520831
FlushQueue.queueSizeAvg,1781856023166000000,1781856083166000000,3.0
FlushQueue.executionTimeAvgNs,1781856023166000000,1781856083166000000,1208584.8780487804
FlushQueue.waitingTimeMaxNs,1781856023166000000,1781856083166000000,204472319
FlushQueue.executionTimeMaxNs,1781856023166000000,1781856083166000000,126353407
NonBlockingReadAction.finalizedExecutionTimeUs,1781856023166000000,1781856083166000000,36638
FlushQueue.executionTime90PNs,1781856023166000000,1781856083166000000,2195455
FlushQueue.tasksExecuted,1781856023166000000,1781856083166000000,492
WriteAction.executionsCount,1781856023166000000,1781856083166000000,8
FlushQueue.waitingTime90PNs,1781856023166000000,1781856083166000000,41156607
NonBlockingReadAction.failedExecutionsCount,1781856023166000000,1781856083166000000,0
AWTEventQueue.dispatchTimeTotalNS,1781856023166000000,1781856083166000000,1744791047
NonBlockingReadAction.failedExecutionTimeUs,1781856023166000000,1781856083166000000,0
FlushQueue.queueSizeMax,1781856023166000000,1781856083166000000,17
compiler.ArtifactManagerBridge.commit.ms,1781856023166000000,1781856083166000000,0
compiler.ArtifactManagerBridge.dropMappings.ms,1781856023166000000,1781856083166000000,0
compiler.ArtifactManagerBridge.findArtifact.ms,1781856023166000000,1781856083166000000,0
compiler.ArtifactVirtualFileListener.filePathChanged.ms,1781856023166000000,1781856083166000000,0
compiler.ArtifactManagerBridge.getArtifactsByType.ms,1781856023166000000,1781856083166000000,0
compiler.ArtifactVirtualFileListener.propertyChanged.ms,1781856023166000000,1781856083166000000,0
compiler.ArtifactManagerBridge.initBridges.ms,1781856023166000000,1781856083166000000,0
compiler.ArtifactManagerBridge.getArtifacts.ms,1781856023166000000,1781856083166000000,0
compiler.ArtifactManagerBridge.addArtifact.ms,1781856023166000000,1781856083166000000,0
workspaceModel.mutableEntityStorage.apply.changes.from.ms,1781856023166000000,1781856083166000000,0
jps.global.handle.before.change.events.ms,1781856023166000000,1781856083166000000,0
workspaceModel.moduleManagerBridge.load.module.ms,1781856023166000000,1781856083166000000,0
workspaceModel.global.updates.ms,1781856023166000000,1781856083166000000,6
jps.app.storage.content.reader.load.component.ms,1781856023166000000,1781856083166000000,0
jps.facet.change.listener.init.bridge.ms,1781856023166000000,1781856083166000000,0
workspaceModel.moduleBridgeLoader.loading.modules.ms,1781856023166000000,1781856083166000000,0
jps.artifact.entities.serializer.load.entities.ms,1781856023166000000,1781856083166000000,0
workspaceModel.mutableEntityStorage.collect.changes.ms,1781856023166000000,1781856083166000000,0
workspaceModel.mutableEntityStorage.instances.count,1781856023166000000,1781856083166000000,10
workspaceModel.save.cache.to.file.ms,1781856023166000000,1781856083166000000,88
jps.storage.jps.conf.reader.load.component.ms,1781856023166000000,1781856083166000000,0
workspaceModel.moduleBridge.facet.initialization.ms,1781856023166000000,1781856083166000000,0
workspaceModel.delayed.project.synchronizer.sync.ms,1781856023166000000,1781856083166000000,0
jps.save.changed.project.entities.ms,1781856023166000000,1781856083166000000,0
workspaceModel.sync.entities.ms,1781856023166000000,1781856083166000000,0
jps.library.entities.serializer.save.entities.ms,1781856023166000000,1781856083166000000,0
workspaceModel.moduleBridge.update.option.ms,1781856023166000000,1781856083166000000,0
workspaceModel.global.apply.state.to.project.ms,1781856023166000000,1781856083166000000,5
workspaceModel.moduleManagerBridge.load.all.modules.ms,1781856023166000000,1781856083166000000,0
workspaceModel.load.cache.metadata.from.file.ms,1781856023166000000,1781856083166000000,0
jps.apply.loaded.storage.ms,1781856023166000000,1781856083166000000,0
jps.global.get.libraries.ms,1781856023166000000,1781856083166000000,0
workspaceModel.moduleBridge.before.changed.ms,1781856023166000000,1781856083166000000,0
workspaceModel.moduleManagerBridge.newModule.ms,1781856023166000000,1781856083166000000,0
workspaceModel.mutableEntityStorage.modify.entity.ms,1781856023166000000,1781856083166000000,1
workspaceModel.mutableEntityStorage.to.snapshot.ms,1781856023166000000,1781856083166000000,1
workspaceModel.orphan.listener.update.ms,1781856023166000000,1781856083166000000,0
jps.save.global.entities.ms,1781856023166000000,1781856083166000000,0
workspaceModel.global.apply.state.to.project.builder.ms,1781856023166000000,1781856083166000000,0
workspaceModel.mutableEntityStorage.referrers.ms,1781856023166000000,1781856083166000000,0
workspaceModel.moduleManagerBridge.build.module.graph.ms,1781856023166000000,1781856083166000000,0
workspaceModel.load.cache.from.file.ms,1781856023166000000,1781856083166000000,0
workspaceModel.mutableEntityStorage.entities.ms,1781856023166000000,1781856083166000000,0
jps.module.iml.entities.serializer.save.entities.ms,1781856023166000000,1781856083166000000,0
jps.global.initialize.library.bridges.after.loading.ms,1781856023166000000,1781856083166000000,0
workspaceModel.mutableEntityStorage.replace.by.source.ms,1781856023166000000,1781856083166000000,1
workspaceModel.mutableEntityStorage.changeLog.addReplaceEventForNewChild.ms,1781856023166000000,1781856083166000000,0
workspaceModel.mutableEntityStorage.has.same.entities.ms,1781856023166000000,1781856083166000000,0
workspaceModel.mutableEntityStorage.remove.entity.ms,1781856023166000000,1781856083166000000,0
workspaceModel.moduleManagerBridge.get.modules.ms,1781856023166000000,1781856083166000000,0
jps.global.initialize.library.bridges.ms,1781856023166000000,1781856083166000000,0
jps.library.entities.serializer.load.entities.ms,1781856023166000000,1781856083166000000,0
workspaceModel.mutableEntityStorage.mutable.vfurl.index.ms,1781856023166000000,1781856083166000000,0
jps.facet.change.listener.process.change.events.ms,1781856023166000000,1781856083166000000,0
jps.app.storage.content.writer.save.component.ms,1781856023166000000,1781856083166000000,0
workspaceModel.global.updates.count,1781856023166000000,1781856083166000000,1
workspaceModel.mutableEntityStorage.add.entity.ms,1781856023166000000,1781856083166000000,1
workspaceModel.mutableEntityStorage.hasReferrers.ms,1781856023166000000,1781856083166000000,0
workspaceModel.moduleManagerBridge.create.module.instance.ms,1781856023166000000,1781856083166000000,0
jps.module.dependency.index.workspace.model.listener.on.changed.ms,1781856023166000000,1781856083166000000,0
workspaceModel.mutableEntityStorage.put.entity.ms,1781856023166000000,1781856083166000000,0
workspaceModel.moduleManagerBridge.set.unloadedModules.ms,1781856023166000000,1781856083166000000,0
workspaceModel.mutableEntityStorage.mutable.ext.mapping.ms,1781856023166000000,1781856083166000000,0
jps.global.handle.changed.events.ms,1781856023166000000,1781856083166000000,0
jps.project.serializers.load.ms,1781856023166000000,1781856083166000000,0
jps.global.get.library.by.name.ms,1781856023166000000,1781856083166000000,0
jps.load.initial.state.ms,1781856023166000000,1781856083166000000,0
workspaceModel.mutableEntityStorage.changeLog.addReplaceEventForNewParent.ms,1781856023166000000,1781856083166000000,0
jps.reload.project.entities.ms,1781856023166000000,1781856083166000000,0
workspaceModel.do.save.caches.ms,1781856023166000000,1781856083166000000,42
workspaceModel.moduleManagerBridge.new.nonPersistent.module.ms,1781856023166000000,1781856083166000000,0
workspaceModel.mutableEntityStorage.changeLog.addReplaceEventForRemovedParent.ms,1781856023166000000,1781856083166000000,0
workspaceModel.mutableEntityStorage.entities.by.source.ms,1781856023166000000,1781856083166000000,0
workspaceModel.mutableEntityStorage.changeLog.addReplaceEventForRemovedChild.ms,1781856023166000000,1781856083166000000,0
jps.facet.change.listener.before.change.events.ms,1781856023166000000,1781856083166000000,0
jps.module.iml.entities.serializer.load.entities.ms,1781856023166000000,1781856083166000000,0
jps.artifact.entities.serializer.save.entities.ms,1781856023166000000,1781856083166000000,0
jps.project.serializers.save.ms,1781856023166000000,1781856083166000000,0
workspaceModel.mutableEntityStorage.resolve.ms,1781856023166000000,1781856083166000000,0
jps.load.project.to.empty.storage.ms,1781856023166000000,1781856083166000000,0
jps.global.get.library.ms,1781856023166000000,1781856083166000000,0
lexer.JSON.size.bytes,1781856023166000000,1781856083166000000,503
DiskQueryRelay.tasksRequested,1781856023166000000,1781856083166000000,655
writeAction.max.wait.ms,1781856023166000000,1781856083166000000,13
lexer.JAVA.time.ns,1781856023166000000,1781856083166000000,805127
LowMemory.gcLoad,1781856023166000000,1781856083166000000,3.220030928952044E-4
parser.JAVA.size.bytes,1781856023166000000,1781856083166000000,869
lexer.JAVA.size.bytes,1781856023166000000,1781856083166000000,869
writeAction.median.wait.ms,1781856023166000000,1781856083166000000,0
DiskQueryRelay.taskWaitingTotalTimeUs,1781856023166000000,1781856083166000000,1549267
parser.JAVA.time.ns,1781856023166000000,1781856083166000000,31055498
lexer.JSON.time.ns,1781856023166000000,1781856083166000000,314721
DiskQueryRelay.taskExecutionTotalTimeUs,1781856023166000000,1781856083166000000,1416305
parser.JSON.time.ns,1781856023166000000,1781856083166000000,8
DiskQueryRelay.tasksExecuted,1781856023166000000,1781856083166000000,653
writeAction.wait.ms,1781856023166000000,1781856083166000000,8
parser.JSON.size.bytes,1781856023166000000,1781856083166000000,503
writeAction.count,1781856023166000000,1781856083166000000,8
LowMemory.gcOverloaded,1781856023166000000,1781856083166000000,0
Indexes.stubs.lookupDurationMaxMs,1781856023166000000,1781856083166000000,31.0
Indexes.entries.lookupDurationAvgMs,1781856023166000000,1781856083166000000,3.388888888888889
Indexing.totalTimeIndexersSleptMs,1781856023166000000,1781856083166000000,0
Indexing.writer_3.totalTimeSpentWritingMs,1781856023166000000,1781856083166000000,242
Indexes.entries.lookups,1781856023166000000,1781856083166000000,35
Indexes.allKeys.lookupDurationAvgMs,1781856023166000000,1781856083166000000,0.0
Indexes.allKeys.lookupDurationMaxMs,1781856023166000000,1781856083166000000,0.0
Indexing.writesQueuedAvg,1781856023166000000,1781856083166000000,0.16363636363636364
Indexes.stubs.lookups,1781856023166000000,1781856083166000000,1194
Indexing.cache.totalCacheEvicted,1781856023166000000,1781856083166000000,20470
Indexes.entries.lookupDurationMaxMs,1781856023166000000,1781856083166000000,21.0
Indexing.cache.totalCacheAccesses,1781856023166000000,1781856083166000000,121936
Indexing.writer_0.totalTimeSpentWritingMs,1781856023166000000,1781856083166000000,514
Indexing.writer_1.totalTimeSpentWritingMs,1781856023166000000,1781856083166000000,533
Indexing.cache.totalCacheMisses,1781856023166000000,1781856083166000000,20489
Indexing.writesQueuedMin,1781856023166000000,1781856083166000000,0
Indexing.writer_2.totalTimeSpentWritingMs,1781856023166000000,1781856083166000000,189
Indexes.entries.lookupDuration90PMs,1781856023166000000,1781856083166000000,15.0
Indexes.allKeys.lookupDuration90PMs,1781856023166000000,1781856083166000000,0.0
Indexes.stubs.lookupDuration90PMs,1781856023166000000,1781856083166000000,1.0
Indexes.stubs.lookupDurationAvgMs,1781856023166000000,1781856083166000000,0.583752093802345
Indexing.writesQueuedMax,1781856023166000000,1781856083166000000,18
Indexes.allKeys.lookups,1781856023166000000,1781856083166000000,1
VFS.invertedFileNameIndex.requests,1781856023166000000,1781856083166000000,2
VFS.folderCaseSensitivityReads,1781856023166000000,1781856083166000000,20
FileNameCache.queries,1781856023166000000,1781856083166000000,29696
VFS.contentStorage.recordsDeduplicated,1781856023166000000,1781856083166000000,9
VFS.fileChildByName,1781856023166000000,1781856083166000000,4412
VFS.contentStorage.recordsRead,1781856023166000000,1781856083166000000,105
VFS.contentStorage.recordsReadSize,1781856023166000000,1781856083166000000,147954
VFS.contentStorage.recordsStored,1781856023166000000,1781856083166000000,0
VFS.cache.segmentsCreated,1781856023166000000,1781856083166000000,1
VFS.contentStorage.recordsReadDecompressed,1781856023166000000,1781856083166000000,3
FileNameCache.totalMisses,1781856023166000000,1781856083166000000,0
VFS.contentStorage.recordsStoredCompressed,1781856023166000000,1781856083166000000,0
VFS.cache.directoriesCreated,1781856023166000000,1781856083166000000,100
VFS.contentStorage.recordsDecompressionTimeUs,1781856023166000000,1781856083166000000,298
VFS.contentStorage.recordsUncompressedSize,1781856023166000000,1781856083166000000,0
VFS.fileByIdCache.hits,1781856023166000000,1781856083166000000,1
VFS.cache.segments,1781856023166000000,1781856083166000000,101.0
VFS.fileByIdCache.misses,1781856023166000000,1781856083166000000,151
VFS.cache.filesCreated,1781856023166000000,1781856083166000000,11853
VFS.rootsCount,1781856023166000000,1781856083166000000,12.0
VFS.contentStorage.recordsStoredSize,1781856023166000000,1781856083166000000,0
JVM.maxHeapBytes,1781856023166000000,1781856083166000000,2147483648
JVM.totalCpuTimeMs,1781856023166000000,1781856083166000000,25960
JVM.maxThreadCount,1781856023166000000,1781856083166000000,143
JVM.GC.collectionTimesMs,1781856023166000000,1781856083166000000,180
MEM.fileMappingsRamBytes,1781856023166000000,1781856083166000000,202608640
MEM.ramPlusSwapMinusFileMappingsBytes,1781856023166000000,1781856083166000000,1526353920
JVM.usedHeapBytes,1781856023166000000,1781856083166000000,456002488
JVM.totalTimeToSafepointsMs,1781856023166000000,1781856083166000000,0
JVM.totalSafepointCount,1781856023166000000,1781856083166000000,5
MEM.ramBytes,1781856023166000000,1781856083166000000,1741807616
MEM.ramMinusFileMappingsBytes,1781856023166000000,1781856083166000000,1526353920
JVM.threadCount,1781856023166000000,1781856083166000000,88
JVM.totalDirectByteBuffersBytes,1781856023166000000,1781856083166000000,172122113
JVM.newThreadsCount,1781856023166000000,1781856083166000000,28
JVM.totalBytesAllocated,1781856023166000000,1781856083166000000,419877816
OS.loadAverage,1781856023166000000,1781856083166000000,0.912109375
JVM.totalTimeAtSafepointsMs,1781856023166000000,1781856083166000000,191
JVM.usedNativeBytes,1781856023166000000,1781856083166000000,451622864
JVM.GC.collections,1781856023166000000,1781856083166000000,5
JVM.committedHeapBytes,1781856023166000000,1781856083166000000,652214272
DirectByteBufferAllocator.reclaimed,1781856023166000000,1781856083166000000,0
DirectByteBufferAllocator.hits,1781856023166000000,1781856083166000000,0
DirectByteBufferAllocator.totalSizeOfBuffersAllocatedInBytes,1781856023166000000,1781856083166000000,172023808
FilePageCache.totalPageLoadsUs,1781856023166000000,1781856083166000000,16515
StreamlinedBlobStorage.recordsDeleted,1781856023166000000,1781856083166000000,0
StreamlinedBlobStorage.totalLiveRecordsPayloadBytes,1781856023166000000,1781856083166000000,7589
StreamlinedBlobStorage.recordsRelocated,1781856023166000000,1781856083166000000,0
FilePageCache.pageFastCacheHits,1781856023166000000,1781856083166000000,44743
DirectByteBufferAllocator.disposed,1781856023166000000,1781856083166000000,0
FilePageCache.maxRegisteredFiles,1781856023166000000,1781856083166000000,1652
MappedFileStorage.storages,1781856023166000000,1781856083166000000,15
FilePageCache.maxCacheSizeInBytes,1781856023166000000,1781856083166000000,629153792
FilePageCache.uncachedFileAccess,1781856023166000000,1781856083166000000,34
StreamlinedBlobStorage.recordsAllocated,1781856023166000000,1781856083166000000,215
FilePageCache.capacityInBytes,1781856023166000000,1781856083166000000,629145600
MappedFileStorage.totalBytesMapped,1781856023166000000,1781856083166000000,198443008
FilePageCache.pageLoads,1781856023166000000,1781856083166000000,6
StorageLockContext.competingThreads.max,1781856023166000000,1781856083166000000,0
MappedFileStorage.totalPagesMapped,1781856023166000000,1781856083166000000,15
StorageLockContext.competingThreads.avg,1781856023166000000,1781856083166000000,0.0
StorageLockContext.competingThreads.90P,1781856023166000000,1781856083166000000,0
DirectByteBufferAllocator.misses,1781856023166000000,1781856083166000000,6
StreamlinedBlobStorage.totalLiveRecordsCapacityBytes,1781856023166000000,1781856083166000000,15162
FilePageCache.pageLoadsAboveSizeThreshold,1781856023166000000,1781856083166000000,0
DirectByteBufferAllocator.totalSizeOfBuffersCachedInBytes,1781856023166000000,1781856083166000000,41959424
MappedFileStorage.totalTimeSpentOnMappingUs,1781856023166000000,1781856083166000000,22669
FilePageCache.disposedBuffers,1781856023166000000,1781856083166000000,0
FilePageCache.totalPageDisposalsUs,1781856023166000000,1781856083166000000,20
FileChannelInterruptsRetryer.totalRetriedAttempts,1781856023166000000,1781856083166000000,0
FilePageCache.pageHits,1781856023166000000,1781856083166000000,0
cacheStateStorage.get.duration,1781856083166000000,1781856143166000000,0
cacheStateStorage.set.duration,1781856083166000000,1781856143166000000,0
cacheStateStorage.set.counter,1781856083166000000,1781856143166000000,0
cacheStateStorage.get.counter,1781856083166000000,1781856143166000000,0
workspaceModel.workspaceFileIndexData.onEntitiesChanged.ms,1781856083166000000,1781856143166000000,0
workspaceModel.update.unloaded.entities.ms,1781856083166000000,1781856143166000000,0
workspaceModel.pre.handlers.ms,1781856083166000000,1781856143166000000,0
workspaceModel.initializing.ms,1781856083166000000,1781856143166000000,0
workspaceModel.workspaceFileIndexData.processFileSets.ms,1781856083166000000,1781856143166000000,0
workspaceModel.workspaceFileIndexData.updateDirtyEntities.ms,1781856083166000000,1781856143166000000,0
workspaceModel.full.replace.project.model.ms,1781856083166000000,1781856143166000000,0
workspaceModel.workspaceFileIndexData.getDirectoriesByPackageName.ms,1781856083166000000,1781856143166000000,0
workspaceModel.workspaceFileIndexData.init.ms,1781856083166000000,1781856143166000000,0
workspaceModel.cachedValueWithParameters.from.cache.count,1781856083166000000,1781856143166000000,0
workspaceModel.updates.precise.ms,1781856083166000000,1781856143166000000,0
workspaceModel.cachedValue.clear.count,1781856083166000000,1781856143166000000,0
workspaceModel.updates.ms,1781856083166000000,1781856143166000000,0
workspaceModel.workspaceFileIndexData.instances.count,1781856083166000000,1781856143166000000,0
workspaceModel.to.snapshot.ms,1781856083166000000,1781856143166000000,0
workspaceModel.loading.from.cache.ms,1781856083166000000,1781856143166000000,0
workspaceModel.cachedValueWithParameters.total.get.count,1781856083166000000,1781856143166000000,0
workspaceModel.workspaceFileIndexData.getFileInfo.ms,1781856083166000000,1781856143166000000,0
workspaceModel.cachedValue.total.get.count,1781856083166000000,1781856143166000000,0
workspaceModel.collect.changes.ms,1781856083166000000,1781856143166000000,0
workspaceModel.check.recursive.update.ms,1781856083166000000,1781856143166000000,0
workspaceModel.workspaceFileIndexData.markDirty.ms,1781856083166000000,1781856143166000000,0
workspaceModel.replace.project.model.ms,1781856083166000000,1781856143166000000,0
workspaceModel.entityStorageSnapshotImpl.instances.count,1781856083166000000,1781856143166000000,0
workspaceModel.on.before.changed.ms,1781856083166000000,1781856143166000000,0
workspaceModel.init.bridges.ms,1781856083166000000,1781856143166000000,0
workspaceModel.loading.total.ms,1781856083166000000,1781856143166000000,0
workspaceModel.cachedValue.calculated.count,1781856083166000000,1781856143166000000,0
workspaceModel.workspaceFileIndexData.getPackageName.ms,1781856083166000000,1781856143166000000,0
workspaceModel.on.changed.ms,1781856083166000000,1781856143166000000,0
workspaceModel.updates.count,1781856083166000000,1781856143166000000,0
workspaceModel.cachedValueWithParameters.calculated.count,1781856083166000000,1781856143166000000,0
workspaceModel.workspaceFileIndexContributor.registerFileSets.ms,1781856083166000000,1781856143166000000,0
workspaceModel.cachedValueWithParameters.clear.count,1781856083166000000,1781856143166000000,0
workspaceModel.workspaceFileIndexData.visitFileSets.ms,1781856083166000000,1781856143166000000,0
workspaceModel.cachedValue.from.cache.count,1781856083166000000,1781856143166000000,0
AWTEventQueue.eventsDispatched,1781856083166000000,1781856143166000000,87
FlushQueue.queueSize90P,1781856083166000000,1781856143166000000,1
FlushQueue.waitingTimeAvgNs,1781856083166000000,1781856143166000000,338897.45454545453
NonBlockingReadAction.finalizedExecutionsCount,1781856083166000000,1781856143166000000,0
AWTEventQueue.dispatchTimeMaxNs,1781856083166000000,1781856143166000000,1056767
AWTEventQueue.dispatchTimeAvgNs,1781856083166000000,1781856143166000000,300591.816091954
ReadAction.executionsCount,1781856083166000000,1781856143166000000,7
AWTEventQueue.dispatchTime90PNs,1781856083166000000,1781856143166000000,481279
FlushQueue.queueSizeAvg,1781856083166000000,1781856143166000000,0.2727272727272727
FlushQueue.executionTimeAvgNs,1781856083166000000,1781856143166000000,168104.72727272726
FlushQueue.waitingTimeMaxNs,1781856083166000000,1781856143166000000,708607
FlushQueue.executionTimeMaxNs,1781856083166000000,1781856143166000000,464895
NonBlockingReadAction.finalizedExecutionTimeUs,1781856083166000000,1781856143166000000,0
FlushQueue.executionTime90PNs,1781856083166000000,1781856143166000000,446463
FlushQueue.tasksExecuted,1781856083166000000,1781856143166000000,11
WriteAction.executionsCount,1781856083166000000,1781856143166000000,0
FlushQueue.waitingTime90PNs,1781856083166000000,1781856143166000000,548863
NonBlockingReadAction.failedExecutionsCount,1781856083166000000,1781856143166000000,0
AWTEventQueue.dispatchTimeTotalNS,1781856083166000000,1781856143166000000,26153222
NonBlockingReadAction.failedExecutionTimeUs,1781856083166000000,1781856143166000000,0
FlushQueue.queueSizeMax,1781856083166000000,1781856143166000000,1
compiler.ArtifactManagerBridge.commit.ms,1781856083166000000,1781856143166000000,0
compiler.ArtifactManagerBridge.dropMappings.ms,1781856083166000000,1781856143166000000,0
compiler.ArtifactManagerBridge.findArtifact.ms,1781856083166000000,1781856143166000000,0
compiler.ArtifactVirtualFileListener.filePathChanged.ms,1781856083166000000,1781856143166000000,0
compiler.ArtifactManagerBridge.getArtifactsByType.ms,1781856083166000000,1781856143166000000,0
compiler.ArtifactVirtualFileListener.propertyChanged.ms,1781856083166000000,1781856143166000000,0
compiler.ArtifactManagerBridge.initBridges.ms,1781856083166000000,1781856143166000000,0
compiler.ArtifactManagerBridge.getArtifacts.ms,1781856083166000000,1781856143166000000,0
compiler.ArtifactManagerBridge.addArtifact.ms,1781856083166000000,1781856143166000000,0
workspaceModel.mutableEntityStorage.apply.changes.from.ms,1781856083166000000,1781856143166000000,0
jps.global.handle.before.change.events.ms,1781856083166000000,1781856143166000000,0
workspaceModel.moduleManagerBridge.load.module.ms,1781856083166000000,1781856143166000000,0
workspaceModel.global.updates.ms,1781856083166000000,1781856143166000000,0
jps.app.storage.content.reader.load.component.ms,1781856083166000000,1781856143166000000,0
jps.facet.change.listener.init.bridge.ms,1781856083166000000,1781856143166000000,0
workspaceModel.moduleBridgeLoader.loading.modules.ms,1781856083166000000,1781856143166000000,0
jps.artifact.entities.serializer.load.entities.ms,1781856083166000000,1781856143166000000,0
workspaceModel.mutableEntityStorage.collect.changes.ms,1781856083166000000,1781856143166000000,0
workspaceModel.mutableEntityStorage.instances.count,1781856083166000000,1781856143166000000,0
workspaceModel.save.cache.to.file.ms,1781856083166000000,1781856143166000000,0
jps.storage.jps.conf.reader.load.component.ms,1781856083166000000,1781856143166000000,0
workspaceModel.moduleBridge.facet.initialization.ms,1781856083166000000,1781856143166000000,0
workspaceModel.delayed.project.synchronizer.sync.ms,1781856083166000000,1781856143166000000,0
jps.save.changed.project.entities.ms,1781856083166000000,1781856143166000000,0
workspaceModel.sync.entities.ms,1781856083166000000,1781856143166000000,0
jps.library.entities.serializer.save.entities.ms,1781856083166000000,1781856143166000000,0
workspaceModel.moduleBridge.update.option.ms,1781856083166000000,1781856143166000000,0
workspaceModel.global.apply.state.to.project.ms,1781856083166000000,1781856143166000000,0
workspaceModel.moduleManagerBridge.load.all.modules.ms,1781856083166000000,1781856143166000000,0
workspaceModel.load.cache.metadata.from.file.ms,1781856083166000000,1781856143166000000,0
jps.apply.loaded.storage.ms,1781856083166000000,1781856143166000000,0
jps.global.get.libraries.ms,1781856083166000000,1781856143166000000,0
workspaceModel.moduleBridge.before.changed.ms,1781856083166000000,1781856143166000000,0
workspaceModel.moduleManagerBridge.newModule.ms,1781856083166000000,1781856143166000000,0
workspaceModel.mutableEntityStorage.modify.entity.ms,1781856083166000000,1781856143166000000,0
workspaceModel.mutableEntityStorage.to.snapshot.ms,1781856083166000000,1781856143166000000,0
workspaceModel.orphan.listener.update.ms,1781856083166000000,1781856143166000000,0
jps.save.global.entities.ms,1781856083166000000,1781856143166000000,0
workspaceModel.global.apply.state.to.project.builder.ms,1781856083166000000,1781856143166000000,0
workspaceModel.mutableEntityStorage.referrers.ms,1781856083166000000,1781856143166000000,0
workspaceModel.moduleManagerBridge.build.module.graph.ms,1781856083166000000,1781856143166000000,0
workspaceModel.load.cache.from.file.ms,1781856083166000000,1781856143166000000,0
workspaceModel.mutableEntityStorage.entities.ms,1781856083166000000,1781856143166000000,0
jps.module.iml.entities.serializer.save.entities.ms,1781856083166000000,1781856143166000000,0
jps.global.initialize.library.bridges.after.loading.ms,1781856083166000000,1781856143166000000,0
workspaceModel.mutableEntityStorage.replace.by.source.ms,1781856083166000000,1781856143166000000,0
workspaceModel.mutableEntityStorage.changeLog.addReplaceEventForNewChild.ms,1781856083166000000,1781856143166000000,0
workspaceModel.mutableEntityStorage.has.same.entities.ms,1781856083166000000,1781856143166000000,0
workspaceModel.mutableEntityStorage.remove.entity.ms,1781856083166000000,1781856143166000000,0
workspaceModel.moduleManagerBridge.get.modules.ms,1781856083166000000,1781856143166000000,0
jps.global.initialize.library.bridges.ms,1781856083166000000,1781856143166000000,0
jps.library.entities.serializer.load.entities.ms,1781856083166000000,1781856143166000000,0
workspaceModel.mutableEntityStorage.mutable.vfurl.index.ms,1781856083166000000,1781856143166000000,0
jps.facet.change.listener.process.change.events.ms,1781856083166000000,1781856143166000000,0
jps.app.storage.content.writer.save.component.ms,1781856083166000000,1781856143166000000,0
workspaceModel.global.updates.count,1781856083166000000,1781856143166000000,0
workspaceModel.mutableEntityStorage.add.entity.ms,1781856083166000000,1781856143166000000,0
workspaceModel.mutableEntityStorage.hasReferrers.ms,1781856083166000000,1781856143166000000,0
workspaceModel.moduleManagerBridge.create.module.instance.ms,1781856083166000000,1781856143166000000,0
jps.module.dependency.index.workspace.model.listener.on.changed.ms,1781856083166000000,1781856143166000000,0
workspaceModel.mutableEntityStorage.put.entity.ms,1781856083166000000,1781856143166000000,0
workspaceModel.moduleManagerBridge.set.unloadedModules.ms,1781856083166000000,1781856143166000000,0
workspaceModel.mutableEntityStorage.mutable.ext.mapping.ms,1781856083166000000,1781856143166000000,0
jps.global.handle.changed.events.ms,1781856083166000000,1781856143166000000,0
jps.project.serializers.load.ms,1781856083166000000,1781856143166000000,0
jps.global.get.library.by.name.ms,1781856083166000000,1781856143166000000,0
jps.load.initial.state.ms,1781856083166000000,1781856143166000000,0
workspaceModel.mutableEntityStorage.changeLog.addReplaceEventForNewParent.ms,1781856083166000000,1781856143166000000,0
jps.reload.project.entities.ms,1781856083166000000,1781856143166000000,0
workspaceModel.do.save.caches.ms,1781856083166000000,1781856143166000000,0
workspaceModel.moduleManagerBridge.new.nonPersistent.module.ms,1781856083166000000,1781856143166000000,0
workspaceModel.mutableEntityStorage.changeLog.addReplaceEventForRemovedParent.ms,1781856083166000000,1781856143166000000,0
workspaceModel.mutableEntityStorage.entities.by.source.ms,1781856083166000000,1781856143166000000,0
workspaceModel.mutableEntityStorage.changeLog.addReplaceEventForRemovedChild.ms,1781856083166000000,1781856143166000000,0
jps.facet.change.listener.before.change.events.ms,1781856083166000000,1781856143166000000,0
jps.module.iml.entities.serializer.load.entities.ms,1781856083166000000,1781856143166000000,0
jps.artifact.entities.serializer.save.entities.ms,1781856083166000000,1781856143166000000,0
jps.project.serializers.save.ms,1781856083166000000,1781856143166000000,0
workspaceModel.mutableEntityStorage.resolve.ms,1781856083166000000,1781856143166000000,0
jps.load.project.to.empty.storage.ms,1781856083166000000,1781856143166000000,0
jps.global.get.library.ms,1781856083166000000,1781856143166000000,0
DiskQueryRelay.tasksRequested,1781856083166000000,1781856143166000000,0
writeAction.max.wait.ms,1781856083166000000,1781856143166000000,13
LowMemory.gcLoad,1781856083166000000,1781856143166000000,1.653145527971063E-4
writeAction.median.wait.ms,1781856083166000000,1781856143166000000,0
DiskQueryRelay.taskWaitingTotalTimeUs,1781856083166000000,1781856143166000000,0
DiskQueryRelay.taskExecutionTotalTimeUs,1781856083166000000,1781856143166000000,0
DiskQueryRelay.tasksExecuted,1781856083166000000,1781856143166000000,0
writeAction.wait.ms,1781856083166000000,1781856143166000000,0
writeAction.count,1781856083166000000,1781856143166000000,0
LowMemory.gcOverloaded,1781856083166000000,1781856143166000000,0
Indexes.stubs.lookupDurationMaxMs,1781856083166000000,1781856143166000000,0.0
Indexes.entries.lookupDurationAvgMs,1781856083166000000,1781856143166000000,0.0
Indexing.totalTimeIndexersSleptMs,1781856083166000000,1781856143166000000,0
Indexing.writer_3.totalTimeSpentWritingMs,1781856083166000000,1781856143166000000,0
Indexes.entries.lookups,1781856083166000000,1781856143166000000,0
Indexes.allKeys.lookupDurationAvgMs,1781856083166000000,1781856143166000000,0.0
Indexes.allKeys.lookupDurationMaxMs,1781856083166000000,1781856143166000000,0.0
Indexing.writesQueuedAvg,1781856083166000000,1781856143166000000,0.0
Indexes.stubs.lookups,1781856083166000000,1781856143166000000,0
Indexing.cache.totalCacheEvicted,1781856083166000000,1781856143166000000,0
Indexes.entries.lookupDurationMaxMs,1781856083166000000,1781856143166000000,0.0
Indexing.cache.totalCacheAccesses,1781856083166000000,1781856143166000000,0
Indexing.writer_0.totalTimeSpentWritingMs,1781856083166000000,1781856143166000000,0
Indexing.writer_1.totalTimeSpentWritingMs,1781856083166000000,1781856143166000000,0
Indexing.cache.totalCacheMisses,1781856083166000000,1781856143166000000,0
Indexing.writesQueuedMin,1781856083166000000,1781856143166000000,0
Indexing.writer_2.totalTimeSpentWritingMs,1781856083166000000,1781856143166000000,0
Indexes.entries.lookupDuration90PMs,1781856083166000000,1781856143166000000,0.0
Indexes.allKeys.lookupDuration90PMs,1781856083166000000,1781856143166000000,0.0
Indexes.stubs.lookupDuration90PMs,1781856083166000000,1781856143166000000,0.0
Indexes.stubs.lookupDurationAvgMs,1781856083166000000,1781856143166000000,0.0
Indexing.writesQueuedMax,1781856083166000000,1781856143166000000,0
Indexes.allKeys.lookups,1781856083166000000,1781856143166000000,0
VFS.invertedFileNameIndex.requests,1781856083166000000,1781856143166000000,0
VFS.folderCaseSensitivityReads,1781856083166000000,1781856143166000000,0
FileNameCache.queries,1781856083166000000,1781856143166000000,0
VFS.contentStorage.recordsDeduplicated,1781856083166000000,1781856143166000000,0
VFS.fileChildByName,1781856083166000000,1781856143166000000,0
VFS.contentStorage.recordsRead,1781856083166000000,1781856143166000000,0
VFS.contentStorage.recordsReadSize,1781856083166000000,1781856143166000000,0
VFS.contentStorage.recordsStored,1781856083166000000,1781856143166000000,0
VFS.cache.segmentsCreated,1781856083166000000,1781856143166000000,0
VFS.contentStorage.recordsReadDecompressed,1781856083166000000,1781856143166000000,0
FileNameCache.totalMisses,1781856083166000000,1781856143166000000,0
VFS.contentStorage.recordsStoredCompressed,1781856083166000000,1781856143166000000,0
VFS.cache.directoriesCreated,1781856083166000000,1781856143166000000,0
VFS.contentStorage.recordsDecompressionTimeUs,1781856083166000000,1781856143166000000,0
VFS.contentStorage.recordsUncompressedSize,1781856083166000000,1781856143166000000,0
VFS.fileByIdCache.hits,1781856083166000000,1781856143166000000,0
VFS.cache.segments,1781856083166000000,1781856143166000000,101.0
VFS.fileByIdCache.misses,1781856083166000000,1781856143166000000,0
VFS.cache.filesCreated,1781856083166000000,1781856143166000000,0
VFS.rootsCount,1781856083166000000,1781856143166000000,12.0
VFS.contentStorage.recordsStoredSize,1781856083166000000,1781856143166000000,0
JVM.maxHeapBytes,1781856083166000000,1781856143166000000,2147483648
JVM.totalCpuTimeMs,1781856083166000000,1781856143166000000,1940
JVM.maxThreadCount,1781856083166000000,1781856143166000000,143
JVM.GC.collectionTimesMs,1781856083166000000,1781856143166000000,0
MEM.fileMappingsRamBytes,1781856083166000000,1781856143166000000,202608640
MEM.ramPlusSwapMinusFileMappingsBytes,1781856083166000000,1781856143166000000,1525243904
JVM.usedHeapBytes,1781856083166000000,1781856143166000000,475925432
JVM.totalTimeToSafepointsMs,1781856083166000000,1781856143166000000,0
JVM.totalSafepointCount,1781856083166000000,1781856143166000000,0
MEM.ramBytes,1781856083166000000,1781856143166000000,1740697600
MEM.ramMinusFileMappingsBytes,1781856083166000000,1781856143166000000,1525243904
JVM.threadCount,1781856083166000000,1781856143166000000,61
JVM.totalDirectByteBuffersBytes,1781856083166000000,1781856143166000000,172122113
JVM.newThreadsCount,1781856083166000000,1781856143166000000,1
JVM.totalBytesAllocated,1781856083166000000,1781856143166000000,18366096
OS.loadAverage,1781856083166000000,1781856143166000000,0.703125
JVM.totalTimeAtSafepointsMs,1781856083166000000,1781856143166000000,0
JVM.usedNativeBytes,1781856083166000000,1781856143166000000,452547616
JVM.GC.collections,1781856083166000000,1781856143166000000,0
JVM.committedHeapBytes,1781856083166000000,1781856143166000000,652214272
DirectByteBufferAllocator.reclaimed,1781856083166000000,1781856143166000000,0
DirectByteBufferAllocator.hits,1781856083166000000,1781856143166000000,0
DirectByteBufferAllocator.totalSizeOfBuffersAllocatedInBytes,1781856083166000000,1781856143166000000,172023808
FilePageCache.totalPageLoadsUs,1781856083166000000,1781856143166000000,0
StreamlinedBlobStorage.recordsDeleted,1781856083166000000,1781856143166000000,0
StreamlinedBlobStorage.totalLiveRecordsPayloadBytes,1781856083166000000,1781856143166000000,0
StreamlinedBlobStorage.recordsRelocated,1781856083166000000,1781856143166000000,0
FilePageCache.pageFastCacheHits,1781856083166000000,1781856143166000000,0
DirectByteBufferAllocator.disposed,1781856083166000000,1781856143166000000,0
FilePageCache.maxRegisteredFiles,1781856083166000000,1781856143166000000,1652
MappedFileStorage.storages,1781856083166000000,1781856143166000000,15
FilePageCache.maxCacheSizeInBytes,1781856083166000000,1781856143166000000,629153792
FilePageCache.uncachedFileAccess,1781856083166000000,1781856143166000000,0
StreamlinedBlobStorage.recordsAllocated,1781856083166000000,1781856143166000000,0
FilePageCache.capacityInBytes,1781856083166000000,1781856143166000000,629145600
MappedFileStorage.totalBytesMapped,1781856083166000000,1781856143166000000,198443008
FilePageCache.pageLoads,1781856083166000000,1781856143166000000,0
StorageLockContext.competingThreads.max,1781856083166000000,1781856143166000000,0
MappedFileStorage.totalPagesMapped,1781856083166000000,1781856143166000000,15
StorageLockContext.competingThreads.avg,1781856083166000000,1781856143166000000,0.0
StorageLockContext.competingThreads.90P,1781856083166000000,1781856143166000000,0
DirectByteBufferAllocator.misses,1781856083166000000,1781856143166000000,0
StreamlinedBlobStorage.totalLiveRecordsCapacityBytes,1781856083166000000,1781856143166000000,0
FilePageCache.pageLoadsAboveSizeThreshold,1781856083166000000,1781856143166000000,0
DirectByteBufferAllocator.totalSizeOfBuffersCachedInBytes,1781856083166000000,1781856143166000000,41959424
MappedFileStorage.totalTimeSpentOnMappingUs,1781856083166000000,1781856143166000000,22669
FilePageCache.disposedBuffers,1781856083166000000,1781856143166000000,0
FilePageCache.totalPageDisposalsUs,1781856083166000000,1781856143166000000,0
FileChannelInterruptsRetryer.totalRetriedAttempts,1781856083166000000,1781856143166000000,0
FilePageCache.pageHits,1781856083166000000,1781856143166000000,0
cacheStateStorage.get.duration,1781856143166000000,1781856203166000000,0
cacheStateStorage.set.duration,1781856143166000000,1781856203166000000,0
cacheStateStorage.set.counter,1781856143166000000,1781856203166000000,0
cacheStateStorage.get.counter,1781856143166000000,1781856203166000000,0
workspaceModel.workspaceFileIndexData.onEntitiesChanged.ms,1781856143166000000,1781856203166000000,0
workspaceModel.update.unloaded.entities.ms,1781856143166000000,1781856203166000000,0
workspaceModel.pre.handlers.ms,1781856143166000000,1781856203166000000,0
workspaceModel.initializing.ms,1781856143166000000,1781856203166000000,0
workspaceModel.workspaceFileIndexData.processFileSets.ms,1781856143166000000,1781856203166000000,0
workspaceModel.workspaceFileIndexData.updateDirtyEntities.ms,1781856143166000000,1781856203166000000,0
workspaceModel.full.replace.project.model.ms,1781856143166000000,1781856203166000000,0
workspaceModel.workspaceFileIndexData.getDirectoriesByPackageName.ms,1781856143166000000,1781856203166000000,0
workspaceModel.workspaceFileIndexData.init.ms,1781856143166000000,1781856203166000000,0
workspaceModel.cachedValueWithParameters.from.cache.count,1781856143166000000,1781856203166000000,0
workspaceModel.updates.precise.ms,1781856143166000000,1781856203166000000,0
workspaceModel.cachedValue.clear.count,1781856143166000000,1781856203166000000,0
workspaceModel.updates.ms,1781856143166000000,1781856203166000000,0
workspaceModel.workspaceFileIndexData.instances.count,1781856143166000000,1781856203166000000,0
workspaceModel.to.snapshot.ms,1781856143166000000,1781856203166000000,0
workspaceModel.loading.from.cache.ms,1781856143166000000,1781856203166000000,0
workspaceModel.cachedValueWithParameters.total.get.count,1781856143166000000,1781856203166000000,0
workspaceModel.workspaceFileIndexData.getFileInfo.ms,1781856143166000000,1781856203166000000,8
workspaceModel.cachedValue.total.get.count,1781856143166000000,1781856203166000000,0
workspaceModel.collect.changes.ms,1781856143166000000,1781856203166000000,0
workspaceModel.check.recursive.update.ms,1781856143166000000,1781856203166000000,0
workspaceModel.workspaceFileIndexData.markDirty.ms,1781856143166000000,1781856203166000000,0
workspaceModel.replace.project.model.ms,1781856143166000000,1781856203166000000,0
workspaceModel.entityStorageSnapshotImpl.instances.count,1781856143166000000,1781856203166000000,0
workspaceModel.on.before.changed.ms,1781856143166000000,1781856203166000000,0
workspaceModel.init.bridges.ms,1781856143166000000,1781856203166000000,0
workspaceModel.loading.total.ms,1781856143166000000,1781856203166000000,0
workspaceModel.cachedValue.calculated.count,1781856143166000000,1781856203166000000,0
workspaceModel.workspaceFileIndexData.getPackageName.ms,1781856143166000000,1781856203166000000,0
workspaceModel.on.changed.ms,1781856143166000000,1781856203166000000,0
workspaceModel.updates.count,1781856143166000000,1781856203166000000,0
workspaceModel.cachedValueWithParameters.calculated.count,1781856143166000000,1781856203166000000,0
workspaceModel.workspaceFileIndexContributor.registerFileSets.ms,1781856143166000000,1781856203166000000,0
workspaceModel.cachedValueWithParameters.clear.count,1781856143166000000,1781856203166000000,0
workspaceModel.workspaceFileIndexData.visitFileSets.ms,1781856143166000000,1781856203166000000,2
workspaceModel.cachedValue.from.cache.count,1781856143166000000,1781856203166000000,0
AWTEventQueue.eventsDispatched,1781856143166000000,1781856203166000000,85
FlushQueue.queueSize90P,1781856143166000000,1781856203166000000,1
FlushQueue.waitingTimeAvgNs,1781856143166000000,1781856203166000000,254696.72727272726
NonBlockingReadAction.finalizedExecutionsCount,1781856143166000000,1781856203166000000,1
AWTEventQueue.dispatchTimeMaxNs,1781856143166000000,1781856203166000000,1036287
AWTEventQueue.dispatchTimeAvgNs,1781856143166000000,1781856203166000000,283638.2117647059
ReadAction.executionsCount,1781856143166000000,1781856203166000000,29778
AWTEventQueue.dispatchTime90PNs,1781856143166000000,1781856203166000000,485375
FlushQueue.queueSizeAvg,1781856143166000000,1781856203166000000,0.36363636363636365
FlushQueue.executionTimeAvgNs,1781856143166000000,1781856203166000000,124590.54545454546
FlushQueue.waitingTimeMaxNs,1781856143166000000,1781856203166000000,395263
FlushQueue.executionTimeMaxNs,1781856143166000000,1781856203166000000,309247
NonBlockingReadAction.finalizedExecutionTimeUs,1781856143166000000,1781856203166000000,4824
FlushQueue.executionTime90PNs,1781856143166000000,1781856203166000000,232447
FlushQueue.tasksExecuted,1781856143166000000,1781856203166000000,11
WriteAction.executionsCount,1781856143166000000,1781856203166000000,0
FlushQueue.waitingTime90PNs,1781856143166000000,1781856203166000000,321535
NonBlockingReadAction.failedExecutionsCount,1781856143166000000,1781856203166000000,0
AWTEventQueue.dispatchTimeTotalNS,1781856143166000000,1781856203166000000,24114365
NonBlockingReadAction.failedExecutionTimeUs,1781856143166000000,1781856203166000000,0
FlushQueue.queueSizeMax,1781856143166000000,1781856203166000000,1
compiler.ArtifactManagerBridge.commit.ms,1781856143166000000,1781856203166000000,0
compiler.ArtifactManagerBridge.dropMappings.ms,1781856143166000000,1781856203166000000,0
compiler.ArtifactManagerBridge.findArtifact.ms,1781856143166000000,1781856203166000000,0
compiler.ArtifactVirtualFileListener.filePathChanged.ms,1781856143166000000,1781856203166000000,0
compiler.ArtifactManagerBridge.getArtifactsByType.ms,1781856143166000000,1781856203166000000,0
compiler.ArtifactVirtualFileListener.propertyChanged.ms,1781856143166000000,1781856203166000000,0
compiler.ArtifactManagerBridge.initBridges.ms,1781856143166000000,1781856203166000000,0
compiler.ArtifactManagerBridge.getArtifacts.ms,1781856143166000000,1781856203166000000,0
compiler.ArtifactManagerBridge.addArtifact.ms,1781856143166000000,1781856203166000000,0
workspaceModel.mutableEntityStorage.apply.changes.from.ms,1781856143166000000,1781856203166000000,0
jps.global.handle.before.change.events.ms,1781856143166000000,1781856203166000000,0
workspaceModel.moduleManagerBridge.load.module.ms,1781856143166000000,1781856203166000000,0
workspaceModel.global.updates.ms,1781856143166000000,1781856203166000000,0
jps.app.storage.content.reader.load.component.ms,1781856143166000000,1781856203166000000,0
jps.facet.change.listener.init.bridge.ms,1781856143166000000,1781856203166000000,0
workspaceModel.moduleBridgeLoader.loading.modules.ms,1781856143166000000,1781856203166000000,0
jps.artifact.entities.serializer.load.entities.ms,1781856143166000000,1781856203166000000,0
workspaceModel.mutableEntityStorage.collect.changes.ms,1781856143166000000,1781856203166000000,0
workspaceModel.mutableEntityStorage.instances.count,1781856143166000000,1781856203166000000,0
workspaceModel.save.cache.to.file.ms,1781856143166000000,1781856203166000000,0
jps.storage.jps.conf.reader.load.component.ms,1781856143166000000,1781856203166000000,0
workspaceModel.moduleBridge.facet.initialization.ms,1781856143166000000,1781856203166000000,0
workspaceModel.delayed.project.synchronizer.sync.ms,1781856143166000000,1781856203166000000,0
jps.save.changed.project.entities.ms,1781856143166000000,1781856203166000000,0
workspaceModel.sync.entities.ms,1781856143166000000,1781856203166000000,0
jps.library.entities.serializer.save.entities.ms,1781856143166000000,1781856203166000000,0
workspaceModel.moduleBridge.update.option.ms,1781856143166000000,1781856203166000000,0
workspaceModel.global.apply.state.to.project.ms,1781856143166000000,1781856203166000000,0
workspaceModel.moduleManagerBridge.load.all.modules.ms,1781856143166000000,1781856203166000000,0
workspaceModel.load.cache.metadata.from.file.ms,1781856143166000000,1781856203166000000,0
jps.apply.loaded.storage.ms,1781856143166000000,1781856203166000000,0
jps.global.get.libraries.ms,1781856143166000000,1781856203166000000,0
workspaceModel.moduleBridge.before.changed.ms,1781856143166000000,1781856203166000000,0
workspaceModel.moduleManagerBridge.newModule.ms,1781856143166000000,1781856203166000000,0
workspaceModel.mutableEntityStorage.modify.entity.ms,1781856143166000000,1781856203166000000,0
workspaceModel.mutableEntityStorage.to.snapshot.ms,1781856143166000000,1781856203166000000,0
workspaceModel.orphan.listener.update.ms,1781856143166000000,1781856203166000000,0
jps.save.global.entities.ms,1781856143166000000,1781856203166000000,0
workspaceModel.global.apply.state.to.project.builder.ms,1781856143166000000,1781856203166000000,0
workspaceModel.mutableEntityStorage.referrers.ms,1781856143166000000,1781856203166000000,0
workspaceModel.moduleManagerBridge.build.module.graph.ms,1781856143166000000,1781856203166000000,0
workspaceModel.load.cache.from.file.ms,1781856143166000000,1781856203166000000,0
workspaceModel.mutableEntityStorage.entities.ms,1781856143166000000,1781856203166000000,0
jps.module.iml.entities.serializer.save.entities.ms,1781856143166000000,1781856203166000000,0
jps.global.initialize.library.bridges.after.loading.ms,1781856143166000000,1781856203166000000,0
workspaceModel.mutableEntityStorage.replace.by.source.ms,1781856143166000000,1781856203166000000,0
workspaceModel.mutableEntityStorage.changeLog.addReplaceEventForNewChild.ms,1781856143166000000,1781856203166000000,0
workspaceModel.mutableEntityStorage.has.same.entities.ms,1781856143166000000,1781856203166000000,0
workspaceModel.mutableEntityStorage.remove.entity.ms,1781856143166000000,1781856203166000000,0
workspaceModel.moduleManagerBridge.get.modules.ms,1781856143166000000,1781856203166000000,0
jps.global.initialize.library.bridges.ms,1781856143166000000,1781856203166000000,0
jps.library.entities.serializer.load.entities.ms,1781856143166000000,1781856203166000000,0
workspaceModel.mutableEntityStorage.mutable.vfurl.index.ms,1781856143166000000,1781856203166000000,0
jps.facet.change.listener.process.change.events.ms,1781856143166000000,1781856203166000000,0
jps.app.storage.content.writer.save.component.ms,1781856143166000000,1781856203166000000,0
workspaceModel.global.updates.count,1781856143166000000,1781856203166000000,0
workspaceModel.mutableEntityStorage.add.entity.ms,1781856143166000000,1781856203166000000,0
workspaceModel.mutableEntityStorage.hasReferrers.ms,1781856143166000000,1781856203166000000,0
workspaceModel.moduleManagerBridge.create.module.instance.ms,1781856143166000000,1781856203166000000,0
jps.module.dependency.index.workspace.model.listener.on.changed.ms,1781856143166000000,1781856203166000000,0
workspaceModel.mutableEntityStorage.put.entity.ms,1781856143166000000,1781856203166000000,0
workspaceModel.moduleManagerBridge.set.unloadedModules.ms,1781856143166000000,1781856203166000000,0
workspaceModel.mutableEntityStorage.mutable.ext.mapping.ms,1781856143166000000,1781856203166000000,0
jps.global.handle.changed.events.ms,1781856143166000000,1781856203166000000,0
jps.project.serializers.load.ms,1781856143166000000,1781856203166000000,0
jps.global.get.library.by.name.ms,1781856143166000000,1781856203166000000,0
jps.load.initial.state.ms,1781856143166000000,1781856203166000000,0
workspaceModel.mutableEntityStorage.changeLog.addReplaceEventForNewParent.ms,1781856143166000000,1781856203166000000,0
jps.reload.project.entities.ms,1781856143166000000,1781856203166000000,0
workspaceModel.do.save.caches.ms,1781856143166000000,1781856203166000000,0
workspaceModel.moduleManagerBridge.new.nonPersistent.module.ms,1781856143166000000,1781856203166000000,0
workspaceModel.mutableEntityStorage.changeLog.addReplaceEventForRemovedParent.ms,1781856143166000000,1781856203166000000,0
workspaceModel.mutableEntityStorage.entities.by.source.ms,1781856143166000000,1781856203166000000,0
workspaceModel.mutableEntityStorage.changeLog.addReplaceEventForRemovedChild.ms,1781856143166000000,1781856203166000000,0
jps.facet.change.listener.before.change.events.ms,1781856143166000000,1781856203166000000,0
jps.module.iml.entities.serializer.load.entities.ms,1781856143166000000,1781856203166000000,0
jps.artifact.entities.serializer.save.entities.ms,1781856143166000000,1781856203166000000,0
jps.project.serializers.save.ms,1781856143166000000,1781856203166000000,0
workspaceModel.mutableEntityStorage.resolve.ms,1781856143166000000,1781856203166000000,0
jps.load.project.to.empty.storage.ms,1781856143166000000,1781856203166000000,0
jps.global.get.library.ms,1781856143166000000,1781856203166000000,0
DiskQueryRelay.tasksRequested,1781856143166000000,1781856203166000000,0
writeAction.max.wait.ms,1781856143166000000,1781856203166000000,13
LowMemory.gcLoad,1781856143166000000,1781856203166000000,8.487249230102308E-5
writeAction.median.wait.ms,1781856143166000000,1781856203166000000,0
DiskQueryRelay.taskWaitingTotalTimeUs,1781856143166000000,1781856203166000000,0
DiskQueryRelay.taskExecutionTotalTimeUs,1781856143166000000,1781856203166000000,0
DiskQueryRelay.tasksExecuted,1781856143166000000,1781856203166000000,0
writeAction.wait.ms,1781856143166000000,1781856203166000000,0
writeAction.count,1781856143166000000,1781856203166000000,0
LowMemory.gcOverloaded,1781856143166000000,1781856203166000000,0
Indexes.stubs.lookupDurationMaxMs,1781856143166000000,1781856203166000000,0.0
Indexes.entries.lookupDurationAvgMs,1781856143166000000,1781856203166000000,0.0
Indexing.totalTimeIndexersSleptMs,1781856143166000000,1781856203166000000,0
Indexing.writer_3.totalTimeSpentWritingMs,1781856143166000000,1781856203166000000,0
Indexes.entries.lookups,1781856143166000000,1781856203166000000,0
Indexes.allKeys.lookupDurationAvgMs,1781856143166000000,1781856203166000000,0.0
Indexes.allKeys.lookupDurationMaxMs,1781856143166000000,1781856203166000000,0.0
Indexing.writesQueuedAvg,1781856143166000000,1781856203166000000,0.0
Indexes.stubs.lookups,1781856143166000000,1781856203166000000,0
Indexing.cache.totalCacheEvicted,1781856143166000000,1781856203166000000,0
Indexes.entries.lookupDurationMaxMs,1781856143166000000,1781856203166000000,0.0
Indexing.cache.totalCacheAccesses,1781856143166000000,1781856203166000000,0
Indexing.writer_0.totalTimeSpentWritingMs,1781856143166000000,1781856203166000000,0
Indexing.writer_1.totalTimeSpentWritingMs,1781856143166000000,1781856203166000000,0
Indexing.cache.totalCacheMisses,1781856143166000000,1781856203166000000,0
Indexing.writesQueuedMin,1781856143166000000,1781856203166000000,0
Indexing.writer_2.totalTimeSpentWritingMs,1781856143166000000,1781856203166000000,0
Indexes.entries.lookupDuration90PMs,1781856143166000000,1781856203166000000,0.0
Indexes.allKeys.lookupDuration90PMs,1781856143166000000,1781856203166000000,0.0
Indexes.stubs.lookupDuration90PMs,1781856143166000000,1781856203166000000,0.0
Indexes.stubs.lookupDurationAvgMs,1781856143166000000,1781856203166000000,0.0
Indexing.writesQueuedMax,1781856143166000000,1781856203166000000,0
Indexes.allKeys.lookups,1781856143166000000,1781856203166000000,0
VFS.invertedFileNameIndex.requests,1781856143166000000,1781856203166000000,0
VFS.folderCaseSensitivityReads,1781856143166000000,1781856203166000000,0
FileNameCache.queries,1781856143166000000,1781856203166000000,64
VFS.contentStorage.recordsDeduplicated,1781856143166000000,1781856203166000000,0
VFS.fileChildByName,1781856143166000000,1781856203166000000,51
VFS.contentStorage.recordsRead,1781856143166000000,1781856203166000000,0
VFS.contentStorage.recordsReadSize,1781856143166000000,1781856203166000000,0
VFS.contentStorage.recordsStored,1781856143166000000,1781856203166000000,0
VFS.cache.segmentsCreated,1781856143166000000,1781856203166000000,0
VFS.contentStorage.recordsReadDecompressed,1781856143166000000,1781856203166000000,0
FileNameCache.totalMisses,1781856143166000000,1781856203166000000,0
VFS.contentStorage.recordsStoredCompressed,1781856143166000000,1781856203166000000,0
VFS.cache.directoriesCreated,1781856143166000000,1781856203166000000,0
VFS.contentStorage.recordsDecompressionTimeUs,1781856143166000000,1781856203166000000,0
VFS.contentStorage.recordsUncompressedSize,1781856143166000000,1781856203166000000,0
VFS.fileByIdCache.hits,1781856143166000000,1781856203166000000,0
VFS.cache.segments,1781856143166000000,1781856203166000000,101.0
VFS.fileByIdCache.misses,1781856143166000000,1781856203166000000,5
VFS.cache.filesCreated,1781856143166000000,1781856203166000000,28721
VFS.rootsCount,1781856143166000000,1781856203166000000,12.0
VFS.contentStorage.recordsStoredSize,1781856143166000000,1781856203166000000,0
JVM.maxHeapBytes,1781856143166000000,1781856203166000000,2147483648
JVM.totalCpuTimeMs,1781856143166000000,1781856203166000000,4960
JVM.maxThreadCount,1781856143166000000,1781856203166000000,143
JVM.GC.collectionTimesMs,1781856143166000000,1781856203166000000,0
MEM.fileMappingsRamBytes,1781856143166000000,1781856203166000000,231182336
MEM.ramPlusSwapMinusFileMappingsBytes,1781856143166000000,1781856203166000000,1538613248
JVM.usedHeapBytes,1781856143166000000,1781856203166000000,549325752
JVM.totalTimeToSafepointsMs,1781856143166000000,1781856203166000000,0
JVM.totalSafepointCount,1781856143166000000,1781856203166000000,0
MEM.ramBytes,1781856143166000000,1781856203166000000,1782640640
MEM.ramMinusFileMappingsBytes,1781856143166000000,1781856203166000000,1538613248
JVM.threadCount,1781856143166000000,1781856203166000000,63
JVM.totalDirectByteBuffersBytes,1781856143166000000,1781856203166000000,172138497
JVM.newThreadsCount,1781856143166000000,1781856203166000000,6
JVM.totalBytesAllocated,1781856143166000000,1781856203166000000,71293336
OS.loadAverage,1781856143166000000,1781856203166000000,0.62158203125
JVM.totalTimeAtSafepointsMs,1781856143166000000,1781856203166000000,0
JVM.usedNativeBytes,1781856143166000000,1781856203166000000,463547128
JVM.GC.collections,1781856143166000000,1781856203166000000,0
JVM.committedHeapBytes,1781856143166000000,1781856203166000000,652214272
DirectByteBufferAllocator.reclaimed,1781856143166000000,1781856203166000000,0
DirectByteBufferAllocator.hits,1781856143166000000,1781856203166000000,0
DirectByteBufferAllocator.totalSizeOfBuffersAllocatedInBytes,1781856143166000000,1781856203166000000,172023808
FilePageCache.totalPageLoadsUs,1781856143166000000,1781856203166000000,0
StreamlinedBlobStorage.recordsDeleted,1781856143166000000,1781856203166000000,0
StreamlinedBlobStorage.totalLiveRecordsPayloadBytes,1781856143166000000,1781856203166000000,0
StreamlinedBlobStorage.recordsRelocated,1781856143166000000,1781856203166000000,0
FilePageCache.pageFastCacheHits,1781856143166000000,1781856203166000000,0
DirectByteBufferAllocator.disposed,1781856143166000000,1781856203166000000,0
FilePageCache.maxRegisteredFiles,1781856143166000000,1781856203166000000,1652
MappedFileStorage.storages,1781856143166000000,1781856203166000000,15
FilePageCache.maxCacheSizeInBytes,1781856143166000000,1781856203166000000,629153792
FilePageCache.uncachedFileAccess,1781856143166000000,1781856203166000000,0
StreamlinedBlobStorage.recordsAllocated,1781856143166000000,1781856203166000000,0
FilePageCache.capacityInBytes,1781856143166000000,1781856203166000000,629145600
MappedFileStorage.totalBytesMapped,1781856143166000000,1781856203166000000,198443008
FilePageCache.pageLoads,1781856143166000000,1781856203166000000,0
StorageLockContext.competingThreads.max,1781856143166000000,1781856203166000000,0
MappedFileStorage.totalPagesMapped,1781856143166000000,1781856203166000000,15
StorageLockContext.competingThreads.avg,1781856143166000000,1781856203166000000,0.0
StorageLockContext.competingThreads.90P,1781856143166000000,1781856203166000000,0
DirectByteBufferAllocator.misses,1781856143166000000,1781856203166000000,0
StreamlinedBlobStorage.totalLiveRecordsCapacityBytes,1781856143166000000,1781856203166000000,0
FilePageCache.pageLoadsAboveSizeThreshold,1781856143166000000,1781856203166000000,0
DirectByteBufferAllocator.totalSizeOfBuffersCachedInBytes,1781856143166000000,1781856203166000000,41959424
MappedFileStorage.totalTimeSpentOnMappingUs,1781856143166000000,1781856203166000000,22669
FilePageCache.disposedBuffers,1781856143166000000,1781856203166000000,0
FilePageCache.totalPageDisposalsUs,1781856143166000000,1781856203166000000,0
FileChannelInterruptsRetryer.totalRetriedAttempts,1781856143166000000,1781856203166000000,0
FilePageCache.pageHits,1781856143166000000,1781856203166000000,0
cacheStateStorage.get.duration,1781856203166000000,1781856263166000000,0
cacheStateStorage.set.duration,1781856203166000000,1781856263166000000,0
cacheStateStorage.set.counter,1781856203166000000,1781856263166000000,0
cacheStateStorage.get.counter,1781856203166000000,1781856263166000000,0
workspaceModel.workspaceFileIndexData.onEntitiesChanged.ms,1781856203166000000,1781856263166000000,0
workspaceModel.update.unloaded.entities.ms,1781856203166000000,1781856263166000000,0
workspaceModel.pre.handlers.ms,1781856203166000000,1781856263166000000,0
workspaceModel.initializing.ms,1781856203166000000,1781856263166000000,0
workspaceModel.workspaceFileIndexData.processFileSets.ms,1781856203166000000,1781856263166000000,0
workspaceModel.workspaceFileIndexData.updateDirtyEntities.ms,1781856203166000000,1781856263166000000,0
workspaceModel.full.replace.project.model.ms,1781856203166000000,1781856263166000000,0
workspaceModel.workspaceFileIndexData.getDirectoriesByPackageName.ms,1781856203166000000,1781856263166000000,0
workspaceModel.workspaceFileIndexData.init.ms,1781856203166000000,1781856263166000000,0
workspaceModel.cachedValueWithParameters.from.cache.count,1781856203166000000,1781856263166000000,0
workspaceModel.updates.precise.ms,1781856203166000000,1781856263166000000,0
workspaceModel.cachedValue.clear.count,1781856203166000000,1781856263166000000,0
workspaceModel.updates.ms,1781856203166000000,1781856263166000000,0
workspaceModel.workspaceFileIndexData.instances.count,1781856203166000000,1781856263166000000,0
workspaceModel.to.snapshot.ms,1781856203166000000,1781856263166000000,0
workspaceModel.loading.from.cache.ms,1781856203166000000,1781856263166000000,0
workspaceModel.cachedValueWithParameters.total.get.count,1781856203166000000,1781856263166000000,0
workspaceModel.workspaceFileIndexData.getFileInfo.ms,1781856203166000000,1781856263166000000,0
workspaceModel.cachedValue.total.get.count,1781856203166000000,1781856263166000000,0
workspaceModel.collect.changes.ms,1781856203166000000,1781856263166000000,0
workspaceModel.check.recursive.update.ms,1781856203166000000,1781856263166000000,0
workspaceModel.workspaceFileIndexData.markDirty.ms,1781856203166000000,1781856263166000000,0
workspaceModel.replace.project.model.ms,1781856203166000000,1781856263166000000,0
workspaceModel.entityStorageSnapshotImpl.instances.count,1781856203166000000,1781856263166000000,0
workspaceModel.on.before.changed.ms,1781856203166000000,1781856263166000000,0
workspaceModel.init.bridges.ms,1781856203166000000,1781856263166000000,0
workspaceModel.loading.total.ms,1781856203166000000,1781856263166000000,0
workspaceModel.cachedValue.calculated.count,1781856203166000000,1781856263166000000,0
workspaceModel.workspaceFileIndexData.getPackageName.ms,1781856203166000000,1781856263166000000,0
workspaceModel.on.changed.ms,1781856203166000000,1781856263166000000,0
workspaceModel.updates.count,1781856203166000000,1781856263166000000,0
workspaceModel.cachedValueWithParameters.calculated.count,1781856203166000000,1781856263166000000,0
workspaceModel.workspaceFileIndexContributor.registerFileSets.ms,1781856203166000000,1781856263166000000,0
workspaceModel.cachedValueWithParameters.clear.count,1781856203166000000,1781856263166000000,0
workspaceModel.workspaceFileIndexData.visitFileSets.ms,1781856203166000000,1781856263166000000,0
workspaceModel.cachedValue.from.cache.count,1781856203166000000,1781856263166000000,0
AWTEventQueue.eventsDispatched,1781856203166000000,1781856263166000000,86
FlushQueue.queueSize90P,1781856203166000000,1781856263166000000,1
FlushQueue.waitingTimeAvgNs,1781856203166000000,1781856263166000000,307386.1818181818
NonBlockingReadAction.finalizedExecutionsCount,1781856203166000000,1781856263166000000,0
AWTEventQueue.dispatchTimeMaxNs,1781856203166000000,1781856263166000000,720895
AWTEventQueue.dispatchTimeAvgNs,1781856203166000000,1781856263166000000,253853.76744186046
ReadAction.executionsCount,1781856203166000000,1781856263166000000,7
AWTEventQueue.dispatchTime90PNs,1781856203166000000,1781856263166000000,370687
FlushQueue.queueSizeAvg,1781856203166000000,1781856263166000000,0.36363636363636365
FlushQueue.executionTimeAvgNs,1781856203166000000,1781856263166000000,116779.63636363637
FlushQueue.waitingTimeMaxNs,1781856203166000000,1781856263166000000,419839
FlushQueue.executionTimeMaxNs,1781856203166000000,1781856263166000000,204799
NonBlockingReadAction.finalizedExecutionTimeUs,1781856203166000000,1781856263166000000,0
FlushQueue.executionTime90PNs,1781856203166000000,1781856263166000000,202751
FlushQueue.tasksExecuted,1781856203166000000,1781856263166000000,11
WriteAction.executionsCount,1781856203166000000,1781856263166000000,0
FlushQueue.waitingTime90PNs,1781856203166000000,1781856263166000000,397311
NonBlockingReadAction.failedExecutionsCount,1781856203166000000,1781856263166000000,0
AWTEventQueue.dispatchTimeTotalNS,1781856203166000000,1781856263166000000,21833688
NonBlockingReadAction.failedExecutionTimeUs,1781856203166000000,1781856263166000000,0
FlushQueue.queueSizeMax,1781856203166000000,1781856263166000000,1
compiler.ArtifactManagerBridge.commit.ms,1781856203166000000,1781856263166000000,0
compiler.ArtifactManagerBridge.dropMappings.ms,1781856203166000000,1781856263166000000,0
compiler.ArtifactManagerBridge.findArtifact.ms,1781856203166000000,1781856263166000000,0
compiler.ArtifactVirtualFileListener.filePathChanged.ms,1781856203166000000,1781856263166000000,0
compiler.ArtifactManagerBridge.getArtifactsByType.ms,1781856203166000000,1781856263166000000,0
compiler.ArtifactVirtualFileListener.propertyChanged.ms,1781856203166000000,1781856263166000000,0
compiler.ArtifactManagerBridge.initBridges.ms,1781856203166000000,1781856263166000000,0
compiler.ArtifactManagerBridge.getArtifacts.ms,1781856203166000000,1781856263166000000,0
compiler.ArtifactManagerBridge.addArtifact.ms,1781856203166000000,1781856263166000000,0
workspaceModel.mutableEntityStorage.apply.changes.from.ms,1781856203166000000,1781856263166000000,0
jps.global.handle.before.change.events.ms,1781856203166000000,1781856263166000000,0
workspaceModel.moduleManagerBridge.load.module.ms,1781856203166000000,1781856263166000000,0
workspaceModel.global.updates.ms,1781856203166000000,1781856263166000000,0
jps.app.storage.content.reader.load.component.ms,1781856203166000000,1781856263166000000,0
jps.facet.change.listener.init.bridge.ms,1781856203166000000,1781856263166000000,0
workspaceModel.moduleBridgeLoader.loading.modules.ms,1781856203166000000,1781856263166000000,0
jps.artifact.entities.serializer.load.entities.ms,1781856203166000000,1781856263166000000,0
workspaceModel.mutableEntityStorage.collect.changes.ms,1781856203166000000,1781856263166000000,0
workspaceModel.mutableEntityStorage.instances.count,1781856203166000000,1781856263166000000,0
workspaceModel.save.cache.to.file.ms,1781856203166000000,1781856263166000000,0
jps.storage.jps.conf.reader.load.component.ms,1781856203166000000,1781856263166000000,0
workspaceModel.moduleBridge.facet.initialization.ms,1781856203166000000,1781856263166000000,0
workspaceModel.delayed.project.synchronizer.sync.ms,1781856203166000000,1781856263166000000,0
jps.save.changed.project.entities.ms,1781856203166000000,1781856263166000000,0
workspaceModel.sync.entities.ms,1781856203166000000,1781856263166000000,0
jps.library.entities.serializer.save.entities.ms,1781856203166000000,1781856263166000000,0
workspaceModel.moduleBridge.update.option.ms,1781856203166000000,1781856263166000000,0
workspaceModel.global.apply.state.to.project.ms,1781856203166000000,1781856263166000000,0
workspaceModel.moduleManagerBridge.load.all.modules.ms,1781856203166000000,1781856263166000000,0
workspaceModel.load.cache.metadata.from.file.ms,1781856203166000000,1781856263166000000,0
jps.apply.loaded.storage.ms,1781856203166000000,1781856263166000000,0
jps.global.get.libraries.ms,1781856203166000000,1781856263166000000,0
workspaceModel.moduleBridge.before.changed.ms,1781856203166000000,1781856263166000000,0
workspaceModel.moduleManagerBridge.newModule.ms,1781856203166000000,1781856263166000000,0
workspaceModel.mutableEntityStorage.modify.entity.ms,1781856203166000000,1781856263166000000,0
workspaceModel.mutableEntityStorage.to.snapshot.ms,1781856203166000000,1781856263166000000,0
workspaceModel.orphan.listener.update.ms,1781856203166000000,1781856263166000000,0
jps.save.global.entities.ms,1781856203166000000,1781856263166000000,0
workspaceModel.global.apply.state.to.project.builder.ms,1781856203166000000,1781856263166000000,0
workspaceModel.mutableEntityStorage.referrers.ms,1781856203166000000,1781856263166000000,0
workspaceModel.moduleManagerBridge.build.module.graph.ms,1781856203166000000,1781856263166000000,0
workspaceModel.load.cache.from.file.ms,1781856203166000000,1781856263166000000,0
workspaceModel.mutableEntityStorage.entities.ms,1781856203166000000,1781856263166000000,0
jps.module.iml.entities.serializer.save.entities.ms,1781856203166000000,1781856263166000000,0
jps.global.initialize.library.bridges.after.loading.ms,1781856203166000000,1781856263166000000,0
workspaceModel.mutableEntityStorage.replace.by.source.ms,1781856203166000000,1781856263166000000,0
workspaceModel.mutableEntityStorage.changeLog.addReplaceEventForNewChild.ms,1781856203166000000,1781856263166000000,0
workspaceModel.mutableEntityStorage.has.same.entities.ms,1781856203166000000,1781856263166000000,0
workspaceModel.mutableEntityStorage.remove.entity.ms,1781856203166000000,1781856263166000000,0
workspaceModel.moduleManagerBridge.get.modules.ms,1781856203166000000,1781856263166000000,0
jps.global.initialize.library.bridges.ms,1781856203166000000,1781856263166000000,0
jps.library.entities.serializer.load.entities.ms,1781856203166000000,1781856263166000000,0
workspaceModel.mutableEntityStorage.mutable.vfurl.index.ms,1781856203166000000,1781856263166000000,0
jps.facet.change.listener.process.change.events.ms,1781856203166000000,1781856263166000000,0
jps.app.storage.content.writer.save.component.ms,1781856203166000000,1781856263166000000,0
workspaceModel.global.updates.count,1781856203166000000,1781856263166000000,0
workspaceModel.mutableEntityStorage.add.entity.ms,1781856203166000000,1781856263166000000,0
workspaceModel.mutableEntityStorage.hasReferrers.ms,1781856203166000000,1781856263166000000,0
workspaceModel.moduleManagerBridge.create.module.instance.ms,1781856203166000000,1781856263166000000,0
jps.module.dependency.index.workspace.model.listener.on.changed.ms,1781856203166000000,1781856263166000000,0
workspaceModel.mutableEntityStorage.put.entity.ms,1781856203166000000,1781856263166000000,0
workspaceModel.moduleManagerBridge.set.unloadedModules.ms,1781856203166000000,1781856263166000000,0
workspaceModel.mutableEntityStorage.mutable.ext.mapping.ms,1781856203166000000,1781856263166000000,0
jps.global.handle.changed.events.ms,1781856203166000000,1781856263166000000,0
jps.project.serializers.load.ms,1781856203166000000,1781856263166000000,0
jps.global.get.library.by.name.ms,1781856203166000000,1781856263166000000,0
jps.load.initial.state.ms,1781856203166000000,1781856263166000000,0
workspaceModel.mutableEntityStorage.changeLog.addReplaceEventForNewParent.ms,1781856203166000000,1781856263166000000,0
jps.reload.project.entities.ms,1781856203166000000,1781856263166000000,0
workspaceModel.do.save.caches.ms,1781856203166000000,1781856263166000000,0
workspaceModel.moduleManagerBridge.new.nonPersistent.module.ms,1781856203166000000,1781856263166000000,0
workspaceModel.mutableEntityStorage.changeLog.addReplaceEventForRemovedParent.ms,1781856203166000000,1781856263166000000,0
workspaceModel.mutableEntityStorage.entities.by.source.ms,1781856203166000000,1781856263166000000,0
workspaceModel.mutableEntityStorage.changeLog.addReplaceEventForRemovedChild.ms,1781856203166000000,1781856263166000000,0
jps.facet.change.listener.before.change.events.ms,1781856203166000000,1781856263166000000,0
jps.module.iml.entities.serializer.load.entities.ms,1781856203166000000,1781856263166000000,0
jps.artifact.entities.serializer.save.entities.ms,1781856203166000000,1781856263166000000,0
jps.project.serializers.save.ms,1781856203166000000,1781856263166000000,0
workspaceModel.mutableEntityStorage.resolve.ms,1781856203166000000,1781856263166000000,0
jps.load.project.to.empty.storage.ms,1781856203166000000,1781856263166000000,0
jps.global.get.library.ms,1781856203166000000,1781856263166000000,0
DiskQueryRelay.tasksRequested,1781856203166000000,1781856263166000000,0
writeAction.max.wait.ms,1781856203166000000,1781856263166000000,13
LowMemory.gcLoad,1781856203166000000,1781856263166000000,4.3573538006832435E-5
writeAction.median.wait.ms,1781856203166000000,1781856263166000000,0
DiskQueryRelay.taskWaitingTotalTimeUs,1781856203166000000,1781856263166000000,0
DiskQueryRelay.taskExecutionTotalTimeUs,1781856203166000000,1781856263166000000,0
DiskQueryRelay.tasksExecuted,1781856203166000000,1781856263166000000,0
writeAction.wait.ms,1781856203166000000,1781856263166000000,0
writeAction.count,1781856203166000000,1781856263166000000,0
LowMemory.gcOverloaded,1781856203166000000,1781856263166000000,0
Indexes.stubs.lookupDurationMaxMs,1781856203166000000,1781856263166000000,0.0
Indexes.entries.lookupDurationAvgMs,1781856203166000000,1781856263166000000,0.0
Indexing.totalTimeIndexersSleptMs,1781856203166000000,1781856263166000000,0
Indexing.writer_3.totalTimeSpentWritingMs,1781856203166000000,1781856263166000000,0
Indexes.entries.lookups,1781856203166000000,1781856263166000000,0
Indexes.allKeys.lookupDurationAvgMs,1781856203166000000,1781856263166000000,0.0
Indexes.allKeys.lookupDurationMaxMs,1781856203166000000,1781856263166000000,0.0
Indexing.writesQueuedAvg,1781856203166000000,1781856263166000000,0.0
Indexes.stubs.lookups,1781856203166000000,1781856263166000000,0
Indexing.cache.totalCacheEvicted,1781856203166000000,1781856263166000000,0
Indexes.entries.lookupDurationMaxMs,1781856203166000000,1781856263166000000,0.0
Indexing.cache.totalCacheAccesses,1781856203166000000,1781856263166000000,0
Indexing.writer_0.totalTimeSpentWritingMs,1781856203166000000,1781856263166000000,0
Indexing.writer_1.totalTimeSpentWritingMs,1781856203166000000,1781856263166000000,0
Indexing.cache.totalCacheMisses,1781856203166000000,1781856263166000000,0
Indexing.writesQueuedMin,1781856203166000000,1781856263166000000,0
Indexing.writer_2.totalTimeSpentWritingMs,1781856203166000000,1781856263166000000,0
Indexes.entries.lookupDuration90PMs,1781856203166000000,1781856263166000000,0.0
Indexes.allKeys.lookupDuration90PMs,1781856203166000000,1781856263166000000,0.0
Indexes.stubs.lookupDuration90PMs,1781856203166000000,1781856263166000000,0.0
Indexes.stubs.lookupDurationAvgMs,1781856203166000000,1781856263166000000,0.0
Indexing.writesQueuedMax,1781856203166000000,1781856263166000000,0
Indexes.allKeys.lookups,1781856203166000000,1781856263166000000,0
VFS.invertedFileNameIndex.requests,1781856203166000000,1781856263166000000,0
VFS.folderCaseSensitivityReads,1781856203166000000,1781856263166000000,0
FileNameCache.queries,1781856203166000000,1781856263166000000,0
VFS.contentStorage.recordsDeduplicated,1781856203166000000,1781856263166000000,0
VFS.fileChildByName,1781856203166000000,1781856263166000000,0
VFS.contentStorage.recordsRead,1781856203166000000,1781856263166000000,0
VFS.contentStorage.recordsReadSize,1781856203166000000,1781856263166000000,0
VFS.contentStorage.recordsStored,1781856203166000000,1781856263166000000,0
VFS.cache.segmentsCreated,1781856203166000000,1781856263166000000,0
VFS.contentStorage.recordsReadDecompressed,1781856203166000000,1781856263166000000,0
FileNameCache.totalMisses,1781856203166000000,1781856263166000000,0
VFS.contentStorage.recordsStoredCompressed,1781856203166000000,1781856263166000000,0
VFS.cache.directoriesCreated,1781856203166000000,1781856263166000000,0
VFS.contentStorage.recordsDecompressionTimeUs,1781856203166000000,1781856263166000000,0
VFS.contentStorage.recordsUncompressedSize,1781856203166000000,1781856263166000000,0
VFS.fileByIdCache.hits,1781856203166000000,1781856263166000000,0
VFS.cache.segments,1781856203166000000,1781856263166000000,101.0
VFS.fileByIdCache.misses,1781856203166000000,1781856263166000000,0
VFS.cache.filesCreated,1781856203166000000,1781856263166000000,0
VFS.rootsCount,1781856203166000000,1781856263166000000,12.0
VFS.contentStorage.recordsStoredSize,1781856203166000000,1781856263166000000,0
JVM.maxHeapBytes,1781856203166000000,1781856263166000000,2147483648
JVM.totalCpuTimeMs,1781856203166000000,1781856263166000000,1450
JVM.maxThreadCount,1781856203166000000,1781856263166000000,143
JVM.GC.collectionTimesMs,1781856203166000000,1781856263166000000,0
MEM.fileMappingsRamBytes,1781856203166000000,1781856263166000000,231182336
MEM.ramPlusSwapMinusFileMappingsBytes,1781856203166000000,1781856263166000000,1539137536
JVM.usedHeapBytes,1781856203166000000,1781856263166000000,568200120
JVM.totalTimeToSafepointsMs,1781856203166000000,1781856263166000000,0
JVM.totalSafepointCount,1781856203166000000,1781856263166000000,0
MEM.ramBytes,1781856203166000000,1781856263166000000,1783164928
MEM.ramMinusFileMappingsBytes,1781856203166000000,1781856263166000000,1539137536
JVM.threadCount,1781856203166000000,1781856263166000000,61
JVM.totalDirectByteBuffersBytes,1781856203166000000,1781856263166000000,172138497
JVM.newThreadsCount,1781856203166000000,1781856263166000000,0
JVM.totalBytesAllocated,1781856203166000000,1781856263166000000,18898152
OS.loadAverage,1781856203166000000,1781856263166000000,0.345703125
JVM.totalTimeAtSafepointsMs,1781856203166000000,1781856263166000000,0
JVM.usedNativeBytes,1781856203166000000,1781856263166000000,464358600
JVM.GC.collections,1781856203166000000,1781856263166000000,0
JVM.committedHeapBytes,1781856203166000000,1781856263166000000,652214272
DirectByteBufferAllocator.reclaimed,1781856203166000000,1781856263166000000,0
DirectByteBufferAllocator.hits,1781856203166000000,1781856263166000000,0
DirectByteBufferAllocator.totalSizeOfBuffersAllocatedInBytes,1781856203166000000,1781856263166000000,172023808
FilePageCache.totalPageLoadsUs,1781856203166000000,1781856263166000000,0
StreamlinedBlobStorage.recordsDeleted,1781856203166000000,1781856263166000000,0
StreamlinedBlobStorage.totalLiveRecordsPayloadBytes,1781856203166000000,1781856263166000000,0
StreamlinedBlobStorage.recordsRelocated,1781856203166000000,1781856263166000000,0
FilePageCache.pageFastCacheHits,1781856203166000000,1781856263166000000,0
DirectByteBufferAllocator.disposed,1781856203166000000,1781856263166000000,0
FilePageCache.maxRegisteredFiles,1781856203166000000,1781856263166000000,1652
MappedFileStorage.storages,1781856203166000000,1781856263166000000,15
FilePageCache.maxCacheSizeInBytes,1781856203166000000,1781856263166000000,629153792
FilePageCache.uncachedFileAccess,1781856203166000000,1781856263166000000,0
StreamlinedBlobStorage.recordsAllocated,1781856203166000000,1781856263166000000,0
FilePageCache.capacityInBytes,1781856203166000000,1781856263166000000,629145600
MappedFileStorage.totalBytesMapped,1781856203166000000,1781856263166000000,198443008
FilePageCache.pageLoads,1781856203166000000,1781856263166000000,0
StorageLockContext.competingThreads.max,1781856203166000000,1781856263166000000,0
MappedFileStorage.totalPagesMapped,1781856203166000000,1781856263166000000,15
StorageLockContext.competingThreads.avg,1781856203166000000,1781856263166000000,0.0
StorageLockContext.competingThreads.90P,1781856203166000000,1781856263166000000,0
DirectByteBufferAllocator.misses,1781856203166000000,1781856263166000000,0
StreamlinedBlobStorage.totalLiveRecordsCapacityBytes,1781856203166000000,1781856263166000000,0
FilePageCache.pageLoadsAboveSizeThreshold,1781856203166000000,1781856263166000000,0
DirectByteBufferAllocator.totalSizeOfBuffersCachedInBytes,1781856203166000000,1781856263166000000,41959424
MappedFileStorage.totalTimeSpentOnMappingUs,1781856203166000000,1781856263166000000,22669
FilePageCache.disposedBuffers,1781856203166000000,1781856263166000000,0
FilePageCache.totalPageDisposalsUs,1781856203166000000,1781856263166000000,0
FileChannelInterruptsRetryer.totalRetriedAttempts,1781856203166000000,1781856263166000000,0
FilePageCache.pageHits,1781856203166000000,1781856263166000000,0
cacheStateStorage.get.duration,1781856263166000000,1781856323166000000,0
cacheStateStorage.set.duration,1781856263166000000,1781856323166000000,0
cacheStateStorage.set.counter,1781856263166000000,1781856323166000000,0
cacheStateStorage.get.counter,1781856263166000000,1781856323166000000,0
workspaceModel.workspaceFileIndexData.onEntitiesChanged.ms,1781856263166000000,1781856323166000000,0
workspaceModel.update.unloaded.entities.ms,1781856263166000000,1781856323166000000,0
workspaceModel.pre.handlers.ms,1781856263166000000,1781856323166000000,0
workspaceModel.initializing.ms,1781856263166000000,1781856323166000000,0
workspaceModel.workspaceFileIndexData.processFileSets.ms,1781856263166000000,1781856323166000000,0
workspaceModel.workspaceFileIndexData.updateDirtyEntities.ms,1781856263166000000,1781856323166000000,0
workspaceModel.full.replace.project.model.ms,1781856263166000000,1781856323166000000,0
workspaceModel.workspaceFileIndexData.getDirectoriesByPackageName.ms,1781856263166000000,1781856323166000000,0
workspaceModel.workspaceFileIndexData.init.ms,1781856263166000000,1781856323166000000,0
workspaceModel.cachedValueWithParameters.from.cache.count,1781856263166000000,1781856323166000000,0
workspaceModel.updates.precise.ms,1781856263166000000,1781856323166000000,0
workspaceModel.cachedValue.clear.count,1781856263166000000,1781856323166000000,0
workspaceModel.updates.ms,1781856263166000000,1781856323166000000,0
workspaceModel.workspaceFileIndexData.instances.count,1781856263166000000,1781856323166000000,0
workspaceModel.to.snapshot.ms,1781856263166000000,1781856323166000000,0
workspaceModel.loading.from.cache.ms,1781856263166000000,1781856323166000000,0
workspaceModel.cachedValueWithParameters.total.get.count,1781856263166000000,1781856323166000000,0
workspaceModel.workspaceFileIndexData.getFileInfo.ms,1781856263166000000,1781856323166000000,0
workspaceModel.cachedValue.total.get.count,1781856263166000000,1781856323166000000,0
workspaceModel.collect.changes.ms,1781856263166000000,1781856323166000000,0
workspaceModel.check.recursive.update.ms,1781856263166000000,1781856323166000000,0
workspaceModel.workspaceFileIndexData.markDirty.ms,1781856263166000000,1781856323166000000,0
workspaceModel.replace.project.model.ms,1781856263166000000,1781856323166000000,0
workspaceModel.entityStorageSnapshotImpl.instances.count,1781856263166000000,1781856323166000000,0
workspaceModel.on.before.changed.ms,1781856263166000000,1781856323166000000,0
workspaceModel.init.bridges.ms,1781856263166000000,1781856323166000000,0
workspaceModel.loading.total.ms,1781856263166000000,1781856323166000000,0
workspaceModel.cachedValue.calculated.count,1781856263166000000,1781856323166000000,0
workspaceModel.workspaceFileIndexData.getPackageName.ms,1781856263166000000,1781856323166000000,0
workspaceModel.on.changed.ms,1781856263166000000,1781856323166000000,0
workspaceModel.updates.count,1781856263166000000,1781856323166000000,0
workspaceModel.cachedValueWithParameters.calculated.count,1781856263166000000,1781856323166000000,0
workspaceModel.workspaceFileIndexContributor.registerFileSets.ms,1781856263166000000,1781856323166000000,0
workspaceModel.cachedValueWithParameters.clear.count,1781856263166000000,1781856323166000000,0
workspaceModel.workspaceFileIndexData.visitFileSets.ms,1781856263166000000,1781856323166000000,0
workspaceModel.cachedValue.from.cache.count,1781856263166000000,1781856323166000000,0
AWTEventQueue.eventsDispatched,1781856263166000000,1781856323166000000,86
FlushQueue.queueSize90P,1781856263166000000,1781856323166000000,1
FlushQueue.waitingTimeAvgNs,1781856263166000000,1781856323166000000,379997.0909090909
NonBlockingReadAction.finalizedExecutionsCount,1781856263166000000,1781856323166000000,0
AWTEventQueue.dispatchTimeMaxNs,1781856263166000000,1781856323166000000,1581055
AWTEventQueue.dispatchTimeAvgNs,1781856263166000000,1781856323166000000,389758.1395348837
ReadAction.executionsCount,1781856263166000000,1781856323166000000,7
AWTEventQueue.dispatchTime90PNs,1781856263166000000,1781856323166000000,749567
FlushQueue.queueSizeAvg,1781856263166000000,1781856323166000000,0.2727272727272727
FlushQueue.executionTimeAvgNs,1781856263166000000,1781856323166000000,177221.81818181818
FlushQueue.waitingTimeMaxNs,1781856263166000000,1781856323166000000,815103
FlushQueue.executionTimeMaxNs,1781856263166000000,1781856323166000000,573439
NonBlockingReadAction.finalizedExecutionTimeUs,1781856263166000000,1781856323166000000,0
FlushQueue.executionTime90PNs,1781856263166000000,1781856323166000000,344063
FlushQueue.tasksExecuted,1781856263166000000,1781856323166000000,11
WriteAction.executionsCount,1781856263166000000,1781856323166000000,0
FlushQueue.waitingTime90PNs,1781856263166000000,1781856323166000000,757759
NonBlockingReadAction.failedExecutionsCount,1781856263166000000,1781856323166000000,0
AWTEventQueue.dispatchTimeTotalNS,1781856263166000000,1781856323166000000,33520796
NonBlockingReadAction.failedExecutionTimeUs,1781856263166000000,1781856323166000000,0
FlushQueue.queueSizeMax,1781856263166000000,1781856323166000000,1
compiler.ArtifactManagerBridge.commit.ms,1781856263166000000,1781856323166000000,0
compiler.ArtifactManagerBridge.dropMappings.ms,1781856263166000000,1781856323166000000,0
compiler.ArtifactManagerBridge.findArtifact.ms,1781856263166000000,1781856323166000000,0
compiler.ArtifactVirtualFileListener.filePathChanged.ms,1781856263166000000,1781856323166000000,0
compiler.ArtifactManagerBridge.getArtifactsByType.ms,1781856263166000000,1781856323166000000,0
compiler.ArtifactVirtualFileListener.propertyChanged.ms,1781856263166000000,1781856323166000000,0
compiler.ArtifactManagerBridge.initBridges.ms,1781856263166000000,1781856323166000000,0
compiler.ArtifactManagerBridge.getArtifacts.ms,1781856263166000000,1781856323166000000,0
compiler.ArtifactManagerBridge.addArtifact.ms,1781856263166000000,1781856323166000000,0
workspaceModel.mutableEntityStorage.apply.changes.from.ms,1781856263166000000,1781856323166000000,0
jps.global.handle.before.change.events.ms,1781856263166000000,1781856323166000000,0
workspaceModel.moduleManagerBridge.load.module.ms,1781856263166000000,1781856323166000000,0
workspaceModel.global.updates.ms,1781856263166000000,1781856323166000000,0
jps.app.storage.content.reader.load.component.ms,1781856263166000000,1781856323166000000,0
jps.facet.change.listener.init.bridge.ms,1781856263166000000,1781856323166000000,0
workspaceModel.moduleBridgeLoader.loading.modules.ms,1781856263166000000,1781856323166000000,0
jps.artifact.entities.serializer.load.entities.ms,1781856263166000000,1781856323166000000,0
workspaceModel.mutableEntityStorage.collect.changes.ms,1781856263166000000,1781856323166000000,0
workspaceModel.mutableEntityStorage.instances.count,1781856263166000000,1781856323166000000,0
workspaceModel.save.cache.to.file.ms,1781856263166000000,1781856323166000000,0
jps.storage.jps.conf.reader.load.component.ms,1781856263166000000,1781856323166000000,0
workspaceModel.moduleBridge.facet.initialization.ms,1781856263166000000,1781856323166000000,0
workspaceModel.delayed.project.synchronizer.sync.ms,1781856263166000000,1781856323166000000,0
jps.save.changed.project.entities.ms,1781856263166000000,1781856323166000000,0
workspaceModel.sync.entities.ms,1781856263166000000,1781856323166000000,0
jps.library.entities.serializer.save.entities.ms,1781856263166000000,1781856323166000000,0
workspaceModel.moduleBridge.update.option.ms,1781856263166000000,1781856323166000000,0
workspaceModel.global.apply.state.to.project.ms,1781856263166000000,1781856323166000000,0
workspaceModel.moduleManagerBridge.load.all.modules.ms,1781856263166000000,1781856323166000000,0
workspaceModel.load.cache.metadata.from.file.ms,1781856263166000000,1781856323166000000,0
jps.apply.loaded.storage.ms,1781856263166000000,1781856323166000000,0
jps.global.get.libraries.ms,1781856263166000000,1781856323166000000,0
workspaceModel.moduleBridge.before.changed.ms,1781856263166000000,1781856323166000000,0
workspaceModel.moduleManagerBridge.newModule.ms,1781856263166000000,1781856323166000000,0
workspaceModel.mutableEntityStorage.modify.entity.ms,1781856263166000000,1781856323166000000,0
workspaceModel.mutableEntityStorage.to.snapshot.ms,1781856263166000000,1781856323166000000,0
workspaceModel.orphan.listener.update.ms,1781856263166000000,1781856323166000000,0
jps.save.global.entities.ms,1781856263166000000,1781856323166000000,0
workspaceModel.global.apply.state.to.project.builder.ms,1781856263166000000,1781856323166000000,0
workspaceModel.mutableEntityStorage.referrers.ms,1781856263166000000,1781856323166000000,0
workspaceModel.moduleManagerBridge.build.module.graph.ms,1781856263166000000,1781856323166000000,0
workspaceModel.load.cache.from.file.ms,1781856263166000000,1781856323166000000,0
workspaceModel.mutableEntityStorage.entities.ms,1781856263166000000,1781856323166000000,0
jps.module.iml.entities.serializer.save.entities.ms,1781856263166000000,1781856323166000000,0
jps.global.initialize.library.bridges.after.loading.ms,1781856263166000000,1781856323166000000,0
workspaceModel.mutableEntityStorage.replace.by.source.ms,1781856263166000000,1781856323166000000,0
workspaceModel.mutableEntityStorage.changeLog.addReplaceEventForNewChild.ms,1781856263166000000,1781856323166000000,0
workspaceModel.mutableEntityStorage.has.same.entities.ms,1781856263166000000,1781856323166000000,0
workspaceModel.mutableEntityStorage.remove.entity.ms,1781856263166000000,1781856323166000000,0
workspaceModel.moduleManagerBridge.get.modules.ms,1781856263166000000,1781856323166000000,0
jps.global.initialize.library.bridges.ms,1781856263166000000,1781856323166000000,0
jps.library.entities.serializer.load.entities.ms,1781856263166000000,1781856323166000000,0
workspaceModel.mutableEntityStorage.mutable.vfurl.index.ms,1781856263166000000,1781856323166000000,0
jps.facet.change.listener.process.change.events.ms,1781856263166000000,1781856323166000000,0
jps.app.storage.content.writer.save.component.ms,1781856263166000000,1781856323166000000,0
workspaceModel.global.updates.count,1781856263166000000,1781856323166000000,0
workspaceModel.mutableEntityStorage.add.entity.ms,1781856263166000000,1781856323166000000,0
workspaceModel.mutableEntityStorage.hasReferrers.ms,1781856263166000000,1781856323166000000,0
workspaceModel.moduleManagerBridge.create.module.instance.ms,1781856263166000000,1781856323166000000,0
jps.module.dependency.index.workspace.model.listener.on.changed.ms,1781856263166000000,1781856323166000000,0
workspaceModel.mutableEntityStorage.put.entity.ms,1781856263166000000,1781856323166000000,0
workspaceModel.moduleManagerBridge.set.unloadedModules.ms,1781856263166000000,1781856323166000000,0
workspaceModel.mutableEntityStorage.mutable.ext.mapping.ms,1781856263166000000,1781856323166000000,0
jps.global.handle.changed.events.ms,1781856263166000000,1781856323166000000,0
jps.project.serializers.load.ms,1781856263166000000,1781856323166000000,0
jps.global.get.library.by.name.ms,1781856263166000000,1781856323166000000,0
jps.load.initial.state.ms,1781856263166000000,1781856323166000000,0
workspaceModel.mutableEntityStorage.changeLog.addReplaceEventForNewParent.ms,1781856263166000000,1781856323166000000,0
jps.reload.project.entities.ms,1781856263166000000,1781856323166000000,0
workspaceModel.do.save.caches.ms,1781856263166000000,1781856323166000000,0
workspaceModel.moduleManagerBridge.new.nonPersistent.module.ms,1781856263166000000,1781856323166000000,0
workspaceModel.mutableEntityStorage.changeLog.addReplaceEventForRemovedParent.ms,1781856263166000000,1781856323166000000,0
workspaceModel.mutableEntityStorage.entities.by.source.ms,1781856263166000000,1781856323166000000,0
workspaceModel.mutableEntityStorage.changeLog.addReplaceEventForRemovedChild.ms,1781856263166000000,1781856323166000000,0
jps.facet.change.listener.before.change.events.ms,1781856263166000000,1781856323166000000,0
jps.module.iml.entities.serializer.load.entities.ms,1781856263166000000,1781856323166000000,0
jps.artifact.entities.serializer.save.entities.ms,1781856263166000000,1781856323166000000,0
jps.project.serializers.save.ms,1781856263166000000,1781856323166000000,0
workspaceModel.mutableEntityStorage.resolve.ms,1781856263166000000,1781856323166000000,0
jps.load.project.to.empty.storage.ms,1781856263166000000,1781856323166000000,0
jps.global.get.library.ms,1781856263166000000,1781856323166000000,0
DiskQueryRelay.tasksRequested,1781856263166000000,1781856323166000000,0
writeAction.max.wait.ms,1781856263166000000,1781856323166000000,13
LowMemory.gcLoad,1781856263166000000,1781856323166000000,2.237040608715997E-5
writeAction.median.wait.ms,1781856263166000000,1781856323166000000,0
DiskQueryRelay.taskWaitingTotalTimeUs,1781856263166000000,1781856323166000000,0
DiskQueryRelay.taskExecutionTotalTimeUs,1781856263166000000,1781856323166000000,0
DiskQueryRelay.tasksExecuted,1781856263166000000,1781856323166000000,0
writeAction.wait.ms,1781856263166000000,1781856323166000000,0
writeAction.count,1781856263166000000,1781856323166000000,0
LowMemory.gcOverloaded,1781856263166000000,1781856323166000000,0
Indexes.stubs.lookupDurationMaxMs,1781856263166000000,1781856323166000000,0.0
Indexes.entries.lookupDurationAvgMs,1781856263166000000,1781856323166000000,0.0
Indexing.totalTimeIndexersSleptMs,1781856263166000000,1781856323166000000,0
Indexing.writer_3.totalTimeSpentWritingMs,1781856263166000000,1781856323166000000,0
Indexes.entries.lookups,1781856263166000000,1781856323166000000,0
Indexes.allKeys.lookupDurationAvgMs,1781856263166000000,1781856323166000000,0.0
Indexes.allKeys.lookupDurationMaxMs,1781856263166000000,1781856323166000000,0.0
Indexing.writesQueuedAvg,1781856263166000000,1781856323166000000,0.0
Indexes.stubs.lookups,1781856263166000000,1781856323166000000,0
Indexing.cache.totalCacheEvicted,1781856263166000000,1781856323166000000,0
Indexes.entries.lookupDurationMaxMs,1781856263166000000,1781856323166000000,0.0
Indexing.cache.totalCacheAccesses,1781856263166000000,1781856323166000000,0
Indexing.writer_0.totalTimeSpentWritingMs,1781856263166000000,1781856323166000000,0
Indexing.writer_1.totalTimeSpentWritingMs,1781856263166000000,1781856323166000000,0
Indexing.cache.totalCacheMisses,1781856263166000000,1781856323166000000,0
Indexing.writesQueuedMin,1781856263166000000,1781856323166000000,0
Indexing.writer_2.totalTimeSpentWritingMs,1781856263166000000,1781856323166000000,0
Indexes.entries.lookupDuration90PMs,1781856263166000000,1781856323166000000,0.0
Indexes.allKeys.lookupDuration90PMs,1781856263166000000,1781856323166000000,0.0
Indexes.stubs.lookupDuration90PMs,1781856263166000000,1781856323166000000,0.0
Indexes.stubs.lookupDurationAvgMs,1781856263166000000,1781856323166000000,0.0
Indexing.writesQueuedMax,1781856263166000000,1781856323166000000,0
Indexes.allKeys.lookups,1781856263166000000,1781856323166000000,0
VFS.invertedFileNameIndex.requests,1781856263166000000,1781856323166000000,0
VFS.folderCaseSensitivityReads,1781856263166000000,1781856323166000000,0
FileNameCache.queries,1781856263166000000,1781856323166000000,0
VFS.contentStorage.recordsDeduplicated,1781856263166000000,1781856323166000000,0
VFS.fileChildByName,1781856263166000000,1781856323166000000,0
VFS.contentStorage.recordsRead,1781856263166000000,1781856323166000000,0
VFS.contentStorage.recordsReadSize,1781856263166000000,1781856323166000000,0
VFS.contentStorage.recordsStored,1781856263166000000,1781856323166000000,0
VFS.cache.segmentsCreated,1781856263166000000,1781856323166000000,0
VFS.contentStorage.recordsReadDecompressed,1781856263166000000,1781856323166000000,0
FileNameCache.totalMisses,1781856263166000000,1781856323166000000,0
VFS.contentStorage.recordsStoredCompressed,1781856263166000000,1781856323166000000,0
VFS.cache.directoriesCreated,1781856263166000000,1781856323166000000,0
VFS.contentStorage.recordsDecompressionTimeUs,1781856263166000000,1781856323166000000,0
VFS.contentStorage.recordsUncompressedSize,1781856263166000000,1781856323166000000,0
VFS.fileByIdCache.hits,1781856263166000000,1781856323166000000,0
VFS.cache.segments,1781856263166000000,1781856323166000000,101.0
VFS.fileByIdCache.misses,1781856263166000000,1781856323166000000,0
VFS.cache.filesCreated,1781856263166000000,1781856323166000000,0
VFS.rootsCount,1781856263166000000,1781856323166000000,12.0
VFS.contentStorage.recordsStoredSize,1781856263166000000,1781856323166000000,0
JVM.maxHeapBytes,1781856263166000000,1781856323166000000,2147483648
JVM.totalCpuTimeMs,1781856263166000000,1781856323166000000,2460
JVM.maxThreadCount,1781856263166000000,1781856323166000000,143
JVM.GC.collectionTimesMs,1781856263166000000,1781856323166000000,0
MEM.fileMappingsRamBytes,1781856263166000000,1781856323166000000,231182336
MEM.ramPlusSwapMinusFileMappingsBytes,1781856263166000000,1781856323166000000,1539137536
JVM.usedHeapBytes,1781856263166000000,1781856323166000000,587074488
JVM.totalTimeToSafepointsMs,1781856263166000000,1781856323166000000,0
JVM.totalSafepointCount,1781856263166000000,1781856323166000000,0
MEM.ramBytes,1781856263166000000,1781856323166000000,1783164928
MEM.ramMinusFileMappingsBytes,1781856263166000000,1781856323166000000,1539137536
JVM.threadCount,1781856263166000000,1781856323166000000,61
JVM.totalDirectByteBuffersBytes,1781856263166000000,1781856323166000000,172138497
JVM.newThreadsCount,1781856263166000000,1781856323166000000,0
JVM.totalBytesAllocated,1781856263166000000,1781856323166000000,18805600
OS.loadAverage,1781856263166000000,1781856323166000000,0.12451171875
JVM.totalTimeAtSafepointsMs,1781856263166000000,1781856323166000000,0
JVM.usedNativeBytes,1781856263166000000,1781856323166000000,464986568
JVM.GC.collections,1781856263166000000,1781856323166000000,0
JVM.committedHeapBytes,1781856263166000000,1781856323166000000,652214272
DirectByteBufferAllocator.reclaimed,1781856263166000000,1781856323166000000,0
DirectByteBufferAllocator.hits,1781856263166000000,1781856323166000000,0
DirectByteBufferAllocator.totalSizeOfBuffersAllocatedInBytes,1781856263166000000,1781856323166000000,172023808
FilePageCache.totalPageLoadsUs,1781856263166000000,1781856323166000000,0
StreamlinedBlobStorage.recordsDeleted,1781856263166000000,1781856323166000000,0
StreamlinedBlobStorage.totalLiveRecordsPayloadBytes,1781856263166000000,1781856323166000000,0
StreamlinedBlobStorage.recordsRelocated,1781856263166000000,1781856323166000000,0
FilePageCache.pageFastCacheHits,1781856263166000000,1781856323166000000,0
DirectByteBufferAllocator.disposed,1781856263166000000,1781856323166000000,0
FilePageCache.maxRegisteredFiles,1781856263166000000,1781856323166000000,1652
MappedFileStorage.storages,1781856263166000000,1781856323166000000,15
FilePageCache.maxCacheSizeInBytes,1781856263166000000,1781856323166000000,629153792
FilePageCache.uncachedFileAccess,1781856263166000000,1781856323166000000,0
StreamlinedBlobStorage.recordsAllocated,1781856263166000000,1781856323166000000,0
FilePageCache.capacityInBytes,1781856263166000000,1781856323166000000,629145600
MappedFileStorage.totalBytesMapped,1781856263166000000,1781856323166000000,198443008
FilePageCache.pageLoads,1781856263166000000,1781856323166000000,0
StorageLockContext.competingThreads.max,1781856263166000000,1781856323166000000,0
MappedFileStorage.totalPagesMapped,1781856263166000000,1781856323166000000,15
StorageLockContext.competingThreads.avg,1781856263166000000,1781856323166000000,0.0
StorageLockContext.competingThreads.90P,1781856263166000000,1781856323166000000,0
DirectByteBufferAllocator.misses,1781856263166000000,1781856323166000000,0
StreamlinedBlobStorage.totalLiveRecordsCapacityBytes,1781856263166000000,1781856323166000000,0
FilePageCache.pageLoadsAboveSizeThreshold,1781856263166000000,1781856323166000000,0
DirectByteBufferAllocator.totalSizeOfBuffersCachedInBytes,1781856263166000000,1781856323166000000,41959424
MappedFileStorage.totalTimeSpentOnMappingUs,1781856263166000000,1781856323166000000,22669
FilePageCache.disposedBuffers,1781856263166000000,1781856323166000000,0
FilePageCache.totalPageDisposalsUs,1781856263166000000,1781856323166000000,0
FileChannelInterruptsRetryer.totalRetriedAttempts,1781856263166000000,1781856323166000000,0
FilePageCache.pageHits,1781856263166000000,1781856323166000000,0
cacheStateStorage.get.duration,1781856323166000000,1781856383166000000,0
cacheStateStorage.set.duration,1781856323166000000,1781856383166000000,0
cacheStateStorage.set.counter,1781856323166000000,1781856383166000000,0
cacheStateStorage.get.counter,1781856323166000000,1781856383166000000,0
workspaceModel.workspaceFileIndexData.onEntitiesChanged.ms,1781856323166000000,1781856383166000000,0
workspaceModel.update.unloaded.entities.ms,1781856323166000000,1781856383166000000,0
workspaceModel.pre.handlers.ms,1781856323166000000,1781856383166000000,0
workspaceModel.initializing.ms,1781856323166000000,1781856383166000000,0
workspaceModel.workspaceFileIndexData.processFileSets.ms,1781856323166000000,1781856383166000000,0
workspaceModel.workspaceFileIndexData.updateDirtyEntities.ms,1781856323166000000,1781856383166000000,0
workspaceModel.full.replace.project.model.ms,1781856323166000000,1781856383166000000,0
workspaceModel.workspaceFileIndexData.getDirectoriesByPackageName.ms,1781856323166000000,1781856383166000000,0
workspaceModel.workspaceFileIndexData.init.ms,1781856323166000000,1781856383166000000,0
workspaceModel.cachedValueWithParameters.from.cache.count,1781856323166000000,1781856383166000000,0
workspaceModel.updates.precise.ms,1781856323166000000,1781856383166000000,0
workspaceModel.cachedValue.clear.count,1781856323166000000,1781856383166000000,0
workspaceModel.updates.ms,1781856323166000000,1781856383166000000,0
workspaceModel.workspaceFileIndexData.instances.count,1781856323166000000,1781856383166000000,0
workspaceModel.to.snapshot.ms,1781856323166000000,1781856383166000000,0
workspaceModel.loading.from.cache.ms,1781856323166000000,1781856383166000000,0
workspaceModel.cachedValueWithParameters.total.get.count,1781856323166000000,1781856383166000000,0
workspaceModel.workspaceFileIndexData.getFileInfo.ms,1781856323166000000,1781856383166000000,0
workspaceModel.cachedValue.total.get.count,1781856323166000000,1781856383166000000,0
workspaceModel.collect.changes.ms,1781856323166000000,1781856383166000000,0
workspaceModel.check.recursive.update.ms,1781856323166000000,1781856383166000000,0
workspaceModel.workspaceFileIndexData.markDirty.ms,1781856323166000000,1781856383166000000,0
workspaceModel.replace.project.model.ms,1781856323166000000,1781856383166000000,0
workspaceModel.entityStorageSnapshotImpl.instances.count,1781856323166000000,1781856383166000000,0
workspaceModel.on.before.changed.ms,1781856323166000000,1781856383166000000,0
workspaceModel.init.bridges.ms,1781856323166000000,1781856383166000000,0
workspaceModel.loading.total.ms,1781856323166000000,1781856383166000000,0
workspaceModel.cachedValue.calculated.count,1781856323166000000,1781856383166000000,0
workspaceModel.workspaceFileIndexData.getPackageName.ms,1781856323166000000,1781856383166000000,0
workspaceModel.on.changed.ms,1781856323166000000,1781856383166000000,0
workspaceModel.updates.count,1781856323166000000,1781856383166000000,0
workspaceModel.cachedValueWithParameters.calculated.count,1781856323166000000,1781856383166000000,0
workspaceModel.workspaceFileIndexContributor.registerFileSets.ms,1781856323166000000,1781856383166000000,0
workspaceModel.cachedValueWithParameters.clear.count,1781856323166000000,1781856383166000000,0
workspaceModel.workspaceFileIndexData.visitFileSets.ms,1781856323166000000,1781856383166000000,0
workspaceModel.cachedValue.from.cache.count,1781856323166000000,1781856383166000000,0
AWTEventQueue.eventsDispatched,1781856323166000000,1781856383166000000,86
FlushQueue.queueSize90P,1781856323166000000,1781856383166000000,1
FlushQueue.waitingTimeAvgNs,1781856323166000000,1781856383166000000,545233.4545454546
NonBlockingReadAction.finalizedExecutionsCount,1781856323166000000,1781856383166000000,0
AWTEventQueue.dispatchTimeMaxNs,1781856323166000000,1781856383166000000,946175
AWTEventQueue.dispatchTimeAvgNs,1781856323166000000,1781856383166000000,423482.0465116279
ReadAction.executionsCount,1781856323166000000,1781856383166000000,7
AWTEventQueue.dispatchTime90PNs,1781856323166000000,1781856383166000000,729087
FlushQueue.queueSizeAvg,1781856323166000000,1781856383166000000,0.18181818181818182
FlushQueue.executionTimeAvgNs,1781856323166000000,1781856383166000000,244061.0909090909
FlushQueue.waitingTimeMaxNs,1781856323166000000,1781856383166000000,851967
FlushQueue.executionTimeMaxNs,1781856323166000000,1781856383166000000,503807
NonBlockingReadAction.finalizedExecutionTimeUs,1781856323166000000,1781856383166000000,0
FlushQueue.executionTime90PNs,1781856323166000000,1781856383166000000,399359
FlushQueue.tasksExecuted,1781856323166000000,1781856383166000000,11
WriteAction.executionsCount,1781856323166000000,1781856383166000000,0
FlushQueue.waitingTime90PNs,1781856323166000000,1781856383166000000,802815
NonBlockingReadAction.failedExecutionsCount,1781856323166000000,1781856383166000000,0
AWTEventQueue.dispatchTimeTotalNS,1781856323166000000,1781856383166000000,36417366
NonBlockingReadAction.failedExecutionTimeUs,1781856323166000000,1781856383166000000,0
FlushQueue.queueSizeMax,1781856323166000000,1781856383166000000,1
compiler.ArtifactManagerBridge.commit.ms,1781856323166000000,1781856383166000000,0
compiler.ArtifactManagerBridge.dropMappings.ms,1781856323166000000,1781856383166000000,0
compiler.ArtifactManagerBridge.findArtifact.ms,1781856323166000000,1781856383166000000,0
compiler.ArtifactVirtualFileListener.filePathChanged.ms,1781856323166000000,1781856383166000000,0
compiler.ArtifactManagerBridge.getArtifactsByType.ms,1781856323166000000,1781856383166000000,0
compiler.ArtifactVirtualFileListener.propertyChanged.ms,1781856323166000000,1781856383166000000,0
compiler.ArtifactManagerBridge.initBridges.ms,1781856323166000000,1781856383166000000,0
compiler.ArtifactManagerBridge.getArtifacts.ms,1781856323166000000,1781856383166000000,0
compiler.ArtifactManagerBridge.addArtifact.ms,1781856323166000000,1781856383166000000,0
workspaceModel.mutableEntityStorage.apply.changes.from.ms,1781856323166000000,1781856383166000000,0
jps.global.handle.before.change.events.ms,1781856323166000000,1781856383166000000,0
workspaceModel.moduleManagerBridge.load.module.ms,1781856323166000000,1781856383166000000,0
workspaceModel.global.updates.ms,1781856323166000000,1781856383166000000,0
jps.app.storage.content.reader.load.component.ms,1781856323166000000,1781856383166000000,0
jps.facet.change.listener.init.bridge.ms,1781856323166000000,1781856383166000000,0
workspaceModel.moduleBridgeLoader.loading.modules.ms,1781856323166000000,1781856383166000000,0
jps.artifact.entities.serializer.load.entities.ms,1781856323166000000,1781856383166000000,0
workspaceModel.mutableEntityStorage.collect.changes.ms,1781856323166000000,1781856383166000000,0
workspaceModel.mutableEntityStorage.instances.count,1781856323166000000,1781856383166000000,0
workspaceModel.save.cache.to.file.ms,1781856323166000000,1781856383166000000,0
jps.storage.jps.conf.reader.load.component.ms,1781856323166000000,1781856383166000000,0
workspaceModel.moduleBridge.facet.initialization.ms,1781856323166000000,1781856383166000000,0
workspaceModel.delayed.project.synchronizer.sync.ms,1781856323166000000,1781856383166000000,0
jps.save.changed.project.entities.ms,1781856323166000000,1781856383166000000,0
workspaceModel.sync.entities.ms,1781856323166000000,1781856383166000000,0
jps.library.entities.serializer.save.entities.ms,1781856323166000000,1781856383166000000,0
workspaceModel.moduleBridge.update.option.ms,1781856323166000000,1781856383166000000,0
workspaceModel.global.apply.state.to.project.ms,1781856323166000000,1781856383166000000,0
workspaceModel.moduleManagerBridge.load.all.modules.ms,1781856323166000000,1781856383166000000,0
workspaceModel.load.cache.metadata.from.file.ms,1781856323166000000,1781856383166000000,0
jps.apply.loaded.storage.ms,1781856323166000000,1781856383166000000,0
jps.global.get.libraries.ms,1781856323166000000,1781856383166000000,0
workspaceModel.moduleBridge.before.changed.ms,1781856323166000000,1781856383166000000,0
workspaceModel.moduleManagerBridge.newModule.ms,1781856323166000000,1781856383166000000,0
workspaceModel.mutableEntityStorage.modify.entity.ms,1781856323166000000,1781856383166000000,0
workspaceModel.mutableEntityStorage.to.snapshot.ms,1781856323166000000,1781856383166000000,0
workspaceModel.orphan.listener.update.ms,1781856323166000000,1781856383166000000,0
jps.save.global.entities.ms,1781856323166000000,1781856383166000000,0
workspaceModel.global.apply.state.to.project.builder.ms,1781856323166000000,1781856383166000000,0
workspaceModel.mutableEntityStorage.referrers.ms,1781856323166000000,1781856383166000000,0
workspaceModel.moduleManagerBridge.build.module.graph.ms,1781856323166000000,1781856383166000000,0
workspaceModel.load.cache.from.file.ms,1781856323166000000,1781856383166000000,0
workspaceModel.mutableEntityStorage.entities.ms,1781856323166000000,1781856383166000000,0
jps.module.iml.entities.serializer.save.entities.ms,1781856323166000000,1781856383166000000,0
jps.global.initialize.library.bridges.after.loading.ms,1781856323166000000,1781856383166000000,0
workspaceModel.mutableEntityStorage.replace.by.source.ms,1781856323166000000,1781856383166000000,0
workspaceModel.mutableEntityStorage.changeLog.addReplaceEventForNewChild.ms,1781856323166000000,1781856383166000000,0
workspaceModel.mutableEntityStorage.has.same.entities.ms,1781856323166000000,1781856383166000000,0
workspaceModel.mutableEntityStorage.remove.entity.ms,1781856323166000000,1781856383166000000,0
workspaceModel.moduleManagerBridge.get.modules.ms,1781856323166000000,1781856383166000000,0
jps.global.initialize.library.bridges.ms,1781856323166000000,1781856383166000000,0
jps.library.entities.serializer.load.entities.ms,1781856323166000000,1781856383166000000,0
workspaceModel.mutableEntityStorage.mutable.vfurl.index.ms,1781856323166000000,1781856383166000000,0
jps.facet.change.listener.process.change.events.ms,1781856323166000000,1781856383166000000,0
jps.app.storage.content.writer.save.component.ms,1781856323166000000,1781856383166000000,0
workspaceModel.global.updates.count,1781856323166000000,1781856383166000000,0
workspaceModel.mutableEntityStorage.add.entity.ms,1781856323166000000,1781856383166000000,0
workspaceModel.mutableEntityStorage.hasReferrers.ms,1781856323166000000,1781856383166000000,0
workspaceModel.moduleManagerBridge.create.module.instance.ms,1781856323166000000,1781856383166000000,0
jps.module.dependency.index.workspace.model.listener.on.changed.ms,1781856323166000000,1781856383166000000,0
workspaceModel.mutableEntityStorage.put.entity.ms,1781856323166000000,1781856383166000000,0
workspaceModel.moduleManagerBridge.set.unloadedModules.ms,1781856323166000000,1781856383166000000,0
workspaceModel.mutableEntityStorage.mutable.ext.mapping.ms,1781856323166000000,1781856383166000000,0
jps.global.handle.changed.events.ms,1781856323166000000,1781856383166000000,0
jps.project.serializers.load.ms,1781856323166000000,1781856383166000000,0
jps.global.get.library.by.name.ms,1781856323166000000,1781856383166000000,0
jps.load.initial.state.ms,1781856323166000000,1781856383166000000,0
workspaceModel.mutableEntityStorage.changeLog.addReplaceEventForNewParent.ms,1781856323166000000,1781856383166000000,0
jps.reload.project.entities.ms,1781856323166000000,1781856383166000000,0
workspaceModel.do.save.caches.ms,1781856323166000000,1781856383166000000,0
workspaceModel.moduleManagerBridge.new.nonPersistent.module.ms,1781856323166000000,1781856383166000000,0
workspaceModel.mutableEntityStorage.changeLog.addReplaceEventForRemovedParent.ms,1781856323166000000,1781856383166000000,0
workspaceModel.mutableEntityStorage.entities.by.source.ms,1781856323166000000,1781856383166000000,0
workspaceModel.mutableEntityStorage.changeLog.addReplaceEventForRemovedChild.ms,1781856323166000000,1781856383166000000,0
jps.facet.change.listener.before.change.events.ms,1781856323166000000,1781856383166000000,0
jps.module.iml.entities.serializer.load.entities.ms,1781856323166000000,1781856383166000000,0
jps.artifact.entities.serializer.save.entities.ms,1781856323166000000,1781856383166000000,0
jps.project.serializers.save.ms,1781856323166000000,1781856383166000000,0
workspaceModel.mutableEntityStorage.resolve.ms,1781856323166000000,1781856383166000000,0
jps.load.project.to.empty.storage.ms,1781856323166000000,1781856383166000000,0
jps.global.get.library.ms,1781856323166000000,1781856383166000000,0
DiskQueryRelay.tasksRequested,1781856323166000000,1781856383166000000,0
writeAction.max.wait.ms,1781856323166000000,1781856383166000000,13
LowMemory.gcLoad,1781856323166000000,1781856383166000000,1.1484583780418275E-5
writeAction.median.wait.ms,1781856323166000000,1781856383166000000,0
DiskQueryRelay.taskWaitingTotalTimeUs,1781856323166000000,1781856383166000000,0
DiskQueryRelay.taskExecutionTotalTimeUs,1781856323166000000,1781856383166000000,0
DiskQueryRelay.tasksExecuted,1781856323166000000,1781856383166000000,0
writeAction.wait.ms,1781856323166000000,1781856383166000000,0
writeAction.count,1781856323166000000,1781856383166000000,0
LowMemory.gcOverloaded,1781856323166000000,1781856383166000000,0
Indexes.stubs.lookupDurationMaxMs,1781856323166000000,1781856383166000000,0.0
Indexes.entries.lookupDurationAvgMs,1781856323166000000,1781856383166000000,0.0
Indexing.totalTimeIndexersSleptMs,1781856323166000000,1781856383166000000,0
Indexing.writer_3.totalTimeSpentWritingMs,1781856323166000000,1781856383166000000,0
Indexes.entries.lookups,1781856323166000000,1781856383166000000,0
Indexes.allKeys.lookupDurationAvgMs,1781856323166000000,1781856383166000000,0.0
Indexes.allKeys.lookupDurationMaxMs,1781856323166000000,1781856383166000000,0.0
Indexing.writesQueuedAvg,1781856323166000000,1781856383166000000,0.0
Indexes.stubs.lookups,1781856323166000000,1781856383166000000,0
Indexing.cache.totalCacheEvicted,1781856323166000000,1781856383166000000,0
Indexes.entries.lookupDurationMaxMs,1781856323166000000,1781856383166000000,0.0
Indexing.cache.totalCacheAccesses,1781856323166000000,1781856383166000000,0
Indexing.writer_0.totalTimeSpentWritingMs,1781856323166000000,1781856383166000000,0
Indexing.writer_1.totalTimeSpentWritingMs,1781856323166000000,1781856383166000000,0
Indexing.cache.totalCacheMisses,1781856323166000000,1781856383166000000,0
Indexing.writesQueuedMin,1781856323166000000,1781856383166000000,0
Indexing.writer_2.totalTimeSpentWritingMs,1781856323166000000,1781856383166000000,0
Indexes.entries.lookupDuration90PMs,1781856323166000000,1781856383166000000,0.0
Indexes.allKeys.lookupDuration90PMs,1781856323166000000,1781856383166000000,0.0
Indexes.stubs.lookupDuration90PMs,1781856323166000000,1781856383166000000,0.0
Indexes.stubs.lookupDurationAvgMs,1781856323166000000,1781856383166000000,0.0
Indexing.writesQueuedMax,1781856323166000000,1781856383166000000,0
Indexes.allKeys.lookups,1781856323166000000,1781856383166000000,0
VFS.invertedFileNameIndex.requests,1781856323166000000,1781856383166000000,0
VFS.folderCaseSensitivityReads,1781856323166000000,1781856383166000000,0
FileNameCache.queries,1781856323166000000,1781856383166000000,0
VFS.contentStorage.recordsDeduplicated,1781856323166000000,1781856383166000000,0
VFS.fileChildByName,1781856323166000000,1781856383166000000,0
VFS.contentStorage.recordsRead,1781856323166000000,1781856383166000000,0
VFS.contentStorage.recordsReadSize,1781856323166000000,1781856383166000000,0
VFS.contentStorage.recordsStored,1781856323166000000,1781856383166000000,0
VFS.cache.segmentsCreated,1781856323166000000,1781856383166000000,0
VFS.contentStorage.recordsReadDecompressed,1781856323166000000,1781856383166000000,0
FileNameCache.totalMisses,1781856323166000000,1781856383166000000,0
VFS.contentStorage.recordsStoredCompressed,1781856323166000000,1781856383166000000,0
VFS.cache.directoriesCreated,1781856323166000000,1781856383166000000,0
VFS.contentStorage.recordsDecompressionTimeUs,1781856323166000000,1781856383166000000,0
VFS.contentStorage.recordsUncompressedSize,1781856323166000000,1781856383166000000,0
VFS.fileByIdCache.hits,1781856323166000000,1781856383166000000,0
VFS.cache.segments,1781856323166000000,1781856383166000000,101.0
VFS.fileByIdCache.misses,1781856323166000000,1781856383166000000,0
VFS.cache.filesCreated,1781856323166000000,1781856383166000000,0
VFS.rootsCount,1781856323166000000,1781856383166000000,12.0
VFS.contentStorage.recordsStoredSize,1781856323166000000,1781856383166000000,0
JVM.maxHeapBytes,1781856323166000000,1781856383166000000,2147483648
JVM.totalCpuTimeMs,1781856323166000000,1781856383166000000,2770
JVM.maxThreadCount,1781856323166000000,1781856383166000000,143
JVM.GC.collectionTimesMs,1781856323166000000,1781856383166000000,44
MEM.fileMappingsRamBytes,1781856323166000000,1781856383166000000,231182336
MEM.ramPlusSwapMinusFileMappingsBytes,1781856323166000000,1781856383166000000,1539530752
JVM.usedHeapBytes,1781856323166000000,1781856383166000000,396215928
JVM.totalTimeToSafepointsMs,1781856323166000000,1781856383166000000,0
JVM.totalSafepointCount,1781856323166000000,1781856383166000000,1
MEM.ramBytes,1781856323166000000,1781856383166000000,1783558144
MEM.ramMinusFileMappingsBytes,1781856323166000000,1781856383166000000,1539530752
JVM.threadCount,1781856323166000000,1781856383166000000,60
JVM.totalDirectByteBuffersBytes,1781856323166000000,1781856383166000000,172138497
JVM.newThreadsCount,1781856323166000000,1781856383166000000,0
JVM.totalBytesAllocated,1781856323166000000,1781856383166000000,17604912
OS.loadAverage,1781856323166000000,1781856383166000000,0.04345703125
JVM.totalTimeAtSafepointsMs,1781856323166000000,1781856383166000000,44
JVM.usedNativeBytes,1781856323166000000,1781856383166000000,465528408
JVM.GC.collections,1781856323166000000,1781856383166000000,1
JVM.committedHeapBytes,1781856323166000000,1781856383166000000,652214272
DirectByteBufferAllocator.reclaimed,1781856323166000000,1781856383166000000,0
DirectByteBufferAllocator.hits,1781856323166000000,1781856383166000000,0
DirectByteBufferAllocator.totalSizeOfBuffersAllocatedInBytes,1781856323166000000,1781856383166000000,172023808
FilePageCache.totalPageLoadsUs,1781856323166000000,1781856383166000000,0
StreamlinedBlobStorage.recordsDeleted,1781856323166000000,1781856383166000000,0
StreamlinedBlobStorage.totalLiveRecordsPayloadBytes,1781856323166000000,1781856383166000000,0
StreamlinedBlobStorage.recordsRelocated,1781856323166000000,1781856383166000000,0
FilePageCache.pageFastCacheHits,1781856323166000000,1781856383166000000,0
DirectByteBufferAllocator.disposed,1781856323166000000,1781856383166000000,0
FilePageCache.maxRegisteredFiles,1781856323166000000,1781856383166000000,1652
MappedFileStorage.storages,1781856323166000000,1781856383166000000,15
FilePageCache.maxCacheSizeInBytes,1781856323166000000,1781856383166000000,629153792
FilePageCache.uncachedFileAccess,1781856323166000000,1781856383166000000,0
StreamlinedBlobStorage.recordsAllocated,1781856323166000000,1781856383166000000,0
FilePageCache.capacityInBytes,1781856323166000000,1781856383166000000,629145600
MappedFileStorage.totalBytesMapped,1781856323166000000,1781856383166000000,198443008
FilePageCache.pageLoads,1781856323166000000,1781856383166000000,0
StorageLockContext.competingThreads.max,1781856323166000000,1781856383166000000,0
MappedFileStorage.totalPagesMapped,1781856323166000000,1781856383166000000,15
StorageLockContext.competingThreads.avg,1781856323166000000,1781856383166000000,0.0
StorageLockContext.competingThreads.90P,1781856323166000000,1781856383166000000,0
DirectByteBufferAllocator.misses,1781856323166000000,1781856383166000000,0
StreamlinedBlobStorage.totalLiveRecordsCapacityBytes,1781856323166000000,1781856383166000000,0
FilePageCache.pageLoadsAboveSizeThreshold,1781856323166000000,1781856383166000000,0
DirectByteBufferAllocator.totalSizeOfBuffersCachedInBytes,1781856323166000000,1781856383166000000,41959424
MappedFileStorage.totalTimeSpentOnMappingUs,1781856323166000000,1781856383166000000,22669
FilePageCache.disposedBuffers,1781856323166000000,1781856383166000000,0
FilePageCache.totalPageDisposalsUs,1781856323166000000,1781856383166000000,0
FileChannelInterruptsRetryer.totalRetriedAttempts,1781856323166000000,1781856383166000000,0
FilePageCache.pageHits,1781856323166000000,1781856383166000000,0
cacheStateStorage.get.duration,1781856383166000000,1781856443166000000,0
cacheStateStorage.set.duration,1781856383166000000,1781856443166000000,0
cacheStateStorage.set.counter,1781856383166000000,1781856443166000000,0
cacheStateStorage.get.counter,1781856383166000000,1781856443166000000,0
workspaceModel.workspaceFileIndexData.onEntitiesChanged.ms,1781856383166000000,1781856443166000000,0
workspaceModel.update.unloaded.entities.ms,1781856383166000000,1781856443166000000,0
workspaceModel.pre.handlers.ms,1781856383166000000,1781856443166000000,0
workspaceModel.initializing.ms,1781856383166000000,1781856443166000000,0
workspaceModel.workspaceFileIndexData.processFileSets.ms,1781856383166000000,1781856443166000000,0
workspaceModel.workspaceFileIndexData.updateDirtyEntities.ms,1781856383166000000,1781856443166000000,0
workspaceModel.full.replace.project.model.ms,1781856383166000000,1781856443166000000,0
workspaceModel.workspaceFileIndexData.getDirectoriesByPackageName.ms,1781856383166000000,1781856443166000000,0
workspaceModel.workspaceFileIndexData.init.ms,1781856383166000000,1781856443166000000,0
workspaceModel.cachedValueWithParameters.from.cache.count,1781856383166000000,1781856443166000000,0
workspaceModel.updates.precise.ms,1781856383166000000,1781856443166000000,0
workspaceModel.cachedValue.clear.count,1781856383166000000,1781856443166000000,0
workspaceModel.updates.ms,1781856383166000000,1781856443166000000,0
workspaceModel.workspaceFileIndexData.instances.count,1781856383166000000,1781856443166000000,0
workspaceModel.to.snapshot.ms,1781856383166000000,1781856443166000000,0
workspaceModel.loading.from.cache.ms,1781856383166000000,1781856443166000000,0
workspaceModel.cachedValueWithParameters.total.get.count,1781856383166000000,1781856443166000000,0
workspaceModel.workspaceFileIndexData.getFileInfo.ms,1781856383166000000,1781856443166000000,0
workspaceModel.cachedValue.total.get.count,1781856383166000000,1781856443166000000,0
workspaceModel.collect.changes.ms,1781856383166000000,1781856443166000000,0
workspaceModel.check.recursive.update.ms,1781856383166000000,1781856443166000000,0
workspaceModel.workspaceFileIndexData.markDirty.ms,1781856383166000000,1781856443166000000,0
workspaceModel.replace.project.model.ms,1781856383166000000,1781856443166000000,0
workspaceModel.entityStorageSnapshotImpl.instances.count,1781856383166000000,1781856443166000000,0
workspaceModel.on.before.changed.ms,1781856383166000000,1781856443166000000,0
workspaceModel.init.bridges.ms,1781856383166000000,1781856443166000000,0
workspaceModel.loading.total.ms,1781856383166000000,1781856443166000000,0
workspaceModel.cachedValue.calculated.count,1781856383166000000,1781856443166000000,0
workspaceModel.workspaceFileIndexData.getPackageName.ms,1781856383166000000,1781856443166000000,0
workspaceModel.on.changed.ms,1781856383166000000,1781856443166000000,0
workspaceModel.updates.count,1781856383166000000,1781856443166000000,0
workspaceModel.cachedValueWithParameters.calculated.count,1781856383166000000,1781856443166000000,0
workspaceModel.workspaceFileIndexContributor.registerFileSets.ms,1781856383166000000,1781856443166000000,0
workspaceModel.cachedValueWithParameters.clear.count,1781856383166000000,1781856443166000000,0
workspaceModel.workspaceFileIndexData.visitFileSets.ms,1781856383166000000,1781856443166000000,0
workspaceModel.cachedValue.from.cache.count,1781856383166000000,1781856443166000000,0
AWTEventQueue.eventsDispatched,1781856383166000000,1781856443166000000,86
FlushQueue.queueSize90P,1781856383166000000,1781856443166000000,1
FlushQueue.waitingTimeAvgNs,1781856383166000000,1781856443166000000,554397.0909090909
NonBlockingReadAction.finalizedExecutionsCount,1781856383166000000,1781856443166000000,0
AWTEventQueue.dispatchTimeMaxNs,1781856383166000000,1781856443166000000,1474559
AWTEventQueue.dispatchTimeAvgNs,1781856383166000000,1781856443166000000,460276.0930232558
ReadAction.executionsCount,1781856383166000000,1781856443166000000,7
AWTEventQueue.dispatchTime90PNs,1781856383166000000,1781856443166000000,827391
FlushQueue.queueSizeAvg,1781856383166000000,1781856443166000000,0.18181818181818182
FlushQueue.executionTimeAvgNs,1781856383166000000,1781856443166000000,254842.18181818182
FlushQueue.waitingTimeMaxNs,1781856383166000000,1781856443166000000,1122303
FlushQueue.executionTimeMaxNs,1781856383166000000,1781856443166000000,630783
NonBlockingReadAction.finalizedExecutionTimeUs,1781856383166000000,1781856443166000000,0
FlushQueue.executionTime90PNs,1781856383166000000,1781856443166000000,446463
FlushQueue.tasksExecuted,1781856383166000000,1781856443166000000,11
WriteAction.executionsCount,1781856383166000000,1781856443166000000,0
FlushQueue.waitingTime90PNs,1781856383166000000,1781856443166000000,1073151
NonBlockingReadAction.failedExecutionsCount,1781856383166000000,1781856443166000000,0
AWTEventQueue.dispatchTimeTotalNS,1781856383166000000,1781856443166000000,39598027
NonBlockingReadAction.failedExecutionTimeUs,1781856383166000000,1781856443166000000,0
FlushQueue.queueSizeMax,1781856383166000000,1781856443166000000,1
compiler.ArtifactManagerBridge.commit.ms,1781856383166000000,1781856443166000000,0
compiler.ArtifactManagerBridge.dropMappings.ms,1781856383166000000,1781856443166000000,0
compiler.ArtifactManagerBridge.findArtifact.ms,1781856383166000000,1781856443166000000,0
compiler.ArtifactVirtualFileListener.filePathChanged.ms,1781856383166000000,1781856443166000000,0
compiler.ArtifactManagerBridge.getArtifactsByType.ms,1781856383166000000,1781856443166000000,0
compiler.ArtifactVirtualFileListener.propertyChanged.ms,1781856383166000000,1781856443166000000,0
compiler.ArtifactManagerBridge.initBridges.ms,1781856383166000000,1781856443166000000,0
compiler.ArtifactManagerBridge.getArtifacts.ms,1781856383166000000,1781856443166000000,0
compiler.ArtifactManagerBridge.addArtifact.ms,1781856383166000000,1781856443166000000,0
workspaceModel.mutableEntityStorage.apply.changes.from.ms,1781856383166000000,1781856443166000000,0
jps.global.handle.before.change.events.ms,1781856383166000000,1781856443166000000,0
workspaceModel.moduleManagerBridge.load.module.ms,1781856383166000000,1781856443166000000,0
workspaceModel.global.updates.ms,1781856383166000000,1781856443166000000,0
jps.app.storage.content.reader.load.component.ms,1781856383166000000,1781856443166000000,0
jps.facet.change.listener.init.bridge.ms,1781856383166000000,1781856443166000000,0
workspaceModel.moduleBridgeLoader.loading.modules.ms,1781856383166000000,1781856443166000000,0
jps.artifact.entities.serializer.load.entities.ms,1781856383166000000,1781856443166000000,0
workspaceModel.mutableEntityStorage.collect.changes.ms,1781856383166000000,1781856443166000000,0
workspaceModel.mutableEntityStorage.instances.count,1781856383166000000,1781856443166000000,0
workspaceModel.save.cache.to.file.ms,1781856383166000000,1781856443166000000,0
jps.storage.jps.conf.reader.load.component.ms,1781856383166000000,1781856443166000000,0
workspaceModel.moduleBridge.facet.initialization.ms,1781856383166000000,1781856443166000000,0
workspaceModel.delayed.project.synchronizer.sync.ms,1781856383166000000,1781856443166000000,0
jps.save.changed.project.entities.ms,1781856383166000000,1781856443166000000,0
workspaceModel.sync.entities.ms,1781856383166000000,1781856443166000000,0
jps.library.entities.serializer.save.entities.ms,1781856383166000000,1781856443166000000,0
workspaceModel.moduleBridge.update.option.ms,1781856383166000000,1781856443166000000,0
workspaceModel.global.apply.state.to.project.ms,1781856383166000000,1781856443166000000,0
workspaceModel.moduleManagerBridge.load.all.modules.ms,1781856383166000000,1781856443166000000,0
workspaceModel.load.cache.metadata.from.file.ms,1781856383166000000,1781856443166000000,0
jps.apply.loaded.storage.ms,1781856383166000000,1781856443166000000,0
jps.global.get.libraries.ms,1781856383166000000,1781856443166000000,0
workspaceModel.moduleBridge.before.changed.ms,1781856383166000000,1781856443166000000,0
workspaceModel.moduleManagerBridge.newModule.ms,1781856383166000000,1781856443166000000,0
workspaceModel.mutableEntityStorage.modify.entity.ms,1781856383166000000,1781856443166000000,0
workspaceModel.mutableEntityStorage.to.snapshot.ms,1781856383166000000,1781856443166000000,0
workspaceModel.orphan.listener.update.ms,1781856383166000000,1781856443166000000,0
jps.save.global.entities.ms,1781856383166000000,1781856443166000000,0
workspaceModel.global.apply.state.to.project.builder.ms,1781856383166000000,1781856443166000000,0
workspaceModel.mutableEntityStorage.referrers.ms,1781856383166000000,1781856443166000000,0
workspaceModel.moduleManagerBridge.build.module.graph.ms,1781856383166000000,1781856443166000000,0
workspaceModel.load.cache.from.file.ms,1781856383166000000,1781856443166000000,0
workspaceModel.mutableEntityStorage.entities.ms,1781856383166000000,1781856443166000000,0
jps.module.iml.entities.serializer.save.entities.ms,1781856383166000000,1781856443166000000,0
jps.global.initialize.library.bridges.after.loading.ms,1781856383166000000,1781856443166000000,0
workspaceModel.mutableEntityStorage.replace.by.source.ms,1781856383166000000,1781856443166000000,0
workspaceModel.mutableEntityStorage.changeLog.addReplaceEventForNewChild.ms,1781856383166000000,1781856443166000000,0
workspaceModel.mutableEntityStorage.has.same.entities.ms,1781856383166000000,1781856443166000000,0
workspaceModel.mutableEntityStorage.remove.entity.ms,1781856383166000000,1781856443166000000,0
workspaceModel.moduleManagerBridge.get.modules.ms,1781856383166000000,1781856443166000000,0
jps.global.initialize.library.bridges.ms,1781856383166000000,1781856443166000000,0
jps.library.entities.serializer.load.entities.ms,1781856383166000000,1781856443166000000,0
workspaceModel.mutableEntityStorage.mutable.vfurl.index.ms,1781856383166000000,1781856443166000000,0
jps.facet.change.listener.process.change.events.ms,1781856383166000000,1781856443166000000,0
jps.app.storage.content.writer.save.component.ms,1781856383166000000,1781856443166000000,0
workspaceModel.global.updates.count,1781856383166000000,1781856443166000000,0
workspaceModel.mutableEntityStorage.add.entity.ms,1781856383166000000,1781856443166000000,0
workspaceModel.mutableEntityStorage.hasReferrers.ms,1781856383166000000,1781856443166000000,0
workspaceModel.moduleManagerBridge.create.module.instance.ms,1781856383166000000,1781856443166000000,0
jps.module.dependency.index.workspace.model.listener.on.changed.ms,1781856383166000000,1781856443166000000,0
workspaceModel.mutableEntityStorage.put.entity.ms,1781856383166000000,1781856443166000000,0
workspaceModel.moduleManagerBridge.set.unloadedModules.ms,1781856383166000000,1781856443166000000,0
workspaceModel.mutableEntityStorage.mutable.ext.mapping.ms,1781856383166000000,1781856443166000000,0
jps.global.handle.changed.events.ms,1781856383166000000,1781856443166000000,0
jps.project.serializers.load.ms,1781856383166000000,1781856443166000000,0
jps.global.get.library.by.name.ms,1781856383166000000,1781856443166000000,0
jps.load.initial.state.ms,1781856383166000000,1781856443166000000,0
workspaceModel.mutableEntityStorage.changeLog.addReplaceEventForNewParent.ms,1781856383166000000,1781856443166000000,0
jps.reload.project.entities.ms,1781856383166000000,1781856443166000000,0
workspaceModel.do.save.caches.ms,1781856383166000000,1781856443166000000,0
workspaceModel.moduleManagerBridge.new.nonPersistent.module.ms,1781856383166000000,1781856443166000000,0
workspaceModel.mutableEntityStorage.changeLog.addReplaceEventForRemovedParent.ms,1781856383166000000,1781856443166000000,0
workspaceModel.mutableEntityStorage.entities.by.source.ms,1781856383166000000,1781856443166000000,0
workspaceModel.mutableEntityStorage.changeLog.addReplaceEventForRemovedChild.ms,1781856383166000000,1781856443166000000,0
jps.facet.change.listener.before.change.events.ms,1781856383166000000,1781856443166000000,0
jps.module.iml.entities.serializer.load.entities.ms,1781856383166000000,1781856443166000000,0
jps.artifact.entities.serializer.save.entities.ms,1781856383166000000,1781856443166000000,0
jps.project.serializers.save.ms,1781856383166000000,1781856443166000000,0
workspaceModel.mutableEntityStorage.resolve.ms,1781856383166000000,1781856443166000000,0
jps.load.project.to.empty.storage.ms,1781856383166000000,1781856443166000000,0
jps.global.get.library.ms,1781856383166000000,1781856443166000000,0
DiskQueryRelay.tasksRequested,1781856383166000000,1781856443166000000,0
writeAction.max.wait.ms,1781856383166000000,1781856443166000000,13
LowMemory.gcLoad,1781856383166000000,1781856443166000000,5.89605435015676E-6
writeAction.median.wait.ms,1781856383166000000,1781856443166000000,0
DiskQueryRelay.taskWaitingTotalTimeUs,1781856383166000000,1781856443166000000,0
DiskQueryRelay.taskExecutionTotalTimeUs,1781856383166000000,1781856443166000000,0
DiskQueryRelay.tasksExecuted,1781856383166000000,1781856443166000000,0
writeAction.wait.ms,1781856383166000000,1781856443166000000,0
writeAction.count,1781856383166000000,1781856443166000000,0
LowMemory.gcOverloaded,1781856383166000000,1781856443166000000,0
Indexes.stubs.lookupDurationMaxMs,1781856383166000000,1781856443166000000,0.0
Indexes.entries.lookupDurationAvgMs,1781856383166000000,1781856443166000000,0.0
Indexing.totalTimeIndexersSleptMs,1781856383166000000,1781856443166000000,0
Indexing.writer_3.totalTimeSpentWritingMs,1781856383166000000,1781856443166000000,0
Indexes.entries.lookups,1781856383166000000,1781856443166000000,0
Indexes.allKeys.lookupDurationAvgMs,1781856383166000000,1781856443166000000,0.0
Indexes.allKeys.lookupDurationMaxMs,1781856383166000000,1781856443166000000,0.0
Indexing.writesQueuedAvg,1781856383166000000,1781856443166000000,0.0
Indexes.stubs.lookups,1781856383166000000,1781856443166000000,0
Indexing.cache.totalCacheEvicted,1781856383166000000,1781856443166000000,0
Indexes.entries.lookupDurationMaxMs,1781856383166000000,1781856443166000000,0.0
Indexing.cache.totalCacheAccesses,1781856383166000000,1781856443166000000,0
Indexing.writer_0.totalTimeSpentWritingMs,1781856383166000000,1781856443166000000,0
Indexing.writer_1.totalTimeSpentWritingMs,1781856383166000000,1781856443166000000,0
Indexing.cache.totalCacheMisses,1781856383166000000,1781856443166000000,0
Indexing.writesQueuedMin,1781856383166000000,1781856443166000000,0
Indexing.writer_2.totalTimeSpentWritingMs,1781856383166000000,1781856443166000000,0
Indexes.entries.lookupDuration90PMs,1781856383166000000,1781856443166000000,0.0
Indexes.allKeys.lookupDuration90PMs,1781856383166000000,1781856443166000000,0.0
Indexes.stubs.lookupDuration90PMs,1781856383166000000,1781856443166000000,0.0
Indexes.stubs.lookupDurationAvgMs,1781856383166000000,1781856443166000000,0.0
Indexing.writesQueuedMax,1781856383166000000,1781856443166000000,0
Indexes.allKeys.lookups,1781856383166000000,1781856443166000000,0
VFS.invertedFileNameIndex.requests,1781856383166000000,1781856443166000000,0
VFS.folderCaseSensitivityReads,1781856383166000000,1781856443166000000,0
FileNameCache.queries,1781856383166000000,1781856443166000000,0
VFS.contentStorage.recordsDeduplicated,1781856383166000000,1781856443166000000,0
VFS.fileChildByName,1781856383166000000,1781856443166000000,0
VFS.contentStorage.recordsRead,1781856383166000000,1781856443166000000,0
VFS.contentStorage.recordsReadSize,1781856383166000000,1781856443166000000,0
VFS.contentStorage.recordsStored,1781856383166000000,1781856443166000000,0
VFS.cache.segmentsCreated,1781856383166000000,1781856443166000000,0
VFS.contentStorage.recordsReadDecompressed,1781856383166000000,1781856443166000000,0
FileNameCache.totalMisses,1781856383166000000,1781856443166000000,0
VFS.contentStorage.recordsStoredCompressed,1781856383166000000,1781856443166000000,0
VFS.cache.directoriesCreated,1781856383166000000,1781856443166000000,0
VFS.contentStorage.recordsDecompressionTimeUs,1781856383166000000,1781856443166000000,0
VFS.contentStorage.recordsUncompressedSize,1781856383166000000,1781856443166000000,0
VFS.fileByIdCache.hits,1781856383166000000,1781856443166000000,0
VFS.cache.segments,1781856383166000000,1781856443166000000,101.0
VFS.fileByIdCache.misses,1781856383166000000,1781856443166000000,0
VFS.cache.filesCreated,1781856383166000000,1781856443166000000,0
VFS.rootsCount,1781856383166000000,1781856443166000000,12.0
VFS.contentStorage.recordsStoredSize,1781856383166000000,1781856443166000000,0
JVM.maxHeapBytes,1781856383166000000,1781856443166000000,2147483648
JVM.totalCpuTimeMs,1781856383166000000,1781856443166000000,2420
JVM.maxThreadCount,1781856383166000000,1781856443166000000,143
JVM.GC.collectionTimesMs,1781856383166000000,1781856443166000000,0
MEM.fileMappingsRamBytes,1781856383166000000,1781856443166000000,231182336
MEM.ramPlusSwapMinusFileMappingsBytes,1781856383166000000,1781856443166000000,1540055040
JVM.usedHeapBytes,1781856383166000000,1781856443166000000,415090296
JVM.totalTimeToSafepointsMs,1781856383166000000,1781856443166000000,0
JVM.totalSafepointCount,1781856383166000000,1781856443166000000,0
MEM.ramBytes,1781856383166000000,1781856443166000000,1784082432
MEM.ramMinusFileMappingsBytes,1781856383166000000,1781856443166000000,1540055040
JVM.threadCount,1781856383166000000,1781856443166000000,62
JVM.totalDirectByteBuffersBytes,1781856383166000000,1781856443166000000,172138497
JVM.newThreadsCount,1781856383166000000,1781856443166000000,2
JVM.totalBytesAllocated,1781856383166000000,1781856443166000000,18678856
OS.loadAverage,1781856383166000000,1781856443166000000,0.01416015625
JVM.totalTimeAtSafepointsMs,1781856383166000000,1781856443166000000,0
JVM.usedNativeBytes,1781856383166000000,1781856443166000000,466178808
JVM.GC.collections,1781856383166000000,1781856443166000000,0
JVM.committedHeapBytes,1781856383166000000,1781856443166000000,652214272
DirectByteBufferAllocator.reclaimed,1781856383166000000,1781856443166000000,0
DirectByteBufferAllocator.hits,1781856383166000000,1781856443166000000,0
DirectByteBufferAllocator.totalSizeOfBuffersAllocatedInBytes,1781856383166000000,1781856443166000000,172023808
FilePageCache.totalPageLoadsUs,1781856383166000000,1781856443166000000,0
StreamlinedBlobStorage.recordsDeleted,1781856383166000000,1781856443166000000,0
StreamlinedBlobStorage.totalLiveRecordsPayloadBytes,1781856383166000000,1781856443166000000,0
StreamlinedBlobStorage.recordsRelocated,1781856383166000000,1781856443166000000,0
FilePageCache.pageFastCacheHits,1781856383166000000,1781856443166000000,0
DirectByteBufferAllocator.disposed,1781856383166000000,1781856443166000000,0
FilePageCache.maxRegisteredFiles,1781856383166000000,1781856443166000000,1652
MappedFileStorage.storages,1781856383166000000,1781856443166000000,15
FilePageCache.maxCacheSizeInBytes,1781856383166000000,1781856443166000000,629153792
FilePageCache.uncachedFileAccess,1781856383166000000,1781856443166000000,0
StreamlinedBlobStorage.recordsAllocated,1781856383166000000,1781856443166000000,0
FilePageCache.capacityInBytes,1781856383166000000,1781856443166000000,629145600
MappedFileStorage.totalBytesMapped,1781856383166000000,1781856443166000000,198443008
FilePageCache.pageLoads,1781856383166000000,1781856443166000000,0
StorageLockContext.competingThreads.max,1781856383166000000,1781856443166000000,0
MappedFileStorage.totalPagesMapped,1781856383166000000,1781856443166000000,15
StorageLockContext.competingThreads.avg,1781856383166000000,1781856443166000000,0.0
StorageLockContext.competingThreads.90P,1781856383166000000,1781856443166000000,0
DirectByteBufferAllocator.misses,1781856383166000000,1781856443166000000,0
StreamlinedBlobStorage.totalLiveRecordsCapacityBytes,1781856383166000000,1781856443166000000,0
FilePageCache.pageLoadsAboveSizeThreshold,1781856383166000000,1781856443166000000,0
DirectByteBufferAllocator.totalSizeOfBuffersCachedInBytes,1781856383166000000,1781856443166000000,41959424
MappedFileStorage.totalTimeSpentOnMappingUs,1781856383166000000,1781856443166000000,22669
FilePageCache.disposedBuffers,1781856383166000000,1781856443166000000,0
FilePageCache.totalPageDisposalsUs,1781856383166000000,1781856443166000000,0
FileChannelInterruptsRetryer.totalRetriedAttempts,1781856383166000000,1781856443166000000,0
FilePageCache.pageHits,1781856383166000000,1781856443166000000,0
cacheStateStorage.get.duration,1781856443166000000,1781856503166000000,0
cacheStateStorage.set.duration,1781856443166000000,1781856503166000000,6
cacheStateStorage.set.counter,1781856443166000000,1781856503166000000,1
cacheStateStorage.get.counter,1781856443166000000,1781856503166000000,1
workspaceModel.workspaceFileIndexData.onEntitiesChanged.ms,1781856443166000000,1781856503166000000,0
workspaceModel.update.unloaded.entities.ms,1781856443166000000,1781856503166000000,0
workspaceModel.pre.handlers.ms,1781856443166000000,1781856503166000000,0
workspaceModel.initializing.ms,1781856443166000000,1781856503166000000,0
workspaceModel.workspaceFileIndexData.processFileSets.ms,1781856443166000000,1781856503166000000,0
workspaceModel.workspaceFileIndexData.updateDirtyEntities.ms,1781856443166000000,1781856503166000000,0
workspaceModel.full.replace.project.model.ms,1781856443166000000,1781856503166000000,0
workspaceModel.workspaceFileIndexData.getDirectoriesByPackageName.ms,1781856443166000000,1781856503166000000,0
workspaceModel.workspaceFileIndexData.init.ms,1781856443166000000,1781856503166000000,0
workspaceModel.cachedValueWithParameters.from.cache.count,1781856443166000000,1781856503166000000,0
workspaceModel.updates.precise.ms,1781856443166000000,1781856503166000000,0
workspaceModel.cachedValue.clear.count,1781856443166000000,1781856503166000000,0
workspaceModel.updates.ms,1781856443166000000,1781856503166000000,0
workspaceModel.workspaceFileIndexData.instances.count,1781856443166000000,1781856503166000000,0
workspaceModel.to.snapshot.ms,1781856443166000000,1781856503166000000,0
workspaceModel.loading.from.cache.ms,1781856443166000000,1781856503166000000,0
workspaceModel.cachedValueWithParameters.total.get.count,1781856443166000000,1781856503166000000,0
workspaceModel.workspaceFileIndexData.getFileInfo.ms,1781856443166000000,1781856503166000000,7
workspaceModel.cachedValue.total.get.count,1781856443166000000,1781856503166000000,0
workspaceModel.collect.changes.ms,1781856443166000000,1781856503166000000,0
workspaceModel.check.recursive.update.ms,1781856443166000000,1781856503166000000,0
workspaceModel.workspaceFileIndexData.markDirty.ms,1781856443166000000,1781856503166000000,0
workspaceModel.replace.project.model.ms,1781856443166000000,1781856503166000000,0
workspaceModel.entityStorageSnapshotImpl.instances.count,1781856443166000000,1781856503166000000,0
workspaceModel.on.before.changed.ms,1781856443166000000,1781856503166000000,0
workspaceModel.init.bridges.ms,1781856443166000000,1781856503166000000,0
workspaceModel.loading.total.ms,1781856443166000000,1781856503166000000,0
workspaceModel.cachedValue.calculated.count,1781856443166000000,1781856503166000000,0
workspaceModel.workspaceFileIndexData.getPackageName.ms,1781856443166000000,1781856503166000000,0
workspaceModel.on.changed.ms,1781856443166000000,1781856503166000000,0
workspaceModel.updates.count,1781856443166000000,1781856503166000000,0
workspaceModel.cachedValueWithParameters.calculated.count,1781856443166000000,1781856503166000000,0
workspaceModel.workspaceFileIndexContributor.registerFileSets.ms,1781856443166000000,1781856503166000000,0
workspaceModel.cachedValueWithParameters.clear.count,1781856443166000000,1781856503166000000,0
workspaceModel.workspaceFileIndexData.visitFileSets.ms,1781856443166000000,1781856503166000000,2
workspaceModel.cachedValue.from.cache.count,1781856443166000000,1781856503166000000,0
AWTEventQueue.eventsDispatched,1781856443166000000,1781856503166000000,86
FlushQueue.queueSize90P,1781856443166000000,1781856503166000000,1
FlushQueue.waitingTimeAvgNs,1781856443166000000,1781856503166000000,498408.7272727273
NonBlockingReadAction.finalizedExecutionsCount,1781856443166000000,1781856503166000000,1
AWTEventQueue.dispatchTimeMaxNs,1781856443166000000,1781856503166000000,1785855
AWTEventQueue.dispatchTimeAvgNs,1781856443166000000,1781856503166000000,402971.5348837209
ReadAction.executionsCount,1781856443166000000,1781856503166000000,29777
AWTEventQueue.dispatchTime90PNs,1781856443166000000,1781856503166000000,716799
FlushQueue.queueSizeAvg,1781856443166000000,1781856503166000000,0.36363636363636365
FlushQueue.executionTimeAvgNs,1781856443166000000,1781856503166000000,227525.81818181818
FlushQueue.waitingTimeMaxNs,1781856443166000000,1781856503166000000,1064959
FlushQueue.executionTimeMaxNs,1781856443166000000,1781856503166000000,585727
NonBlockingReadAction.finalizedExecutionTimeUs,1781856443166000000,1781856503166000000,2362
FlushQueue.executionTime90PNs,1781856443166000000,1781856503166000000,489471
FlushQueue.tasksExecuted,1781856443166000000,1781856503166000000,11
WriteAction.executionsCount,1781856443166000000,1781856503166000000,0
FlushQueue.waitingTime90PNs,1781856443166000000,1781856503166000000,741375
NonBlockingReadAction.failedExecutionsCount,1781856443166000000,1781856503166000000,0
AWTEventQueue.dispatchTimeTotalNS,1781856443166000000,1781856503166000000,34649817
NonBlockingReadAction.failedExecutionTimeUs,1781856443166000000,1781856503166000000,0
FlushQueue.queueSizeMax,1781856443166000000,1781856503166000000,1
compiler.ArtifactManagerBridge.commit.ms,1781856443166000000,1781856503166000000,0
compiler.ArtifactManagerBridge.dropMappings.ms,1781856443166000000,1781856503166000000,0
compiler.ArtifactManagerBridge.findArtifact.ms,1781856443166000000,1781856503166000000,0
compiler.ArtifactVirtualFileListener.filePathChanged.ms,1781856443166000000,1781856503166000000,0
compiler.ArtifactManagerBridge.getArtifactsByType.ms,1781856443166000000,1781856503166000000,0
compiler.ArtifactVirtualFileListener.propertyChanged.ms,1781856443166000000,1781856503166000000,0
compiler.ArtifactManagerBridge.initBridges.ms,1781856443166000000,1781856503166000000,0
compiler.ArtifactManagerBridge.getArtifacts.ms,1781856443166000000,1781856503166000000,0
compiler.ArtifactManagerBridge.addArtifact.ms,1781856443166000000,1781856503166000000,0
workspaceModel.mutableEntityStorage.apply.changes.from.ms,1781856443166000000,1781856503166000000,0
jps.global.handle.before.change.events.ms,1781856443166000000,1781856503166000000,0
workspaceModel.moduleManagerBridge.load.module.ms,1781856443166000000,1781856503166000000,0
workspaceModel.global.updates.ms,1781856443166000000,1781856503166000000,0
jps.app.storage.content.reader.load.component.ms,1781856443166000000,1781856503166000000,0
jps.facet.change.listener.init.bridge.ms,1781856443166000000,1781856503166000000,0
workspaceModel.moduleBridgeLoader.loading.modules.ms,1781856443166000000,1781856503166000000,0
jps.artifact.entities.serializer.load.entities.ms,1781856443166000000,1781856503166000000,0
workspaceModel.mutableEntityStorage.collect.changes.ms,1781856443166000000,1781856503166000000,0
workspaceModel.mutableEntityStorage.instances.count,1781856443166000000,1781856503166000000,0
workspaceModel.save.cache.to.file.ms,1781856443166000000,1781856503166000000,0
jps.storage.jps.conf.reader.load.component.ms,1781856443166000000,1781856503166000000,0
workspaceModel.moduleBridge.facet.initialization.ms,1781856443166000000,1781856503166000000,0
workspaceModel.delayed.project.synchronizer.sync.ms,1781856443166000000,1781856503166000000,0
jps.save.changed.project.entities.ms,1781856443166000000,1781856503166000000,0
workspaceModel.sync.entities.ms,1781856443166000000,1781856503166000000,0
jps.library.entities.serializer.save.entities.ms,1781856443166000000,1781856503166000000,0
workspaceModel.moduleBridge.update.option.ms,1781856443166000000,1781856503166000000,0
workspaceModel.global.apply.state.to.project.ms,1781856443166000000,1781856503166000000,0
workspaceModel.moduleManagerBridge.load.all.modules.ms,1781856443166000000,1781856503166000000,0
workspaceModel.load.cache.metadata.from.file.ms,1781856443166000000,1781856503166000000,0
jps.apply.loaded.storage.ms,1781856443166000000,1781856503166000000,0
jps.global.get.libraries.ms,1781856443166000000,1781856503166000000,0
workspaceModel.moduleBridge.before.changed.ms,1781856443166000000,1781856503166000000,0
workspaceModel.moduleManagerBridge.newModule.ms,1781856443166000000,1781856503166000000,0
workspaceModel.mutableEntityStorage.modify.entity.ms,1781856443166000000,1781856503166000000,0
workspaceModel.mutableEntityStorage.to.snapshot.ms,1781856443166000000,1781856503166000000,0
workspaceModel.orphan.listener.update.ms,1781856443166000000,1781856503166000000,0
jps.save.global.entities.ms,1781856443166000000,1781856503166000000,0
workspaceModel.global.apply.state.to.project.builder.ms,1781856443166000000,1781856503166000000,0
workspaceModel.mutableEntityStorage.referrers.ms,1781856443166000000,1781856503166000000,0
workspaceModel.moduleManagerBridge.build.module.graph.ms,1781856443166000000,1781856503166000000,0
workspaceModel.load.cache.from.file.ms,1781856443166000000,1781856503166000000,0
workspaceModel.mutableEntityStorage.entities.ms,1781856443166000000,1781856503166000000,0
jps.module.iml.entities.serializer.save.entities.ms,1781856443166000000,1781856503166000000,0
jps.global.initialize.library.bridges.after.loading.ms,1781856443166000000,1781856503166000000,0
workspaceModel.mutableEntityStorage.replace.by.source.ms,1781856443166000000,1781856503166000000,0
workspaceModel.mutableEntityStorage.changeLog.addReplaceEventForNewChild.ms,1781856443166000000,1781856503166000000,0
workspaceModel.mutableEntityStorage.has.same.entities.ms,1781856443166000000,1781856503166000000,0
workspaceModel.mutableEntityStorage.remove.entity.ms,1781856443166000000,1781856503166000000,0
workspaceModel.moduleManagerBridge.get.modules.ms,1781856443166000000,1781856503166000000,0
jps.global.initialize.library.bridges.ms,1781856443166000000,1781856503166000000,0
jps.library.entities.serializer.load.entities.ms,1781856443166000000,1781856503166000000,0
workspaceModel.mutableEntityStorage.mutable.vfurl.index.ms,1781856443166000000,1781856503166000000,0
jps.facet.change.listener.process.change.events.ms,1781856443166000000,1781856503166000000,0
jps.app.storage.content.writer.save.component.ms,1781856443166000000,1781856503166000000,0
workspaceModel.global.updates.count,1781856443166000000,1781856503166000000,0
workspaceModel.mutableEntityStorage.add.entity.ms,1781856443166000000,1781856503166000000,0
workspaceModel.mutableEntityStorage.hasReferrers.ms,1781856443166000000,1781856503166000000,0
workspaceModel.moduleManagerBridge.create.module.instance.ms,1781856443166000000,1781856503166000000,0
jps.module.dependency.index.workspace.model.listener.on.changed.ms,1781856443166000000,1781856503166000000,0
workspaceModel.mutableEntityStorage.put.entity.ms,1781856443166000000,1781856503166000000,0
workspaceModel.moduleManagerBridge.set.unloadedModules.ms,1781856443166000000,1781856503166000000,0
workspaceModel.mutableEntityStorage.mutable.ext.mapping.ms,1781856443166000000,1781856503166000000,0
jps.global.handle.changed.events.ms,1781856443166000000,1781856503166000000,0
jps.project.serializers.load.ms,1781856443166000000,1781856503166000000,0
jps.global.get.library.by.name.ms,1781856443166000000,1781856503166000000,0
jps.load.initial.state.ms,1781856443166000000,1781856503166000000,0
workspaceModel.mutableEntityStorage.changeLog.addReplaceEventForNewParent.ms,1781856443166000000,1781856503166000000,0
jps.reload.project.entities.ms,1781856443166000000,1781856503166000000,0
workspaceModel.do.save.caches.ms,1781856443166000000,1781856503166000000,0
workspaceModel.moduleManagerBridge.new.nonPersistent.module.ms,1781856443166000000,1781856503166000000,0
workspaceModel.mutableEntityStorage.changeLog.addReplaceEventForRemovedParent.ms,1781856443166000000,1781856503166000000,0
workspaceModel.mutableEntityStorage.entities.by.source.ms,1781856443166000000,1781856503166000000,0
workspaceModel.mutableEntityStorage.changeLog.addReplaceEventForRemovedChild.ms,1781856443166000000,1781856503166000000,0
jps.facet.change.listener.before.change.events.ms,1781856443166000000,1781856503166000000,0
jps.module.iml.entities.serializer.load.entities.ms,1781856443166000000,1781856503166000000,0
jps.artifact.entities.serializer.save.entities.ms,1781856443166000000,1781856503166000000,0
jps.project.serializers.save.ms,1781856443166000000,1781856503166000000,0
workspaceModel.mutableEntityStorage.resolve.ms,1781856443166000000,1781856503166000000,0
jps.load.project.to.empty.storage.ms,1781856443166000000,1781856503166000000,0
jps.global.get.library.ms,1781856443166000000,1781856503166000000,0
DiskQueryRelay.tasksRequested,1781856443166000000,1781856503166000000,0
writeAction.max.wait.ms,1781856443166000000,1781856503166000000,13
LowMemory.gcLoad,1781856443166000000,1781856503166000000,3.0269670686085893E-6
writeAction.median.wait.ms,1781856443166000000,1781856503166000000,0
DiskQueryRelay.taskWaitingTotalTimeUs,1781856443166000000,1781856503166000000,0
DiskQueryRelay.taskExecutionTotalTimeUs,1781856443166000000,1781856503166000000,0
DiskQueryRelay.tasksExecuted,1781856443166000000,1781856503166000000,0
writeAction.wait.ms,1781856443166000000,1781856503166000000,0
writeAction.count,1781856443166000000,1781856503166000000,0
LowMemory.gcOverloaded,1781856443166000000,1781856503166000000,0
Indexes.stubs.lookupDurationMaxMs,1781856443166000000,1781856503166000000,0.0
Indexes.entries.lookupDurationAvgMs,1781856443166000000,1781856503166000000,0.0
Indexing.totalTimeIndexersSleptMs,1781856443166000000,1781856503166000000,0
Indexing.writer_3.totalTimeSpentWritingMs,1781856443166000000,1781856503166000000,0
Indexes.entries.lookups,1781856443166000000,1781856503166000000,0
Indexes.allKeys.lookupDurationAvgMs,1781856443166000000,1781856503166000000,0.0
Indexes.allKeys.lookupDurationMaxMs,1781856443166000000,1781856503166000000,0.0
Indexing.writesQueuedAvg,1781856443166000000,1781856503166000000,0.0
Indexes.stubs.lookups,1781856443166000000,1781856503166000000,0
Indexing.cache.totalCacheEvicted,1781856443166000000,1781856503166000000,0
Indexes.entries.lookupDurationMaxMs,1781856443166000000,1781856503166000000,0.0
Indexing.cache.totalCacheAccesses,1781856443166000000,1781856503166000000,0
Indexing.writer_0.totalTimeSpentWritingMs,1781856443166000000,1781856503166000000,0
Indexing.writer_1.totalTimeSpentWritingMs,1781856443166000000,1781856503166000000,0
Indexing.cache.totalCacheMisses,1781856443166000000,1781856503166000000,0
Indexing.writesQueuedMin,1781856443166000000,1781856503166000000,0
Indexing.writer_2.totalTimeSpentWritingMs,1781856443166000000,1781856503166000000,0
Indexes.entries.lookupDuration90PMs,1781856443166000000,1781856503166000000,0.0
Indexes.allKeys.lookupDuration90PMs,1781856443166000000,1781856503166000000,0.0
Indexes.stubs.lookupDuration90PMs,1781856443166000000,1781856503166000000,0.0
Indexes.stubs.lookupDurationAvgMs,1781856443166000000,1781856503166000000,0.0
Indexing.writesQueuedMax,1781856443166000000,1781856503166000000,0
Indexes.allKeys.lookups,1781856443166000000,1781856503166000000,0
VFS.invertedFileNameIndex.requests,1781856443166000000,1781856503166000000,0
VFS.folderCaseSensitivityReads,1781856443166000000,1781856503166000000,0
FileNameCache.queries,1781856443166000000,1781856503166000000,64
VFS.contentStorage.recordsDeduplicated,1781856443166000000,1781856503166000000,0
VFS.fileChildByName,1781856443166000000,1781856503166000000,35
VFS.contentStorage.recordsRead,1781856443166000000,1781856503166000000,0
VFS.contentStorage.recordsReadSize,1781856443166000000,1781856503166000000,0
VFS.contentStorage.recordsStored,1781856443166000000,1781856503166000000,0
VFS.cache.segmentsCreated,1781856443166000000,1781856503166000000,0
VFS.contentStorage.recordsReadDecompressed,1781856443166000000,1781856503166000000,0
FileNameCache.totalMisses,1781856443166000000,1781856503166000000,0
VFS.contentStorage.recordsStoredCompressed,1781856443166000000,1781856503166000000,0
VFS.cache.directoriesCreated,1781856443166000000,1781856503166000000,0
VFS.contentStorage.recordsDecompressionTimeUs,1781856443166000000,1781856503166000000,0
VFS.contentStorage.recordsUncompressedSize,1781856443166000000,1781856503166000000,0
VFS.fileByIdCache.hits,1781856443166000000,1781856503166000000,0
VFS.cache.segments,1781856443166000000,1781856503166000000,101.0
VFS.fileByIdCache.misses,1781856443166000000,1781856503166000000,0
VFS.cache.filesCreated,1781856443166000000,1781856503166000000,28716
VFS.rootsCount,1781856443166000000,1781856503166000000,12.0
VFS.contentStorage.recordsStoredSize,1781856443166000000,1781856503166000000,0
JVM.maxHeapBytes,1781856443166000000,1781856503166000000,2147483648
JVM.totalCpuTimeMs,1781856443166000000,1781856503166000000,2390
JVM.maxThreadCount,1781856443166000000,1781856503166000000,143
JVM.GC.collectionTimesMs,1781856443166000000,1781856503166000000,0
MEM.fileMappingsRamBytes,1781856443166000000,1781856503166000000,231313408
MEM.ramPlusSwapMinusFileMappingsBytes,1781856443166000000,1781856503166000000,1541103616
JVM.usedHeapBytes,1781856443166000000,1781856503166000000,444450424
JVM.totalTimeToSafepointsMs,1781856443166000000,1781856503166000000,0
JVM.totalSafepointCount,1781856443166000000,1781856503166000000,0
MEM.ramBytes,1781856443166000000,1781856503166000000,1785262080
MEM.ramMinusFileMappingsBytes,1781856443166000000,1781856503166000000,1541103616
JVM.threadCount,1781856443166000000,1781856503166000000,61
JVM.totalDirectByteBuffersBytes,1781856443166000000,1781856503166000000,172138497
JVM.newThreadsCount,1781856443166000000,1781856503166000000,0
JVM.totalBytesAllocated,1781856443166000000,1781856503166000000,29116104
OS.loadAverage,1781856443166000000,1781856503166000000,0.04150390625
JVM.totalTimeAtSafepointsMs,1781856443166000000,1781856503166000000,0
JVM.usedNativeBytes,1781856443166000000,1781856503166000000,466950656
JVM.GC.collections,1781856443166000000,1781856503166000000,0
JVM.committedHeapBytes,1781856443166000000,1781856503166000000,652214272
DirectByteBufferAllocator.reclaimed,1781856443166000000,1781856503166000000,0
DirectByteBufferAllocator.hits,1781856443166000000,1781856503166000000,0
DirectByteBufferAllocator.totalSizeOfBuffersAllocatedInBytes,1781856443166000000,1781856503166000000,172023808
FilePageCache.totalPageLoadsUs,1781856443166000000,1781856503166000000,0
StreamlinedBlobStorage.recordsDeleted,1781856443166000000,1781856503166000000,0
StreamlinedBlobStorage.totalLiveRecordsPayloadBytes,1781856443166000000,1781856503166000000,0
StreamlinedBlobStorage.recordsRelocated,1781856443166000000,1781856503166000000,0
FilePageCache.pageFastCacheHits,1781856443166000000,1781856503166000000,0
DirectByteBufferAllocator.disposed,1781856443166000000,1781856503166000000,0
FilePageCache.maxRegisteredFiles,1781856443166000000,1781856503166000000,1652
MappedFileStorage.storages,1781856443166000000,1781856503166000000,15
FilePageCache.maxCacheSizeInBytes,1781856443166000000,1781856503166000000,629153792
FilePageCache.uncachedFileAccess,1781856443166000000,1781856503166000000,0
StreamlinedBlobStorage.recordsAllocated,1781856443166000000,1781856503166000000,0
FilePageCache.capacityInBytes,1781856443166000000,1781856503166000000,629145600
MappedFileStorage.totalBytesMapped,1781856443166000000,1781856503166000000,198443008
FilePageCache.pageLoads,1781856443166000000,1781856503166000000,0
StorageLockContext.competingThreads.max,1781856443166000000,1781856503166000000,0
MappedFileStorage.totalPagesMapped,1781856443166000000,1781856503166000000,15
StorageLockContext.competingThreads.avg,1781856443166000000,1781856503166000000,0.0
StorageLockContext.competingThreads.90P,1781856443166000000,1781856503166000000,0
DirectByteBufferAllocator.misses,1781856443166000000,1781856503166000000,0
StreamlinedBlobStorage.totalLiveRecordsCapacityBytes,1781856443166000000,1781856503166000000,0
FilePageCache.pageLoadsAboveSizeThreshold,1781856443166000000,1781856503166000000,0
DirectByteBufferAllocator.totalSizeOfBuffersCachedInBytes,1781856443166000000,1781856503166000000,41959424
MappedFileStorage.totalTimeSpentOnMappingUs,1781856443166000000,1781856503166000000,22669
FilePageCache.disposedBuffers,1781856443166000000,1781856503166000000,0
FilePageCache.totalPageDisposalsUs,1781856443166000000,1781856503166000000,0
FileChannelInterruptsRetryer.totalRetriedAttempts,1781856443166000000,1781856503166000000,0
FilePageCache.pageHits,1781856443166000000,1781856503166000000,0
cacheStateStorage.get.duration,1781856503166000000,1781856563166000000,0
cacheStateStorage.set.duration,1781856503166000000,1781856563166000000,0
cacheStateStorage.set.counter,1781856503166000000,1781856563166000000,0
cacheStateStorage.get.counter,1781856503166000000,1781856563166000000,0
workspaceModel.workspaceFileIndexData.onEntitiesChanged.ms,1781856503166000000,1781856563166000000,0
workspaceModel.update.unloaded.entities.ms,1781856503166000000,1781856563166000000,0
workspaceModel.pre.handlers.ms,1781856503166000000,1781856563166000000,0
workspaceModel.initializing.ms,1781856503166000000,1781856563166000000,0
workspaceModel.workspaceFileIndexData.processFileSets.ms,1781856503166000000,1781856563166000000,0
workspaceModel.workspaceFileIndexData.updateDirtyEntities.ms,1781856503166000000,1781856563166000000,0
workspaceModel.full.replace.project.model.ms,1781856503166000000,1781856563166000000,0
workspaceModel.workspaceFileIndexData.getDirectoriesByPackageName.ms,1781856503166000000,1781856563166000000,0
workspaceModel.workspaceFileIndexData.init.ms,1781856503166000000,1781856563166000000,0
workspaceModel.cachedValueWithParameters.from.cache.count,1781856503166000000,1781856563166000000,0
workspaceModel.updates.precise.ms,1781856503166000000,1781856563166000000,0
workspaceModel.cachedValue.clear.count,1781856503166000000,1781856563166000000,0
workspaceModel.updates.ms,1781856503166000000,1781856563166000000,0
workspaceModel.workspaceFileIndexData.instances.count,1781856503166000000,1781856563166000000,0
workspaceModel.to.snapshot.ms,1781856503166000000,1781856563166000000,0
workspaceModel.loading.from.cache.ms,1781856503166000000,1781856563166000000,0
workspaceModel.cachedValueWithParameters.total.get.count,1781856503166000000,1781856563166000000,0
workspaceModel.workspaceFileIndexData.getFileInfo.ms,1781856503166000000,1781856563166000000,0
workspaceModel.cachedValue.total.get.count,1781856503166000000,1781856563166000000,0
workspaceModel.collect.changes.ms,1781856503166000000,1781856563166000000,0
workspaceModel.check.recursive.update.ms,1781856503166000000,1781856563166000000,0
workspaceModel.workspaceFileIndexData.markDirty.ms,1781856503166000000,1781856563166000000,0
workspaceModel.replace.project.model.ms,1781856503166000000,1781856563166000000,0
workspaceModel.entityStorageSnapshotImpl.instances.count,1781856503166000000,1781856563166000000,0
workspaceModel.on.before.changed.ms,1781856503166000000,1781856563166000000,0
workspaceModel.init.bridges.ms,1781856503166000000,1781856563166000000,0
workspaceModel.loading.total.ms,1781856503166000000,1781856563166000000,0
workspaceModel.cachedValue.calculated.count,1781856503166000000,1781856563166000000,0
workspaceModel.workspaceFileIndexData.getPackageName.ms,1781856503166000000,1781856563166000000,0
workspaceModel.on.changed.ms,1781856503166000000,1781856563166000000,0
workspaceModel.updates.count,1781856503166000000,1781856563166000000,0
workspaceModel.cachedValueWithParameters.calculated.count,1781856503166000000,1781856563166000000,0
workspaceModel.workspaceFileIndexContributor.registerFileSets.ms,1781856503166000000,1781856563166000000,0
workspaceModel.cachedValueWithParameters.clear.count,1781856503166000000,1781856563166000000,0
workspaceModel.workspaceFileIndexData.visitFileSets.ms,1781856503166000000,1781856563166000000,0
workspaceModel.cachedValue.from.cache.count,1781856503166000000,1781856563166000000,0
AWTEventQueue.eventsDispatched,1781856503166000000,1781856563166000000,88
FlushQueue.queueSize90P,1781856503166000000,1781856563166000000,1
FlushQueue.waitingTimeAvgNs,1781856503166000000,1781856563166000000,405173.3333333333
NonBlockingReadAction.finalizedExecutionsCount,1781856503166000000,1781856563166000000,0
AWTEventQueue.dispatchTimeMaxNs,1781856503166000000,1781856563166000000,4456447
AWTEventQueue.dispatchTimeAvgNs,1781856503166000000,1781856563166000000,364826.54545454547
ReadAction.executionsCount,1781856503166000000,1781856563166000000,2323
AWTEventQueue.dispatchTime90PNs,1781856503166000000,1781856563166000000,622591
FlushQueue.queueSizeAvg,1781856503166000000,1781856563166000000,0.25
FlushQueue.executionTimeAvgNs,1781856503166000000,1781856563166000000,461621.3333333333
FlushQueue.waitingTimeMaxNs,1781856503166000000,1781856563166000000,835583
FlushQueue.executionTimeMaxNs,1781856503166000000,1781856563166000000,4112383
NonBlockingReadAction.finalizedExecutionTimeUs,1781856503166000000,1781856563166000000,0
FlushQueue.executionTime90PNs,1781856503166000000,1781856563166000000,280575
FlushQueue.tasksExecuted,1781856503166000000,1781856563166000000,12
WriteAction.executionsCount,1781856503166000000,1781856563166000000,0
FlushQueue.waitingTime90PNs,1781856503166000000,1781856563166000000,745471
NonBlockingReadAction.failedExecutionsCount,1781856503166000000,1781856563166000000,0
AWTEventQueue.dispatchTimeTotalNS,1781856503166000000,1781856563166000000,32104991
NonBlockingReadAction.failedExecutionTimeUs,1781856503166000000,1781856563166000000,0
FlushQueue.queueSizeMax,1781856503166000000,1781856563166000000,1
compiler.ArtifactManagerBridge.commit.ms,1781856503166000000,1781856563166000000,0
compiler.ArtifactManagerBridge.dropMappings.ms,1781856503166000000,1781856563166000000,0
compiler.ArtifactManagerBridge.findArtifact.ms,1781856503166000000,1781856563166000000,0
compiler.ArtifactVirtualFileListener.filePathChanged.ms,1781856503166000000,1781856563166000000,0
compiler.ArtifactManagerBridge.getArtifactsByType.ms,1781856503166000000,1781856563166000000,0
compiler.ArtifactVirtualFileListener.propertyChanged.ms,1781856503166000000,1781856563166000000,0
compiler.ArtifactManagerBridge.initBridges.ms,1781856503166000000,1781856563166000000,0
compiler.ArtifactManagerBridge.getArtifacts.ms,1781856503166000000,1781856563166000000,0
compiler.ArtifactManagerBridge.addArtifact.ms,1781856503166000000,1781856563166000000,0
workspaceModel.mutableEntityStorage.apply.changes.from.ms,1781856503166000000,1781856563166000000,0
jps.global.handle.before.change.events.ms,1781856503166000000,1781856563166000000,0
workspaceModel.moduleManagerBridge.load.module.ms,1781856503166000000,1781856563166000000,0
workspaceModel.global.updates.ms,1781856503166000000,1781856563166000000,0
jps.app.storage.content.reader.load.component.ms,1781856503166000000,1781856563166000000,0
jps.facet.change.listener.init.bridge.ms,1781856503166000000,1781856563166000000,0
workspaceModel.moduleBridgeLoader.loading.modules.ms,1781856503166000000,1781856563166000000,0
jps.artifact.entities.serializer.load.entities.ms,1781856503166000000,1781856563166000000,0
workspaceModel.mutableEntityStorage.collect.changes.ms,1781856503166000000,1781856563166000000,0
workspaceModel.mutableEntityStorage.instances.count,1781856503166000000,1781856563166000000,0
workspaceModel.save.cache.to.file.ms,1781856503166000000,1781856563166000000,0
jps.storage.jps.conf.reader.load.component.ms,1781856503166000000,1781856563166000000,0
workspaceModel.moduleBridge.facet.initialization.ms,1781856503166000000,1781856563166000000,0
workspaceModel.delayed.project.synchronizer.sync.ms,1781856503166000000,1781856563166000000,0
jps.save.changed.project.entities.ms,1781856503166000000,1781856563166000000,0
workspaceModel.sync.entities.ms,1781856503166000000,1781856563166000000,0
jps.library.entities.serializer.save.entities.ms,1781856503166000000,1781856563166000000,0
workspaceModel.moduleBridge.update.option.ms,1781856503166000000,1781856563166000000,0
workspaceModel.global.apply.state.to.project.ms,1781856503166000000,1781856563166000000,0
workspaceModel.moduleManagerBridge.load.all.modules.ms,1781856503166000000,1781856563166000000,0
workspaceModel.load.cache.metadata.from.file.ms,1781856503166000000,1781856563166000000,0
jps.apply.loaded.storage.ms,1781856503166000000,1781856563166000000,0
jps.global.get.libraries.ms,1781856503166000000,1781856563166000000,0
workspaceModel.moduleBridge.before.changed.ms,1781856503166000000,1781856563166000000,0
workspaceModel.moduleManagerBridge.newModule.ms,1781856503166000000,1781856563166000000,0
workspaceModel.mutableEntityStorage.modify.entity.ms,1781856503166000000,1781856563166000000,0
workspaceModel.mutableEntityStorage.to.snapshot.ms,1781856503166000000,1781856563166000000,0
workspaceModel.orphan.listener.update.ms,1781856503166000000,1781856563166000000,0
jps.save.global.entities.ms,1781856503166000000,1781856563166000000,0
workspaceModel.global.apply.state.to.project.builder.ms,1781856503166000000,1781856563166000000,0
workspaceModel.mutableEntityStorage.referrers.ms,1781856503166000000,1781856563166000000,0
workspaceModel.moduleManagerBridge.build.module.graph.ms,1781856503166000000,1781856563166000000,0
workspaceModel.load.cache.from.file.ms,1781856503166000000,1781856563166000000,0
workspaceModel.mutableEntityStorage.entities.ms,1781856503166000000,1781856563166000000,0
jps.module.iml.entities.serializer.save.entities.ms,1781856503166000000,1781856563166000000,0
jps.global.initialize.library.bridges.after.loading.ms,1781856503166000000,1781856563166000000,0
workspaceModel.mutableEntityStorage.replace.by.source.ms,1781856503166000000,1781856563166000000,0
workspaceModel.mutableEntityStorage.changeLog.addReplaceEventForNewChild.ms,1781856503166000000,1781856563166000000,0
workspaceModel.mutableEntityStorage.has.same.entities.ms,1781856503166000000,1781856563166000000,0
workspaceModel.mutableEntityStorage.remove.entity.ms,1781856503166000000,1781856563166000000,0
workspaceModel.moduleManagerBridge.get.modules.ms,1781856503166000000,1781856563166000000,0
jps.global.initialize.library.bridges.ms,1781856503166000000,1781856563166000000,0
jps.library.entities.serializer.load.entities.ms,1781856503166000000,1781856563166000000,0
workspaceModel.mutableEntityStorage.mutable.vfurl.index.ms,1781856503166000000,1781856563166000000,0
jps.facet.change.listener.process.change.events.ms,1781856503166000000,1781856563166000000,0
jps.app.storage.content.writer.save.component.ms,1781856503166000000,1781856563166000000,0
workspaceModel.global.updates.count,1781856503166000000,1781856563166000000,0
workspaceModel.mutableEntityStorage.add.entity.ms,1781856503166000000,1781856563166000000,0
workspaceModel.mutableEntityStorage.hasReferrers.ms,1781856503166000000,1781856563166000000,0
workspaceModel.moduleManagerBridge.create.module.instance.ms,1781856503166000000,1781856563166000000,0
jps.module.dependency.index.workspace.model.listener.on.changed.ms,1781856503166000000,1781856563166000000,0
workspaceModel.mutableEntityStorage.put.entity.ms,1781856503166000000,1781856563166000000,0
workspaceModel.moduleManagerBridge.set.unloadedModules.ms,1781856503166000000,1781856563166000000,0
workspaceModel.mutableEntityStorage.mutable.ext.mapping.ms,1781856503166000000,1781856563166000000,0
jps.global.handle.changed.events.ms,1781856503166000000,1781856563166000000,0
jps.project.serializers.load.ms,1781856503166000000,1781856563166000000,0
jps.global.get.library.by.name.ms,1781856503166000000,1781856563166000000,0
jps.load.initial.state.ms,1781856503166000000,1781856563166000000,0
workspaceModel.mutableEntityStorage.changeLog.addReplaceEventForNewParent.ms,1781856503166000000,1781856563166000000,0
jps.reload.project.entities.ms,1781856503166000000,1781856563166000000,0
workspaceModel.do.save.caches.ms,1781856503166000000,1781856563166000000,0
workspaceModel.moduleManagerBridge.new.nonPersistent.module.ms,1781856503166000000,1781856563166000000,0
workspaceModel.mutableEntityStorage.changeLog.addReplaceEventForRemovedParent.ms,1781856503166000000,1781856563166000000,0
workspaceModel.mutableEntityStorage.entities.by.source.ms,1781856503166000000,1781856563166000000,0
workspaceModel.mutableEntityStorage.changeLog.addReplaceEventForRemovedChild.ms,1781856503166000000,1781856563166000000,0
jps.facet.change.listener.before.change.events.ms,1781856503166000000,1781856563166000000,0
jps.module.iml.entities.serializer.load.entities.ms,1781856503166000000,1781856563166000000,0
jps.artifact.entities.serializer.save.entities.ms,1781856503166000000,1781856563166000000,0
jps.project.serializers.save.ms,1781856503166000000,1781856563166000000,0
workspaceModel.mutableEntityStorage.resolve.ms,1781856503166000000,1781856563166000000,0
jps.load.project.to.empty.storage.ms,1781856503166000000,1781856563166000000,0
jps.global.get.library.ms,1781856503166000000,1781856563166000000,0
DiskQueryRelay.tasksRequested,1781856503166000000,1781856563166000000,0
writeAction.max.wait.ms,1781856503166000000,1781856563166000000,13
LowMemory.gcLoad,1781856503166000000,1781856563166000000,1.554010375463596E-6
writeAction.median.wait.ms,1781856503166000000,1781856563166000000,0
DiskQueryRelay.taskWaitingTotalTimeUs,1781856503166000000,1781856563166000000,0
DiskQueryRelay.taskExecutionTotalTimeUs,1781856503166000000,1781856563166000000,0
DiskQueryRelay.tasksExecuted,1781856503166000000,1781856563166000000,0
writeAction.wait.ms,1781856503166000000,1781856563166000000,0
writeAction.count,1781856503166000000,1781856563166000000,0
LowMemory.gcOverloaded,1781856503166000000,1781856563166000000,0
Indexes.stubs.lookupDurationMaxMs,1781856503166000000,1781856563166000000,0.0
Indexes.entries.lookupDurationAvgMs,1781856503166000000,1781856563166000000,0.0
Indexing.totalTimeIndexersSleptMs,1781856503166000000,1781856563166000000,0
Indexing.writer_3.totalTimeSpentWritingMs,1781856503166000000,1781856563166000000,0
Indexes.entries.lookups,1781856503166000000,1781856563166000000,0
Indexes.allKeys.lookupDurationAvgMs,1781856503166000000,1781856563166000000,0.0
Indexes.allKeys.lookupDurationMaxMs,1781856503166000000,1781856563166000000,0.0
Indexing.writesQueuedAvg,1781856503166000000,1781856563166000000,0.0
Indexes.stubs.lookups,1781856503166000000,1781856563166000000,0
Indexing.cache.totalCacheEvicted,1781856503166000000,1781856563166000000,0
Indexes.entries.lookupDurationMaxMs,1781856503166000000,1781856563166000000,0.0
Indexing.cache.totalCacheAccesses,1781856503166000000,1781856563166000000,0
Indexing.writer_0.totalTimeSpentWritingMs,1781856503166000000,1781856563166000000,0
Indexing.writer_1.totalTimeSpentWritingMs,1781856503166000000,1781856563166000000,0
Indexing.cache.totalCacheMisses,1781856503166000000,1781856563166000000,0
Indexing.writesQueuedMin,1781856503166000000,1781856563166000000,0
Indexing.writer_2.totalTimeSpentWritingMs,1781856503166000000,1781856563166000000,0
Indexes.entries.lookupDuration90PMs,1781856503166000000,1781856563166000000,0.0
Indexes.allKeys.lookupDuration90PMs,1781856503166000000,1781856563166000000,0.0
Indexes.stubs.lookupDuration90PMs,1781856503166000000,1781856563166000000,0.0
Indexes.stubs.lookupDurationAvgMs,1781856503166000000,1781856563166000000,0.0
Indexing.writesQueuedMax,1781856503166000000,1781856563166000000,0
Indexes.allKeys.lookups,1781856503166000000,1781856563166000000,0
VFS.invertedFileNameIndex.requests,1781856503166000000,1781856563166000000,0
VFS.folderCaseSensitivityReads,1781856503166000000,1781856563166000000,0
FileNameCache.queries,1781856503166000000,1781856563166000000,0
VFS.contentStorage.recordsDeduplicated,1781856503166000000,1781856563166000000,0
VFS.fileChildByName,1781856503166000000,1781856563166000000,0
VFS.contentStorage.recordsRead,1781856503166000000,1781856563166000000,0
VFS.contentStorage.recordsReadSize,1781856503166000000,1781856563166000000,0
VFS.contentStorage.recordsStored,1781856503166000000,1781856563166000000,0
VFS.cache.segmentsCreated,1781856503166000000,1781856563166000000,0
VFS.contentStorage.recordsReadDecompressed,1781856503166000000,1781856563166000000,0
FileNameCache.totalMisses,1781856503166000000,1781856563166000000,0
VFS.contentStorage.recordsStoredCompressed,1781856503166000000,1781856563166000000,0
VFS.cache.directoriesCreated,1781856503166000000,1781856563166000000,0
VFS.contentStorage.recordsDecompressionTimeUs,1781856503166000000,1781856563166000000,0
VFS.contentStorage.recordsUncompressedSize,1781856503166000000,1781856563166000000,0
VFS.fileByIdCache.hits,1781856503166000000,1781856563166000000,0
VFS.cache.segments,1781856503166000000,1781856563166000000,101.0
VFS.fileByIdCache.misses,1781856503166000000,1781856563166000000,0
VFS.cache.filesCreated,1781856503166000000,1781856563166000000,0
VFS.rootsCount,1781856503166000000,1781856563166000000,12.0
VFS.contentStorage.recordsStoredSize,1781856503166000000,1781856563166000000,0
JVM.maxHeapBytes,1781856503166000000,1781856563166000000,2147483648
JVM.totalCpuTimeMs,1781856503166000000,1781856563166000000,2920
JVM.maxThreadCount,1781856503166000000,1781856563166000000,143
JVM.GC.collectionTimesMs,1781856503166000000,1781856563166000000,0
MEM.fileMappingsRamBytes,1781856503166000000,1781856563166000000,235638784
MEM.ramPlusSwapMinusFileMappingsBytes,1781856503166000000,1781856563166000000,1541722112
JVM.usedHeapBytes,1781856503166000000,1781856563166000000,553502328
JVM.totalTimeToSafepointsMs,1781856503166000000,1781856563166000000,0
JVM.totalSafepointCount,1781856503166000000,1781856563166000000,0
MEM.ramBytes,1781856503166000000,1781856563166000000,1790205952
MEM.ramMinusFileMappingsBytes,1781856503166000000,1781856563166000000,1541722112
JVM.threadCount,1781856503166000000,1781856563166000000,60
JVM.totalDirectByteBuffersBytes,1781856503166000000,1781856563166000000,172138497
JVM.newThreadsCount,1781856503166000000,1781856563166000000,0
JVM.totalBytesAllocated,1781856503166000000,1781856563166000000,108576664
OS.loadAverage,1781856503166000000,1781856563166000000,0.013671875
JVM.totalTimeAtSafepointsMs,1781856503166000000,1781856563166000000,0
JVM.usedNativeBytes,1781856503166000000,1781856563166000000,467854280
JVM.GC.collections,1781856503166000000,1781856563166000000,0
JVM.committedHeapBytes,1781856503166000000,1781856563166000000,652214272
DirectByteBufferAllocator.reclaimed,1781856503166000000,1781856563166000000,0
DirectByteBufferAllocator.hits,1781856503166000000,1781856563166000000,0
DirectByteBufferAllocator.totalSizeOfBuffersAllocatedInBytes,1781856503166000000,1781856563166000000,172023808
FilePageCache.totalPageLoadsUs,1781856503166000000,1781856563166000000,0
StreamlinedBlobStorage.recordsDeleted,1781856503166000000,1781856563166000000,0
StreamlinedBlobStorage.totalLiveRecordsPayloadBytes,1781856503166000000,1781856563166000000,0
StreamlinedBlobStorage.recordsRelocated,1781856503166000000,1781856563166000000,0
FilePageCache.pageFastCacheHits,1781856503166000000,1781856563166000000,0
DirectByteBufferAllocator.disposed,1781856503166000000,1781856563166000000,0
FilePageCache.maxRegisteredFiles,1781856503166000000,1781856563166000000,1652
MappedFileStorage.storages,1781856503166000000,1781856563166000000,15
FilePageCache.maxCacheSizeInBytes,1781856503166000000,1781856563166000000,629153792
FilePageCache.uncachedFileAccess,1781856503166000000,1781856563166000000,0
StreamlinedBlobStorage.recordsAllocated,1781856503166000000,1781856563166000000,0
FilePageCache.capacityInBytes,1781856503166000000,1781856563166000000,629145600
MappedFileStorage.totalBytesMapped,1781856503166000000,1781856563166000000,198443008
FilePageCache.pageLoads,1781856503166000000,1781856563166000000,0
StorageLockContext.competingThreads.max,1781856503166000000,1781856563166000000,0
MappedFileStorage.totalPagesMapped,1781856503166000000,1781856563166000000,15
StorageLockContext.competingThreads.avg,1781856503166000000,1781856563166000000,0.0
StorageLockContext.competingThreads.90P,1781856503166000000,1781856563166000000,0
DirectByteBufferAllocator.misses,1781856503166000000,1781856563166000000,0
StreamlinedBlobStorage.totalLiveRecordsCapacityBytes,1781856503166000000,1781856563166000000,0
FilePageCache.pageLoadsAboveSizeThreshold,1781856503166000000,1781856563166000000,0
DirectByteBufferAllocator.totalSizeOfBuffersCachedInBytes,1781856503166000000,1781856563166000000,41959424
MappedFileStorage.totalTimeSpentOnMappingUs,1781856503166000000,1781856563166000000,22669
FilePageCache.disposedBuffers,1781856503166000000,1781856563166000000,0
FilePageCache.totalPageDisposalsUs,1781856503166000000,1781856563166000000,0
FileChannelInterruptsRetryer.totalRetriedAttempts,1781856503166000000,1781856563166000000,0
FilePageCache.pageHits,1781856503166000000,1781856563166000000,0
cacheStateStorage.get.duration,1781856563166000000,1781856623166000000,0
cacheStateStorage.set.duration,1781856563166000000,1781856623166000000,0
cacheStateStorage.set.counter,1781856563166000000,1781856623166000000,0
cacheStateStorage.get.counter,1781856563166000000,1781856623166000000,0
workspaceModel.workspaceFileIndexData.onEntitiesChanged.ms,1781856563166000000,1781856623166000000,0
workspaceModel.update.unloaded.entities.ms,1781856563166000000,1781856623166000000,0
workspaceModel.pre.handlers.ms,1781856563166000000,1781856623166000000,0
workspaceModel.initializing.ms,1781856563166000000,1781856623166000000,0
workspaceModel.workspaceFileIndexData.processFileSets.ms,1781856563166000000,1781856623166000000,0
workspaceModel.workspaceFileIndexData.updateDirtyEntities.ms,1781856563166000000,1781856623166000000,0
workspaceModel.full.replace.project.model.ms,1781856563166000000,1781856623166000000,0
workspaceModel.workspaceFileIndexData.getDirectoriesByPackageName.ms,1781856563166000000,1781856623166000000,0
workspaceModel.workspaceFileIndexData.init.ms,1781856563166000000,1781856623166000000,0
workspaceModel.cachedValueWithParameters.from.cache.count,1781856563166000000,1781856623166000000,0
workspaceModel.updates.precise.ms,1781856563166000000,1781856623166000000,0
workspaceModel.cachedValue.clear.count,1781856563166000000,1781856623166000000,0
workspaceModel.updates.ms,1781856563166000000,1781856623166000000,0
workspaceModel.workspaceFileIndexData.instances.count,1781856563166000000,1781856623166000000,0
workspaceModel.to.snapshot.ms,1781856563166000000,1781856623166000000,0
workspaceModel.loading.from.cache.ms,1781856563166000000,1781856623166000000,0
workspaceModel.cachedValueWithParameters.total.get.count,1781856563166000000,1781856623166000000,0
workspaceModel.workspaceFileIndexData.getFileInfo.ms,1781856563166000000,1781856623166000000,0
workspaceModel.cachedValue.total.get.count,1781856563166000000,1781856623166000000,1
workspaceModel.collect.changes.ms,1781856563166000000,1781856623166000000,0
workspaceModel.check.recursive.update.ms,1781856563166000000,1781856623166000000,0
workspaceModel.workspaceFileIndexData.markDirty.ms,1781856563166000000,1781856623166000000,0
workspaceModel.replace.project.model.ms,1781856563166000000,1781856623166000000,0
workspaceModel.entityStorageSnapshotImpl.instances.count,1781856563166000000,1781856623166000000,0
workspaceModel.on.before.changed.ms,1781856563166000000,1781856623166000000,0
workspaceModel.init.bridges.ms,1781856563166000000,1781856623166000000,0
workspaceModel.loading.total.ms,1781856563166000000,1781856623166000000,0
workspaceModel.cachedValue.calculated.count,1781856563166000000,1781856623166000000,0
workspaceModel.workspaceFileIndexData.getPackageName.ms,1781856563166000000,1781856623166000000,0
workspaceModel.on.changed.ms,1781856563166000000,1781856623166000000,0
workspaceModel.updates.count,1781856563166000000,1781856623166000000,0
workspaceModel.cachedValueWithParameters.calculated.count,1781856563166000000,1781856623166000000,0
workspaceModel.workspaceFileIndexContributor.registerFileSets.ms,1781856563166000000,1781856623166000000,0
workspaceModel.cachedValueWithParameters.clear.count,1781856563166000000,1781856623166000000,0
workspaceModel.workspaceFileIndexData.visitFileSets.ms,1781856563166000000,1781856623166000000,0
workspaceModel.cachedValue.from.cache.count,1781856563166000000,1781856623166000000,1
AWTEventQueue.eventsDispatched,1781856563166000000,1781856623166000000,656
FlushQueue.queueSize90P,1781856563166000000,1781856623166000000,4
FlushQueue.waitingTimeAvgNs,1781856563166000000,1781856623166000000,1861337.6
NonBlockingReadAction.finalizedExecutionsCount,1781856563166000000,1781856623166000000,0
AWTEventQueue.dispatchTimeMaxNs,1781856563166000000,1781856623166000000,217055231
AWTEventQueue.dispatchTimeAvgNs,1781856563166000000,1781856623166000000,1469899.4268292682
ReadAction.executionsCount,1781856563166000000,1781856623166000000,29
AWTEventQueue.dispatchTime90PNs,1781856563166000000,1781856623166000000,2162687
FlushQueue.queueSizeAvg,1781856563166000000,1781856623166000000,1.3880597014925373
FlushQueue.executionTimeAvgNs,1781856563166000000,1781856623166000000,818801.528358209
FlushQueue.waitingTimeMaxNs,1781856563166000000,1781856623166000000,72351743
FlushQueue.executionTimeMaxNs,1781856563166000000,1781856623166000000,217055231
NonBlockingReadAction.finalizedExecutionTimeUs,1781856563166000000,1781856623166000000,0
FlushQueue.executionTime90PNs,1781856563166000000,1781856623166000000,329727
FlushQueue.tasksExecuted,1781856563166000000,1781856623166000000,335
WriteAction.executionsCount,1781856563166000000,1781856623166000000,0
FlushQueue.waitingTime90PNs,1781856563166000000,1781856623166000000,2195455
NonBlockingReadAction.failedExecutionsCount,1781856563166000000,1781856623166000000,0
AWTEventQueue.dispatchTimeTotalNS,1781856563166000000,1781856623166000000,964640104
NonBlockingReadAction.failedExecutionTimeUs,1781856563166000000,1781856623166000000,0
FlushQueue.queueSizeMax,1781856563166000000,1781856623166000000,12
compiler.ArtifactManagerBridge.commit.ms,1781856563166000000,1781856623166000000,0
compiler.ArtifactManagerBridge.dropMappings.ms,1781856563166000000,1781856623166000000,0
compiler.ArtifactManagerBridge.findArtifact.ms,1781856563166000000,1781856623166000000,0
compiler.ArtifactVirtualFileListener.filePathChanged.ms,1781856563166000000,1781856623166000000,0
compiler.ArtifactManagerBridge.getArtifactsByType.ms,1781856563166000000,1781856623166000000,0
compiler.ArtifactVirtualFileListener.propertyChanged.ms,1781856563166000000,1781856623166000000,0
compiler.ArtifactManagerBridge.initBridges.ms,1781856563166000000,1781856623166000000,0
compiler.ArtifactManagerBridge.getArtifacts.ms,1781856563166000000,1781856623166000000,0
compiler.ArtifactManagerBridge.addArtifact.ms,1781856563166000000,1781856623166000000,0
workspaceModel.mutableEntityStorage.apply.changes.from.ms,1781856563166000000,1781856623166000000,0
jps.global.handle.before.change.events.ms,1781856563166000000,1781856623166000000,0
workspaceModel.moduleManagerBridge.load.module.ms,1781856563166000000,1781856623166000000,0
workspaceModel.global.updates.ms,1781856563166000000,1781856623166000000,0
jps.app.storage.content.reader.load.component.ms,1781856563166000000,1781856623166000000,0
jps.facet.change.listener.init.bridge.ms,1781856563166000000,1781856623166000000,0
workspaceModel.moduleBridgeLoader.loading.modules.ms,1781856563166000000,1781856623166000000,0
jps.artifact.entities.serializer.load.entities.ms,1781856563166000000,1781856623166000000,0
workspaceModel.mutableEntityStorage.collect.changes.ms,1781856563166000000,1781856623166000000,0
workspaceModel.mutableEntityStorage.instances.count,1781856563166000000,1781856623166000000,0
workspaceModel.save.cache.to.file.ms,1781856563166000000,1781856623166000000,0
jps.storage.jps.conf.reader.load.component.ms,1781856563166000000,1781856623166000000,0
workspaceModel.moduleBridge.facet.initialization.ms,1781856563166000000,1781856623166000000,0
workspaceModel.delayed.project.synchronizer.sync.ms,1781856563166000000,1781856623166000000,0
jps.save.changed.project.entities.ms,1781856563166000000,1781856623166000000,0
workspaceModel.sync.entities.ms,1781856563166000000,1781856623166000000,0
jps.library.entities.serializer.save.entities.ms,1781856563166000000,1781856623166000000,0
workspaceModel.moduleBridge.update.option.ms,1781856563166000000,1781856623166000000,0
workspaceModel.global.apply.state.to.project.ms,1781856563166000000,1781856623166000000,0
workspaceModel.moduleManagerBridge.load.all.modules.ms,1781856563166000000,1781856623166000000,0
workspaceModel.load.cache.metadata.from.file.ms,1781856563166000000,1781856623166000000,0
jps.apply.loaded.storage.ms,1781856563166000000,1781856623166000000,0
jps.global.get.libraries.ms,1781856563166000000,1781856623166000000,0
workspaceModel.moduleBridge.before.changed.ms,1781856563166000000,1781856623166000000,0
workspaceModel.moduleManagerBridge.newModule.ms,1781856563166000000,1781856623166000000,0
workspaceModel.mutableEntityStorage.modify.entity.ms,1781856563166000000,1781856623166000000,0
workspaceModel.mutableEntityStorage.to.snapshot.ms,1781856563166000000,1781856623166000000,0
workspaceModel.orphan.listener.update.ms,1781856563166000000,1781856623166000000,0
jps.save.global.entities.ms,1781856563166000000,1781856623166000000,0
workspaceModel.global.apply.state.to.project.builder.ms,1781856563166000000,1781856623166000000,0
workspaceModel.mutableEntityStorage.referrers.ms,1781856563166000000,1781856623166000000,0
workspaceModel.moduleManagerBridge.build.module.graph.ms,1781856563166000000,1781856623166000000,0
workspaceModel.load.cache.from.file.ms,1781856563166000000,1781856623166000000,0
workspaceModel.mutableEntityStorage.entities.ms,1781856563166000000,1781856623166000000,0
jps.module.iml.entities.serializer.save.entities.ms,1781856563166000000,1781856623166000000,0
jps.global.initialize.library.bridges.after.loading.ms,1781856563166000000,1781856623166000000,0
workspaceModel.mutableEntityStorage.replace.by.source.ms,1781856563166000000,1781856623166000000,0
workspaceModel.mutableEntityStorage.changeLog.addReplaceEventForNewChild.ms,1781856563166000000,1781856623166000000,0
workspaceModel.mutableEntityStorage.has.same.entities.ms,1781856563166000000,1781856623166000000,0
workspaceModel.mutableEntityStorage.remove.entity.ms,1781856563166000000,1781856623166000000,0
workspaceModel.moduleManagerBridge.get.modules.ms,1781856563166000000,1781856623166000000,0
jps.global.initialize.library.bridges.ms,1781856563166000000,1781856623166000000,0
jps.library.entities.serializer.load.entities.ms,1781856563166000000,1781856623166000000,0
workspaceModel.mutableEntityStorage.mutable.vfurl.index.ms,1781856563166000000,1781856623166000000,0
jps.facet.change.listener.process.change.events.ms,1781856563166000000,1781856623166000000,0
jps.app.storage.content.writer.save.component.ms,1781856563166000000,1781856623166000000,0
workspaceModel.global.updates.count,1781856563166000000,1781856623166000000,0
workspaceModel.mutableEntityStorage.add.entity.ms,1781856563166000000,1781856623166000000,0
workspaceModel.mutableEntityStorage.hasReferrers.ms,1781856563166000000,1781856623166000000,0
workspaceModel.moduleManagerBridge.create.module.instance.ms,1781856563166000000,1781856623166000000,0
jps.module.dependency.index.workspace.model.listener.on.changed.ms,1781856563166000000,1781856623166000000,0
workspaceModel.mutableEntityStorage.put.entity.ms,1781856563166000000,1781856623166000000,0
workspaceModel.moduleManagerBridge.set.unloadedModules.ms,1781856563166000000,1781856623166000000,0
workspaceModel.mutableEntityStorage.mutable.ext.mapping.ms,1781856563166000000,1781856623166000000,0
jps.global.handle.changed.events.ms,1781856563166000000,1781856623166000000,0
jps.project.serializers.load.ms,1781856563166000000,1781856623166000000,0
jps.global.get.library.by.name.ms,1781856563166000000,1781856623166000000,0
jps.load.initial.state.ms,1781856563166000000,1781856623166000000,0
workspaceModel.mutableEntityStorage.changeLog.addReplaceEventForNewParent.ms,1781856563166000000,1781856623166000000,0
jps.reload.project.entities.ms,1781856563166000000,1781856623166000000,0
workspaceModel.do.save.caches.ms,1781856563166000000,1781856623166000000,0
workspaceModel.moduleManagerBridge.new.nonPersistent.module.ms,1781856563166000000,1781856623166000000,0
workspaceModel.mutableEntityStorage.changeLog.addReplaceEventForRemovedParent.ms,1781856563166000000,1781856623166000000,0
workspaceModel.mutableEntityStorage.entities.by.source.ms,1781856563166000000,1781856623166000000,0
workspaceModel.mutableEntityStorage.changeLog.addReplaceEventForRemovedChild.ms,1781856563166000000,1781856623166000000,0
jps.facet.change.listener.before.change.events.ms,1781856563166000000,1781856623166000000,0
jps.module.iml.entities.serializer.load.entities.ms,1781856563166000000,1781856623166000000,0
jps.artifact.entities.serializer.save.entities.ms,1781856563166000000,1781856623166000000,0
jps.project.serializers.save.ms,1781856563166000000,1781856623166000000,0
workspaceModel.mutableEntityStorage.resolve.ms,1781856563166000000,1781856623166000000,0
jps.load.project.to.empty.storage.ms,1781856563166000000,1781856623166000000,0
jps.global.get.library.ms,1781856563166000000,1781856623166000000,0
DiskQueryRelay.tasksRequested,1781856563166000000,1781856623166000000,0
writeAction.max.wait.ms,1781856563166000000,1781856623166000000,13
LowMemory.gcLoad,1781856563166000000,1781856623166000000,7.978200704594961E-7
writeAction.median.wait.ms,1781856563166000000,1781856623166000000,0
DiskQueryRelay.taskWaitingTotalTimeUs,1781856563166000000,1781856623166000000,0
DiskQueryRelay.taskExecutionTotalTimeUs,1781856563166000000,1781856623166000000,0
DiskQueryRelay.tasksExecuted,1781856563166000000,1781856623166000000,0
writeAction.wait.ms,1781856563166000000,1781856623166000000,0
writeAction.count,1781856563166000000,1781856623166000000,0
LowMemory.gcOverloaded,1781856563166000000,1781856623166000000,0
Indexes.stubs.lookupDurationMaxMs,1781856563166000000,1781856623166000000,0.0
Indexes.entries.lookupDurationAvgMs,1781856563166000000,1781856623166000000,0.0
Indexing.totalTimeIndexersSleptMs,1781856563166000000,1781856623166000000,0
Indexing.writer_3.totalTimeSpentWritingMs,1781856563166000000,1781856623166000000,0
Indexes.entries.lookups,1781856563166000000,1781856623166000000,0
Indexes.allKeys.lookupDurationAvgMs,1781856563166000000,1781856623166000000,0.0
Indexes.allKeys.lookupDurationMaxMs,1781856563166000000,1781856623166000000,0.0
Indexing.writesQueuedAvg,1781856563166000000,1781856623166000000,0.0
Indexes.stubs.lookups,1781856563166000000,1781856623166000000,0
Indexing.cache.totalCacheEvicted,1781856563166000000,1781856623166000000,0
Indexes.entries.lookupDurationMaxMs,1781856563166000000,1781856623166000000,0.0
Indexing.cache.totalCacheAccesses,1781856563166000000,1781856623166000000,0
Indexing.writer_0.totalTimeSpentWritingMs,1781856563166000000,1781856623166000000,0
Indexing.writer_1.totalTimeSpentWritingMs,1781856563166000000,1781856623166000000,0
Indexing.cache.totalCacheMisses,1781856563166000000,1781856623166000000,0
Indexing.writesQueuedMin,1781856563166000000,1781856623166000000,0
Indexing.writer_2.totalTimeSpentWritingMs,1781856563166000000,1781856623166000000,0
Indexes.entries.lookupDuration90PMs,1781856563166000000,1781856623166000000,0.0
Indexes.allKeys.lookupDuration90PMs,1781856563166000000,1781856623166000000,0.0
Indexes.stubs.lookupDuration90PMs,1781856563166000000,1781856623166000000,0.0
Indexes.stubs.lookupDurationAvgMs,1781856563166000000,1781856623166000000,0.0
Indexing.writesQueuedMax,1781856563166000000,1781856623166000000,0
Indexes.allKeys.lookups,1781856563166000000,1781856623166000000,0
VFS.invertedFileNameIndex.requests,1781856563166000000,1781856623166000000,0
VFS.folderCaseSensitivityReads,1781856563166000000,1781856623166000000,0
FileNameCache.queries,1781856563166000000,1781856623166000000,0
VFS.contentStorage.recordsDeduplicated,1781856563166000000,1781856623166000000,0
VFS.fileChildByName,1781856563166000000,1781856623166000000,9
VFS.contentStorage.recordsRead,1781856563166000000,1781856623166000000,0
VFS.contentStorage.recordsReadSize,1781856563166000000,1781856623166000000,0
VFS.contentStorage.recordsStored,1781856563166000000,1781856623166000000,0
VFS.cache.segmentsCreated,1781856563166000000,1781856623166000000,0
VFS.contentStorage.recordsReadDecompressed,1781856563166000000,1781856623166000000,0
FileNameCache.totalMisses,1781856563166000000,1781856623166000000,0
VFS.contentStorage.recordsStoredCompressed,1781856563166000000,1781856623166000000,0
VFS.cache.directoriesCreated,1781856563166000000,1781856623166000000,0
VFS.contentStorage.recordsDecompressionTimeUs,1781856563166000000,1781856623166000000,0
VFS.contentStorage.recordsUncompressedSize,1781856563166000000,1781856623166000000,0
VFS.fileByIdCache.hits,1781856563166000000,1781856623166000000,0
VFS.cache.segments,1781856563166000000,1781856623166000000,101.0
VFS.fileByIdCache.misses,1781856563166000000,1781856623166000000,0
VFS.cache.filesCreated,1781856563166000000,1781856623166000000,0
VFS.rootsCount,1781856563166000000,1781856623166000000,12.0
VFS.contentStorage.recordsStoredSize,1781856563166000000,1781856623166000000,0
JVM.maxHeapBytes,1781856563166000000,1781856623166000000,2147483648
JVM.totalCpuTimeMs,1781856563166000000,1781856623166000000,7560
JVM.maxThreadCount,1781856563166000000,1781856623166000000,143
JVM.GC.collectionTimesMs,1781856563166000000,1781856623166000000,121
MEM.fileMappingsRamBytes,1781856563166000000,1781856623166000000,244420608
MEM.ramPlusSwapMinusFileMappingsBytes,1781856563166000000,1781856623166000000,1548144640
JVM.usedHeapBytes,1781856563166000000,1781856623166000000,415087160
JVM.totalTimeToSafepointsMs,1781856563166000000,1781856623166000000,1
JVM.totalSafepointCount,1781856563166000000,1781856623166000000,5
MEM.ramBytes,1781856563166000000,1781856623166000000,1805934592
MEM.ramMinusFileMappingsBytes,1781856563166000000,1781856623166000000,1548144640
JVM.threadCount,1781856563166000000,1781856623166000000,61
JVM.totalDirectByteBuffersBytes,1781856563166000000,1781856623166000000,172122113
JVM.newThreadsCount,1781856563166000000,1781856623166000000,1
JVM.totalBytesAllocated,1781856563166000000,1781856623166000000,79367120
OS.loadAverage,1781856563166000000,1781856623166000000,0.10986328125
JVM.totalTimeAtSafepointsMs,1781856563166000000,1781856623166000000,125
JVM.usedNativeBytes,1781856563166000000,1781856623166000000,466042152
JVM.GC.collections,1781856563166000000,1781856623166000000,4
JVM.committedHeapBytes,1781856563166000000,1781856623166000000,683671552
DirectByteBufferAllocator.reclaimed,1781856563166000000,1781856623166000000,0
DirectByteBufferAllocator.hits,1781856563166000000,1781856623166000000,0
DirectByteBufferAllocator.totalSizeOfBuffersAllocatedInBytes,1781856563166000000,1781856623166000000,172023808
FilePageCache.totalPageLoadsUs,1781856563166000000,1781856623166000000,0
StreamlinedBlobStorage.recordsDeleted,1781856563166000000,1781856623166000000,0
StreamlinedBlobStorage.totalLiveRecordsPayloadBytes,1781856563166000000,1781856623166000000,0
StreamlinedBlobStorage.recordsRelocated,1781856563166000000,1781856623166000000,0
FilePageCache.pageFastCacheHits,1781856563166000000,1781856623166000000,0
DirectByteBufferAllocator.disposed,1781856563166000000,1781856623166000000,0
FilePageCache.maxRegisteredFiles,1781856563166000000,1781856623166000000,1652
MappedFileStorage.storages,1781856563166000000,1781856623166000000,15
FilePageCache.maxCacheSizeInBytes,1781856563166000000,1781856623166000000,629153792
FilePageCache.uncachedFileAccess,1781856563166000000,1781856623166000000,0
StreamlinedBlobStorage.recordsAllocated,1781856563166000000,1781856623166000000,0
FilePageCache.capacityInBytes,1781856563166000000,1781856623166000000,629145600
MappedFileStorage.totalBytesMapped,1781856563166000000,1781856623166000000,198443008
FilePageCache.pageLoads,1781856563166000000,1781856623166000000,0
StorageLockContext.competingThreads.max,1781856563166000000,1781856623166000000,0
MappedFileStorage.totalPagesMapped,1781856563166000000,1781856623166000000,15
StorageLockContext.competingThreads.avg,1781856563166000000,1781856623166000000,0.0
StorageLockContext.competingThreads.90P,1781856563166000000,1781856623166000000,0
DirectByteBufferAllocator.misses,1781856563166000000,1781856623166000000,0
StreamlinedBlobStorage.totalLiveRecordsCapacityBytes,1781856563166000000,1781856623166000000,0
FilePageCache.pageLoadsAboveSizeThreshold,1781856563166000000,1781856623166000000,0
DirectByteBufferAllocator.totalSizeOfBuffersCachedInBytes,1781856563166000000,1781856623166000000,41959424
MappedFileStorage.totalTimeSpentOnMappingUs,1781856563166000000,1781856623166000000,22669
FilePageCache.disposedBuffers,1781856563166000000,1781856623166000000,0
FilePageCache.totalPageDisposalsUs,1781856563166000000,1781856623166000000,0
FileChannelInterruptsRetryer.totalRetriedAttempts,1781856563166000000,1781856623166000000,0
FilePageCache.pageHits,1781856563166000000,1781856623166000000,0
cacheStateStorage.get.duration,1781856623166000000,1781856660579000000,0
cacheStateStorage.set.duration,1781856623166000000,1781856660579000000,24
cacheStateStorage.set.counter,1781856623166000000,1781856660579000000,11
cacheStateStorage.get.counter,1781856623166000000,1781856660579000000,0
workspaceModel.workspaceFileIndexData.onEntitiesChanged.ms,1781856623166000000,1781856660579000000,0
workspaceModel.update.unloaded.entities.ms,1781856623166000000,1781856660579000000,0
workspaceModel.pre.handlers.ms,1781856623166000000,1781856660579000000,0
workspaceModel.initializing.ms,1781856623166000000,1781856660579000000,0
workspaceModel.workspaceFileIndexData.processFileSets.ms,1781856623166000000,1781856660579000000,0
workspaceModel.workspaceFileIndexData.updateDirtyEntities.ms,1781856623166000000,1781856660579000000,0
workspaceModel.full.replace.project.model.ms,1781856623166000000,1781856660579000000,0
workspaceModel.workspaceFileIndexData.getDirectoriesByPackageName.ms,1781856623166000000,1781856660579000000,0
workspaceModel.workspaceFileIndexData.init.ms,1781856623166000000,1781856660579000000,0
workspaceModel.cachedValueWithParameters.from.cache.count,1781856623166000000,1781856660579000000,0
workspaceModel.updates.precise.ms,1781856623166000000,1781856660579000000,0
workspaceModel.cachedValue.clear.count,1781856623166000000,1781856660579000000,0
workspaceModel.updates.ms,1781856623166000000,1781856660579000000,0
workspaceModel.workspaceFileIndexData.instances.count,1781856623166000000,1781856660579000000,0
workspaceModel.to.snapshot.ms,1781856623166000000,1781856660579000000,0
workspaceModel.loading.from.cache.ms,1781856623166000000,1781856660579000000,0
workspaceModel.cachedValueWithParameters.total.get.count,1781856623166000000,1781856660579000000,0
workspaceModel.workspaceFileIndexData.getFileInfo.ms,1781856623166000000,1781856660579000000,0
workspaceModel.cachedValue.total.get.count,1781856623166000000,1781856660579000000,2
workspaceModel.collect.changes.ms,1781856623166000000,1781856660579000000,0
workspaceModel.check.recursive.update.ms,1781856623166000000,1781856660579000000,0
workspaceModel.workspaceFileIndexData.markDirty.ms,1781856623166000000,1781856660579000000,0
workspaceModel.replace.project.model.ms,1781856623166000000,1781856660579000000,0
workspaceModel.entityStorageSnapshotImpl.instances.count,1781856623166000000,1781856660579000000,0
workspaceModel.on.before.changed.ms,1781856623166000000,1781856660579000000,0
workspaceModel.init.bridges.ms,1781856623166000000,1781856660579000000,0
workspaceModel.loading.total.ms,1781856623166000000,1781856660579000000,0
workspaceModel.cachedValue.calculated.count,1781856623166000000,1781856660579000000,1
workspaceModel.workspaceFileIndexData.getPackageName.ms,1781856623166000000,1781856660579000000,0
workspaceModel.on.changed.ms,1781856623166000000,1781856660579000000,0
workspaceModel.updates.count,1781856623166000000,1781856660579000000,0
workspaceModel.cachedValueWithParameters.calculated.count,1781856623166000000,1781856660579000000,0
workspaceModel.workspaceFileIndexContributor.registerFileSets.ms,1781856623166000000,1781856660579000000,0
workspaceModel.cachedValueWithParameters.clear.count,1781856623166000000,1781856660579000000,0
workspaceModel.workspaceFileIndexData.visitFileSets.ms,1781856623166000000,1781856660579000000,0
workspaceModel.cachedValue.from.cache.count,1781856623166000000,1781856660579000000,1
NonBlockingReadAction.finalizedExecutionsCount,1781856623166000000,1781856660579000000,1
NonBlockingReadAction.finalizedExecutionTimeUs,1781856623166000000,1781856660579000000,176
NonBlockingReadAction.failedExecutionsCount,1781856623166000000,1781856660579000000,0
AWTEventQueue.dispatchTimeTotalNS,1781856623166000000,1781856660579000000,266794226
NonBlockingReadAction.failedExecutionTimeUs,1781856623166000000,1781856660579000000,0
compiler.ArtifactManagerBridge.commit.ms,1781856623166000000,1781856660579000000,0
compiler.ArtifactManagerBridge.dropMappings.ms,1781856623166000000,1781856660579000000,0
compiler.ArtifactManagerBridge.findArtifact.ms,1781856623166000000,1781856660579000000,0
compiler.ArtifactVirtualFileListener.filePathChanged.ms,1781856623166000000,1781856660579000000,0
compiler.ArtifactManagerBridge.getArtifactsByType.ms,1781856623166000000,1781856660579000000,0
compiler.ArtifactVirtualFileListener.propertyChanged.ms,1781856623166000000,1781856660579000000,0
compiler.ArtifactManagerBridge.initBridges.ms,1781856623166000000,1781856660579000000,0
compiler.ArtifactManagerBridge.getArtifacts.ms,1781856623166000000,1781856660579000000,0
compiler.ArtifactManagerBridge.addArtifact.ms,1781856623166000000,1781856660579000000,0
workspaceModel.mutableEntityStorage.apply.changes.from.ms,1781856623166000000,1781856660579000000,0
jps.global.handle.before.change.events.ms,1781856623166000000,1781856660579000000,0
workspaceModel.moduleManagerBridge.load.module.ms,1781856623166000000,1781856660579000000,0
workspaceModel.global.updates.ms,1781856623166000000,1781856660579000000,0
jps.app.storage.content.reader.load.component.ms,1781856623166000000,1781856660579000000,0
jps.facet.change.listener.init.bridge.ms,1781856623166000000,1781856660579000000,0
workspaceModel.moduleBridgeLoader.loading.modules.ms,1781856623166000000,1781856660579000000,0
jps.artifact.entities.serializer.load.entities.ms,1781856623166000000,1781856660579000000,0
workspaceModel.mutableEntityStorage.collect.changes.ms,1781856623166000000,1781856660579000000,0
workspaceModel.mutableEntityStorage.instances.count,1781856623166000000,1781856660579000000,0
workspaceModel.save.cache.to.file.ms,1781856623166000000,1781856660579000000,0
jps.storage.jps.conf.reader.load.component.ms,1781856623166000000,1781856660579000000,0
workspaceModel.moduleBridge.facet.initialization.ms,1781856623166000000,1781856660579000000,0
workspaceModel.delayed.project.synchronizer.sync.ms,1781856623166000000,1781856660579000000,0
jps.save.changed.project.entities.ms,1781856623166000000,1781856660579000000,2
workspaceModel.sync.entities.ms,1781856623166000000,1781856660579000000,0
jps.library.entities.serializer.save.entities.ms,1781856623166000000,1781856660579000000,0
workspaceModel.moduleBridge.update.option.ms,1781856623166000000,1781856660579000000,0
workspaceModel.global.apply.state.to.project.ms,1781856623166000000,1781856660579000000,0
workspaceModel.moduleManagerBridge.load.all.modules.ms,1781856623166000000,1781856660579000000,0
workspaceModel.load.cache.metadata.from.file.ms,1781856623166000000,1781856660579000000,0
jps.apply.loaded.storage.ms,1781856623166000000,1781856660579000000,0
jps.global.get.libraries.ms,1781856623166000000,1781856660579000000,0
workspaceModel.moduleBridge.before.changed.ms,1781856623166000000,1781856660579000000,0
workspaceModel.moduleManagerBridge.newModule.ms,1781856623166000000,1781856660579000000,0
workspaceModel.mutableEntityStorage.modify.entity.ms,1781856623166000000,1781856660579000000,0
workspaceModel.mutableEntityStorage.to.snapshot.ms,1781856623166000000,1781856660579000000,0
workspaceModel.orphan.listener.update.ms,1781856623166000000,1781856660579000000,0
jps.save.global.entities.ms,1781856623166000000,1781856660579000000,7
workspaceModel.global.apply.state.to.project.builder.ms,1781856623166000000,1781856660579000000,0
workspaceModel.mutableEntityStorage.referrers.ms,1781856623166000000,1781856660579000000,0
workspaceModel.moduleManagerBridge.build.module.graph.ms,1781856623166000000,1781856660579000000,0
workspaceModel.load.cache.from.file.ms,1781856623166000000,1781856660579000000,0
workspaceModel.mutableEntityStorage.entities.ms,1781856623166000000,1781856660579000000,0
jps.module.iml.entities.serializer.save.entities.ms,1781856623166000000,1781856660579000000,0
jps.global.initialize.library.bridges.after.loading.ms,1781856623166000000,1781856660579000000,0
workspaceModel.mutableEntityStorage.replace.by.source.ms,1781856623166000000,1781856660579000000,0
workspaceModel.mutableEntityStorage.changeLog.addReplaceEventForNewChild.ms,1781856623166000000,1781856660579000000,0
workspaceModel.mutableEntityStorage.has.same.entities.ms,1781856623166000000,1781856660579000000,0
workspaceModel.mutableEntityStorage.remove.entity.ms,1781856623166000000,1781856660579000000,0
workspaceModel.moduleManagerBridge.get.modules.ms,1781856623166000000,1781856660579000000,0
jps.global.initialize.library.bridges.ms,1781856623166000000,1781856660579000000,0
jps.library.entities.serializer.load.entities.ms,1781856623166000000,1781856660579000000,0
workspaceModel.mutableEntityStorage.mutable.vfurl.index.ms,1781856623166000000,1781856660579000000,0
jps.facet.change.listener.process.change.events.ms,1781856623166000000,1781856660579000000,0
jps.app.storage.content.writer.save.component.ms,1781856623166000000,1781856660579000000,4
workspaceModel.global.updates.count,1781856623166000000,1781856660579000000,0
workspaceModel.mutableEntityStorage.add.entity.ms,1781856623166000000,1781856660579000000,0
workspaceModel.mutableEntityStorage.hasReferrers.ms,1781856623166000000,1781856660579000000,0
workspaceModel.moduleManagerBridge.create.module.instance.ms,1781856623166000000,1781856660579000000,0
jps.module.dependency.index.workspace.model.listener.on.changed.ms,1781856623166000000,1781856660579000000,0
workspaceModel.mutableEntityStorage.put.entity.ms,1781856623166000000,1781856660579000000,0
workspaceModel.moduleManagerBridge.set.unloadedModules.ms,1781856623166000000,1781856660579000000,0
workspaceModel.mutableEntityStorage.mutable.ext.mapping.ms,1781856623166000000,1781856660579000000,0
jps.global.handle.changed.events.ms,1781856623166000000,1781856660579000000,0
jps.project.serializers.load.ms,1781856623166000000,1781856660579000000,0
jps.global.get.library.by.name.ms,1781856623166000000,1781856660579000000,0
jps.load.initial.state.ms,1781856623166000000,1781856660579000000,0
workspaceModel.mutableEntityStorage.changeLog.addReplaceEventForNewParent.ms,1781856623166000000,1781856660579000000,0
jps.reload.project.entities.ms,1781856623166000000,1781856660579000000,0
workspaceModel.do.save.caches.ms,1781856623166000000,1781856660579000000,0
workspaceModel.moduleManagerBridge.new.nonPersistent.module.ms,1781856623166000000,1781856660579000000,0
workspaceModel.mutableEntityStorage.changeLog.addReplaceEventForRemovedParent.ms,1781856623166000000,1781856660579000000,0
workspaceModel.mutableEntityStorage.entities.by.source.ms,1781856623166000000,1781856660579000000,0
workspaceModel.mutableEntityStorage.changeLog.addReplaceEventForRemovedChild.ms,1781856623166000000,1781856660579000000,0
jps.facet.change.listener.before.change.events.ms,1781856623166000000,1781856660579000000,0
jps.module.iml.entities.serializer.load.entities.ms,1781856623166000000,1781856660579000000,0
jps.artifact.entities.serializer.save.entities.ms,1781856623166000000,1781856660579000000,0
jps.project.serializers.save.ms,1781856623166000000,1781856660579000000,1
workspaceModel.mutableEntityStorage.resolve.ms,1781856623166000000,1781856660579000000,0
jps.load.project.to.empty.storage.ms,1781856623166000000,1781856660579000000,0
jps.global.get.library.ms,1781856623166000000,1781856660579000000,0
DiskQueryRelay.tasksRequested,1781856623166000000,1781856660579000000,11
writeAction.max.wait.ms,1781856623166000000,1781856660579000000,13
LowMemory.gcLoad,1781856623166000000,1781856660579000000,4.838808273753139E-7
writeAction.median.wait.ms,1781856623166000000,1781856660579000000,0
DiskQueryRelay.taskWaitingTotalTimeUs,1781856623166000000,1781856660579000000,2044
DiskQueryRelay.taskExecutionTotalTimeUs,1781856623166000000,1781856660579000000,422
DiskQueryRelay.tasksExecuted,1781856623166000000,1781856660579000000,11
writeAction.wait.ms,1781856623166000000,1781856660579000000,0
writeAction.count,1781856623166000000,1781856660579000000,2
LowMemory.gcOverloaded,1781856623166000000,1781856660579000000,0
Indexes.stubs.lookupDurationMaxMs,1781856623166000000,1781856660579000000,0.0
Indexes.entries.lookupDurationAvgMs,1781856623166000000,1781856660579000000,0.0
Indexing.totalTimeIndexersSleptMs,1781856623166000000,1781856660579000000,0
Indexing.writer_3.totalTimeSpentWritingMs,1781856623166000000,1781856660579000000,0
Indexes.entries.lookups,1781856623166000000,1781856660579000000,0
Indexes.allKeys.lookupDurationAvgMs,1781856623166000000,1781856660579000000,0.0
Indexes.allKeys.lookupDurationMaxMs,1781856623166000000,1781856660579000000,0.0
Indexing.writesQueuedAvg,1781856623166000000,1781856660579000000,0.0
Indexes.stubs.lookups,1781856623166000000,1781856660579000000,0
Indexing.cache.totalCacheEvicted,1781856623166000000,1781856660579000000,543
Indexes.entries.lookupDurationMaxMs,1781856623166000000,1781856660579000000,0.0
Indexing.cache.totalCacheAccesses,1781856623166000000,1781856660579000000,0
Indexing.writer_0.totalTimeSpentWritingMs,1781856623166000000,1781856660579000000,0
Indexing.writer_1.totalTimeSpentWritingMs,1781856623166000000,1781856660579000000,0
Indexing.cache.totalCacheMisses,1781856623166000000,1781856660579000000,0
Indexing.writesQueuedMin,1781856623166000000,1781856660579000000,0
Indexing.writer_2.totalTimeSpentWritingMs,1781856623166000000,1781856660579000000,0
Indexes.entries.lookupDuration90PMs,1781856623166000000,1781856660579000000,0.0
Indexes.allKeys.lookupDuration90PMs,1781856623166000000,1781856660579000000,0.0
Indexes.stubs.lookupDuration90PMs,1781856623166000000,1781856660579000000,0.0
Indexes.stubs.lookupDurationAvgMs,1781856623166000000,1781856660579000000,0.0
Indexing.writesQueuedMax,1781856623166000000,1781856660579000000,0
Indexes.allKeys.lookups,1781856623166000000,1781856660579000000,0
JVM.maxHeapBytes,1781856623166000000,1781856660579000000,2147483648
JVM.totalCpuTimeMs,1781856623166000000,1781856660579000000,4530
JVM.maxThreadCount,1781856623166000000,1781856660579000000,143
JVM.GC.collectionTimesMs,1781856623166000000,1781856660579000000,0
MEM.fileMappingsRamBytes,1781856623166000000,1781856660579000000,266113024
MEM.ramPlusSwapMinusFileMappingsBytes,1781856623166000000,1781856660579000000,1589968896
JVM.usedHeapBytes,1781856623166000000,1781856660579000000,483244600
JVM.totalTimeToSafepointsMs,1781856623166000000,1781856660579000000,0
JVM.totalSafepointCount,1781856623166000000,1781856660579000000,0
MEM.ramBytes,1781856623166000000,1781856660579000000,1869451264
MEM.ramMinusFileMappingsBytes,1781856623166000000,1781856660579000000,1589968896
JVM.threadCount,1781856623166000000,1781856660579000000,68
JVM.totalDirectByteBuffersBytes,1781856623166000000,1781856660579000000,42098689
JVM.newThreadsCount,1781856623166000000,1781856660579000000,27
JVM.totalBytesAllocated,1781856623166000000,1781856660579000000,52767992
OS.loadAverage,1781856623166000000,1781856660579000000,0.2958984375
JVM.totalTimeAtSafepointsMs,1781856623166000000,1781856660579000000,0
JVM.usedNativeBytes,1781856623166000000,1781856660579000000,477425584
JVM.GC.collections,1781856623166000000,1781856660579000000,0
JVM.committedHeapBytes,1781856623166000000,1781856660579000000,683671552
DirectByteBufferAllocator.reclaimed,1781856623166000000,1781856660579000000,57
DirectByteBufferAllocator.hits,1781856623166000000,1781856660579000000,10
DirectByteBufferAllocator.totalSizeOfBuffersAllocatedInBytes,1781856623166000000,1781856660579000000,42000384
FilePageCache.totalPageLoadsUs,1781856623166000000,1781856660579000000,75150
FilePageCache.pageFastCacheHits,1781856623166000000,1781856660579000000,130
DirectByteBufferAllocator.disposed,1781856623166000000,1781856660579000000,124
FilePageCache.maxRegisteredFiles,1781856623166000000,1781856660579000000,1652
FilePageCache.maxCacheSizeInBytes,1781856623166000000,1781856660579000000,629153792
FilePageCache.uncachedFileAccess,1781856623166000000,1781856660579000000,23
FilePageCache.capacityInBytes,1781856623166000000,1781856660579000000,629145600
FilePageCache.pageLoads,1781856623166000000,1781856660579000000,10
StorageLockContext.competingThreads.max,1781856623166000000,1781856660579000000,0
StorageLockContext.competingThreads.avg,1781856623166000000,1781856660579000000,0.0
StorageLockContext.competingThreads.90P,1781856623166000000,1781856660579000000,0
DirectByteBufferAllocator.misses,1781856623166000000,1781856660579000000,0
FilePageCache.pageLoadsAboveSizeThreshold,1781856623166000000,1781856660579000000,0
DirectByteBufferAllocator.totalSizeOfBuffersCachedInBytes,1781856623166000000,1781856660579000000,83959808
FilePageCache.disposedBuffers,1781856623166000000,1781856660579000000,181
FilePageCache.totalPageDisposalsUs,1781856623166000000,1781856660579000000,20
FileChannelInterruptsRetryer.totalRetriedAttempts,1781856623166000000,1781856660579000000,0
FilePageCache.pageHits,1781856623166000000,1781856660579000000,0
