# OpenTelemetry Metrics report: .csv, 4 fields: 
# <metric name>, <period start, nanoseconds>, <period end, nanoseconds>, <metric value>
# See CsvMetricsExporter for details.
# 
# NAME, PERIOD_START_NANOS, PERIOD_END_NANOS, VALUE
VFS.rootsCount,1781863649300000000,1781863709392000000,12.0
VFS.folderCaseSensitivityReads,1781863649300000000,1781863709392000000,0
VFS.invertedFileNameIndex.requests,1781863649300000000,1781863709392000000,8
FileNameCache.totalMisses,1781863649300000000,1781863709392000000,704
VFS.contentStorage.recordsStoredSize,1781863649300000000,1781863709392000000,0
VFS.fileChildByName,1781863649300000000,1781863709392000000,6297
VFS.contentStorage.recordsReadDecompressed,1781863649300000000,1781863709392000000,6
VFS.contentStorage.recordsReadSize,1781863649300000000,1781863709392000000,343569
VFS.contentStorage.recordsRead,1781863649300000000,1781863709392000000,104
VFS.contentStorage.recordsDeduplicated,1781863649300000000,1781863709392000000,4
VFS.cache.segments,1781863649300000000,1781863709392000000,62.0
FileNameCache.queries,1781863649300000000,1781863709392000000,91968
VFS.cache.directoriesCreated,1781863649300000000,1781863709392000000,365
VFS.contentStorage.recordsDecompressionTimeUs,1781863649300000000,1781863709392000000,934
VFS.fileByIdCache.hits,1781863649300000000,1781863709392000000,0
VFS.contentStorage.recordsUncompressedSize,1781863649300000000,1781863709392000000,0
VFS.contentStorage.recordsStoredCompressed,1781863649300000000,1781863709392000000,0
VFS.cache.segmentsCreated,1781863649300000000,1781863709392000000,62
VFS.cache.filesCreated,1781863649300000000,1781863709392000000,11731
VFS.fileByIdCache.misses,1781863649300000000,1781863709392000000,337
VFS.contentStorage.recordsStored,1781863649300000000,1781863709392000000,0
MEM.ramPlusSwapMinusFileMappingsBytes,1781863649300000000,1781863709392000000,1305604096
JVM.GC.collectionTimesMs,1781863649300000000,1781863709392000000,1689
JVM.newThreadsCount,1781863649300000000,1781863709392000000,152
JVM.totalBytesAllocated,1781863649300000000,1781863709392000000,3580123240
JVM.usedNativeBytes,1781863649300000000,1781863709392000000,431587072
MEM.ramMinusFileMappingsBytes,1781863649300000000,1781863709392000000,1305604096
JVM.totalCpuTimeMs,1781863649300000000,1781863709392000000,228960
OS.loadAverage,1781863649300000000,1781863709392000000,4.3173828125
JVM.totalDirectByteBuffersBytes,1781863649300000000,1781863709392000000,45215745
MEM.ramBytes,1781863649300000000,1781863709392000000,2037178368
JVM.committedHeapBytes,1781863649300000000,1781863709392000000,605028352
MEM.fileMappingsRamBytes,1781863649300000000,1781863709392000000,718598144
JVM.totalTimeAtSafepointsMs,1781863649300000000,1781863709392000000,1771
JVM.totalTimeToSafepointsMs,1781863649300000000,1781863709392000000,81
JVM.maxHeapBytes,1781863649300000000,1781863709392000000,2147483648
JVM.GC.collections,1781863649300000000,1781863709392000000,59
JVM.maxThreadCount,1781863649300000000,1781863709392000000,144
JVM.threadCount,1781863649300000000,1781863709392000000,144
JVM.usedHeapBytes,1781863649300000000,1781863709392000000,520058904
JVM.totalSafepointCount,1781863649300000000,1781863709392000000,100
Indexing.writer_0.totalTimeSpentWritingMs,1781863649300000000,1781863709392000000,140
Indexes.entries.lookups,1781863649300000000,1781863709392000000,48
Indexing.writer_2.totalTimeSpentWritingMs,1781863649300000000,1781863709392000000,251
Indexes.stubs.lookupDurationMaxMs,1781863649300000000,1781863709392000000,0.0
Indexes.stubs.lookups,1781863649300000000,1781863709392000000,2703
Indexes.allKeys.lookupDurationAvgMs,1781863649300000000,1781863709392000000,0.0
Indexes.allKeys.lookupDurationMaxMs,1781863649300000000,1781863709392000000,0.0
Indexes.allKeys.lookupDuration90PMs,1781863649300000000,1781863709392000000,0.0
Indexing.cache.totalCacheMisses,1781863649300000000,1781863709392000000,2917
Indexing.totalTimeIndexersSleptMs,1781863649300000000,1781863709392000000,0
Indexing.writer_3.totalTimeSpentWritingMs,1781863649300000000,1781863709392000000,331
Indexing.cache.totalCacheEvicted,1781863649300000000,1781863709392000000,2327
Indexes.entries.lookupDurationMaxMs,1781863649300000000,1781863709392000000,0.0
Indexing.writer_1.totalTimeSpentWritingMs,1781863649300000000,1781863709392000000,143
Indexes.stubs.lookupDurationAvgMs,1781863649300000000,1781863709392000000,0.0
Indexes.entries.lookupDuration90PMs,1781863649300000000,1781863709392000000,0.0
Indexes.allKeys.lookups,1781863649300000000,1781863709392000000,2
Indexes.entries.lookupDurationAvgMs,1781863649300000000,1781863709392000000,0.0
Indexes.stubs.lookupDuration90PMs,1781863649300000000,1781863709392000000,0.0
Indexing.writesQueuedMin,1781863649300000000,1781863709392000000,9223372036854775807
Indexing.writesQueuedMax,1781863649300000000,1781863709392000000,0
Indexing.cache.totalCacheAccesses,1781863649300000000,1781863709392000000,7836
workspaceModel.workspaceFileIndexData.getDirectoriesByPackageName.ms,1781863649300000000,1781863709392000000,375
workspaceModel.cachedValueWithParameters.from.cache.count,1781863649300000000,1781863709392000000,7905
workspaceModel.replace.project.model.ms,1781863649300000000,1781863709392000000,0
workspaceModel.cachedValue.from.cache.count,1781863649300000000,1781863709392000000,110
workspaceModel.updates.ms,1781863649300000000,1781863709392000000,440
workspaceModel.on.changed.ms,1781863649300000000,1781863709392000000,99
workspaceModel.check.recursive.update.ms,1781863649300000000,1781863709392000000,1
workspaceModel.cachedValueWithParameters.clear.count,1781863649300000000,1781863709392000000,0
workspaceModel.workspaceFileIndexData.getPackageName.ms,1781863649300000000,1781863709392000000,80
workspaceModel.loading.total.ms,1781863649300000000,1781863709392000000,882
workspaceModel.workspaceFileIndexData.visitFileSets.ms,1781863649300000000,1781863709392000000,0
workspaceModel.workspaceFileIndexData.getFileInfo.ms,1781863649300000000,1781863709392000000,2484
workspaceModel.entityStorageSnapshotImpl.instances.count,1781863649300000000,1781863709392000000,22
workspaceModel.workspaceFileIndexData.markDirty.ms,1781863649300000000,1781863709392000000,0
workspaceModel.cachedValueWithParameters.total.get.count,1781863649300000000,1781863709392000000,7908
workspaceModel.workspaceFileIndexData.init.ms,1781863649300000000,1781863709392000000,846
workspaceModel.workspaceFileIndexContributor.registerFileSets.ms,1781863649300000000,1781863709392000000,1661
workspaceModel.workspaceFileIndexData.updateDirtyEntities.ms,1781863649300000000,1781863709392000000,0
workspaceModel.cachedValue.calculated.count,1781863649300000000,1781863709392000000,14
workspaceModel.update.unloaded.entities.ms,1781863649300000000,1781863709392000000,0
workspaceModel.cachedValue.clear.count,1781863649300000000,1781863709392000000,0
workspaceModel.to.snapshot.ms,1781863649300000000,1781863709392000000,2
workspaceModel.workspaceFileIndexData.onEntitiesChanged.ms,1781863649300000000,1781863709392000000,4
workspaceModel.init.bridges.ms,1781863649300000000,1781863709392000000,42
workspaceModel.loading.from.cache.ms,1781863649300000000,1781863709392000000,856
workspaceModel.pre.handlers.ms,1781863649300000000,1781863709392000000,6
workspaceModel.cachedValue.total.get.count,1781863649300000000,1781863709392000000,124
workspaceModel.workspaceFileIndexData.processFileSets.ms,1781863649300000000,1781863709392000000,0
workspaceModel.initializing.ms,1781863649300000000,1781863709392000000,39
workspaceModel.updates.count,1781863649300000000,1781863709392000000,3
workspaceModel.collect.changes.ms,1781863649300000000,1781863709392000000,0
workspaceModel.workspaceFileIndexData.instances.count,1781863649300000000,1781863709392000000,1
workspaceModel.full.replace.project.model.ms,1781863649300000000,1781863709392000000,27
workspaceModel.cachedValueWithParameters.calculated.count,1781863649300000000,1781863709392000000,3
workspaceModel.on.before.changed.ms,1781863649300000000,1781863709392000000,202
workspaceModel.updates.precise.ms,1781863649300000000,1781863709392000000,96
FlushQueue.queueSize90P,1781863649300000000,1781863709392000000,0
FlushQueue.queueSizeAvg,1781863649300000000,1781863709392000000,0.0
NonBlockingReadAction.finalizedExecutionsCount,1781863649300000000,1781863709392000000,72
FlushQueue.waitingTime90PNs,1781863649300000000,1781863709392000000,0
FlushQueue.waitingTimeMaxNs,1781863649300000000,1781863709392000000,0
NonBlockingReadAction.finalizedExecutionTimeUs,1781863649300000000,1781863709392000000,1272257
NonBlockingReadAction.failedExecutionsCount,1781863649300000000,1781863709392000000,2
AWTEventQueue.dispatchTimeAvgNs,1781863649300000000,1781863709392000000,0.0
ReadAction.executionsCount,1781863649300000000,1781863709392000000,7404
AWTEventQueue.dispatchTimeMaxNs,1781863649300000000,1781863709392000000,0
FlushQueue.executionTime90PNs,1781863649300000000,1781863709392000000,0
FlushQueue.executionTimeAvgNs,1781863649300000000,1781863709392000000,0.0
AWTEventQueue.dispatchTime90PNs,1781863649300000000,1781863709392000000,0
FlushQueue.executionTimeMaxNs,1781863649300000000,1781863709392000000,0
FlushQueue.tasksExecuted,1781863649300000000,1781863709392000000,0
AWTEventQueue.eventsDispatched,1781863649300000000,1781863709392000000,0
WriteAction.executionsCount,1781863649300000000,1781863709392000000,11
FlushQueue.waitingTimeAvgNs,1781863649300000000,1781863709392000000,0.0
FlushQueue.queueSizeMax,1781863649300000000,1781863709392000000,0
NonBlockingReadAction.failedExecutionTimeUs,1781863649300000000,1781863709392000000,236522
AWTEventQueue.dispatchTimeTotalNS,1781863649300000000,1781863709392000000,25205332743
DiskQueryRelay.tasksExecuted,1781863649300000000,1781863709392000000,797
LowMemory.gcLoad,1781863649300000000,1781863709392000000,0.003669914165748587
writeAction.median.wait.ms,1781863649300000000,1781863709392000000,0
parser.JAVA.size.bytes,1781863649300000000,1781863709392000000,3836
LowMemory.gcOverloaded,1781863649300000000,1781863709392000000,0
lexer.JAVA.time.ns,1781863649300000000,1781863709392000000,22781310
writeAction.max.wait.ms,1781863649300000000,1781863709392000000,52
lexer.JAVA.size.bytes,1781863649300000000,1781863709392000000,3836
DiskQueryRelay.taskExecutionTotalTimeUs,1781863649300000000,1781863709392000000,1436334
writeAction.count,1781863649300000000,1781863709392000000,11
parser.JAVA.time.ns,1781863649300000000,1781863709392000000,249974585
writeAction.wait.ms,1781863649300000000,1781863709392000000,60
DiskQueryRelay.taskWaitingTotalTimeUs,1781863649300000000,1781863709392000000,5461187
DiskQueryRelay.tasksRequested,1781863649300000000,1781863709392000000,1519
workspaceModel.mutableEntityStorage.collect.changes.ms,1781863649300000000,1781863709392000000,4
jps.module.iml.entities.serializer.save.entities.ms,1781863649300000000,1781863709392000000,0
workspaceModel.mutableEntityStorage.changeLog.addReplaceEventForNewParent.ms,1781863649300000000,1781863709392000000,6
jps.storage.jps.conf.reader.load.component.ms,1781863649300000000,1781863709392000000,41
jps.library.entities.serializer.load.entities.ms,1781863649300000000,1781863709392000000,1
workspaceModel.global.updates.ms,1781863649300000000,1781863709392000000,19
workspaceModel.mutableEntityStorage.resolve.ms,1781863649300000000,1781863709392000000,0
workspaceModel.moduleBridge.facet.initialization.ms,1781863649300000000,1781863709392000000,120
workspaceModel.mutableEntityStorage.add.entity.ms,1781863649300000000,1781863709392000000,133
workspaceModel.mutableEntityStorage.referrers.ms,1781863649300000000,1781863709392000000,0
jps.app.storage.content.writer.save.component.ms,1781863649300000000,1781863709392000000,16
workspaceModel.mutableEntityStorage.remove.entity.ms,1781863649300000000,1781863709392000000,0
workspaceModel.global.apply.state.to.project.builder.ms,1781863649300000000,1781863709392000000,6
jps.facet.change.listener.before.change.events.ms,1781863649300000000,1781863709392000000,0
workspaceModel.moduleManagerBridge.set.unloadedModules.ms,1781863649300000000,1781863709392000000,0
workspaceModel.mutableEntityStorage.has.same.entities.ms,1781863649300000000,1781863709392000000,0
jps.global.initialize.library.bridges.after.loading.ms,1781863649300000000,1781863709392000000,4
workspaceModel.mutableEntityStorage.apply.changes.from.ms,1781863649300000000,1781863709392000000,29
workspaceModel.moduleManagerBridge.build.module.graph.ms,1781863649300000000,1781863709392000000,2
workspaceModel.mutableEntityStorage.entities.ms,1781863649300000000,1781863709392000000,2
jps.global.initialize.library.bridges.ms,1781863649300000000,1781863709392000000,2
workspaceModel.delayed.project.synchronizer.sync.ms,1781863649300000000,1781863709392000000,602
workspaceModel.mutableEntityStorage.mutable.ext.mapping.ms,1781863649300000000,1781863709392000000,12
workspaceModel.load.cache.metadata.from.file.ms,1781863649300000000,1781863709392000000,63
jps.apply.loaded.storage.ms,1781863649300000000,1781863709392000000,143
jps.reload.project.entities.ms,1781863649300000000,1781863709392000000,1
jps.global.handle.before.change.events.ms,1781863649300000000,1781863709392000000,0
workspaceModel.mutableEntityStorage.to.snapshot.ms,1781863649300000000,1781863709392000000,14
jps.module.iml.entities.serializer.load.entities.ms,1781863649300000000,1781863709392000000,183
workspaceModel.moduleManagerBridge.load.all.modules.ms,1781863649300000000,1781863709392000000,110
workspaceModel.sync.entities.ms,1781863649300000000,1781863709392000000,0
workspaceModel.moduleManagerBridge.new.nonPersistent.module.ms,1781863649300000000,1781863709392000000,0
jps.artifact.entities.serializer.load.entities.ms,1781863649300000000,1781863709392000000,0
workspaceModel.load.cache.from.file.ms,1781863649300000000,1781863709392000000,876
workspaceModel.moduleBridge.update.option.ms,1781863649300000000,1781863709392000000,0
workspaceModel.global.updates.count,1781863649300000000,1781863709392000000,1
workspaceModel.mutableEntityStorage.hasReferrers.ms,1781863649300000000,1781863709392000000,0
workspaceModel.moduleManagerBridge.newModule.ms,1781863649300000000,1781863709392000000,0
workspaceModel.moduleBridgeLoader.loading.modules.ms,1781863649300000000,1781863709392000000,909
workspaceModel.global.apply.state.to.project.ms,1781863649300000000,1781863709392000000,444
workspaceModel.mutableEntityStorage.put.entity.ms,1781863649300000000,1781863709392000000,33
jps.module.dependency.index.workspace.model.listener.on.changed.ms,1781863649300000000,1781863709392000000,2
jps.save.changed.project.entities.ms,1781863649300000000,1781863709392000000,8
jps.project.serializers.save.ms,1781863649300000000,1781863709392000000,8
jps.facet.change.listener.init.bridge.ms,1781863649300000000,1781863709392000000,15
jps.global.get.library.by.name.ms,1781863649300000000,1781863709392000000,0
jps.artifact.entities.serializer.save.entities.ms,1781863649300000000,1781863709392000000,0
jps.project.serializers.load.ms,1781863649300000000,1781863709392000000,247
jps.library.entities.serializer.save.entities.ms,1781863649300000000,1781863709392000000,0
jps.global.handle.changed.events.ms,1781863649300000000,1781863709392000000,0
workspaceModel.orphan.listener.update.ms,1781863649300000000,1781863709392000000,14
workspaceModel.mutableEntityStorage.changeLog.addReplaceEventForNewChild.ms,1781863649300000000,1781863709392000000,5
workspaceModel.mutableEntityStorage.mutable.vfurl.index.ms,1781863649300000000,1781863709392000000,0
workspaceModel.moduleManagerBridge.create.module.instance.ms,1781863649300000000,1781863709392000000,0
jps.global.get.library.ms,1781863649300000000,1781863709392000000,0
workspaceModel.mutableEntityStorage.changeLog.addReplaceEventForRemovedParent.ms,1781863649300000000,1781863709392000000,0
workspaceModel.save.cache.to.file.ms,1781863649300000000,1781863709392000000,310
workspaceModel.mutableEntityStorage.modify.entity.ms,1781863649300000000,1781863709392000000,9
workspaceModel.mutableEntityStorage.replace.by.source.ms,1781863649300000000,1781863709392000000,84
jps.app.storage.content.reader.load.component.ms,1781863649300000000,1781863709392000000,8
workspaceModel.mutableEntityStorage.entities.by.source.ms,1781863649300000000,1781863709392000000,4
workspaceModel.moduleManagerBridge.get.modules.ms,1781863649300000000,1781863709392000000,5
workspaceModel.do.save.caches.ms,1781863649300000000,1781863709392000000,338
workspaceModel.mutableEntityStorage.changeLog.addReplaceEventForRemovedChild.ms,1781863649300000000,1781863709392000000,0
jps.load.project.to.empty.storage.ms,1781863649300000000,1781863709392000000,444
jps.save.global.entities.ms,1781863649300000000,1781863709392000000,99
jps.load.initial.state.ms,1781863649300000000,1781863709392000000,118
workspaceModel.moduleManagerBridge.load.module.ms,1781863649300000000,1781863709392000000,0
jps.facet.change.listener.process.change.events.ms,1781863649300000000,1781863709392000000,13
workspaceModel.mutableEntityStorage.instances.count,1781863649300000000,1781863709392000000,36
jps.global.get.libraries.ms,1781863649300000000,1781863709392000000,5
workspaceModel.moduleBridge.before.changed.ms,1781863649300000000,1781863709392000000,0
cacheStateStorage.get.counter,1781863649300000000,1781863709392000000,35
cacheStateStorage.set.duration,1781863649300000000,1781863709392000000,58
cacheStateStorage.get.duration,1781863649300000000,1781863709392000000,321
cacheStateStorage.set.counter,1781863649300000000,1781863709392000000,4
FileChannelInterruptsRetryer.totalRetriedAttempts,1781863649300000000,1781863709392000000,0
StorageLockContext.competingThreads.avg,1781863649300000000,1781863709392000000,0.0
FilePageCache.pageLoads,1781863649300000000,1781863709392000000,653
FilePageCache.pageFastCacheHits,1781863649300000000,1781863709392000000,16460
FilePageCache.disposedBuffers,1781863649300000000,1781863709392000000,640
FilePageCache.pageLoadsAboveSizeThreshold,1781863649300000000,1781863709392000000,36
FilePageCache.uncachedFileAccess,1781863649300000000,1781863709392000000,541
StorageLockContext.competingThreads.90P,1781863649300000000,1781863709392000000,0
FilePageCache.capacityInBytes,1781863649300000000,1781863709392000000,629145600
StreamlinedBlobStorage.totalLiveRecordsPayloadBytes,1781863649300000000,1781863709392000000,2931035
DirectByteBufferAllocator.hits,1781863649300000000,1781863709392000000,37
FilePageCache.maxCacheSizeInBytes,1781863649300000000,1781863709392000000,629153792
MappedFileStorage.totalPagesMapped,1781863649300000000,1781863709392000000,15
DirectByteBufferAllocator.misses,1781863649300000000,1781863709392000000,652
MappedFileStorage.totalBytesMapped,1781863649300000000,1781863709392000000,198443008
DirectByteBufferAllocator.reclaimed,1781863649300000000,1781863709392000000,79
StorageLockContext.competingThreads.max,1781863649300000000,1781863709392000000,0
MappedFileStorage.totalTimeSpentOnMappingUs,1781863649300000000,1781863709392000000,75419
FilePageCache.pageHits,1781863649300000000,1781863709392000000,2
FilePageCache.maxRegisteredFiles,1781863649300000000,1781863709392000000,1652
MappedFileStorage.storages,1781863649300000000,1781863709392000000,15
StreamlinedBlobStorage.recordsRelocated,1781863649300000000,1781863709392000000,0
FilePageCache.totalPageDisposalsUs,1781863649300000000,1781863709392000000,15543
StreamlinedBlobStorage.totalLiveRecordsCapacityBytes,1781863649300000000,1781863709392000000,5385693
DirectByteBufferAllocator.totalSizeOfBuffersCachedInBytes,1781863649300000000,1781863709392000000,41959424
StreamlinedBlobStorage.recordsDeleted,1781863649300000000,1781863709392000000,3
FilePageCache.totalPageLoadsUs,1781863649300000000,1781863709392000000,2902183
DirectByteBufferAllocator.totalSizeOfBuffersAllocatedInBytes,1781863649300000000,1781863709392000000,45137920
DirectByteBufferAllocator.disposed,1781863649300000000,1781863709392000000,603
StreamlinedBlobStorage.recordsAllocated,1781863649300000000,1781863709392000000,60478
compiler.ArtifactManagerBridge.getArtifacts.ms,1781863649300000000,1781863709392000000,0
compiler.ArtifactManagerBridge.addArtifact.ms,1781863649300000000,1781863709392000000,0
compiler.ArtifactManagerBridge.dropMappings.ms,1781863649300000000,1781863709392000000,0
compiler.ArtifactManagerBridge.initBridges.ms,1781863649300000000,1781863709392000000,2
compiler.ArtifactVirtualFileListener.propertyChanged.ms,1781863649300000000,1781863709392000000,0
compiler.ArtifactManagerBridge.getArtifactsByType.ms,1781863649300000000,1781863709392000000,18
compiler.ArtifactManagerBridge.findArtifact.ms,1781863649300000000,1781863709392000000,0
compiler.ArtifactManagerBridge.commit.ms,1781863649300000000,1781863709392000000,0
compiler.ArtifactVirtualFileListener.filePathChanged.ms,1781863649300000000,1781863709392000000,0
VFS.rootsCount,1781863709392000000,1781863769389000000,12.0
VFS.folderCaseSensitivityReads,1781863709392000000,1781863769389000000,0
VFS.invertedFileNameIndex.requests,1781863709392000000,1781863769389000000,0
FileNameCache.totalMisses,1781863709392000000,1781863769389000000,0
VFS.contentStorage.recordsStoredSize,1781863709392000000,1781863769389000000,0
VFS.fileChildByName,1781863709392000000,1781863769389000000,13
VFS.contentStorage.recordsReadDecompressed,1781863709392000000,1781863769389000000,0
VFS.contentStorage.recordsReadSize,1781863709392000000,1781863769389000000,0
VFS.contentStorage.recordsRead,1781863709392000000,1781863769389000000,0
VFS.contentStorage.recordsDeduplicated,1781863709392000000,1781863769389000000,0
VFS.cache.segments,1781863709392000000,1781863769389000000,62.0
FileNameCache.queries,1781863709392000000,1781863769389000000,0
VFS.cache.directoriesCreated,1781863709392000000,1781863769389000000,0
VFS.contentStorage.recordsDecompressionTimeUs,1781863709392000000,1781863769389000000,0
VFS.fileByIdCache.hits,1781863709392000000,1781863769389000000,0
VFS.contentStorage.recordsUncompressedSize,1781863709392000000,1781863769389000000,0
VFS.contentStorage.recordsStoredCompressed,1781863709392000000,1781863769389000000,0
VFS.cache.segmentsCreated,1781863709392000000,1781863769389000000,0
VFS.cache.filesCreated,1781863709392000000,1781863769389000000,2
VFS.fileByIdCache.misses,1781863709392000000,1781863769389000000,2
VFS.contentStorage.recordsStored,1781863709392000000,1781863769389000000,0
MEM.ramPlusSwapMinusFileMappingsBytes,1781863709392000000,1781863769389000000,1311219712
JVM.GC.collectionTimesMs,1781863709392000000,1781863769389000000,13
JVM.newThreadsCount,1781863709392000000,1781863769389000000,2
JVM.totalBytesAllocated,1781863709392000000,1781863769389000000,60748456
JVM.usedNativeBytes,1781863709392000000,1781863769389000000,437507704
MEM.ramMinusFileMappingsBytes,1781863709392000000,1781863769389000000,1311219712
JVM.totalCpuTimeMs,1781863709392000000,1781863769389000000,7340
OS.loadAverage,1781863709392000000,1781863769389000000,1.794921875
JVM.totalDirectByteBuffersBytes,1781863709392000000,1781863769389000000,45215745
MEM.ramBytes,1781863709392000000,1781863769389000000,2043842560
JVM.committedHeapBytes,1781863709392000000,1781863769389000000,605028352
MEM.fileMappingsRamBytes,1781863709392000000,1781863769389000000,719646720
JVM.totalTimeAtSafepointsMs,1781863709392000000,1781863769389000000,13
JVM.totalTimeToSafepointsMs,1781863709392000000,1781863769389000000,1
JVM.maxHeapBytes,1781863709392000000,1781863769389000000,2147483648
JVM.GC.collections,1781863709392000000,1781863769389000000,1
JVM.maxThreadCount,1781863709392000000,1781863769389000000,144
JVM.threadCount,1781863709392000000,1781863769389000000,87
JVM.usedHeapBytes,1781863709392000000,1781863769389000000,409192400
JVM.totalSafepointCount,1781863709392000000,1781863769389000000,1
Indexing.writer_0.totalTimeSpentWritingMs,1781863709392000000,1781863769389000000,0
Indexes.entries.lookups,1781863709392000000,1781863769389000000,1
Indexing.writer_2.totalTimeSpentWritingMs,1781863709392000000,1781863769389000000,0
Indexes.stubs.lookupDurationMaxMs,1781863709392000000,1781863769389000000,0.0
Indexes.stubs.lookups,1781863709392000000,1781863769389000000,8
Indexes.allKeys.lookupDurationAvgMs,1781863709392000000,1781863769389000000,0.0
Indexes.allKeys.lookupDurationMaxMs,1781863709392000000,1781863769389000000,0.0
Indexes.allKeys.lookupDuration90PMs,1781863709392000000,1781863769389000000,0.0
Indexing.cache.totalCacheMisses,1781863709392000000,1781863769389000000,5
Indexing.totalTimeIndexersSleptMs,1781863709392000000,1781863769389000000,0
Indexing.writer_3.totalTimeSpentWritingMs,1781863709392000000,1781863769389000000,0
Indexing.cache.totalCacheEvicted,1781863709392000000,1781863769389000000,5
Indexes.entries.lookupDurationMaxMs,1781863709392000000,1781863769389000000,0.0
Indexing.writer_1.totalTimeSpentWritingMs,1781863709392000000,1781863769389000000,0
Indexes.stubs.lookupDurationAvgMs,1781863709392000000,1781863769389000000,0.0
Indexes.entries.lookupDuration90PMs,1781863709392000000,1781863769389000000,0.0
Indexes.allKeys.lookups,1781863709392000000,1781863769389000000,0
Indexes.entries.lookupDurationAvgMs,1781863709392000000,1781863769389000000,0.0
Indexes.stubs.lookupDuration90PMs,1781863709392000000,1781863769389000000,0.0
Indexing.writesQueuedMin,1781863709392000000,1781863769389000000,9223372036854775807
Indexing.writesQueuedMax,1781863709392000000,1781863769389000000,0
Indexing.cache.totalCacheAccesses,1781863709392000000,1781863769389000000,18
workspaceModel.workspaceFileIndexData.getDirectoriesByPackageName.ms,1781863709392000000,1781863769389000000,0
workspaceModel.cachedValueWithParameters.from.cache.count,1781863709392000000,1781863769389000000,0
workspaceModel.replace.project.model.ms,1781863709392000000,1781863769389000000,0
workspaceModel.cachedValue.from.cache.count,1781863709392000000,1781863769389000000,5
workspaceModel.updates.ms,1781863709392000000,1781863769389000000,0
workspaceModel.on.changed.ms,1781863709392000000,1781863769389000000,0
workspaceModel.check.recursive.update.ms,1781863709392000000,1781863769389000000,0
workspaceModel.cachedValueWithParameters.clear.count,1781863709392000000,1781863769389000000,0
workspaceModel.workspaceFileIndexData.getPackageName.ms,1781863709392000000,1781863769389000000,0
workspaceModel.loading.total.ms,1781863709392000000,1781863769389000000,0
workspaceModel.workspaceFileIndexData.visitFileSets.ms,1781863709392000000,1781863769389000000,0
workspaceModel.workspaceFileIndexData.getFileInfo.ms,1781863709392000000,1781863769389000000,0
workspaceModel.entityStorageSnapshotImpl.instances.count,1781863709392000000,1781863769389000000,0
workspaceModel.workspaceFileIndexData.markDirty.ms,1781863709392000000,1781863769389000000,0
workspaceModel.cachedValueWithParameters.total.get.count,1781863709392000000,1781863769389000000,0
workspaceModel.workspaceFileIndexData.init.ms,1781863709392000000,1781863769389000000,0
workspaceModel.workspaceFileIndexContributor.registerFileSets.ms,1781863709392000000,1781863769389000000,0
workspaceModel.workspaceFileIndexData.updateDirtyEntities.ms,1781863709392000000,1781863769389000000,0
workspaceModel.cachedValue.calculated.count,1781863709392000000,1781863769389000000,0
workspaceModel.update.unloaded.entities.ms,1781863709392000000,1781863769389000000,0
workspaceModel.cachedValue.clear.count,1781863709392000000,1781863769389000000,0
workspaceModel.to.snapshot.ms,1781863709392000000,1781863769389000000,0
workspaceModel.workspaceFileIndexData.onEntitiesChanged.ms,1781863709392000000,1781863769389000000,0
workspaceModel.init.bridges.ms,1781863709392000000,1781863769389000000,0
workspaceModel.loading.from.cache.ms,1781863709392000000,1781863769389000000,0
workspaceModel.pre.handlers.ms,1781863709392000000,1781863769389000000,0
workspaceModel.cachedValue.total.get.count,1781863709392000000,1781863769389000000,5
workspaceModel.workspaceFileIndexData.processFileSets.ms,1781863709392000000,1781863769389000000,0
workspaceModel.initializing.ms,1781863709392000000,1781863769389000000,0
workspaceModel.updates.count,1781863709392000000,1781863769389000000,0
workspaceModel.collect.changes.ms,1781863709392000000,1781863769389000000,0
workspaceModel.workspaceFileIndexData.instances.count,1781863709392000000,1781863769389000000,0
workspaceModel.full.replace.project.model.ms,1781863709392000000,1781863769389000000,0
workspaceModel.cachedValueWithParameters.calculated.count,1781863709392000000,1781863769389000000,0
workspaceModel.on.before.changed.ms,1781863709392000000,1781863769389000000,0
workspaceModel.updates.precise.ms,1781863709392000000,1781863769389000000,0
FlushQueue.queueSize90P,1781863709392000000,1781863769389000000,0
FlushQueue.queueSizeAvg,1781863709392000000,1781863769389000000,0.0
NonBlockingReadAction.finalizedExecutionsCount,1781863709392000000,1781863769389000000,0
FlushQueue.waitingTime90PNs,1781863709392000000,1781863769389000000,0
FlushQueue.waitingTimeMaxNs,1781863709392000000,1781863769389000000,0
NonBlockingReadAction.finalizedExecutionTimeUs,1781863709392000000,1781863769389000000,0
NonBlockingReadAction.failedExecutionsCount,1781863709392000000,1781863769389000000,0
AWTEventQueue.dispatchTimeAvgNs,1781863709392000000,1781863769389000000,0.0
ReadAction.executionsCount,1781863709392000000,1781863769389000000,118
AWTEventQueue.dispatchTimeMaxNs,1781863709392000000,1781863769389000000,0
FlushQueue.executionTime90PNs,1781863709392000000,1781863769389000000,0
FlushQueue.executionTimeAvgNs,1781863709392000000,1781863769389000000,0.0
AWTEventQueue.dispatchTime90PNs,1781863709392000000,1781863769389000000,0
FlushQueue.executionTimeMaxNs,1781863709392000000,1781863769389000000,0
FlushQueue.tasksExecuted,1781863709392000000,1781863769389000000,0
AWTEventQueue.eventsDispatched,1781863709392000000,1781863769389000000,0
WriteAction.executionsCount,1781863709392000000,1781863769389000000,0
FlushQueue.waitingTimeAvgNs,1781863709392000000,1781863769389000000,0.0
FlushQueue.queueSizeMax,1781863709392000000,1781863769389000000,0
NonBlockingReadAction.failedExecutionTimeUs,1781863709392000000,1781863769389000000,0
AWTEventQueue.dispatchTimeTotalNS,1781863709392000000,1781863769389000000,565744459
DiskQueryRelay.tasksExecuted,1781863709392000000,1781863769389000000,0
LowMemory.gcLoad,1781863709392000000,1781863769389000000,0.00188396648143341
writeAction.median.wait.ms,1781863709392000000,1781863769389000000,0
LowMemory.gcOverloaded,1781863709392000000,1781863769389000000,0
writeAction.max.wait.ms,1781863709392000000,1781863769389000000,52
DiskQueryRelay.taskExecutionTotalTimeUs,1781863709392000000,1781863769389000000,0
writeAction.count,1781863709392000000,1781863769389000000,0
writeAction.wait.ms,1781863709392000000,1781863769389000000,0
DiskQueryRelay.taskWaitingTotalTimeUs,1781863709392000000,1781863769389000000,0
DiskQueryRelay.tasksRequested,1781863709392000000,1781863769389000000,0
workspaceModel.mutableEntityStorage.collect.changes.ms,1781863709392000000,1781863769389000000,0
jps.module.iml.entities.serializer.save.entities.ms,1781863709392000000,1781863769389000000,0
workspaceModel.mutableEntityStorage.changeLog.addReplaceEventForNewParent.ms,1781863709392000000,1781863769389000000,0
jps.storage.jps.conf.reader.load.component.ms,1781863709392000000,1781863769389000000,0
jps.library.entities.serializer.load.entities.ms,1781863709392000000,1781863769389000000,0
workspaceModel.global.updates.ms,1781863709392000000,1781863769389000000,0
workspaceModel.mutableEntityStorage.resolve.ms,1781863709392000000,1781863769389000000,0
workspaceModel.moduleBridge.facet.initialization.ms,1781863709392000000,1781863769389000000,0
workspaceModel.mutableEntityStorage.add.entity.ms,1781863709392000000,1781863769389000000,0
workspaceModel.mutableEntityStorage.referrers.ms,1781863709392000000,1781863769389000000,0
jps.app.storage.content.writer.save.component.ms,1781863709392000000,1781863769389000000,0
workspaceModel.mutableEntityStorage.remove.entity.ms,1781863709392000000,1781863769389000000,0
workspaceModel.global.apply.state.to.project.builder.ms,1781863709392000000,1781863769389000000,0
jps.facet.change.listener.before.change.events.ms,1781863709392000000,1781863769389000000,0
workspaceModel.moduleManagerBridge.set.unloadedModules.ms,1781863709392000000,1781863769389000000,0
workspaceModel.mutableEntityStorage.has.same.entities.ms,1781863709392000000,1781863769389000000,0
jps.global.initialize.library.bridges.after.loading.ms,1781863709392000000,1781863769389000000,0
workspaceModel.mutableEntityStorage.apply.changes.from.ms,1781863709392000000,1781863769389000000,0
workspaceModel.moduleManagerBridge.build.module.graph.ms,1781863709392000000,1781863769389000000,0
workspaceModel.mutableEntityStorage.entities.ms,1781863709392000000,1781863769389000000,0
jps.global.initialize.library.bridges.ms,1781863709392000000,1781863769389000000,0
workspaceModel.delayed.project.synchronizer.sync.ms,1781863709392000000,1781863769389000000,0
workspaceModel.mutableEntityStorage.mutable.ext.mapping.ms,1781863709392000000,1781863769389000000,0
workspaceModel.load.cache.metadata.from.file.ms,1781863709392000000,1781863769389000000,0
jps.apply.loaded.storage.ms,1781863709392000000,1781863769389000000,0
jps.reload.project.entities.ms,1781863709392000000,1781863769389000000,0
jps.global.handle.before.change.events.ms,1781863709392000000,1781863769389000000,0
workspaceModel.mutableEntityStorage.to.snapshot.ms,1781863709392000000,1781863769389000000,0
jps.module.iml.entities.serializer.load.entities.ms,1781863709392000000,1781863769389000000,0
workspaceModel.moduleManagerBridge.load.all.modules.ms,1781863709392000000,1781863769389000000,0
workspaceModel.sync.entities.ms,1781863709392000000,1781863769389000000,0
workspaceModel.moduleManagerBridge.new.nonPersistent.module.ms,1781863709392000000,1781863769389000000,0
jps.artifact.entities.serializer.load.entities.ms,1781863709392000000,1781863769389000000,0
workspaceModel.load.cache.from.file.ms,1781863709392000000,1781863769389000000,0
workspaceModel.moduleBridge.update.option.ms,1781863709392000000,1781863769389000000,0
workspaceModel.global.updates.count,1781863709392000000,1781863769389000000,0
workspaceModel.mutableEntityStorage.hasReferrers.ms,1781863709392000000,1781863769389000000,0
workspaceModel.moduleManagerBridge.newModule.ms,1781863709392000000,1781863769389000000,0
workspaceModel.moduleBridgeLoader.loading.modules.ms,1781863709392000000,1781863769389000000,0
workspaceModel.global.apply.state.to.project.ms,1781863709392000000,1781863769389000000,0
workspaceModel.mutableEntityStorage.put.entity.ms,1781863709392000000,1781863769389000000,0
jps.module.dependency.index.workspace.model.listener.on.changed.ms,1781863709392000000,1781863769389000000,0
jps.save.changed.project.entities.ms,1781863709392000000,1781863769389000000,0
jps.project.serializers.save.ms,1781863709392000000,1781863769389000000,0
jps.facet.change.listener.init.bridge.ms,1781863709392000000,1781863769389000000,0
jps.global.get.library.by.name.ms,1781863709392000000,1781863769389000000,0
jps.artifact.entities.serializer.save.entities.ms,1781863709392000000,1781863769389000000,0
jps.project.serializers.load.ms,1781863709392000000,1781863769389000000,0
jps.library.entities.serializer.save.entities.ms,1781863709392000000,1781863769389000000,0
jps.global.handle.changed.events.ms,1781863709392000000,1781863769389000000,0
workspaceModel.orphan.listener.update.ms,1781863709392000000,1781863769389000000,0
workspaceModel.mutableEntityStorage.changeLog.addReplaceEventForNewChild.ms,1781863709392000000,1781863769389000000,0
workspaceModel.mutableEntityStorage.mutable.vfurl.index.ms,1781863709392000000,1781863769389000000,0
workspaceModel.moduleManagerBridge.create.module.instance.ms,1781863709392000000,1781863769389000000,0
jps.global.get.library.ms,1781863709392000000,1781863769389000000,0
workspaceModel.mutableEntityStorage.changeLog.addReplaceEventForRemovedParent.ms,1781863709392000000,1781863769389000000,0
workspaceModel.save.cache.to.file.ms,1781863709392000000,1781863769389000000,0
workspaceModel.mutableEntityStorage.modify.entity.ms,1781863709392000000,1781863769389000000,0
workspaceModel.mutableEntityStorage.replace.by.source.ms,1781863709392000000,1781863769389000000,0
jps.app.storage.content.reader.load.component.ms,1781863709392000000,1781863769389000000,0
workspaceModel.mutableEntityStorage.entities.by.source.ms,1781863709392000000,1781863769389000000,0
workspaceModel.moduleManagerBridge.get.modules.ms,1781863709392000000,1781863769389000000,0
workspaceModel.do.save.caches.ms,1781863709392000000,1781863769389000000,0
workspaceModel.mutableEntityStorage.changeLog.addReplaceEventForRemovedChild.ms,1781863709392000000,1781863769389000000,0
jps.load.project.to.empty.storage.ms,1781863709392000000,1781863769389000000,0
jps.save.global.entities.ms,1781863709392000000,1781863769389000000,0
jps.load.initial.state.ms,1781863709392000000,1781863769389000000,0
workspaceModel.moduleManagerBridge.load.module.ms,1781863709392000000,1781863769389000000,0
jps.facet.change.listener.process.change.events.ms,1781863709392000000,1781863769389000000,0
workspaceModel.mutableEntityStorage.instances.count,1781863709392000000,1781863769389000000,0
jps.global.get.libraries.ms,1781863709392000000,1781863769389000000,0
workspaceModel.moduleBridge.before.changed.ms,1781863709392000000,1781863769389000000,0
cacheStateStorage.get.counter,1781863709392000000,1781863769389000000,0
cacheStateStorage.set.duration,1781863709392000000,1781863769389000000,0
cacheStateStorage.get.duration,1781863709392000000,1781863769389000000,0
cacheStateStorage.set.counter,1781863709392000000,1781863769389000000,0
FileChannelInterruptsRetryer.totalRetriedAttempts,1781863709392000000,1781863769389000000,0
StorageLockContext.competingThreads.avg,1781863709392000000,1781863769389000000,0.0
FilePageCache.pageLoads,1781863709392000000,1781863769389000000,0
FilePageCache.pageFastCacheHits,1781863709392000000,1781863769389000000,0
FilePageCache.disposedBuffers,1781863709392000000,1781863769389000000,0
FilePageCache.pageLoadsAboveSizeThreshold,1781863709392000000,1781863769389000000,0
FilePageCache.uncachedFileAccess,1781863709392000000,1781863769389000000,0
StorageLockContext.competingThreads.90P,1781863709392000000,1781863769389000000,0
FilePageCache.capacityInBytes,1781863709392000000,1781863769389000000,629145600
StreamlinedBlobStorage.totalLiveRecordsPayloadBytes,1781863709392000000,1781863769389000000,0
DirectByteBufferAllocator.hits,1781863709392000000,1781863769389000000,0
FilePageCache.maxCacheSizeInBytes,1781863709392000000,1781863769389000000,629153792
MappedFileStorage.totalPagesMapped,1781863709392000000,1781863769389000000,15
DirectByteBufferAllocator.misses,1781863709392000000,1781863769389000000,0
MappedFileStorage.totalBytesMapped,1781863709392000000,1781863769389000000,198443008
DirectByteBufferAllocator.reclaimed,1781863709392000000,1781863769389000000,0
StorageLockContext.competingThreads.max,1781863709392000000,1781863769389000000,0
MappedFileStorage.totalTimeSpentOnMappingUs,1781863709392000000,1781863769389000000,75419
FilePageCache.pageHits,1781863709392000000,1781863769389000000,0
FilePageCache.maxRegisteredFiles,1781863709392000000,1781863769389000000,1652
MappedFileStorage.storages,1781863709392000000,1781863769389000000,15
StreamlinedBlobStorage.recordsRelocated,1781863709392000000,1781863769389000000,0
FilePageCache.totalPageDisposalsUs,1781863709392000000,1781863769389000000,0
StreamlinedBlobStorage.totalLiveRecordsCapacityBytes,1781863709392000000,1781863769389000000,0
DirectByteBufferAllocator.totalSizeOfBuffersCachedInBytes,1781863709392000000,1781863769389000000,41959424
StreamlinedBlobStorage.recordsDeleted,1781863709392000000,1781863769389000000,0
FilePageCache.totalPageLoadsUs,1781863709392000000,1781863769389000000,0
DirectByteBufferAllocator.totalSizeOfBuffersAllocatedInBytes,1781863709392000000,1781863769389000000,45137920
DirectByteBufferAllocator.disposed,1781863709392000000,1781863769389000000,0
StreamlinedBlobStorage.recordsAllocated,1781863709392000000,1781863769389000000,0
compiler.ArtifactManagerBridge.getArtifacts.ms,1781863709392000000,1781863769389000000,0
compiler.ArtifactManagerBridge.addArtifact.ms,1781863709392000000,1781863769389000000,0
compiler.ArtifactManagerBridge.dropMappings.ms,1781863709392000000,1781863769389000000,0
compiler.ArtifactManagerBridge.initBridges.ms,1781863709392000000,1781863769389000000,0
compiler.ArtifactVirtualFileListener.propertyChanged.ms,1781863709392000000,1781863769389000000,0
compiler.ArtifactManagerBridge.getArtifactsByType.ms,1781863709392000000,1781863769389000000,0
compiler.ArtifactManagerBridge.findArtifact.ms,1781863709392000000,1781863769389000000,0
compiler.ArtifactManagerBridge.commit.ms,1781863709392000000,1781863769389000000,0
compiler.ArtifactVirtualFileListener.filePathChanged.ms,1781863709392000000,1781863769389000000,0
VFS.rootsCount,1781863769389000000,1781863829389000000,12.0
VFS.folderCaseSensitivityReads,1781863769389000000,1781863829389000000,0
VFS.invertedFileNameIndex.requests,1781863769389000000,1781863829389000000,0
FileNameCache.totalMisses,1781863769389000000,1781863829389000000,0
VFS.contentStorage.recordsStoredSize,1781863769389000000,1781863829389000000,0
VFS.fileChildByName,1781863769389000000,1781863829389000000,0
VFS.contentStorage.recordsReadDecompressed,1781863769389000000,1781863829389000000,0
VFS.contentStorage.recordsReadSize,1781863769389000000,1781863829389000000,0
VFS.contentStorage.recordsRead,1781863769389000000,1781863829389000000,0
VFS.contentStorage.recordsDeduplicated,1781863769389000000,1781863829389000000,0
VFS.cache.segments,1781863769389000000,1781863829389000000,62.0
FileNameCache.queries,1781863769389000000,1781863829389000000,0
VFS.cache.directoriesCreated,1781863769389000000,1781863829389000000,0
VFS.contentStorage.recordsDecompressionTimeUs,1781863769389000000,1781863829389000000,0
VFS.fileByIdCache.hits,1781863769389000000,1781863829389000000,0
VFS.contentStorage.recordsUncompressedSize,1781863769389000000,1781863829389000000,0
VFS.contentStorage.recordsStoredCompressed,1781863769389000000,1781863829389000000,0
VFS.cache.segmentsCreated,1781863769389000000,1781863829389000000,0
VFS.cache.filesCreated,1781863769389000000,1781863829389000000,0
VFS.fileByIdCache.misses,1781863769389000000,1781863829389000000,0
VFS.contentStorage.recordsStored,1781863769389000000,1781863829389000000,0
MEM.ramPlusSwapMinusFileMappingsBytes,1781863769389000000,1781863829389000000,1308803072
JVM.GC.collectionTimesMs,1781863769389000000,1781863829389000000,0
JVM.newThreadsCount,1781863769389000000,1781863829389000000,0
JVM.totalBytesAllocated,1781863769389000000,1781863829389000000,18547144
JVM.usedNativeBytes,1781863769389000000,1781863829389000000,438582288
MEM.ramMinusFileMappingsBytes,1781863769389000000,1781863829389000000,1308803072
JVM.totalCpuTimeMs,1781863769389000000,1781863829389000000,2450
OS.loadAverage,1781863769389000000,1781863829389000000,0.6953125
JVM.totalDirectByteBuffersBytes,1781863769389000000,1781863829389000000,45215745
MEM.ramBytes,1781863769389000000,1781863829389000000,2041425920
JVM.committedHeapBytes,1781863769389000000,1781863829389000000,605028352
MEM.fileMappingsRamBytes,1781863769389000000,1781863829389000000,719646720
JVM.totalTimeAtSafepointsMs,1781863769389000000,1781863829389000000,0
JVM.totalTimeToSafepointsMs,1781863769389000000,1781863829389000000,0
JVM.maxHeapBytes,1781863769389000000,1781863829389000000,2147483648
JVM.GC.collections,1781863769389000000,1781863829389000000,0
JVM.maxThreadCount,1781863769389000000,1781863829389000000,144
JVM.threadCount,1781863769389000000,1781863829389000000,59
JVM.usedHeapBytes,1781863769389000000,1781863829389000000,429115344
JVM.totalSafepointCount,1781863769389000000,1781863829389000000,0
Indexing.writer_0.totalTimeSpentWritingMs,1781863769389000000,1781863829389000000,0
Indexes.entries.lookups,1781863769389000000,1781863829389000000,0
Indexing.writer_2.totalTimeSpentWritingMs,1781863769389000000,1781863829389000000,0
Indexes.stubs.lookupDurationMaxMs,1781863769389000000,1781863829389000000,0.0
Indexes.stubs.lookups,1781863769389000000,1781863829389000000,0
Indexes.allKeys.lookupDurationAvgMs,1781863769389000000,1781863829389000000,0.0
Indexes.allKeys.lookupDurationMaxMs,1781863769389000000,1781863829389000000,0.0
Indexes.allKeys.lookupDuration90PMs,1781863769389000000,1781863829389000000,0.0
Indexing.cache.totalCacheMisses,1781863769389000000,1781863829389000000,0
Indexing.totalTimeIndexersSleptMs,1781863769389000000,1781863829389000000,0
Indexing.writer_3.totalTimeSpentWritingMs,1781863769389000000,1781863829389000000,0
Indexing.cache.totalCacheEvicted,1781863769389000000,1781863829389000000,0
Indexes.entries.lookupDurationMaxMs,1781863769389000000,1781863829389000000,0.0
Indexing.writer_1.totalTimeSpentWritingMs,1781863769389000000,1781863829389000000,0
Indexes.stubs.lookupDurationAvgMs,1781863769389000000,1781863829389000000,0.0
Indexes.entries.lookupDuration90PMs,1781863769389000000,1781863829389000000,0.0
Indexes.allKeys.lookups,1781863769389000000,1781863829389000000,0
Indexes.entries.lookupDurationAvgMs,1781863769389000000,1781863829389000000,0.0
Indexes.stubs.lookupDuration90PMs,1781863769389000000,1781863829389000000,0.0
Indexing.writesQueuedMin,1781863769389000000,1781863829389000000,9223372036854775807
Indexing.writesQueuedMax,1781863769389000000,1781863829389000000,0
Indexing.cache.totalCacheAccesses,1781863769389000000,1781863829389000000,0
workspaceModel.workspaceFileIndexData.getDirectoriesByPackageName.ms,1781863769389000000,1781863829389000000,0
workspaceModel.cachedValueWithParameters.from.cache.count,1781863769389000000,1781863829389000000,0
workspaceModel.replace.project.model.ms,1781863769389000000,1781863829389000000,0
workspaceModel.cachedValue.from.cache.count,1781863769389000000,1781863829389000000,0
workspaceModel.updates.ms,1781863769389000000,1781863829389000000,0
workspaceModel.on.changed.ms,1781863769389000000,1781863829389000000,0
workspaceModel.check.recursive.update.ms,1781863769389000000,1781863829389000000,0
workspaceModel.cachedValueWithParameters.clear.count,1781863769389000000,1781863829389000000,0
workspaceModel.workspaceFileIndexData.getPackageName.ms,1781863769389000000,1781863829389000000,0
workspaceModel.loading.total.ms,1781863769389000000,1781863829389000000,0
workspaceModel.workspaceFileIndexData.visitFileSets.ms,1781863769389000000,1781863829389000000,0
workspaceModel.workspaceFileIndexData.getFileInfo.ms,1781863769389000000,1781863829389000000,0
workspaceModel.entityStorageSnapshotImpl.instances.count,1781863769389000000,1781863829389000000,0
workspaceModel.workspaceFileIndexData.markDirty.ms,1781863769389000000,1781863829389000000,0
workspaceModel.cachedValueWithParameters.total.get.count,1781863769389000000,1781863829389000000,0
workspaceModel.workspaceFileIndexData.init.ms,1781863769389000000,1781863829389000000,0
workspaceModel.workspaceFileIndexContributor.registerFileSets.ms,1781863769389000000,1781863829389000000,0
workspaceModel.workspaceFileIndexData.updateDirtyEntities.ms,1781863769389000000,1781863829389000000,0
workspaceModel.cachedValue.calculated.count,1781863769389000000,1781863829389000000,0
workspaceModel.update.unloaded.entities.ms,1781863769389000000,1781863829389000000,0
workspaceModel.cachedValue.clear.count,1781863769389000000,1781863829389000000,0
workspaceModel.to.snapshot.ms,1781863769389000000,1781863829389000000,0
workspaceModel.workspaceFileIndexData.onEntitiesChanged.ms,1781863769389000000,1781863829389000000,0
workspaceModel.init.bridges.ms,1781863769389000000,1781863829389000000,0
workspaceModel.loading.from.cache.ms,1781863769389000000,1781863829389000000,0
workspaceModel.pre.handlers.ms,1781863769389000000,1781863829389000000,0
workspaceModel.cachedValue.total.get.count,1781863769389000000,1781863829389000000,0
workspaceModel.workspaceFileIndexData.processFileSets.ms,1781863769389000000,1781863829389000000,0
workspaceModel.initializing.ms,1781863769389000000,1781863829389000000,0
workspaceModel.updates.count,1781863769389000000,1781863829389000000,0
workspaceModel.collect.changes.ms,1781863769389000000,1781863829389000000,0
workspaceModel.workspaceFileIndexData.instances.count,1781863769389000000,1781863829389000000,0
workspaceModel.full.replace.project.model.ms,1781863769389000000,1781863829389000000,0
workspaceModel.cachedValueWithParameters.calculated.count,1781863769389000000,1781863829389000000,0
workspaceModel.on.before.changed.ms,1781863769389000000,1781863829389000000,0
workspaceModel.updates.precise.ms,1781863769389000000,1781863829389000000,0
FlushQueue.queueSize90P,1781863769389000000,1781863829389000000,0
FlushQueue.queueSizeAvg,1781863769389000000,1781863829389000000,0.0
NonBlockingReadAction.finalizedExecutionsCount,1781863769389000000,1781863829389000000,0
FlushQueue.waitingTime90PNs,1781863769389000000,1781863829389000000,0
FlushQueue.waitingTimeMaxNs,1781863769389000000,1781863829389000000,0
NonBlockingReadAction.finalizedExecutionTimeUs,1781863769389000000,1781863829389000000,0
NonBlockingReadAction.failedExecutionsCount,1781863769389000000,1781863829389000000,0
AWTEventQueue.dispatchTimeAvgNs,1781863769389000000,1781863829389000000,0.0
ReadAction.executionsCount,1781863769389000000,1781863829389000000,7
AWTEventQueue.dispatchTimeMaxNs,1781863769389000000,1781863829389000000,0
FlushQueue.executionTime90PNs,1781863769389000000,1781863829389000000,0
FlushQueue.executionTimeAvgNs,1781863769389000000,1781863829389000000,0.0
AWTEventQueue.dispatchTime90PNs,1781863769389000000,1781863829389000000,0
FlushQueue.executionTimeMaxNs,1781863769389000000,1781863829389000000,0
FlushQueue.tasksExecuted,1781863769389000000,1781863829389000000,0
AWTEventQueue.eventsDispatched,1781863769389000000,1781863829389000000,0
WriteAction.executionsCount,1781863769389000000,1781863829389000000,0
FlushQueue.waitingTimeAvgNs,1781863769389000000,1781863829389000000,0.0
FlushQueue.queueSizeMax,1781863769389000000,1781863829389000000,0
NonBlockingReadAction.failedExecutionTimeUs,1781863769389000000,1781863829389000000,0
AWTEventQueue.dispatchTimeTotalNS,1781863769389000000,1781863829389000000,32986546
DiskQueryRelay.tasksExecuted,1781863769389000000,1781863829389000000,0
LowMemory.gcLoad,1781863769389000000,1781863829389000000,9.672176548448936E-4
writeAction.median.wait.ms,1781863769389000000,1781863829389000000,0
LowMemory.gcOverloaded,1781863769389000000,1781863829389000000,0
writeAction.max.wait.ms,1781863769389000000,1781863829389000000,52
DiskQueryRelay.taskExecutionTotalTimeUs,1781863769389000000,1781863829389000000,0
writeAction.count,1781863769389000000,1781863829389000000,0
writeAction.wait.ms,1781863769389000000,1781863829389000000,0
DiskQueryRelay.taskWaitingTotalTimeUs,1781863769389000000,1781863829389000000,0
DiskQueryRelay.tasksRequested,1781863769389000000,1781863829389000000,0
workspaceModel.mutableEntityStorage.collect.changes.ms,1781863769389000000,1781863829389000000,0
jps.module.iml.entities.serializer.save.entities.ms,1781863769389000000,1781863829389000000,0
workspaceModel.mutableEntityStorage.changeLog.addReplaceEventForNewParent.ms,1781863769389000000,1781863829389000000,0
jps.storage.jps.conf.reader.load.component.ms,1781863769389000000,1781863829389000000,0
jps.library.entities.serializer.load.entities.ms,1781863769389000000,1781863829389000000,0
workspaceModel.global.updates.ms,1781863769389000000,1781863829389000000,0
workspaceModel.mutableEntityStorage.resolve.ms,1781863769389000000,1781863829389000000,0
workspaceModel.moduleBridge.facet.initialization.ms,1781863769389000000,1781863829389000000,0
workspaceModel.mutableEntityStorage.add.entity.ms,1781863769389000000,1781863829389000000,0
workspaceModel.mutableEntityStorage.referrers.ms,1781863769389000000,1781863829389000000,0
jps.app.storage.content.writer.save.component.ms,1781863769389000000,1781863829389000000,0
workspaceModel.mutableEntityStorage.remove.entity.ms,1781863769389000000,1781863829389000000,0
workspaceModel.global.apply.state.to.project.builder.ms,1781863769389000000,1781863829389000000,0
jps.facet.change.listener.before.change.events.ms,1781863769389000000,1781863829389000000,0
workspaceModel.moduleManagerBridge.set.unloadedModules.ms,1781863769389000000,1781863829389000000,0
workspaceModel.mutableEntityStorage.has.same.entities.ms,1781863769389000000,1781863829389000000,0
jps.global.initialize.library.bridges.after.loading.ms,1781863769389000000,1781863829389000000,0
workspaceModel.mutableEntityStorage.apply.changes.from.ms,1781863769389000000,1781863829389000000,0
workspaceModel.moduleManagerBridge.build.module.graph.ms,1781863769389000000,1781863829389000000,0
workspaceModel.mutableEntityStorage.entities.ms,1781863769389000000,1781863829389000000,0
jps.global.initialize.library.bridges.ms,1781863769389000000,1781863829389000000,0
workspaceModel.delayed.project.synchronizer.sync.ms,1781863769389000000,1781863829389000000,0
workspaceModel.mutableEntityStorage.mutable.ext.mapping.ms,1781863769389000000,1781863829389000000,0
workspaceModel.load.cache.metadata.from.file.ms,1781863769389000000,1781863829389000000,0
jps.apply.loaded.storage.ms,1781863769389000000,1781863829389000000,0
jps.reload.project.entities.ms,1781863769389000000,1781863829389000000,0
jps.global.handle.before.change.events.ms,1781863769389000000,1781863829389000000,0
workspaceModel.mutableEntityStorage.to.snapshot.ms,1781863769389000000,1781863829389000000,0
jps.module.iml.entities.serializer.load.entities.ms,1781863769389000000,1781863829389000000,0
workspaceModel.moduleManagerBridge.load.all.modules.ms,1781863769389000000,1781863829389000000,0
workspaceModel.sync.entities.ms,1781863769389000000,1781863829389000000,0
workspaceModel.moduleManagerBridge.new.nonPersistent.module.ms,1781863769389000000,1781863829389000000,0
jps.artifact.entities.serializer.load.entities.ms,1781863769389000000,1781863829389000000,0
workspaceModel.load.cache.from.file.ms,1781863769389000000,1781863829389000000,0
workspaceModel.moduleBridge.update.option.ms,1781863769389000000,1781863829389000000,0
workspaceModel.global.updates.count,1781863769389000000,1781863829389000000,0
workspaceModel.mutableEntityStorage.hasReferrers.ms,1781863769389000000,1781863829389000000,0
workspaceModel.moduleManagerBridge.newModule.ms,1781863769389000000,1781863829389000000,0
workspaceModel.moduleBridgeLoader.loading.modules.ms,1781863769389000000,1781863829389000000,0
workspaceModel.global.apply.state.to.project.ms,1781863769389000000,1781863829389000000,0
workspaceModel.mutableEntityStorage.put.entity.ms,1781863769389000000,1781863829389000000,0
jps.module.dependency.index.workspace.model.listener.on.changed.ms,1781863769389000000,1781863829389000000,0
jps.save.changed.project.entities.ms,1781863769389000000,1781863829389000000,0
jps.project.serializers.save.ms,1781863769389000000,1781863829389000000,0
jps.facet.change.listener.init.bridge.ms,1781863769389000000,1781863829389000000,0
jps.global.get.library.by.name.ms,1781863769389000000,1781863829389000000,0
jps.artifact.entities.serializer.save.entities.ms,1781863769389000000,1781863829389000000,0
jps.project.serializers.load.ms,1781863769389000000,1781863829389000000,0
jps.library.entities.serializer.save.entities.ms,1781863769389000000,1781863829389000000,0
jps.global.handle.changed.events.ms,1781863769389000000,1781863829389000000,0
workspaceModel.orphan.listener.update.ms,1781863769389000000,1781863829389000000,0
workspaceModel.mutableEntityStorage.changeLog.addReplaceEventForNewChild.ms,1781863769389000000,1781863829389000000,0
workspaceModel.mutableEntityStorage.mutable.vfurl.index.ms,1781863769389000000,1781863829389000000,0
workspaceModel.moduleManagerBridge.create.module.instance.ms,1781863769389000000,1781863829389000000,0
jps.global.get.library.ms,1781863769389000000,1781863829389000000,0
workspaceModel.mutableEntityStorage.changeLog.addReplaceEventForRemovedParent.ms,1781863769389000000,1781863829389000000,0
workspaceModel.save.cache.to.file.ms,1781863769389000000,1781863829389000000,0
workspaceModel.mutableEntityStorage.modify.entity.ms,1781863769389000000,1781863829389000000,0
workspaceModel.mutableEntityStorage.replace.by.source.ms,1781863769389000000,1781863829389000000,0
jps.app.storage.content.reader.load.component.ms,1781863769389000000,1781863829389000000,0
workspaceModel.mutableEntityStorage.entities.by.source.ms,1781863769389000000,1781863829389000000,0
workspaceModel.moduleManagerBridge.get.modules.ms,1781863769389000000,1781863829389000000,0
workspaceModel.do.save.caches.ms,1781863769389000000,1781863829389000000,0
workspaceModel.mutableEntityStorage.changeLog.addReplaceEventForRemovedChild.ms,1781863769389000000,1781863829389000000,0
jps.load.project.to.empty.storage.ms,1781863769389000000,1781863829389000000,0
jps.save.global.entities.ms,1781863769389000000,1781863829389000000,0
jps.load.initial.state.ms,1781863769389000000,1781863829389000000,0
workspaceModel.moduleManagerBridge.load.module.ms,1781863769389000000,1781863829389000000,0
jps.facet.change.listener.process.change.events.ms,1781863769389000000,1781863829389000000,0
workspaceModel.mutableEntityStorage.instances.count,1781863769389000000,1781863829389000000,0
jps.global.get.libraries.ms,1781863769389000000,1781863829389000000,0
workspaceModel.moduleBridge.before.changed.ms,1781863769389000000,1781863829389000000,0
cacheStateStorage.get.counter,1781863769389000000,1781863829389000000,0
cacheStateStorage.set.duration,1781863769389000000,1781863829389000000,0
cacheStateStorage.get.duration,1781863769389000000,1781863829389000000,0
cacheStateStorage.set.counter,1781863769389000000,1781863829389000000,0
FileChannelInterruptsRetryer.totalRetriedAttempts,1781863769389000000,1781863829389000000,0
StorageLockContext.competingThreads.avg,1781863769389000000,1781863829389000000,0.0
FilePageCache.pageLoads,1781863769389000000,1781863829389000000,0
FilePageCache.pageFastCacheHits,1781863769389000000,1781863829389000000,0
FilePageCache.disposedBuffers,1781863769389000000,1781863829389000000,0
FilePageCache.pageLoadsAboveSizeThreshold,1781863769389000000,1781863829389000000,0
FilePageCache.uncachedFileAccess,1781863769389000000,1781863829389000000,0
StorageLockContext.competingThreads.90P,1781863769389000000,1781863829389000000,0
FilePageCache.capacityInBytes,1781863769389000000,1781863829389000000,629145600
StreamlinedBlobStorage.totalLiveRecordsPayloadBytes,1781863769389000000,1781863829389000000,0
DirectByteBufferAllocator.hits,1781863769389000000,1781863829389000000,0
FilePageCache.maxCacheSizeInBytes,1781863769389000000,1781863829389000000,629153792
MappedFileStorage.totalPagesMapped,1781863769389000000,1781863829389000000,15
DirectByteBufferAllocator.misses,1781863769389000000,1781863829389000000,0
MappedFileStorage.totalBytesMapped,1781863769389000000,1781863829389000000,198443008
DirectByteBufferAllocator.reclaimed,1781863769389000000,1781863829389000000,0
StorageLockContext.competingThreads.max,1781863769389000000,1781863829389000000,0
MappedFileStorage.totalTimeSpentOnMappingUs,1781863769389000000,1781863829389000000,75419
FilePageCache.pageHits,1781863769389000000,1781863829389000000,0
FilePageCache.maxRegisteredFiles,1781863769389000000,1781863829389000000,1652
MappedFileStorage.storages,1781863769389000000,1781863829389000000,15
StreamlinedBlobStorage.recordsRelocated,1781863769389000000,1781863829389000000,0
FilePageCache.totalPageDisposalsUs,1781863769389000000,1781863829389000000,0
StreamlinedBlobStorage.totalLiveRecordsCapacityBytes,1781863769389000000,1781863829389000000,0
DirectByteBufferAllocator.totalSizeOfBuffersCachedInBytes,1781863769389000000,1781863829389000000,41959424
StreamlinedBlobStorage.recordsDeleted,1781863769389000000,1781863829389000000,0
FilePageCache.totalPageLoadsUs,1781863769389000000,1781863829389000000,0
DirectByteBufferAllocator.totalSizeOfBuffersAllocatedInBytes,1781863769389000000,1781863829389000000,45137920
DirectByteBufferAllocator.disposed,1781863769389000000,1781863829389000000,0
StreamlinedBlobStorage.recordsAllocated,1781863769389000000,1781863829389000000,0
compiler.ArtifactManagerBridge.getArtifacts.ms,1781863769389000000,1781863829389000000,0
compiler.ArtifactManagerBridge.addArtifact.ms,1781863769389000000,1781863829389000000,0
compiler.ArtifactManagerBridge.dropMappings.ms,1781863769389000000,1781863829389000000,0
compiler.ArtifactManagerBridge.initBridges.ms,1781863769389000000,1781863829389000000,0
compiler.ArtifactVirtualFileListener.propertyChanged.ms,1781863769389000000,1781863829389000000,0
compiler.ArtifactManagerBridge.getArtifactsByType.ms,1781863769389000000,1781863829389000000,0
compiler.ArtifactManagerBridge.findArtifact.ms,1781863769389000000,1781863829389000000,0
compiler.ArtifactManagerBridge.commit.ms,1781863769389000000,1781863829389000000,0
compiler.ArtifactVirtualFileListener.filePathChanged.ms,1781863769389000000,1781863829389000000,0
VFS.rootsCount,1781863829389000000,1781863889389000000,12.0
VFS.folderCaseSensitivityReads,1781863829389000000,1781863889389000000,0
VFS.invertedFileNameIndex.requests,1781863829389000000,1781863889389000000,0
FileNameCache.totalMisses,1781863829389000000,1781863889389000000,0
VFS.contentStorage.recordsStoredSize,1781863829389000000,1781863889389000000,0
VFS.fileChildByName,1781863829389000000,1781863889389000000,0
VFS.contentStorage.recordsReadDecompressed,1781863829389000000,1781863889389000000,0
VFS.contentStorage.recordsReadSize,1781863829389000000,1781863889389000000,0
VFS.contentStorage.recordsRead,1781863829389000000,1781863889389000000,0
VFS.contentStorage.recordsDeduplicated,1781863829389000000,1781863889389000000,0
VFS.cache.segments,1781863829389000000,1781863889389000000,62.0
FileNameCache.queries,1781863829389000000,1781863889389000000,0
VFS.cache.directoriesCreated,1781863829389000000,1781863889389000000,0
VFS.contentStorage.recordsDecompressionTimeUs,1781863829389000000,1781863889389000000,0
VFS.fileByIdCache.hits,1781863829389000000,1781863889389000000,0
VFS.contentStorage.recordsUncompressedSize,1781863829389000000,1781863889389000000,0
VFS.contentStorage.recordsStoredCompressed,1781863829389000000,1781863889389000000,0
VFS.cache.segmentsCreated,1781863829389000000,1781863889389000000,0
VFS.cache.filesCreated,1781863829389000000,1781863889389000000,0
VFS.fileByIdCache.misses,1781863829389000000,1781863889389000000,0
VFS.contentStorage.recordsStored,1781863829389000000,1781863889389000000,0
MEM.ramPlusSwapMinusFileMappingsBytes,1781863829389000000,1781863889389000000,1311817728
JVM.GC.collectionTimesMs,1781863829389000000,1781863889389000000,0
JVM.newThreadsCount,1781863829389000000,1781863889389000000,21
JVM.totalBytesAllocated,1781863829389000000,1781863889389000000,26834512
JVM.usedNativeBytes,1781863829389000000,1781863889389000000,440438272
MEM.ramMinusFileMappingsBytes,1781863829389000000,1781863889389000000,1311817728
JVM.totalCpuTimeMs,1781863829389000000,1781863889389000000,3240
OS.loadAverage,1781863829389000000,1781863889389000000,0.25341796875
JVM.totalDirectByteBuffersBytes,1781863829389000000,1781863889389000000,45297665
MEM.ramBytes,1781863829389000000,1781863889389000000,2044440576
JVM.committedHeapBytes,1781863829389000000,1781863889389000000,605028352
MEM.fileMappingsRamBytes,1781863829389000000,1781863889389000000,719646720
JVM.totalTimeAtSafepointsMs,1781863829389000000,1781863889389000000,0
JVM.totalTimeToSafepointsMs,1781863829389000000,1781863889389000000,0
JVM.maxHeapBytes,1781863829389000000,1781863889389000000,2147483648
JVM.GC.collections,1781863829389000000,1781863889389000000,0
JVM.maxThreadCount,1781863829389000000,1781863889389000000,144
JVM.threadCount,1781863829389000000,1781863889389000000,80
JVM.usedHeapBytes,1781863829389000000,1781863889389000000,457426896
JVM.totalSafepointCount,1781863829389000000,1781863889389000000,0
Indexing.writer_0.totalTimeSpentWritingMs,1781863829389000000,1781863889389000000,0
Indexes.entries.lookups,1781863829389000000,1781863889389000000,0
Indexing.writer_2.totalTimeSpentWritingMs,1781863829389000000,1781863889389000000,0
Indexes.stubs.lookupDurationMaxMs,1781863829389000000,1781863889389000000,0.0
Indexes.stubs.lookups,1781863829389000000,1781863889389000000,0
Indexes.allKeys.lookupDurationAvgMs,1781863829389000000,1781863889389000000,0.0
Indexes.allKeys.lookupDurationMaxMs,1781863829389000000,1781863889389000000,0.0
Indexes.allKeys.lookupDuration90PMs,1781863829389000000,1781863889389000000,0.0
Indexing.cache.totalCacheMisses,1781863829389000000,1781863889389000000,0
Indexing.totalTimeIndexersSleptMs,1781863829389000000,1781863889389000000,0
Indexing.writer_3.totalTimeSpentWritingMs,1781863829389000000,1781863889389000000,0
Indexing.cache.totalCacheEvicted,1781863829389000000,1781863889389000000,0
Indexes.entries.lookupDurationMaxMs,1781863829389000000,1781863889389000000,0.0
Indexing.writer_1.totalTimeSpentWritingMs,1781863829389000000,1781863889389000000,0
Indexes.stubs.lookupDurationAvgMs,1781863829389000000,1781863889389000000,0.0
Indexes.entries.lookupDuration90PMs,1781863829389000000,1781863889389000000,0.0
Indexes.allKeys.lookups,1781863829389000000,1781863889389000000,0
Indexes.entries.lookupDurationAvgMs,1781863829389000000,1781863889389000000,0.0
Indexes.stubs.lookupDuration90PMs,1781863829389000000,1781863889389000000,0.0
Indexing.writesQueuedMin,1781863829389000000,1781863889389000000,9223372036854775807
Indexing.writesQueuedMax,1781863829389000000,1781863889389000000,0
Indexing.cache.totalCacheAccesses,1781863829389000000,1781863889389000000,0
workspaceModel.workspaceFileIndexData.getDirectoriesByPackageName.ms,1781863829389000000,1781863889389000000,0
workspaceModel.cachedValueWithParameters.from.cache.count,1781863829389000000,1781863889389000000,0
workspaceModel.replace.project.model.ms,1781863829389000000,1781863889389000000,0
workspaceModel.cachedValue.from.cache.count,1781863829389000000,1781863889389000000,0
workspaceModel.updates.ms,1781863829389000000,1781863889389000000,0
workspaceModel.on.changed.ms,1781863829389000000,1781863889389000000,0
workspaceModel.check.recursive.update.ms,1781863829389000000,1781863889389000000,0
workspaceModel.cachedValueWithParameters.clear.count,1781863829389000000,1781863889389000000,0
workspaceModel.workspaceFileIndexData.getPackageName.ms,1781863829389000000,1781863889389000000,0
workspaceModel.loading.total.ms,1781863829389000000,1781863889389000000,0
workspaceModel.workspaceFileIndexData.visitFileSets.ms,1781863829389000000,1781863889389000000,0
workspaceModel.workspaceFileIndexData.getFileInfo.ms,1781863829389000000,1781863889389000000,0
workspaceModel.entityStorageSnapshotImpl.instances.count,1781863829389000000,1781863889389000000,0
workspaceModel.workspaceFileIndexData.markDirty.ms,1781863829389000000,1781863889389000000,0
workspaceModel.cachedValueWithParameters.total.get.count,1781863829389000000,1781863889389000000,0
workspaceModel.workspaceFileIndexData.init.ms,1781863829389000000,1781863889389000000,0
workspaceModel.workspaceFileIndexContributor.registerFileSets.ms,1781863829389000000,1781863889389000000,0
workspaceModel.workspaceFileIndexData.updateDirtyEntities.ms,1781863829389000000,1781863889389000000,0
workspaceModel.cachedValue.calculated.count,1781863829389000000,1781863889389000000,0
workspaceModel.update.unloaded.entities.ms,1781863829389000000,1781863889389000000,0
workspaceModel.cachedValue.clear.count,1781863829389000000,1781863889389000000,0
workspaceModel.to.snapshot.ms,1781863829389000000,1781863889389000000,0
workspaceModel.workspaceFileIndexData.onEntitiesChanged.ms,1781863829389000000,1781863889389000000,0
workspaceModel.init.bridges.ms,1781863829389000000,1781863889389000000,0
workspaceModel.loading.from.cache.ms,1781863829389000000,1781863889389000000,0
workspaceModel.pre.handlers.ms,1781863829389000000,1781863889389000000,0
workspaceModel.cachedValue.total.get.count,1781863829389000000,1781863889389000000,0
workspaceModel.workspaceFileIndexData.processFileSets.ms,1781863829389000000,1781863889389000000,0
workspaceModel.initializing.ms,1781863829389000000,1781863889389000000,0
workspaceModel.updates.count,1781863829389000000,1781863889389000000,0
workspaceModel.collect.changes.ms,1781863829389000000,1781863889389000000,0
workspaceModel.workspaceFileIndexData.instances.count,1781863829389000000,1781863889389000000,0
workspaceModel.full.replace.project.model.ms,1781863829389000000,1781863889389000000,0
workspaceModel.cachedValueWithParameters.calculated.count,1781863829389000000,1781863889389000000,0
workspaceModel.on.before.changed.ms,1781863829389000000,1781863889389000000,0
workspaceModel.updates.precise.ms,1781863829389000000,1781863889389000000,0
FlushQueue.queueSize90P,1781863829389000000,1781863889389000000,0
FlushQueue.queueSizeAvg,1781863829389000000,1781863889389000000,0.0
NonBlockingReadAction.finalizedExecutionsCount,1781863829389000000,1781863889389000000,0
FlushQueue.waitingTime90PNs,1781863829389000000,1781863889389000000,0
FlushQueue.waitingTimeMaxNs,1781863829389000000,1781863889389000000,0
NonBlockingReadAction.finalizedExecutionTimeUs,1781863829389000000,1781863889389000000,0
NonBlockingReadAction.failedExecutionsCount,1781863829389000000,1781863889389000000,0
AWTEventQueue.dispatchTimeAvgNs,1781863829389000000,1781863889389000000,0.0
ReadAction.executionsCount,1781863829389000000,1781863889389000000,7
AWTEventQueue.dispatchTimeMaxNs,1781863829389000000,1781863889389000000,0
FlushQueue.executionTime90PNs,1781863829389000000,1781863889389000000,0
FlushQueue.executionTimeAvgNs,1781863829389000000,1781863889389000000,0.0
AWTEventQueue.dispatchTime90PNs,1781863829389000000,1781863889389000000,0
FlushQueue.executionTimeMaxNs,1781863829389000000,1781863889389000000,0
FlushQueue.tasksExecuted,1781863829389000000,1781863889389000000,0
AWTEventQueue.eventsDispatched,1781863829389000000,1781863889389000000,0
WriteAction.executionsCount,1781863829389000000,1781863889389000000,0
FlushQueue.waitingTimeAvgNs,1781863829389000000,1781863889389000000,0.0
FlushQueue.queueSizeMax,1781863829389000000,1781863889389000000,0
NonBlockingReadAction.failedExecutionTimeUs,1781863829389000000,1781863889389000000,0
AWTEventQueue.dispatchTimeTotalNS,1781863829389000000,1781863889389000000,42360047
DiskQueryRelay.tasksExecuted,1781863829389000000,1781863889389000000,0
LowMemory.gcLoad,1781863829389000000,1781863889389000000,4.965364457005903E-4
writeAction.median.wait.ms,1781863829389000000,1781863889389000000,0
LowMemory.gcOverloaded,1781863829389000000,1781863889389000000,0
writeAction.max.wait.ms,1781863829389000000,1781863889389000000,52
DiskQueryRelay.taskExecutionTotalTimeUs,1781863829389000000,1781863889389000000,0
writeAction.count,1781863829389000000,1781863889389000000,0
writeAction.wait.ms,1781863829389000000,1781863889389000000,0
DiskQueryRelay.taskWaitingTotalTimeUs,1781863829389000000,1781863889389000000,0
DiskQueryRelay.tasksRequested,1781863829389000000,1781863889389000000,0
workspaceModel.mutableEntityStorage.collect.changes.ms,1781863829389000000,1781863889389000000,0
jps.module.iml.entities.serializer.save.entities.ms,1781863829389000000,1781863889389000000,0
workspaceModel.mutableEntityStorage.changeLog.addReplaceEventForNewParent.ms,1781863829389000000,1781863889389000000,0
jps.storage.jps.conf.reader.load.component.ms,1781863829389000000,1781863889389000000,0
jps.library.entities.serializer.load.entities.ms,1781863829389000000,1781863889389000000,0
workspaceModel.global.updates.ms,1781863829389000000,1781863889389000000,0
workspaceModel.mutableEntityStorage.resolve.ms,1781863829389000000,1781863889389000000,0
workspaceModel.moduleBridge.facet.initialization.ms,1781863829389000000,1781863889389000000,0
workspaceModel.mutableEntityStorage.add.entity.ms,1781863829389000000,1781863889389000000,0
workspaceModel.mutableEntityStorage.referrers.ms,1781863829389000000,1781863889389000000,0
jps.app.storage.content.writer.save.component.ms,1781863829389000000,1781863889389000000,0
workspaceModel.mutableEntityStorage.remove.entity.ms,1781863829389000000,1781863889389000000,0
workspaceModel.global.apply.state.to.project.builder.ms,1781863829389000000,1781863889389000000,0
jps.facet.change.listener.before.change.events.ms,1781863829389000000,1781863889389000000,0
workspaceModel.moduleManagerBridge.set.unloadedModules.ms,1781863829389000000,1781863889389000000,0
workspaceModel.mutableEntityStorage.has.same.entities.ms,1781863829389000000,1781863889389000000,0
jps.global.initialize.library.bridges.after.loading.ms,1781863829389000000,1781863889389000000,0
workspaceModel.mutableEntityStorage.apply.changes.from.ms,1781863829389000000,1781863889389000000,0
workspaceModel.moduleManagerBridge.build.module.graph.ms,1781863829389000000,1781863889389000000,0
workspaceModel.mutableEntityStorage.entities.ms,1781863829389000000,1781863889389000000,0
jps.global.initialize.library.bridges.ms,1781863829389000000,1781863889389000000,0
workspaceModel.delayed.project.synchronizer.sync.ms,1781863829389000000,1781863889389000000,0
workspaceModel.mutableEntityStorage.mutable.ext.mapping.ms,1781863829389000000,1781863889389000000,0
workspaceModel.load.cache.metadata.from.file.ms,1781863829389000000,1781863889389000000,0
jps.apply.loaded.storage.ms,1781863829389000000,1781863889389000000,0
jps.reload.project.entities.ms,1781863829389000000,1781863889389000000,0
jps.global.handle.before.change.events.ms,1781863829389000000,1781863889389000000,0
workspaceModel.mutableEntityStorage.to.snapshot.ms,1781863829389000000,1781863889389000000,0
jps.module.iml.entities.serializer.load.entities.ms,1781863829389000000,1781863889389000000,0
workspaceModel.moduleManagerBridge.load.all.modules.ms,1781863829389000000,1781863889389000000,0
workspaceModel.sync.entities.ms,1781863829389000000,1781863889389000000,0
workspaceModel.moduleManagerBridge.new.nonPersistent.module.ms,1781863829389000000,1781863889389000000,0
jps.artifact.entities.serializer.load.entities.ms,1781863829389000000,1781863889389000000,0
workspaceModel.load.cache.from.file.ms,1781863829389000000,1781863889389000000,0
workspaceModel.moduleBridge.update.option.ms,1781863829389000000,1781863889389000000,0
workspaceModel.global.updates.count,1781863829389000000,1781863889389000000,0
workspaceModel.mutableEntityStorage.hasReferrers.ms,1781863829389000000,1781863889389000000,0
workspaceModel.moduleManagerBridge.newModule.ms,1781863829389000000,1781863889389000000,0
workspaceModel.moduleBridgeLoader.loading.modules.ms,1781863829389000000,1781863889389000000,0
workspaceModel.global.apply.state.to.project.ms,1781863829389000000,1781863889389000000,0
workspaceModel.mutableEntityStorage.put.entity.ms,1781863829389000000,1781863889389000000,0
jps.module.dependency.index.workspace.model.listener.on.changed.ms,1781863829389000000,1781863889389000000,0
jps.save.changed.project.entities.ms,1781863829389000000,1781863889389000000,0
jps.project.serializers.save.ms,1781863829389000000,1781863889389000000,0
jps.facet.change.listener.init.bridge.ms,1781863829389000000,1781863889389000000,0
jps.global.get.library.by.name.ms,1781863829389000000,1781863889389000000,0
jps.artifact.entities.serializer.save.entities.ms,1781863829389000000,1781863889389000000,0
jps.project.serializers.load.ms,1781863829389000000,1781863889389000000,0
jps.library.entities.serializer.save.entities.ms,1781863829389000000,1781863889389000000,0
jps.global.handle.changed.events.ms,1781863829389000000,1781863889389000000,0
workspaceModel.orphan.listener.update.ms,1781863829389000000,1781863889389000000,0
workspaceModel.mutableEntityStorage.changeLog.addReplaceEventForNewChild.ms,1781863829389000000,1781863889389000000,0
workspaceModel.mutableEntityStorage.mutable.vfurl.index.ms,1781863829389000000,1781863889389000000,0
workspaceModel.moduleManagerBridge.create.module.instance.ms,1781863829389000000,1781863889389000000,0
jps.global.get.library.ms,1781863829389000000,1781863889389000000,0
workspaceModel.mutableEntityStorage.changeLog.addReplaceEventForRemovedParent.ms,1781863829389000000,1781863889389000000,0
workspaceModel.save.cache.to.file.ms,1781863829389000000,1781863889389000000,0
workspaceModel.mutableEntityStorage.modify.entity.ms,1781863829389000000,1781863889389000000,0
workspaceModel.mutableEntityStorage.replace.by.source.ms,1781863829389000000,1781863889389000000,0
jps.app.storage.content.reader.load.component.ms,1781863829389000000,1781863889389000000,0
workspaceModel.mutableEntityStorage.entities.by.source.ms,1781863829389000000,1781863889389000000,0
workspaceModel.moduleManagerBridge.get.modules.ms,1781863829389000000,1781863889389000000,0
workspaceModel.do.save.caches.ms,1781863829389000000,1781863889389000000,0
workspaceModel.mutableEntityStorage.changeLog.addReplaceEventForRemovedChild.ms,1781863829389000000,1781863889389000000,0
jps.load.project.to.empty.storage.ms,1781863829389000000,1781863889389000000,0
jps.save.global.entities.ms,1781863829389000000,1781863889389000000,0
jps.load.initial.state.ms,1781863829389000000,1781863889389000000,0
workspaceModel.moduleManagerBridge.load.module.ms,1781863829389000000,1781863889389000000,0
jps.facet.change.listener.process.change.events.ms,1781863829389000000,1781863889389000000,0
workspaceModel.mutableEntityStorage.instances.count,1781863829389000000,1781863889389000000,0
jps.global.get.libraries.ms,1781863829389000000,1781863889389000000,0
workspaceModel.moduleBridge.before.changed.ms,1781863829389000000,1781863889389000000,0
cacheStateStorage.get.counter,1781863829389000000,1781863889389000000,0
cacheStateStorage.set.duration,1781863829389000000,1781863889389000000,0
cacheStateStorage.get.duration,1781863829389000000,1781863889389000000,0
cacheStateStorage.set.counter,1781863829389000000,1781863889389000000,0
FileChannelInterruptsRetryer.totalRetriedAttempts,1781863829389000000,1781863889389000000,0
StorageLockContext.competingThreads.avg,1781863829389000000,1781863889389000000,0.0
FilePageCache.pageLoads,1781863829389000000,1781863889389000000,0
FilePageCache.pageFastCacheHits,1781863829389000000,1781863889389000000,0
FilePageCache.disposedBuffers,1781863829389000000,1781863889389000000,0
FilePageCache.pageLoadsAboveSizeThreshold,1781863829389000000,1781863889389000000,0
FilePageCache.uncachedFileAccess,1781863829389000000,1781863889389000000,0
StorageLockContext.competingThreads.90P,1781863829389000000,1781863889389000000,0
FilePageCache.capacityInBytes,1781863829389000000,1781863889389000000,629145600
StreamlinedBlobStorage.totalLiveRecordsPayloadBytes,1781863829389000000,1781863889389000000,0
DirectByteBufferAllocator.hits,1781863829389000000,1781863889389000000,0
FilePageCache.maxCacheSizeInBytes,1781863829389000000,1781863889389000000,629153792
MappedFileStorage.totalPagesMapped,1781863829389000000,1781863889389000000,15
DirectByteBufferAllocator.misses,1781863829389000000,1781863889389000000,0
MappedFileStorage.totalBytesMapped,1781863829389000000,1781863889389000000,198443008
DirectByteBufferAllocator.reclaimed,1781863829389000000,1781863889389000000,0
StorageLockContext.competingThreads.max,1781863829389000000,1781863889389000000,0
MappedFileStorage.totalTimeSpentOnMappingUs,1781863829389000000,1781863889389000000,75419
FilePageCache.pageHits,1781863829389000000,1781863889389000000,0
FilePageCache.maxRegisteredFiles,1781863829389000000,1781863889389000000,1652
MappedFileStorage.storages,1781863829389000000,1781863889389000000,15
StreamlinedBlobStorage.recordsRelocated,1781863829389000000,1781863889389000000,0
FilePageCache.totalPageDisposalsUs,1781863829389000000,1781863889389000000,0
StreamlinedBlobStorage.totalLiveRecordsCapacityBytes,1781863829389000000,1781863889389000000,0
DirectByteBufferAllocator.totalSizeOfBuffersCachedInBytes,1781863829389000000,1781863889389000000,41959424
StreamlinedBlobStorage.recordsDeleted,1781863829389000000,1781863889389000000,0
FilePageCache.totalPageLoadsUs,1781863829389000000,1781863889389000000,0
DirectByteBufferAllocator.totalSizeOfBuffersAllocatedInBytes,1781863829389000000,1781863889389000000,45137920
DirectByteBufferAllocator.disposed,1781863829389000000,1781863889389000000,0
StreamlinedBlobStorage.recordsAllocated,1781863829389000000,1781863889389000000,0
compiler.ArtifactManagerBridge.getArtifacts.ms,1781863829389000000,1781863889389000000,0
compiler.ArtifactManagerBridge.addArtifact.ms,1781863829389000000,1781863889389000000,0
compiler.ArtifactManagerBridge.dropMappings.ms,1781863829389000000,1781863889389000000,0
compiler.ArtifactManagerBridge.initBridges.ms,1781863829389000000,1781863889389000000,0
compiler.ArtifactVirtualFileListener.propertyChanged.ms,1781863829389000000,1781863889389000000,0
compiler.ArtifactManagerBridge.getArtifactsByType.ms,1781863829389000000,1781863889389000000,0
compiler.ArtifactManagerBridge.findArtifact.ms,1781863829389000000,1781863889389000000,0
compiler.ArtifactManagerBridge.commit.ms,1781863829389000000,1781863889389000000,0
compiler.ArtifactVirtualFileListener.filePathChanged.ms,1781863829389000000,1781863889389000000,0
VFS.rootsCount,1781863889389000000,1781863949389000000,12.0
VFS.folderCaseSensitivityReads,1781863889389000000,1781863949389000000,0
VFS.invertedFileNameIndex.requests,1781863889389000000,1781863949389000000,0
FileNameCache.totalMisses,1781863889389000000,1781863949389000000,0
VFS.contentStorage.recordsStoredSize,1781863889389000000,1781863949389000000,0
VFS.fileChildByName,1781863889389000000,1781863949389000000,0
VFS.contentStorage.recordsReadDecompressed,1781863889389000000,1781863949389000000,0
VFS.contentStorage.recordsReadSize,1781863889389000000,1781863949389000000,0
VFS.contentStorage.recordsRead,1781863889389000000,1781863949389000000,0
VFS.contentStorage.recordsDeduplicated,1781863889389000000,1781863949389000000,0
VFS.cache.segments,1781863889389000000,1781863949389000000,62.0
FileNameCache.queries,1781863889389000000,1781863949389000000,0
VFS.cache.directoriesCreated,1781863889389000000,1781863949389000000,0
VFS.contentStorage.recordsDecompressionTimeUs,1781863889389000000,1781863949389000000,0
VFS.fileByIdCache.hits,1781863889389000000,1781863949389000000,0
VFS.contentStorage.recordsUncompressedSize,1781863889389000000,1781863949389000000,0
VFS.contentStorage.recordsStoredCompressed,1781863889389000000,1781863949389000000,0
VFS.cache.segmentsCreated,1781863889389000000,1781863949389000000,0
VFS.cache.filesCreated,1781863889389000000,1781863949389000000,0
VFS.fileByIdCache.misses,1781863889389000000,1781863949389000000,0
VFS.contentStorage.recordsStored,1781863889389000000,1781863949389000000,0
MEM.ramPlusSwapMinusFileMappingsBytes,1781863889389000000,1781863949389000000,1311858688
JVM.GC.collectionTimesMs,1781863889389000000,1781863949389000000,0
JVM.newThreadsCount,1781863889389000000,1781863949389000000,0
JVM.totalBytesAllocated,1781863889389000000,1781863949389000000,18217528
JVM.usedNativeBytes,1781863889389000000,1781863949389000000,441305136
MEM.ramMinusFileMappingsBytes,1781863889389000000,1781863949389000000,1311858688
JVM.totalCpuTimeMs,1781863889389000000,1781863949389000000,2810
OS.loadAverage,1781863889389000000,1781863949389000000,0.224609375
JVM.totalDirectByteBuffersBytes,1781863889389000000,1781863949389000000,45297665
MEM.ramBytes,1781863889389000000,1781863949389000000,2044481536
JVM.committedHeapBytes,1781863889389000000,1781863949389000000,605028352
MEM.fileMappingsRamBytes,1781863889389000000,1781863949389000000,719646720
JVM.totalTimeAtSafepointsMs,1781863889389000000,1781863949389000000,0
JVM.totalTimeToSafepointsMs,1781863889389000000,1781863949389000000,0
JVM.maxHeapBytes,1781863889389000000,1781863949389000000,2147483648
JVM.GC.collections,1781863889389000000,1781863949389000000,0
JVM.maxThreadCount,1781863889389000000,1781863949389000000,144
JVM.threadCount,1781863889389000000,1781863949389000000,64
JVM.usedHeapBytes,1781863889389000000,1781863949389000000,476301264
JVM.totalSafepointCount,1781863889389000000,1781863949389000000,0
Indexing.writer_0.totalTimeSpentWritingMs,1781863889389000000,1781863949389000000,0
Indexes.entries.lookups,1781863889389000000,1781863949389000000,0
Indexing.writer_2.totalTimeSpentWritingMs,1781863889389000000,1781863949389000000,0
Indexes.stubs.lookupDurationMaxMs,1781863889389000000,1781863949389000000,0.0
Indexes.stubs.lookups,1781863889389000000,1781863949389000000,0
Indexes.allKeys.lookupDurationAvgMs,1781863889389000000,1781863949389000000,0.0
Indexes.allKeys.lookupDurationMaxMs,1781863889389000000,1781863949389000000,0.0
Indexes.allKeys.lookupDuration90PMs,1781863889389000000,1781863949389000000,0.0
Indexing.cache.totalCacheMisses,1781863889389000000,1781863949389000000,0
Indexing.totalTimeIndexersSleptMs,1781863889389000000,1781863949389000000,0
Indexing.writer_3.totalTimeSpentWritingMs,1781863889389000000,1781863949389000000,0
Indexing.cache.totalCacheEvicted,1781863889389000000,1781863949389000000,0
Indexes.entries.lookupDurationMaxMs,1781863889389000000,1781863949389000000,0.0
Indexing.writer_1.totalTimeSpentWritingMs,1781863889389000000,1781863949389000000,0
Indexes.stubs.lookupDurationAvgMs,1781863889389000000,1781863949389000000,0.0
Indexes.entries.lookupDuration90PMs,1781863889389000000,1781863949389000000,0.0
Indexes.allKeys.lookups,1781863889389000000,1781863949389000000,0
Indexes.entries.lookupDurationAvgMs,1781863889389000000,1781863949389000000,0.0
Indexes.stubs.lookupDuration90PMs,1781863889389000000,1781863949389000000,0.0
Indexing.writesQueuedMin,1781863889389000000,1781863949389000000,9223372036854775807
Indexing.writesQueuedMax,1781863889389000000,1781863949389000000,0
Indexing.cache.totalCacheAccesses,1781863889389000000,1781863949389000000,0
workspaceModel.workspaceFileIndexData.getDirectoriesByPackageName.ms,1781863889389000000,1781863949389000000,0
workspaceModel.cachedValueWithParameters.from.cache.count,1781863889389000000,1781863949389000000,0
workspaceModel.replace.project.model.ms,1781863889389000000,1781863949389000000,0
workspaceModel.cachedValue.from.cache.count,1781863889389000000,1781863949389000000,0
workspaceModel.updates.ms,1781863889389000000,1781863949389000000,0
workspaceModel.on.changed.ms,1781863889389000000,1781863949389000000,0
workspaceModel.check.recursive.update.ms,1781863889389000000,1781863949389000000,0
workspaceModel.cachedValueWithParameters.clear.count,1781863889389000000,1781863949389000000,0
workspaceModel.workspaceFileIndexData.getPackageName.ms,1781863889389000000,1781863949389000000,0
workspaceModel.loading.total.ms,1781863889389000000,1781863949389000000,0
workspaceModel.workspaceFileIndexData.visitFileSets.ms,1781863889389000000,1781863949389000000,0
workspaceModel.workspaceFileIndexData.getFileInfo.ms,1781863889389000000,1781863949389000000,0
workspaceModel.entityStorageSnapshotImpl.instances.count,1781863889389000000,1781863949389000000,0
workspaceModel.workspaceFileIndexData.markDirty.ms,1781863889389000000,1781863949389000000,0
workspaceModel.cachedValueWithParameters.total.get.count,1781863889389000000,1781863949389000000,0
workspaceModel.workspaceFileIndexData.init.ms,1781863889389000000,1781863949389000000,0
workspaceModel.workspaceFileIndexContributor.registerFileSets.ms,1781863889389000000,1781863949389000000,0
workspaceModel.workspaceFileIndexData.updateDirtyEntities.ms,1781863889389000000,1781863949389000000,0
workspaceModel.cachedValue.calculated.count,1781863889389000000,1781863949389000000,0
workspaceModel.update.unloaded.entities.ms,1781863889389000000,1781863949389000000,0
workspaceModel.cachedValue.clear.count,1781863889389000000,1781863949389000000,0
workspaceModel.to.snapshot.ms,1781863889389000000,1781863949389000000,0
workspaceModel.workspaceFileIndexData.onEntitiesChanged.ms,1781863889389000000,1781863949389000000,0
workspaceModel.init.bridges.ms,1781863889389000000,1781863949389000000,0
workspaceModel.loading.from.cache.ms,1781863889389000000,1781863949389000000,0
workspaceModel.pre.handlers.ms,1781863889389000000,1781863949389000000,0
workspaceModel.cachedValue.total.get.count,1781863889389000000,1781863949389000000,0
workspaceModel.workspaceFileIndexData.processFileSets.ms,1781863889389000000,1781863949389000000,0
workspaceModel.initializing.ms,1781863889389000000,1781863949389000000,0
workspaceModel.updates.count,1781863889389000000,1781863949389000000,0
workspaceModel.collect.changes.ms,1781863889389000000,1781863949389000000,0
workspaceModel.workspaceFileIndexData.instances.count,1781863889389000000,1781863949389000000,0
workspaceModel.full.replace.project.model.ms,1781863889389000000,1781863949389000000,0
workspaceModel.cachedValueWithParameters.calculated.count,1781863889389000000,1781863949389000000,0
workspaceModel.on.before.changed.ms,1781863889389000000,1781863949389000000,0
workspaceModel.updates.precise.ms,1781863889389000000,1781863949389000000,0
FlushQueue.queueSize90P,1781863889389000000,1781863949389000000,0
FlushQueue.queueSizeAvg,1781863889389000000,1781863949389000000,0.0
NonBlockingReadAction.finalizedExecutionsCount,1781863889389000000,1781863949389000000,0
FlushQueue.waitingTime90PNs,1781863889389000000,1781863949389000000,0
FlushQueue.waitingTimeMaxNs,1781863889389000000,1781863949389000000,0
NonBlockingReadAction.finalizedExecutionTimeUs,1781863889389000000,1781863949389000000,0
NonBlockingReadAction.failedExecutionsCount,1781863889389000000,1781863949389000000,0
AWTEventQueue.dispatchTimeAvgNs,1781863889389000000,1781863949389000000,0.0
ReadAction.executionsCount,1781863889389000000,1781863949389000000,7
AWTEventQueue.dispatchTimeMaxNs,1781863889389000000,1781863949389000000,0
FlushQueue.executionTime90PNs,1781863889389000000,1781863949389000000,0
FlushQueue.executionTimeAvgNs,1781863889389000000,1781863949389000000,0.0
AWTEventQueue.dispatchTime90PNs,1781863889389000000,1781863949389000000,0
FlushQueue.executionTimeMaxNs,1781863889389000000,1781863949389000000,0
FlushQueue.tasksExecuted,1781863889389000000,1781863949389000000,0
AWTEventQueue.eventsDispatched,1781863889389000000,1781863949389000000,0
WriteAction.executionsCount,1781863889389000000,1781863949389000000,0
FlushQueue.waitingTimeAvgNs,1781863889389000000,1781863949389000000,0.0
FlushQueue.queueSizeMax,1781863889389000000,1781863949389000000,0
NonBlockingReadAction.failedExecutionTimeUs,1781863889389000000,1781863949389000000,0
AWTEventQueue.dispatchTimeTotalNS,1781863889389000000,1781863949389000000,41463990
DiskQueryRelay.tasksExecuted,1781863889389000000,1781863949389000000,0
LowMemory.gcLoad,1781863889389000000,1781863949389000000,2.549161490446036E-4
writeAction.median.wait.ms,1781863889389000000,1781863949389000000,0
LowMemory.gcOverloaded,1781863889389000000,1781863949389000000,0
writeAction.max.wait.ms,1781863889389000000,1781863949389000000,52
DiskQueryRelay.taskExecutionTotalTimeUs,1781863889389000000,1781863949389000000,0
writeAction.count,1781863889389000000,1781863949389000000,0
writeAction.wait.ms,1781863889389000000,1781863949389000000,0
DiskQueryRelay.taskWaitingTotalTimeUs,1781863889389000000,1781863949389000000,0
DiskQueryRelay.tasksRequested,1781863889389000000,1781863949389000000,0
workspaceModel.mutableEntityStorage.collect.changes.ms,1781863889389000000,1781863949389000000,0
jps.module.iml.entities.serializer.save.entities.ms,1781863889389000000,1781863949389000000,0
workspaceModel.mutableEntityStorage.changeLog.addReplaceEventForNewParent.ms,1781863889389000000,1781863949389000000,0
jps.storage.jps.conf.reader.load.component.ms,1781863889389000000,1781863949389000000,0
jps.library.entities.serializer.load.entities.ms,1781863889389000000,1781863949389000000,0
workspaceModel.global.updates.ms,1781863889389000000,1781863949389000000,0
workspaceModel.mutableEntityStorage.resolve.ms,1781863889389000000,1781863949389000000,0
workspaceModel.moduleBridge.facet.initialization.ms,1781863889389000000,1781863949389000000,0
workspaceModel.mutableEntityStorage.add.entity.ms,1781863889389000000,1781863949389000000,0
workspaceModel.mutableEntityStorage.referrers.ms,1781863889389000000,1781863949389000000,0
jps.app.storage.content.writer.save.component.ms,1781863889389000000,1781863949389000000,0
workspaceModel.mutableEntityStorage.remove.entity.ms,1781863889389000000,1781863949389000000,0
workspaceModel.global.apply.state.to.project.builder.ms,1781863889389000000,1781863949389000000,0
jps.facet.change.listener.before.change.events.ms,1781863889389000000,1781863949389000000,0
workspaceModel.moduleManagerBridge.set.unloadedModules.ms,1781863889389000000,1781863949389000000,0
workspaceModel.mutableEntityStorage.has.same.entities.ms,1781863889389000000,1781863949389000000,0
jps.global.initialize.library.bridges.after.loading.ms,1781863889389000000,1781863949389000000,0
workspaceModel.mutableEntityStorage.apply.changes.from.ms,1781863889389000000,1781863949389000000,0
workspaceModel.moduleManagerBridge.build.module.graph.ms,1781863889389000000,1781863949389000000,0
workspaceModel.mutableEntityStorage.entities.ms,1781863889389000000,1781863949389000000,0
jps.global.initialize.library.bridges.ms,1781863889389000000,1781863949389000000,0
workspaceModel.delayed.project.synchronizer.sync.ms,1781863889389000000,1781863949389000000,0
workspaceModel.mutableEntityStorage.mutable.ext.mapping.ms,1781863889389000000,1781863949389000000,0
workspaceModel.load.cache.metadata.from.file.ms,1781863889389000000,1781863949389000000,0
jps.apply.loaded.storage.ms,1781863889389000000,1781863949389000000,0
jps.reload.project.entities.ms,1781863889389000000,1781863949389000000,0
jps.global.handle.before.change.events.ms,1781863889389000000,1781863949389000000,0
workspaceModel.mutableEntityStorage.to.snapshot.ms,1781863889389000000,1781863949389000000,0
jps.module.iml.entities.serializer.load.entities.ms,1781863889389000000,1781863949389000000,0
workspaceModel.moduleManagerBridge.load.all.modules.ms,1781863889389000000,1781863949389000000,0
workspaceModel.sync.entities.ms,1781863889389000000,1781863949389000000,0
workspaceModel.moduleManagerBridge.new.nonPersistent.module.ms,1781863889389000000,1781863949389000000,0
jps.artifact.entities.serializer.load.entities.ms,1781863889389000000,1781863949389000000,0
workspaceModel.load.cache.from.file.ms,1781863889389000000,1781863949389000000,0
workspaceModel.moduleBridge.update.option.ms,1781863889389000000,1781863949389000000,0
workspaceModel.global.updates.count,1781863889389000000,1781863949389000000,0
workspaceModel.mutableEntityStorage.hasReferrers.ms,1781863889389000000,1781863949389000000,0
workspaceModel.moduleManagerBridge.newModule.ms,1781863889389000000,1781863949389000000,0
workspaceModel.moduleBridgeLoader.loading.modules.ms,1781863889389000000,1781863949389000000,0
workspaceModel.global.apply.state.to.project.ms,1781863889389000000,1781863949389000000,0
workspaceModel.mutableEntityStorage.put.entity.ms,1781863889389000000,1781863949389000000,0
jps.module.dependency.index.workspace.model.listener.on.changed.ms,1781863889389000000,1781863949389000000,0
jps.save.changed.project.entities.ms,1781863889389000000,1781863949389000000,0
jps.project.serializers.save.ms,1781863889389000000,1781863949389000000,0
jps.facet.change.listener.init.bridge.ms,1781863889389000000,1781863949389000000,0
jps.global.get.library.by.name.ms,1781863889389000000,1781863949389000000,0
jps.artifact.entities.serializer.save.entities.ms,1781863889389000000,1781863949389000000,0
jps.project.serializers.load.ms,1781863889389000000,1781863949389000000,0
jps.library.entities.serializer.save.entities.ms,1781863889389000000,1781863949389000000,0
jps.global.handle.changed.events.ms,1781863889389000000,1781863949389000000,0
workspaceModel.orphan.listener.update.ms,1781863889389000000,1781863949389000000,0
workspaceModel.mutableEntityStorage.changeLog.addReplaceEventForNewChild.ms,1781863889389000000,1781863949389000000,0
workspaceModel.mutableEntityStorage.mutable.vfurl.index.ms,1781863889389000000,1781863949389000000,0
workspaceModel.moduleManagerBridge.create.module.instance.ms,1781863889389000000,1781863949389000000,0
jps.global.get.library.ms,1781863889389000000,1781863949389000000,0
workspaceModel.mutableEntityStorage.changeLog.addReplaceEventForRemovedParent.ms,1781863889389000000,1781863949389000000,0
workspaceModel.save.cache.to.file.ms,1781863889389000000,1781863949389000000,0
workspaceModel.mutableEntityStorage.modify.entity.ms,1781863889389000000,1781863949389000000,0
workspaceModel.mutableEntityStorage.replace.by.source.ms,1781863889389000000,1781863949389000000,0
jps.app.storage.content.reader.load.component.ms,1781863889389000000,1781863949389000000,0
workspaceModel.mutableEntityStorage.entities.by.source.ms,1781863889389000000,1781863949389000000,0
workspaceModel.moduleManagerBridge.get.modules.ms,1781863889389000000,1781863949389000000,0
workspaceModel.do.save.caches.ms,1781863889389000000,1781863949389000000,0
workspaceModel.mutableEntityStorage.changeLog.addReplaceEventForRemovedChild.ms,1781863889389000000,1781863949389000000,0
jps.load.project.to.empty.storage.ms,1781863889389000000,1781863949389000000,0
jps.save.global.entities.ms,1781863889389000000,1781863949389000000,0
jps.load.initial.state.ms,1781863889389000000,1781863949389000000,0
workspaceModel.moduleManagerBridge.load.module.ms,1781863889389000000,1781863949389000000,0
jps.facet.change.listener.process.change.events.ms,1781863889389000000,1781863949389000000,0
workspaceModel.mutableEntityStorage.instances.count,1781863889389000000,1781863949389000000,0
jps.global.get.libraries.ms,1781863889389000000,1781863949389000000,0
workspaceModel.moduleBridge.before.changed.ms,1781863889389000000,1781863949389000000,0
cacheStateStorage.get.counter,1781863889389000000,1781863949389000000,0
cacheStateStorage.set.duration,1781863889389000000,1781863949389000000,0
cacheStateStorage.get.duration,1781863889389000000,1781863949389000000,0
cacheStateStorage.set.counter,1781863889389000000,1781863949389000000,0
FileChannelInterruptsRetryer.totalRetriedAttempts,1781863889389000000,1781863949389000000,0
StorageLockContext.competingThreads.avg,1781863889389000000,1781863949389000000,0.0
FilePageCache.pageLoads,1781863889389000000,1781863949389000000,0
FilePageCache.pageFastCacheHits,1781863889389000000,1781863949389000000,0
FilePageCache.disposedBuffers,1781863889389000000,1781863949389000000,0
FilePageCache.pageLoadsAboveSizeThreshold,1781863889389000000,1781863949389000000,0
FilePageCache.uncachedFileAccess,1781863889389000000,1781863949389000000,0
StorageLockContext.competingThreads.90P,1781863889389000000,1781863949389000000,0
FilePageCache.capacityInBytes,1781863889389000000,1781863949389000000,629145600
StreamlinedBlobStorage.totalLiveRecordsPayloadBytes,1781863889389000000,1781863949389000000,0
DirectByteBufferAllocator.hits,1781863889389000000,1781863949389000000,0
FilePageCache.maxCacheSizeInBytes,1781863889389000000,1781863949389000000,629153792
MappedFileStorage.totalPagesMapped,1781863889389000000,1781863949389000000,15
DirectByteBufferAllocator.misses,1781863889389000000,1781863949389000000,0
MappedFileStorage.totalBytesMapped,1781863889389000000,1781863949389000000,198443008
DirectByteBufferAllocator.reclaimed,1781863889389000000,1781863949389000000,0
StorageLockContext.competingThreads.max,1781863889389000000,1781863949389000000,0
MappedFileStorage.totalTimeSpentOnMappingUs,1781863889389000000,1781863949389000000,75419
FilePageCache.pageHits,1781863889389000000,1781863949389000000,0
FilePageCache.maxRegisteredFiles,1781863889389000000,1781863949389000000,1652
MappedFileStorage.storages,1781863889389000000,1781863949389000000,15
StreamlinedBlobStorage.recordsRelocated,1781863889389000000,1781863949389000000,0
FilePageCache.totalPageDisposalsUs,1781863889389000000,1781863949389000000,0
StreamlinedBlobStorage.totalLiveRecordsCapacityBytes,1781863889389000000,1781863949389000000,0
DirectByteBufferAllocator.totalSizeOfBuffersCachedInBytes,1781863889389000000,1781863949389000000,41959424
StreamlinedBlobStorage.recordsDeleted,1781863889389000000,1781863949389000000,0
FilePageCache.totalPageLoadsUs,1781863889389000000,1781863949389000000,0
DirectByteBufferAllocator.totalSizeOfBuffersAllocatedInBytes,1781863889389000000,1781863949389000000,45137920
DirectByteBufferAllocator.disposed,1781863889389000000,1781863949389000000,0
StreamlinedBlobStorage.recordsAllocated,1781863889389000000,1781863949389000000,0
compiler.ArtifactManagerBridge.getArtifacts.ms,1781863889389000000,1781863949389000000,0
compiler.ArtifactManagerBridge.addArtifact.ms,1781863889389000000,1781863949389000000,0
compiler.ArtifactManagerBridge.dropMappings.ms,1781863889389000000,1781863949389000000,0
compiler.ArtifactManagerBridge.initBridges.ms,1781863889389000000,1781863949389000000,0
compiler.ArtifactVirtualFileListener.propertyChanged.ms,1781863889389000000,1781863949389000000,0
compiler.ArtifactManagerBridge.getArtifactsByType.ms,1781863889389000000,1781863949389000000,0
compiler.ArtifactManagerBridge.findArtifact.ms,1781863889389000000,1781863949389000000,0
compiler.ArtifactManagerBridge.commit.ms,1781863889389000000,1781863949389000000,0
compiler.ArtifactVirtualFileListener.filePathChanged.ms,1781863889389000000,1781863949389000000,0
VFS.rootsCount,1781863949389000000,1781864009389000000,12.0
VFS.folderCaseSensitivityReads,1781863949389000000,1781864009389000000,0
VFS.invertedFileNameIndex.requests,1781863949389000000,1781864009389000000,0
FileNameCache.totalMisses,1781863949389000000,1781864009389000000,29312
VFS.contentStorage.recordsStoredSize,1781863949389000000,1781864009389000000,0
VFS.fileChildByName,1781863949389000000,1781864009389000000,35
VFS.contentStorage.recordsReadDecompressed,1781863949389000000,1781864009389000000,0
VFS.contentStorage.recordsReadSize,1781863949389000000,1781864009389000000,0
VFS.contentStorage.recordsRead,1781863949389000000,1781864009389000000,0
VFS.contentStorage.recordsDeduplicated,1781863949389000000,1781864009389000000,0
VFS.cache.segments,1781863949389000000,1781864009389000000,89.0
FileNameCache.queries,1781863949389000000,1781864009389000000,360704
VFS.cache.directoriesCreated,1781863949389000000,1781864009389000000,1051
VFS.contentStorage.recordsDecompressionTimeUs,1781863949389000000,1781864009389000000,0
VFS.fileByIdCache.hits,1781863949389000000,1781864009389000000,0
VFS.contentStorage.recordsUncompressedSize,1781863949389000000,1781864009389000000,0
VFS.contentStorage.recordsStoredCompressed,1781863949389000000,1781864009389000000,0
VFS.cache.segmentsCreated,1781863949389000000,1781864009389000000,27
VFS.cache.filesCreated,1781863949389000000,1781864009389000000,671
VFS.fileByIdCache.misses,1781863949389000000,1781864009389000000,0
VFS.contentStorage.recordsStored,1781863949389000000,1781864009389000000,0
MEM.ramPlusSwapMinusFileMappingsBytes,1781863949389000000,1781864009389000000,1332174848
JVM.GC.collectionTimesMs,1781863949389000000,1781864009389000000,43
JVM.newThreadsCount,1781863949389000000,1781864009389000000,6
JVM.totalBytesAllocated,1781863949389000000,1781864009389000000,85663472
JVM.usedNativeBytes,1781863949389000000,1781864009389000000,451179056
MEM.ramMinusFileMappingsBytes,1781863949389000000,1781864009389000000,1332174848
JVM.totalCpuTimeMs,1781863949389000000,1781864009389000000,5280
OS.loadAverage,1781863949389000000,1781864009389000000,0.1572265625
JVM.totalDirectByteBuffersBytes,1781863949389000000,1781864009389000000,45314049
MEM.ramBytes,1781863949389000000,1781864009389000000,2079477760
JVM.committedHeapBytes,1781863949389000000,1781864009389000000,643825664
MEM.fileMappingsRamBytes,1781863949389000000,1781864009389000000,734326784
JVM.totalTimeAtSafepointsMs,1781863949389000000,1781864009389000000,43
JVM.totalTimeToSafepointsMs,1781863949389000000,1781864009389000000,0
JVM.maxHeapBytes,1781863949389000000,1781864009389000000,2147483648
JVM.GC.collections,1781863949389000000,1781864009389000000,3
JVM.maxThreadCount,1781863949389000000,1781864009389000000,144
JVM.threadCount,1781863949389000000,1781864009389000000,61
JVM.usedHeapBytes,1781863949389000000,1781864009389000000,391519504
JVM.totalSafepointCount,1781863949389000000,1781864009389000000,3
Indexing.writer_0.totalTimeSpentWritingMs,1781863949389000000,1781864009389000000,0
Indexes.entries.lookups,1781863949389000000,1781864009389000000,0
Indexing.writer_2.totalTimeSpentWritingMs,1781863949389000000,1781864009389000000,0
Indexes.stubs.lookupDurationMaxMs,1781863949389000000,1781864009389000000,0.0
Indexes.stubs.lookups,1781863949389000000,1781864009389000000,0
Indexes.allKeys.lookupDurationAvgMs,1781863949389000000,1781864009389000000,0.0
Indexes.allKeys.lookupDurationMaxMs,1781863949389000000,1781864009389000000,0.0
Indexes.allKeys.lookupDuration90PMs,1781863949389000000,1781864009389000000,0.0
Indexing.cache.totalCacheMisses,1781863949389000000,1781864009389000000,0
Indexing.totalTimeIndexersSleptMs,1781863949389000000,1781864009389000000,0
Indexing.writer_3.totalTimeSpentWritingMs,1781863949389000000,1781864009389000000,0
Indexing.cache.totalCacheEvicted,1781863949389000000,1781864009389000000,0
Indexes.entries.lookupDurationMaxMs,1781863949389000000,1781864009389000000,0.0
Indexing.writer_1.totalTimeSpentWritingMs,1781863949389000000,1781864009389000000,0
Indexes.stubs.lookupDurationAvgMs,1781863949389000000,1781864009389000000,0.0
Indexes.entries.lookupDuration90PMs,1781863949389000000,1781864009389000000,0.0
Indexes.allKeys.lookups,1781863949389000000,1781864009389000000,0
Indexes.entries.lookupDurationAvgMs,1781863949389000000,1781864009389000000,0.0
Indexes.stubs.lookupDuration90PMs,1781863949389000000,1781864009389000000,0.0
Indexing.writesQueuedMin,1781863949389000000,1781864009389000000,9223372036854775807
Indexing.writesQueuedMax,1781863949389000000,1781864009389000000,0
Indexing.cache.totalCacheAccesses,1781863949389000000,1781864009389000000,0
workspaceModel.workspaceFileIndexData.getDirectoriesByPackageName.ms,1781863949389000000,1781864009389000000,0
workspaceModel.cachedValueWithParameters.from.cache.count,1781863949389000000,1781864009389000000,0
workspaceModel.replace.project.model.ms,1781863949389000000,1781864009389000000,0
workspaceModel.cachedValue.from.cache.count,1781863949389000000,1781864009389000000,0
workspaceModel.updates.ms,1781863949389000000,1781864009389000000,0
workspaceModel.on.changed.ms,1781863949389000000,1781864009389000000,0
workspaceModel.check.recursive.update.ms,1781863949389000000,1781864009389000000,0
workspaceModel.cachedValueWithParameters.clear.count,1781863949389000000,1781864009389000000,0
workspaceModel.workspaceFileIndexData.getPackageName.ms,1781863949389000000,1781864009389000000,0
workspaceModel.loading.total.ms,1781863949389000000,1781864009389000000,0
workspaceModel.workspaceFileIndexData.visitFileSets.ms,1781863949389000000,1781864009389000000,12
workspaceModel.workspaceFileIndexData.getFileInfo.ms,1781863949389000000,1781864009389000000,26
workspaceModel.entityStorageSnapshotImpl.instances.count,1781863949389000000,1781864009389000000,0
workspaceModel.workspaceFileIndexData.markDirty.ms,1781863949389000000,1781864009389000000,0
workspaceModel.cachedValueWithParameters.total.get.count,1781863949389000000,1781864009389000000,0
workspaceModel.workspaceFileIndexData.init.ms,1781863949389000000,1781864009389000000,0
workspaceModel.workspaceFileIndexContributor.registerFileSets.ms,1781863949389000000,1781864009389000000,0
workspaceModel.workspaceFileIndexData.updateDirtyEntities.ms,1781863949389000000,1781864009389000000,0
workspaceModel.cachedValue.calculated.count,1781863949389000000,1781864009389000000,0
workspaceModel.update.unloaded.entities.ms,1781863949389000000,1781864009389000000,0
workspaceModel.cachedValue.clear.count,1781863949389000000,1781864009389000000,0
workspaceModel.to.snapshot.ms,1781863949389000000,1781864009389000000,0
workspaceModel.workspaceFileIndexData.onEntitiesChanged.ms,1781863949389000000,1781864009389000000,0
workspaceModel.init.bridges.ms,1781863949389000000,1781864009389000000,0
workspaceModel.loading.from.cache.ms,1781863949389000000,1781864009389000000,0
workspaceModel.pre.handlers.ms,1781863949389000000,1781864009389000000,0
workspaceModel.cachedValue.total.get.count,1781863949389000000,1781864009389000000,0
workspaceModel.workspaceFileIndexData.processFileSets.ms,1781863949389000000,1781864009389000000,0
workspaceModel.initializing.ms,1781863949389000000,1781864009389000000,0
workspaceModel.updates.count,1781863949389000000,1781864009389000000,0
workspaceModel.collect.changes.ms,1781863949389000000,1781864009389000000,0
workspaceModel.workspaceFileIndexData.instances.count,1781863949389000000,1781864009389000000,0
workspaceModel.full.replace.project.model.ms,1781863949389000000,1781864009389000000,0
workspaceModel.cachedValueWithParameters.calculated.count,1781863949389000000,1781864009389000000,0
workspaceModel.on.before.changed.ms,1781863949389000000,1781864009389000000,0
workspaceModel.updates.precise.ms,1781863949389000000,1781864009389000000,0
FlushQueue.queueSize90P,1781863949389000000,1781864009389000000,0
FlushQueue.queueSizeAvg,1781863949389000000,1781864009389000000,0.0
NonBlockingReadAction.finalizedExecutionsCount,1781863949389000000,1781864009389000000,1
FlushQueue.waitingTime90PNs,1781863949389000000,1781864009389000000,0
FlushQueue.waitingTimeMaxNs,1781863949389000000,1781864009389000000,0
NonBlockingReadAction.finalizedExecutionTimeUs,1781863949389000000,1781864009389000000,13973
NonBlockingReadAction.failedExecutionsCount,1781863949389000000,1781864009389000000,0
AWTEventQueue.dispatchTimeAvgNs,1781863949389000000,1781864009389000000,0.0
ReadAction.executionsCount,1781863949389000000,1781864009389000000,29777
AWTEventQueue.dispatchTimeMaxNs,1781863949389000000,1781864009389000000,0
FlushQueue.executionTime90PNs,1781863949389000000,1781864009389000000,0
FlushQueue.executionTimeAvgNs,1781863949389000000,1781864009389000000,0.0
AWTEventQueue.dispatchTime90PNs,1781863949389000000,1781864009389000000,0
FlushQueue.executionTimeMaxNs,1781863949389000000,1781864009389000000,0
FlushQueue.tasksExecuted,1781863949389000000,1781864009389000000,0
AWTEventQueue.eventsDispatched,1781863949389000000,1781864009389000000,0
WriteAction.executionsCount,1781863949389000000,1781864009389000000,0
FlushQueue.waitingTimeAvgNs,1781863949389000000,1781864009389000000,0.0
FlushQueue.queueSizeMax,1781863949389000000,1781864009389000000,0
NonBlockingReadAction.failedExecutionTimeUs,1781863949389000000,1781864009389000000,0
AWTEventQueue.dispatchTimeTotalNS,1781863949389000000,1781864009389000000,29960126
DiskQueryRelay.tasksExecuted,1781863949389000000,1781864009389000000,0
LowMemory.gcLoad,1781863949389000000,1781864009389000000,1.3086958990720832E-4
writeAction.median.wait.ms,1781863949389000000,1781864009389000000,0
LowMemory.gcOverloaded,1781863949389000000,1781864009389000000,0
writeAction.max.wait.ms,1781863949389000000,1781864009389000000,52
DiskQueryRelay.taskExecutionTotalTimeUs,1781863949389000000,1781864009389000000,0
writeAction.count,1781863949389000000,1781864009389000000,0
writeAction.wait.ms,1781863949389000000,1781864009389000000,0
DiskQueryRelay.taskWaitingTotalTimeUs,1781863949389000000,1781864009389000000,0
DiskQueryRelay.tasksRequested,1781863949389000000,1781864009389000000,0
workspaceModel.mutableEntityStorage.collect.changes.ms,1781863949389000000,1781864009389000000,0
jps.module.iml.entities.serializer.save.entities.ms,1781863949389000000,1781864009389000000,0
workspaceModel.mutableEntityStorage.changeLog.addReplaceEventForNewParent.ms,1781863949389000000,1781864009389000000,0
jps.storage.jps.conf.reader.load.component.ms,1781863949389000000,1781864009389000000,0
jps.library.entities.serializer.load.entities.ms,1781863949389000000,1781864009389000000,0
workspaceModel.global.updates.ms,1781863949389000000,1781864009389000000,0
workspaceModel.mutableEntityStorage.resolve.ms,1781863949389000000,1781864009389000000,0
workspaceModel.moduleBridge.facet.initialization.ms,1781863949389000000,1781864009389000000,0
workspaceModel.mutableEntityStorage.add.entity.ms,1781863949389000000,1781864009389000000,0
workspaceModel.mutableEntityStorage.referrers.ms,1781863949389000000,1781864009389000000,0
jps.app.storage.content.writer.save.component.ms,1781863949389000000,1781864009389000000,0
workspaceModel.mutableEntityStorage.remove.entity.ms,1781863949389000000,1781864009389000000,0
workspaceModel.global.apply.state.to.project.builder.ms,1781863949389000000,1781864009389000000,0
jps.facet.change.listener.before.change.events.ms,1781863949389000000,1781864009389000000,0
workspaceModel.moduleManagerBridge.set.unloadedModules.ms,1781863949389000000,1781864009389000000,0
workspaceModel.mutableEntityStorage.has.same.entities.ms,1781863949389000000,1781864009389000000,0
jps.global.initialize.library.bridges.after.loading.ms,1781863949389000000,1781864009389000000,0
workspaceModel.mutableEntityStorage.apply.changes.from.ms,1781863949389000000,1781864009389000000,0
workspaceModel.moduleManagerBridge.build.module.graph.ms,1781863949389000000,1781864009389000000,0
workspaceModel.mutableEntityStorage.entities.ms,1781863949389000000,1781864009389000000,0
jps.global.initialize.library.bridges.ms,1781863949389000000,1781864009389000000,0
workspaceModel.delayed.project.synchronizer.sync.ms,1781863949389000000,1781864009389000000,0
workspaceModel.mutableEntityStorage.mutable.ext.mapping.ms,1781863949389000000,1781864009389000000,0
workspaceModel.load.cache.metadata.from.file.ms,1781863949389000000,1781864009389000000,0
jps.apply.loaded.storage.ms,1781863949389000000,1781864009389000000,0
jps.reload.project.entities.ms,1781863949389000000,1781864009389000000,0
jps.global.handle.before.change.events.ms,1781863949389000000,1781864009389000000,0
workspaceModel.mutableEntityStorage.to.snapshot.ms,1781863949389000000,1781864009389000000,0
jps.module.iml.entities.serializer.load.entities.ms,1781863949389000000,1781864009389000000,0
workspaceModel.moduleManagerBridge.load.all.modules.ms,1781863949389000000,1781864009389000000,0
workspaceModel.sync.entities.ms,1781863949389000000,1781864009389000000,0
workspaceModel.moduleManagerBridge.new.nonPersistent.module.ms,1781863949389000000,1781864009389000000,0
jps.artifact.entities.serializer.load.entities.ms,1781863949389000000,1781864009389000000,0
workspaceModel.load.cache.from.file.ms,1781863949389000000,1781864009389000000,0
workspaceModel.moduleBridge.update.option.ms,1781863949389000000,1781864009389000000,0
workspaceModel.global.updates.count,1781863949389000000,1781864009389000000,0
workspaceModel.mutableEntityStorage.hasReferrers.ms,1781863949389000000,1781864009389000000,0
workspaceModel.moduleManagerBridge.newModule.ms,1781863949389000000,1781864009389000000,0
workspaceModel.moduleBridgeLoader.loading.modules.ms,1781863949389000000,1781864009389000000,0
workspaceModel.global.apply.state.to.project.ms,1781863949389000000,1781864009389000000,0
workspaceModel.mutableEntityStorage.put.entity.ms,1781863949389000000,1781864009389000000,0
jps.module.dependency.index.workspace.model.listener.on.changed.ms,1781863949389000000,1781864009389000000,0
jps.save.changed.project.entities.ms,1781863949389000000,1781864009389000000,0
jps.project.serializers.save.ms,1781863949389000000,1781864009389000000,0
jps.facet.change.listener.init.bridge.ms,1781863949389000000,1781864009389000000,0
jps.global.get.library.by.name.ms,1781863949389000000,1781864009389000000,0
jps.artifact.entities.serializer.save.entities.ms,1781863949389000000,1781864009389000000,0
jps.project.serializers.load.ms,1781863949389000000,1781864009389000000,0
jps.library.entities.serializer.save.entities.ms,1781863949389000000,1781864009389000000,0
jps.global.handle.changed.events.ms,1781863949389000000,1781864009389000000,0
workspaceModel.orphan.listener.update.ms,1781863949389000000,1781864009389000000,0
workspaceModel.mutableEntityStorage.changeLog.addReplaceEventForNewChild.ms,1781863949389000000,1781864009389000000,0
workspaceModel.mutableEntityStorage.mutable.vfurl.index.ms,1781863949389000000,1781864009389000000,0
workspaceModel.moduleManagerBridge.create.module.instance.ms,1781863949389000000,1781864009389000000,0
jps.global.get.library.ms,1781863949389000000,1781864009389000000,0
workspaceModel.mutableEntityStorage.changeLog.addReplaceEventForRemovedParent.ms,1781863949389000000,1781864009389000000,0
workspaceModel.save.cache.to.file.ms,1781863949389000000,1781864009389000000,0
workspaceModel.mutableEntityStorage.modify.entity.ms,1781863949389000000,1781864009389000000,0
workspaceModel.mutableEntityStorage.replace.by.source.ms,1781863949389000000,1781864009389000000,0
jps.app.storage.content.reader.load.component.ms,1781863949389000000,1781864009389000000,0
workspaceModel.mutableEntityStorage.entities.by.source.ms,1781863949389000000,1781864009389000000,0
workspaceModel.moduleManagerBridge.get.modules.ms,1781863949389000000,1781864009389000000,0
workspaceModel.do.save.caches.ms,1781863949389000000,1781864009389000000,0
workspaceModel.mutableEntityStorage.changeLog.addReplaceEventForRemovedChild.ms,1781863949389000000,1781864009389000000,0
jps.load.project.to.empty.storage.ms,1781863949389000000,1781864009389000000,0
jps.save.global.entities.ms,1781863949389000000,1781864009389000000,0
jps.load.initial.state.ms,1781863949389000000,1781864009389000000,0
workspaceModel.moduleManagerBridge.load.module.ms,1781863949389000000,1781864009389000000,0
jps.facet.change.listener.process.change.events.ms,1781863949389000000,1781864009389000000,0
workspaceModel.mutableEntityStorage.instances.count,1781863949389000000,1781864009389000000,0
jps.global.get.libraries.ms,1781863949389000000,1781864009389000000,0
workspaceModel.moduleBridge.before.changed.ms,1781863949389000000,1781864009389000000,0
cacheStateStorage.get.counter,1781863949389000000,1781864009389000000,0
cacheStateStorage.set.duration,1781863949389000000,1781864009389000000,0
cacheStateStorage.get.duration,1781863949389000000,1781864009389000000,0
cacheStateStorage.set.counter,1781863949389000000,1781864009389000000,0
FileChannelInterruptsRetryer.totalRetriedAttempts,1781863949389000000,1781864009389000000,0
StorageLockContext.competingThreads.avg,1781863949389000000,1781864009389000000,0.0
FilePageCache.pageLoads,1781863949389000000,1781864009389000000,0
FilePageCache.pageFastCacheHits,1781863949389000000,1781864009389000000,0
FilePageCache.disposedBuffers,1781863949389000000,1781864009389000000,0
FilePageCache.pageLoadsAboveSizeThreshold,1781863949389000000,1781864009389000000,0
FilePageCache.uncachedFileAccess,1781863949389000000,1781864009389000000,0
StorageLockContext.competingThreads.90P,1781863949389000000,1781864009389000000,0
FilePageCache.capacityInBytes,1781863949389000000,1781864009389000000,629145600
StreamlinedBlobStorage.totalLiveRecordsPayloadBytes,1781863949389000000,1781864009389000000,0
DirectByteBufferAllocator.hits,1781863949389000000,1781864009389000000,0
FilePageCache.maxCacheSizeInBytes,1781863949389000000,1781864009389000000,629153792
MappedFileStorage.totalPagesMapped,1781863949389000000,1781864009389000000,15
DirectByteBufferAllocator.misses,1781863949389000000,1781864009389000000,0
MappedFileStorage.totalBytesMapped,1781863949389000000,1781864009389000000,198443008
DirectByteBufferAllocator.reclaimed,1781863949389000000,1781864009389000000,0
StorageLockContext.competingThreads.max,1781863949389000000,1781864009389000000,0
MappedFileStorage.totalTimeSpentOnMappingUs,1781863949389000000,1781864009389000000,75419
FilePageCache.pageHits,1781863949389000000,1781864009389000000,0
FilePageCache.maxRegisteredFiles,1781863949389000000,1781864009389000000,1652
MappedFileStorage.storages,1781863949389000000,1781864009389000000,15
StreamlinedBlobStorage.recordsRelocated,1781863949389000000,1781864009389000000,0
FilePageCache.totalPageDisposalsUs,1781863949389000000,1781864009389000000,0
StreamlinedBlobStorage.totalLiveRecordsCapacityBytes,1781863949389000000,1781864009389000000,0
DirectByteBufferAllocator.totalSizeOfBuffersCachedInBytes,1781863949389000000,1781864009389000000,41959424
StreamlinedBlobStorage.recordsDeleted,1781863949389000000,1781864009389000000,0
FilePageCache.totalPageLoadsUs,1781863949389000000,1781864009389000000,0
DirectByteBufferAllocator.totalSizeOfBuffersAllocatedInBytes,1781863949389000000,1781864009389000000,45137920
DirectByteBufferAllocator.disposed,1781863949389000000,1781864009389000000,0
StreamlinedBlobStorage.recordsAllocated,1781863949389000000,1781864009389000000,0
compiler.ArtifactManagerBridge.getArtifacts.ms,1781863949389000000,1781864009389000000,0
compiler.ArtifactManagerBridge.addArtifact.ms,1781863949389000000,1781864009389000000,0
compiler.ArtifactManagerBridge.dropMappings.ms,1781863949389000000,1781864009389000000,0
compiler.ArtifactManagerBridge.initBridges.ms,1781863949389000000,1781864009389000000,0
compiler.ArtifactVirtualFileListener.propertyChanged.ms,1781863949389000000,1781864009389000000,0
compiler.ArtifactManagerBridge.getArtifactsByType.ms,1781863949389000000,1781864009389000000,0
compiler.ArtifactManagerBridge.findArtifact.ms,1781863949389000000,1781864009389000000,0
compiler.ArtifactManagerBridge.commit.ms,1781863949389000000,1781864009389000000,0
compiler.ArtifactVirtualFileListener.filePathChanged.ms,1781863949389000000,1781864009389000000,0
VFS.rootsCount,1781864009389000000,1781864069389000000,12.0
VFS.folderCaseSensitivityReads,1781864009389000000,1781864069389000000,0
VFS.invertedFileNameIndex.requests,1781864009389000000,1781864069389000000,0
FileNameCache.totalMisses,1781864009389000000,1781864069389000000,64
VFS.contentStorage.recordsStoredSize,1781864009389000000,1781864069389000000,0
VFS.fileChildByName,1781864009389000000,1781864069389000000,289
VFS.contentStorage.recordsReadDecompressed,1781864009389000000,1781864069389000000,0
VFS.contentStorage.recordsReadSize,1781864009389000000,1781864069389000000,0
VFS.contentStorage.recordsRead,1781864009389000000,1781864069389000000,0
VFS.contentStorage.recordsDeduplicated,1781864009389000000,1781864069389000000,0
VFS.cache.segments,1781864009389000000,1781864069389000000,89.0
FileNameCache.queries,1781864009389000000,1781864069389000000,3584
VFS.cache.directoriesCreated,1781864009389000000,1781864069389000000,0
VFS.contentStorage.recordsDecompressionTimeUs,1781864009389000000,1781864069389000000,0
VFS.fileByIdCache.hits,1781864009389000000,1781864069389000000,0
VFS.contentStorage.recordsUncompressedSize,1781864009389000000,1781864069389000000,0
VFS.contentStorage.recordsStoredCompressed,1781864009389000000,1781864069389000000,0
VFS.cache.segmentsCreated,1781864009389000000,1781864069389000000,0
VFS.cache.filesCreated,1781864009389000000,1781864069389000000,0
VFS.fileByIdCache.misses,1781864009389000000,1781864069389000000,0
VFS.contentStorage.recordsStored,1781864009389000000,1781864069389000000,0
MEM.ramPlusSwapMinusFileMappingsBytes,1781864009389000000,1781864069389000000,1365598208
JVM.GC.collectionTimesMs,1781864009389000000,1781864069389000000,0
JVM.newThreadsCount,1781864009389000000,1781864069389000000,16
JVM.totalBytesAllocated,1781864009389000000,1781864069389000000,38073064
JVM.usedNativeBytes,1781864009389000000,1781864069389000000,453764712
MEM.ramMinusFileMappingsBytes,1781864009389000000,1781864069389000000,1365598208
JVM.totalCpuTimeMs,1781864009389000000,1781864069389000000,4760
OS.loadAverage,1781864009389000000,1781864069389000000,0.16162109375
JVM.totalDirectByteBuffersBytes,1781864009389000000,1781864069389000000,45314049
MEM.ramBytes,1781864009389000000,1781864069389000000,2112901120
JVM.committedHeapBytes,1781864009389000000,1781864069389000000,643825664
MEM.fileMappingsRamBytes,1781864009389000000,1781864069389000000,734326784
JVM.totalTimeAtSafepointsMs,1781864009389000000,1781864069389000000,0
JVM.totalTimeToSafepointsMs,1781864009389000000,1781864069389000000,0
JVM.maxHeapBytes,1781864009389000000,1781864069389000000,2147483648
JVM.GC.collections,1781864009389000000,1781864069389000000,0
JVM.maxThreadCount,1781864009389000000,1781864069389000000,144
JVM.threadCount,1781864009389000000,1781864069389000000,75
JVM.usedHeapBytes,1781864009389000000,1781864069389000000,430316816
JVM.totalSafepointCount,1781864009389000000,1781864069389000000,0
Indexing.writer_0.totalTimeSpentWritingMs,1781864009389000000,1781864069389000000,0
Indexes.entries.lookups,1781864009389000000,1781864069389000000,0
Indexing.writer_2.totalTimeSpentWritingMs,1781864009389000000,1781864069389000000,0
Indexes.stubs.lookupDurationMaxMs,1781864009389000000,1781864069389000000,0.0
Indexes.stubs.lookups,1781864009389000000,1781864069389000000,0
Indexes.allKeys.lookupDurationAvgMs,1781864009389000000,1781864069389000000,0.0
Indexes.allKeys.lookupDurationMaxMs,1781864009389000000,1781864069389000000,0.0
Indexes.allKeys.lookupDuration90PMs,1781864009389000000,1781864069389000000,0.0
Indexing.cache.totalCacheMisses,1781864009389000000,1781864069389000000,0
Indexing.totalTimeIndexersSleptMs,1781864009389000000,1781864069389000000,0
Indexing.writer_3.totalTimeSpentWritingMs,1781864009389000000,1781864069389000000,0
Indexing.cache.totalCacheEvicted,1781864009389000000,1781864069389000000,0
Indexes.entries.lookupDurationMaxMs,1781864009389000000,1781864069389000000,0.0
Indexing.writer_1.totalTimeSpentWritingMs,1781864009389000000,1781864069389000000,0
Indexes.stubs.lookupDurationAvgMs,1781864009389000000,1781864069389000000,0.0
Indexes.entries.lookupDuration90PMs,1781864009389000000,1781864069389000000,0.0
Indexes.allKeys.lookups,1781864009389000000,1781864069389000000,0
Indexes.entries.lookupDurationAvgMs,1781864009389000000,1781864069389000000,0.0
Indexes.stubs.lookupDuration90PMs,1781864009389000000,1781864069389000000,0.0
Indexing.writesQueuedMin,1781864009389000000,1781864069389000000,9223372036854775807
Indexing.writesQueuedMax,1781864009389000000,1781864069389000000,0
Indexing.cache.totalCacheAccesses,1781864009389000000,1781864069389000000,0
workspaceModel.workspaceFileIndexData.getDirectoriesByPackageName.ms,1781864009389000000,1781864069389000000,0
workspaceModel.cachedValueWithParameters.from.cache.count,1781864009389000000,1781864069389000000,0
workspaceModel.replace.project.model.ms,1781864009389000000,1781864069389000000,0
workspaceModel.cachedValue.from.cache.count,1781864009389000000,1781864069389000000,0
workspaceModel.updates.ms,1781864009389000000,1781864069389000000,0
workspaceModel.on.changed.ms,1781864009389000000,1781864069389000000,0
workspaceModel.check.recursive.update.ms,1781864009389000000,1781864069389000000,0
workspaceModel.cachedValueWithParameters.clear.count,1781864009389000000,1781864069389000000,0
workspaceModel.workspaceFileIndexData.getPackageName.ms,1781864009389000000,1781864069389000000,0
workspaceModel.loading.total.ms,1781864009389000000,1781864069389000000,0
workspaceModel.workspaceFileIndexData.visitFileSets.ms,1781864009389000000,1781864069389000000,0
workspaceModel.workspaceFileIndexData.getFileInfo.ms,1781864009389000000,1781864069389000000,1
workspaceModel.entityStorageSnapshotImpl.instances.count,1781864009389000000,1781864069389000000,0
workspaceModel.workspaceFileIndexData.markDirty.ms,1781864009389000000,1781864069389000000,0
workspaceModel.cachedValueWithParameters.total.get.count,1781864009389000000,1781864069389000000,0
workspaceModel.workspaceFileIndexData.init.ms,1781864009389000000,1781864069389000000,0
workspaceModel.workspaceFileIndexContributor.registerFileSets.ms,1781864009389000000,1781864069389000000,0
workspaceModel.workspaceFileIndexData.updateDirtyEntities.ms,1781864009389000000,1781864069389000000,0
workspaceModel.cachedValue.calculated.count,1781864009389000000,1781864069389000000,0
workspaceModel.update.unloaded.entities.ms,1781864009389000000,1781864069389000000,0
workspaceModel.cachedValue.clear.count,1781864009389000000,1781864069389000000,0
workspaceModel.to.snapshot.ms,1781864009389000000,1781864069389000000,0
workspaceModel.workspaceFileIndexData.onEntitiesChanged.ms,1781864009389000000,1781864069389000000,0
workspaceModel.init.bridges.ms,1781864009389000000,1781864069389000000,0
workspaceModel.loading.from.cache.ms,1781864009389000000,1781864069389000000,0
workspaceModel.pre.handlers.ms,1781864009389000000,1781864069389000000,0
workspaceModel.cachedValue.total.get.count,1781864009389000000,1781864069389000000,0
workspaceModel.workspaceFileIndexData.processFileSets.ms,1781864009389000000,1781864069389000000,0
workspaceModel.initializing.ms,1781864009389000000,1781864069389000000,0
workspaceModel.updates.count,1781864009389000000,1781864069389000000,0
workspaceModel.collect.changes.ms,1781864009389000000,1781864069389000000,0
workspaceModel.workspaceFileIndexData.instances.count,1781864009389000000,1781864069389000000,0
workspaceModel.full.replace.project.model.ms,1781864009389000000,1781864069389000000,0
workspaceModel.cachedValueWithParameters.calculated.count,1781864009389000000,1781864069389000000,0
workspaceModel.on.before.changed.ms,1781864009389000000,1781864069389000000,0
workspaceModel.updates.precise.ms,1781864009389000000,1781864069389000000,0
FlushQueue.queueSize90P,1781864009389000000,1781864069389000000,0
FlushQueue.queueSizeAvg,1781864009389000000,1781864069389000000,0.0
NonBlockingReadAction.finalizedExecutionsCount,1781864009389000000,1781864069389000000,3
FlushQueue.waitingTime90PNs,1781864009389000000,1781864069389000000,497663
FlushQueue.waitingTimeMaxNs,1781864009389000000,1781864069389000000,497663
NonBlockingReadAction.finalizedExecutionTimeUs,1781864009389000000,1781864069389000000,102
NonBlockingReadAction.failedExecutionsCount,1781864009389000000,1781864069389000000,0
AWTEventQueue.dispatchTimeAvgNs,1781864009389000000,1781864069389000000,767856.0
ReadAction.executionsCount,1781864009389000000,1781864069389000000,341
AWTEventQueue.dispatchTimeMaxNs,1781864009389000000,1781864069389000000,3375103
FlushQueue.executionTime90PNs,1781864009389000000,1781864069389000000,190463
FlushQueue.executionTimeAvgNs,1781864009389000000,1781864069389000000,153472.0
AWTEventQueue.dispatchTime90PNs,1781864009389000000,1781864069389000000,3375103
FlushQueue.executionTimeMaxNs,1781864009389000000,1781864069389000000,190463
FlushQueue.tasksExecuted,1781864009389000000,1781864069389000000,2
AWTEventQueue.eventsDispatched,1781864009389000000,1781864069389000000,8
WriteAction.executionsCount,1781864009389000000,1781864069389000000,1
FlushQueue.waitingTimeAvgNs,1781864009389000000,1781864069389000000,366848.0
FlushQueue.queueSizeMax,1781864009389000000,1781864069389000000,0
NonBlockingReadAction.failedExecutionTimeUs,1781864009389000000,1781864069389000000,0
AWTEventQueue.dispatchTimeTotalNS,1781864009389000000,1781864069389000000,690038086
DiskQueryRelay.tasksExecuted,1781864009389000000,1781864069389000000,1
LowMemory.gcLoad,1781864009389000000,1781864069389000000,6.718695510683317E-5
writeAction.median.wait.ms,1781864009389000000,1781864069389000000,0
LowMemory.gcOverloaded,1781864009389000000,1781864069389000000,0
writeAction.max.wait.ms,1781864009389000000,1781864069389000000,52
DiskQueryRelay.taskExecutionTotalTimeUs,1781864009389000000,1781864069389000000,173
writeAction.count,1781864009389000000,1781864069389000000,1
writeAction.wait.ms,1781864009389000000,1781864069389000000,0
DiskQueryRelay.taskWaitingTotalTimeUs,1781864009389000000,1781864069389000000,192
DiskQueryRelay.tasksRequested,1781864009389000000,1781864069389000000,1
workspaceModel.mutableEntityStorage.collect.changes.ms,1781864009389000000,1781864069389000000,0
jps.module.iml.entities.serializer.save.entities.ms,1781864009389000000,1781864069389000000,0
workspaceModel.mutableEntityStorage.changeLog.addReplaceEventForNewParent.ms,1781864009389000000,1781864069389000000,0
jps.storage.jps.conf.reader.load.component.ms,1781864009389000000,1781864069389000000,0
jps.library.entities.serializer.load.entities.ms,1781864009389000000,1781864069389000000,0
workspaceModel.global.updates.ms,1781864009389000000,1781864069389000000,0
workspaceModel.mutableEntityStorage.resolve.ms,1781864009389000000,1781864069389000000,0
workspaceModel.moduleBridge.facet.initialization.ms,1781864009389000000,1781864069389000000,0
workspaceModel.mutableEntityStorage.add.entity.ms,1781864009389000000,1781864069389000000,0
workspaceModel.mutableEntityStorage.referrers.ms,1781864009389000000,1781864069389000000,0
jps.app.storage.content.writer.save.component.ms,1781864009389000000,1781864069389000000,0
workspaceModel.mutableEntityStorage.remove.entity.ms,1781864009389000000,1781864069389000000,0
workspaceModel.global.apply.state.to.project.builder.ms,1781864009389000000,1781864069389000000,0
jps.facet.change.listener.before.change.events.ms,1781864009389000000,1781864069389000000,0
workspaceModel.moduleManagerBridge.set.unloadedModules.ms,1781864009389000000,1781864069389000000,0
workspaceModel.mutableEntityStorage.has.same.entities.ms,1781864009389000000,1781864069389000000,0
jps.global.initialize.library.bridges.after.loading.ms,1781864009389000000,1781864069389000000,0
workspaceModel.mutableEntityStorage.apply.changes.from.ms,1781864009389000000,1781864069389000000,0
workspaceModel.moduleManagerBridge.build.module.graph.ms,1781864009389000000,1781864069389000000,0
workspaceModel.mutableEntityStorage.entities.ms,1781864009389000000,1781864069389000000,0
jps.global.initialize.library.bridges.ms,1781864009389000000,1781864069389000000,0
workspaceModel.delayed.project.synchronizer.sync.ms,1781864009389000000,1781864069389000000,0
workspaceModel.mutableEntityStorage.mutable.ext.mapping.ms,1781864009389000000,1781864069389000000,0
workspaceModel.load.cache.metadata.from.file.ms,1781864009389000000,1781864069389000000,0
jps.apply.loaded.storage.ms,1781864009389000000,1781864069389000000,0
jps.reload.project.entities.ms,1781864009389000000,1781864069389000000,0
jps.global.handle.before.change.events.ms,1781864009389000000,1781864069389000000,0
workspaceModel.mutableEntityStorage.to.snapshot.ms,1781864009389000000,1781864069389000000,0
jps.module.iml.entities.serializer.load.entities.ms,1781864009389000000,1781864069389000000,0
workspaceModel.moduleManagerBridge.load.all.modules.ms,1781864009389000000,1781864069389000000,0
workspaceModel.sync.entities.ms,1781864009389000000,1781864069389000000,0
workspaceModel.moduleManagerBridge.new.nonPersistent.module.ms,1781864009389000000,1781864069389000000,0
jps.artifact.entities.serializer.load.entities.ms,1781864009389000000,1781864069389000000,0
workspaceModel.load.cache.from.file.ms,1781864009389000000,1781864069389000000,0
workspaceModel.moduleBridge.update.option.ms,1781864009389000000,1781864069389000000,0
workspaceModel.global.updates.count,1781864009389000000,1781864069389000000,0
workspaceModel.mutableEntityStorage.hasReferrers.ms,1781864009389000000,1781864069389000000,0
workspaceModel.moduleManagerBridge.newModule.ms,1781864009389000000,1781864069389000000,0
workspaceModel.moduleBridgeLoader.loading.modules.ms,1781864009389000000,1781864069389000000,0
workspaceModel.global.apply.state.to.project.ms,1781864009389000000,1781864069389000000,0
workspaceModel.mutableEntityStorage.put.entity.ms,1781864009389000000,1781864069389000000,0
jps.module.dependency.index.workspace.model.listener.on.changed.ms,1781864009389000000,1781864069389000000,0
jps.save.changed.project.entities.ms,1781864009389000000,1781864069389000000,0
jps.project.serializers.save.ms,1781864009389000000,1781864069389000000,0
jps.facet.change.listener.init.bridge.ms,1781864009389000000,1781864069389000000,0
jps.global.get.library.by.name.ms,1781864009389000000,1781864069389000000,0
jps.artifact.entities.serializer.save.entities.ms,1781864009389000000,1781864069389000000,0
jps.project.serializers.load.ms,1781864009389000000,1781864069389000000,0
jps.library.entities.serializer.save.entities.ms,1781864009389000000,1781864069389000000,0
jps.global.handle.changed.events.ms,1781864009389000000,1781864069389000000,0
workspaceModel.orphan.listener.update.ms,1781864009389000000,1781864069389000000,0
workspaceModel.mutableEntityStorage.changeLog.addReplaceEventForNewChild.ms,1781864009389000000,1781864069389000000,0
workspaceModel.mutableEntityStorage.mutable.vfurl.index.ms,1781864009389000000,1781864069389000000,0
workspaceModel.moduleManagerBridge.create.module.instance.ms,1781864009389000000,1781864069389000000,0
jps.global.get.library.ms,1781864009389000000,1781864069389000000,0
workspaceModel.mutableEntityStorage.changeLog.addReplaceEventForRemovedParent.ms,1781864009389000000,1781864069389000000,0
workspaceModel.save.cache.to.file.ms,1781864009389000000,1781864069389000000,0
workspaceModel.mutableEntityStorage.modify.entity.ms,1781864009389000000,1781864069389000000,0
workspaceModel.mutableEntityStorage.replace.by.source.ms,1781864009389000000,1781864069389000000,0
jps.app.storage.content.reader.load.component.ms,1781864009389000000,1781864069389000000,0
workspaceModel.mutableEntityStorage.entities.by.source.ms,1781864009389000000,1781864069389000000,0
workspaceModel.moduleManagerBridge.get.modules.ms,1781864009389000000,1781864069389000000,0
workspaceModel.do.save.caches.ms,1781864009389000000,1781864069389000000,0
workspaceModel.mutableEntityStorage.changeLog.addReplaceEventForRemovedChild.ms,1781864009389000000,1781864069389000000,0
jps.load.project.to.empty.storage.ms,1781864009389000000,1781864069389000000,0
jps.save.global.entities.ms,1781864009389000000,1781864069389000000,0
jps.load.initial.state.ms,1781864009389000000,1781864069389000000,0
workspaceModel.moduleManagerBridge.load.module.ms,1781864009389000000,1781864069389000000,0
jps.facet.change.listener.process.change.events.ms,1781864009389000000,1781864069389000000,0
workspaceModel.mutableEntityStorage.instances.count,1781864009389000000,1781864069389000000,0
jps.global.get.libraries.ms,1781864009389000000,1781864069389000000,0
workspaceModel.moduleBridge.before.changed.ms,1781864009389000000,1781864069389000000,0
cacheStateStorage.get.counter,1781864009389000000,1781864069389000000,0
cacheStateStorage.set.duration,1781864009389000000,1781864069389000000,0
cacheStateStorage.get.duration,1781864009389000000,1781864069389000000,0
cacheStateStorage.set.counter,1781864009389000000,1781864069389000000,0
FileChannelInterruptsRetryer.totalRetriedAttempts,1781864009389000000,1781864069389000000,0
StorageLockContext.competingThreads.avg,1781864009389000000,1781864069389000000,0.0
FilePageCache.pageLoads,1781864009389000000,1781864069389000000,0
FilePageCache.pageFastCacheHits,1781864009389000000,1781864069389000000,0
FilePageCache.disposedBuffers,1781864009389000000,1781864069389000000,0
FilePageCache.pageLoadsAboveSizeThreshold,1781864009389000000,1781864069389000000,0
FilePageCache.uncachedFileAccess,1781864009389000000,1781864069389000000,0
StorageLockContext.competingThreads.90P,1781864009389000000,1781864069389000000,0
FilePageCache.capacityInBytes,1781864009389000000,1781864069389000000,629145600
StreamlinedBlobStorage.totalLiveRecordsPayloadBytes,1781864009389000000,1781864069389000000,0
DirectByteBufferAllocator.hits,1781864009389000000,1781864069389000000,0
FilePageCache.maxCacheSizeInBytes,1781864009389000000,1781864069389000000,629153792
MappedFileStorage.totalPagesMapped,1781864009389000000,1781864069389000000,15
DirectByteBufferAllocator.misses,1781864009389000000,1781864069389000000,0
MappedFileStorage.totalBytesMapped,1781864009389000000,1781864069389000000,198443008
DirectByteBufferAllocator.reclaimed,1781864009389000000,1781864069389000000,0
StorageLockContext.competingThreads.max,1781864009389000000,1781864069389000000,0
MappedFileStorage.totalTimeSpentOnMappingUs,1781864009389000000,1781864069389000000,75419
FilePageCache.pageHits,1781864009389000000,1781864069389000000,0
FilePageCache.maxRegisteredFiles,1781864009389000000,1781864069389000000,1652
MappedFileStorage.storages,1781864009389000000,1781864069389000000,15
StreamlinedBlobStorage.recordsRelocated,1781864009389000000,1781864069389000000,0
FilePageCache.totalPageDisposalsUs,1781864009389000000,1781864069389000000,0
StreamlinedBlobStorage.totalLiveRecordsCapacityBytes,1781864009389000000,1781864069389000000,0
DirectByteBufferAllocator.totalSizeOfBuffersCachedInBytes,1781864009389000000,1781864069389000000,41959424
StreamlinedBlobStorage.recordsDeleted,1781864009389000000,1781864069389000000,0
FilePageCache.totalPageLoadsUs,1781864009389000000,1781864069389000000,0
DirectByteBufferAllocator.totalSizeOfBuffersAllocatedInBytes,1781864009389000000,1781864069389000000,45137920
DirectByteBufferAllocator.disposed,1781864009389000000,1781864069389000000,0
StreamlinedBlobStorage.recordsAllocated,1781864009389000000,1781864069389000000,0
compiler.ArtifactManagerBridge.getArtifacts.ms,1781864009389000000,1781864069389000000,0
compiler.ArtifactManagerBridge.addArtifact.ms,1781864009389000000,1781864069389000000,0
compiler.ArtifactManagerBridge.dropMappings.ms,1781864009389000000,1781864069389000000,0
compiler.ArtifactManagerBridge.initBridges.ms,1781864009389000000,1781864069389000000,0
compiler.ArtifactVirtualFileListener.propertyChanged.ms,1781864009389000000,1781864069389000000,0
compiler.ArtifactManagerBridge.getArtifactsByType.ms,1781864009389000000,1781864069389000000,0
compiler.ArtifactManagerBridge.findArtifact.ms,1781864009389000000,1781864069389000000,0
compiler.ArtifactManagerBridge.commit.ms,1781864009389000000,1781864069389000000,0
compiler.ArtifactVirtualFileListener.filePathChanged.ms,1781864009389000000,1781864069389000000,0
VFS.rootsCount,1781864069389000000,1781864129389000000,12.0
VFS.folderCaseSensitivityReads,1781864069389000000,1781864129389000000,0
VFS.invertedFileNameIndex.requests,1781864069389000000,1781864129389000000,0
FileNameCache.totalMisses,1781864069389000000,1781864129389000000,0
VFS.contentStorage.recordsStoredSize,1781864069389000000,1781864129389000000,0
VFS.fileChildByName,1781864069389000000,1781864129389000000,49
VFS.contentStorage.recordsReadDecompressed,1781864069389000000,1781864129389000000,0
VFS.contentStorage.recordsReadSize,1781864069389000000,1781864129389000000,0
VFS.contentStorage.recordsRead,1781864069389000000,1781864129389000000,0
VFS.contentStorage.recordsDeduplicated,1781864069389000000,1781864129389000000,0
VFS.cache.segments,1781864069389000000,1781864129389000000,89.0
FileNameCache.queries,1781864069389000000,1781864129389000000,1152
VFS.cache.directoriesCreated,1781864069389000000,1781864129389000000,0
VFS.contentStorage.recordsDecompressionTimeUs,1781864069389000000,1781864129389000000,0
VFS.fileByIdCache.hits,1781864069389000000,1781864129389000000,0
VFS.contentStorage.recordsUncompressedSize,1781864069389000000,1781864129389000000,0
VFS.contentStorage.recordsStoredCompressed,1781864069389000000,1781864129389000000,0
VFS.cache.segmentsCreated,1781864069389000000,1781864129389000000,0
VFS.cache.filesCreated,1781864069389000000,1781864129389000000,19
VFS.fileByIdCache.misses,1781864069389000000,1781864129389000000,0
VFS.contentStorage.recordsStored,1781864069389000000,1781864129389000000,0
MEM.ramPlusSwapMinusFileMappingsBytes,1781864069389000000,1781864129389000000,1318735872
JVM.GC.collectionTimesMs,1781864069389000000,1781864129389000000,373
JVM.newThreadsCount,1781864069389000000,1781864129389000000,3
JVM.totalBytesAllocated,1781864069389000000,1781864129389000000,69531600
JVM.usedNativeBytes,1781864069389000000,1781864129389000000,445890128
MEM.ramMinusFileMappingsBytes,1781864069389000000,1781864129389000000,1318735872
JVM.totalCpuTimeMs,1781864069389000000,1781864129389000000,9990
OS.loadAverage,1781864069389000000,1781864129389000000,0.52392578125
JVM.totalDirectByteBuffersBytes,1781864069389000000,1781864129389000000,77825
MEM.ramBytes,1781864069389000000,1781864129389000000,2016493568
JVM.committedHeapBytes,1781864069389000000,1781864129389000000,634388480
MEM.fileMappingsRamBytes,1781864069389000000,1781864129389000000,684781568
JVM.totalTimeAtSafepointsMs,1781864069389000000,1781864129389000000,373
JVM.totalTimeToSafepointsMs,1781864069389000000,1781864129389000000,0
JVM.maxHeapBytes,1781864069389000000,1781864129389000000,2147483648
JVM.GC.collections,1781864069389000000,1781864129389000000,1
JVM.maxThreadCount,1781864069389000000,1781864129389000000,144
JVM.threadCount,1781864069389000000,1781864129389000000,78
JVM.usedHeapBytes,1781864069389000000,1781864129389000000,411773576
JVM.totalSafepointCount,1781864069389000000,1781864129389000000,1
Indexing.writer_0.totalTimeSpentWritingMs,1781864069389000000,1781864129389000000,0
Indexes.entries.lookups,1781864069389000000,1781864129389000000,0
Indexing.writer_2.totalTimeSpentWritingMs,1781864069389000000,1781864129389000000,0
Indexes.stubs.lookupDurationMaxMs,1781864069389000000,1781864129389000000,0.0
Indexes.stubs.lookups,1781864069389000000,1781864129389000000,0
Indexes.allKeys.lookupDurationAvgMs,1781864069389000000,1781864129389000000,0.0
Indexes.allKeys.lookupDurationMaxMs,1781864069389000000,1781864129389000000,0.0
Indexes.allKeys.lookupDuration90PMs,1781864069389000000,1781864129389000000,0.0
Indexing.cache.totalCacheMisses,1781864069389000000,1781864129389000000,0
Indexing.totalTimeIndexersSleptMs,1781864069389000000,1781864129389000000,0
Indexing.writer_3.totalTimeSpentWritingMs,1781864069389000000,1781864129389000000,0
Indexing.cache.totalCacheEvicted,1781864069389000000,1781864129389000000,0
Indexes.entries.lookupDurationMaxMs,1781864069389000000,1781864129389000000,0.0
Indexing.writer_1.totalTimeSpentWritingMs,1781864069389000000,1781864129389000000,0
Indexes.stubs.lookupDurationAvgMs,1781864069389000000,1781864129389000000,0.0
Indexes.entries.lookupDuration90PMs,1781864069389000000,1781864129389000000,0.0
Indexes.allKeys.lookups,1781864069389000000,1781864129389000000,1
Indexes.entries.lookupDurationAvgMs,1781864069389000000,1781864129389000000,0.0
Indexes.stubs.lookupDuration90PMs,1781864069389000000,1781864129389000000,0.0
Indexing.writesQueuedMin,1781864069389000000,1781864129389000000,9223372036854775807
Indexing.writesQueuedMax,1781864069389000000,1781864129389000000,0
Indexing.cache.totalCacheAccesses,1781864069389000000,1781864129389000000,0
workspaceModel.workspaceFileIndexData.getDirectoriesByPackageName.ms,1781864069389000000,1781864129389000000,0
workspaceModel.cachedValueWithParameters.from.cache.count,1781864069389000000,1781864129389000000,0
workspaceModel.replace.project.model.ms,1781864069389000000,1781864129389000000,0
workspaceModel.cachedValue.from.cache.count,1781864069389000000,1781864129389000000,2
workspaceModel.updates.ms,1781864069389000000,1781864129389000000,0
workspaceModel.on.changed.ms,1781864069389000000,1781864129389000000,0
workspaceModel.check.recursive.update.ms,1781864069389000000,1781864129389000000,0
workspaceModel.cachedValueWithParameters.clear.count,1781864069389000000,1781864129389000000,0
workspaceModel.workspaceFileIndexData.getPackageName.ms,1781864069389000000,1781864129389000000,0
workspaceModel.loading.total.ms,1781864069389000000,1781864129389000000,0
workspaceModel.workspaceFileIndexData.visitFileSets.ms,1781864069389000000,1781864129389000000,0
workspaceModel.workspaceFileIndexData.getFileInfo.ms,1781864069389000000,1781864129389000000,1
workspaceModel.entityStorageSnapshotImpl.instances.count,1781864069389000000,1781864129389000000,0
workspaceModel.workspaceFileIndexData.markDirty.ms,1781864069389000000,1781864129389000000,0
workspaceModel.cachedValueWithParameters.total.get.count,1781864069389000000,1781864129389000000,0
workspaceModel.workspaceFileIndexData.init.ms,1781864069389000000,1781864129389000000,0
workspaceModel.workspaceFileIndexContributor.registerFileSets.ms,1781864069389000000,1781864129389000000,0
workspaceModel.workspaceFileIndexData.updateDirtyEntities.ms,1781864069389000000,1781864129389000000,0
workspaceModel.cachedValue.calculated.count,1781864069389000000,1781864129389000000,0
workspaceModel.update.unloaded.entities.ms,1781864069389000000,1781864129389000000,0
workspaceModel.cachedValue.clear.count,1781864069389000000,1781864129389000000,0
workspaceModel.to.snapshot.ms,1781864069389000000,1781864129389000000,0
workspaceModel.workspaceFileIndexData.onEntitiesChanged.ms,1781864069389000000,1781864129389000000,0
workspaceModel.init.bridges.ms,1781864069389000000,1781864129389000000,0
workspaceModel.loading.from.cache.ms,1781864069389000000,1781864129389000000,0
workspaceModel.pre.handlers.ms,1781864069389000000,1781864129389000000,0
workspaceModel.cachedValue.total.get.count,1781864069389000000,1781864129389000000,2
workspaceModel.workspaceFileIndexData.processFileSets.ms,1781864069389000000,1781864129389000000,0
workspaceModel.initializing.ms,1781864069389000000,1781864129389000000,0
workspaceModel.updates.count,1781864069389000000,1781864129389000000,0
workspaceModel.collect.changes.ms,1781864069389000000,1781864129389000000,0
workspaceModel.workspaceFileIndexData.instances.count,1781864069389000000,1781864129389000000,0
workspaceModel.full.replace.project.model.ms,1781864069389000000,1781864129389000000,0
workspaceModel.cachedValueWithParameters.calculated.count,1781864069389000000,1781864129389000000,0
workspaceModel.on.before.changed.ms,1781864069389000000,1781864129389000000,0
workspaceModel.updates.precise.ms,1781864069389000000,1781864129389000000,0
FlushQueue.queueSize90P,1781864069389000000,1781864129389000000,0
FlushQueue.queueSizeAvg,1781864069389000000,1781864129389000000,0.0
NonBlockingReadAction.finalizedExecutionsCount,1781864069389000000,1781864129389000000,8
FlushQueue.waitingTime90PNs,1781864069389000000,1781864129389000000,0
FlushQueue.waitingTimeMaxNs,1781864069389000000,1781864129389000000,0
NonBlockingReadAction.finalizedExecutionTimeUs,1781864069389000000,1781864129389000000,762
NonBlockingReadAction.failedExecutionsCount,1781864069389000000,1781864129389000000,0
AWTEventQueue.dispatchTimeAvgNs,1781864069389000000,1781864129389000000,0.0
ReadAction.executionsCount,1781864069389000000,1781864129389000000,990
AWTEventQueue.dispatchTimeMaxNs,1781864069389000000,1781864129389000000,0
FlushQueue.executionTime90PNs,1781864069389000000,1781864129389000000,0
FlushQueue.executionTimeAvgNs,1781864069389000000,1781864129389000000,0.0
AWTEventQueue.dispatchTime90PNs,1781864069389000000,1781864129389000000,0
FlushQueue.executionTimeMaxNs,1781864069389000000,1781864129389000000,0
FlushQueue.tasksExecuted,1781864069389000000,1781864129389000000,0
AWTEventQueue.eventsDispatched,1781864069389000000,1781864129389000000,0
WriteAction.executionsCount,1781864069389000000,1781864129389000000,2
FlushQueue.waitingTimeAvgNs,1781864069389000000,1781864129389000000,0.0
FlushQueue.queueSizeMax,1781864069389000000,1781864129389000000,0
NonBlockingReadAction.failedExecutionTimeUs,1781864069389000000,1781864129389000000,0
AWTEventQueue.dispatchTimeTotalNS,1781864069389000000,1781864129389000000,1745194778
DiskQueryRelay.tasksExecuted,1781864069389000000,1781864129389000000,26
LowMemory.gcLoad,1781864069389000000,1781864129389000000,0.0027666036742336137
writeAction.median.wait.ms,1781864069389000000,1781864129389000000,0
LowMemory.gcOverloaded,1781864069389000000,1781864129389000000,0
writeAction.max.wait.ms,1781864069389000000,1781864129389000000,52
DiskQueryRelay.taskExecutionTotalTimeUs,1781864069389000000,1781864129389000000,3543
writeAction.count,1781864069389000000,1781864129389000000,2
writeAction.wait.ms,1781864069389000000,1781864129389000000,0
DiskQueryRelay.taskWaitingTotalTimeUs,1781864069389000000,1781864129389000000,5805
DiskQueryRelay.tasksRequested,1781864069389000000,1781864129389000000,26
workspaceModel.mutableEntityStorage.collect.changes.ms,1781864069389000000,1781864129389000000,0
jps.module.iml.entities.serializer.save.entities.ms,1781864069389000000,1781864129389000000,0
workspaceModel.mutableEntityStorage.changeLog.addReplaceEventForNewParent.ms,1781864069389000000,1781864129389000000,0
jps.storage.jps.conf.reader.load.component.ms,1781864069389000000,1781864129389000000,0
jps.library.entities.serializer.load.entities.ms,1781864069389000000,1781864129389000000,0
workspaceModel.global.updates.ms,1781864069389000000,1781864129389000000,0
workspaceModel.mutableEntityStorage.resolve.ms,1781864069389000000,1781864129389000000,0
workspaceModel.moduleBridge.facet.initialization.ms,1781864069389000000,1781864129389000000,0
workspaceModel.mutableEntityStorage.add.entity.ms,1781864069389000000,1781864129389000000,0
workspaceModel.mutableEntityStorage.referrers.ms,1781864069389000000,1781864129389000000,0
jps.app.storage.content.writer.save.component.ms,1781864069389000000,1781864129389000000,8
workspaceModel.mutableEntityStorage.remove.entity.ms,1781864069389000000,1781864129389000000,0
workspaceModel.global.apply.state.to.project.builder.ms,1781864069389000000,1781864129389000000,0
jps.facet.change.listener.before.change.events.ms,1781864069389000000,1781864129389000000,0
workspaceModel.moduleManagerBridge.set.unloadedModules.ms,1781864069389000000,1781864129389000000,0
workspaceModel.mutableEntityStorage.has.same.entities.ms,1781864069389000000,1781864129389000000,0
jps.global.initialize.library.bridges.after.loading.ms,1781864069389000000,1781864129389000000,0
workspaceModel.mutableEntityStorage.apply.changes.from.ms,1781864069389000000,1781864129389000000,0
workspaceModel.moduleManagerBridge.build.module.graph.ms,1781864069389000000,1781864129389000000,0
workspaceModel.mutableEntityStorage.entities.ms,1781864069389000000,1781864129389000000,0
jps.global.initialize.library.bridges.ms,1781864069389000000,1781864129389000000,0
workspaceModel.delayed.project.synchronizer.sync.ms,1781864069389000000,1781864129389000000,0
workspaceModel.mutableEntityStorage.mutable.ext.mapping.ms,1781864069389000000,1781864129389000000,0
workspaceModel.load.cache.metadata.from.file.ms,1781864069389000000,1781864129389000000,0
jps.apply.loaded.storage.ms,1781864069389000000,1781864129389000000,0
jps.reload.project.entities.ms,1781864069389000000,1781864129389000000,0
jps.global.handle.before.change.events.ms,1781864069389000000,1781864129389000000,0
workspaceModel.mutableEntityStorage.to.snapshot.ms,1781864069389000000,1781864129389000000,0
jps.module.iml.entities.serializer.load.entities.ms,1781864069389000000,1781864129389000000,0
workspaceModel.moduleManagerBridge.load.all.modules.ms,1781864069389000000,1781864129389000000,0
workspaceModel.sync.entities.ms,1781864069389000000,1781864129389000000,0
workspaceModel.moduleManagerBridge.new.nonPersistent.module.ms,1781864069389000000,1781864129389000000,0
jps.artifact.entities.serializer.load.entities.ms,1781864069389000000,1781864129389000000,0
workspaceModel.load.cache.from.file.ms,1781864069389000000,1781864129389000000,0
workspaceModel.moduleBridge.update.option.ms,1781864069389000000,1781864129389000000,0
workspaceModel.global.updates.count,1781864069389000000,1781864129389000000,0
workspaceModel.mutableEntityStorage.hasReferrers.ms,1781864069389000000,1781864129389000000,0
workspaceModel.moduleManagerBridge.newModule.ms,1781864069389000000,1781864129389000000,0
workspaceModel.moduleBridgeLoader.loading.modules.ms,1781864069389000000,1781864129389000000,0
workspaceModel.global.apply.state.to.project.ms,1781864069389000000,1781864129389000000,0
workspaceModel.mutableEntityStorage.put.entity.ms,1781864069389000000,1781864129389000000,0
jps.module.dependency.index.workspace.model.listener.on.changed.ms,1781864069389000000,1781864129389000000,0
jps.save.changed.project.entities.ms,1781864069389000000,1781864129389000000,0
jps.project.serializers.save.ms,1781864069389000000,1781864129389000000,0
jps.facet.change.listener.init.bridge.ms,1781864069389000000,1781864129389000000,0
jps.global.get.library.by.name.ms,1781864069389000000,1781864129389000000,0
jps.artifact.entities.serializer.save.entities.ms,1781864069389000000,1781864129389000000,0
jps.project.serializers.load.ms,1781864069389000000,1781864129389000000,0
jps.library.entities.serializer.save.entities.ms,1781864069389000000,1781864129389000000,0
jps.global.handle.changed.events.ms,1781864069389000000,1781864129389000000,0
workspaceModel.orphan.listener.update.ms,1781864069389000000,1781864129389000000,0
workspaceModel.mutableEntityStorage.changeLog.addReplaceEventForNewChild.ms,1781864069389000000,1781864129389000000,0
workspaceModel.mutableEntityStorage.mutable.vfurl.index.ms,1781864069389000000,1781864129389000000,0
workspaceModel.moduleManagerBridge.create.module.instance.ms,1781864069389000000,1781864129389000000,0
jps.global.get.library.ms,1781864069389000000,1781864129389000000,0
workspaceModel.mutableEntityStorage.changeLog.addReplaceEventForRemovedParent.ms,1781864069389000000,1781864129389000000,0
workspaceModel.save.cache.to.file.ms,1781864069389000000,1781864129389000000,0
workspaceModel.mutableEntityStorage.modify.entity.ms,1781864069389000000,1781864129389000000,0
workspaceModel.mutableEntityStorage.replace.by.source.ms,1781864069389000000,1781864129389000000,0
jps.app.storage.content.reader.load.component.ms,1781864069389000000,1781864129389000000,0
workspaceModel.mutableEntityStorage.entities.by.source.ms,1781864069389000000,1781864129389000000,0
workspaceModel.moduleManagerBridge.get.modules.ms,1781864069389000000,1781864129389000000,0
workspaceModel.do.save.caches.ms,1781864069389000000,1781864129389000000,0
workspaceModel.mutableEntityStorage.changeLog.addReplaceEventForRemovedChild.ms,1781864069389000000,1781864129389000000,0
jps.load.project.to.empty.storage.ms,1781864069389000000,1781864129389000000,0
jps.save.global.entities.ms,1781864069389000000,1781864129389000000,14
jps.load.initial.state.ms,1781864069389000000,1781864129389000000,0
workspaceModel.moduleManagerBridge.load.module.ms,1781864069389000000,1781864129389000000,0
jps.facet.change.listener.process.change.events.ms,1781864069389000000,1781864129389000000,0
workspaceModel.mutableEntityStorage.instances.count,1781864069389000000,1781864129389000000,0
jps.global.get.libraries.ms,1781864069389000000,1781864129389000000,0
workspaceModel.moduleBridge.before.changed.ms,1781864069389000000,1781864129389000000,0
cacheStateStorage.get.counter,1781864069389000000,1781864129389000000,0
cacheStateStorage.set.duration,1781864069389000000,1781864129389000000,17
cacheStateStorage.get.duration,1781864069389000000,1781864129389000000,0
cacheStateStorage.set.counter,1781864069389000000,1781864129389000000,10
FileChannelInterruptsRetryer.totalRetriedAttempts,1781864069389000000,1781864129389000000,0
StorageLockContext.competingThreads.avg,1781864069389000000,1781864129389000000,0.0
FilePageCache.pageLoads,1781864069389000000,1781864129389000000,0
FilePageCache.pageFastCacheHits,1781864069389000000,1781864129389000000,20
FilePageCache.disposedBuffers,1781864069389000000,1781864129389000000,49
FilePageCache.pageLoadsAboveSizeThreshold,1781864069389000000,1781864129389000000,0
FilePageCache.uncachedFileAccess,1781864069389000000,1781864129389000000,3
StorageLockContext.competingThreads.90P,1781864069389000000,1781864129389000000,0
FilePageCache.capacityInBytes,1781864069389000000,1781864129389000000,629145600
StreamlinedBlobStorage.totalLiveRecordsPayloadBytes,1781864069389000000,1781864129389000000,0
DirectByteBufferAllocator.hits,1781864069389000000,1781864129389000000,0
FilePageCache.maxCacheSizeInBytes,1781864069389000000,1781864129389000000,629153792
MappedFileStorage.totalPagesMapped,1781864069389000000,1781864129389000000,15
DirectByteBufferAllocator.misses,1781864069389000000,1781864129389000000,0
MappedFileStorage.totalBytesMapped,1781864069389000000,1781864129389000000,198443008
DirectByteBufferAllocator.reclaimed,1781864069389000000,1781864129389000000,46
StorageLockContext.competingThreads.max,1781864069389000000,1781864129389000000,0
MappedFileStorage.totalTimeSpentOnMappingUs,1781864069389000000,1781864129389000000,75419
FilePageCache.pageHits,1781864069389000000,1781864129389000000,0
FilePageCache.maxRegisteredFiles,1781864069389000000,1781864129389000000,1652
MappedFileStorage.storages,1781864069389000000,1781864129389000000,15
StreamlinedBlobStorage.recordsRelocated,1781864069389000000,1781864129389000000,0
FilePageCache.totalPageDisposalsUs,1781864069389000000,1781864129389000000,0
StreamlinedBlobStorage.totalLiveRecordsCapacityBytes,1781864069389000000,1781864129389000000,0
DirectByteBufferAllocator.totalSizeOfBuffersCachedInBytes,1781864069389000000,1781864129389000000,83951616
StreamlinedBlobStorage.recordsDeleted,1781864069389000000,1781864129389000000,0
FilePageCache.totalPageLoadsUs,1781864069389000000,1781864129389000000,0
DirectByteBufferAllocator.totalSizeOfBuffersAllocatedInBytes,1781864069389000000,1781864129389000000,0
DirectByteBufferAllocator.disposed,1781864069389000000,1781864129389000000,49
StreamlinedBlobStorage.recordsAllocated,1781864069389000000,1781864129389000000,0
compiler.ArtifactManagerBridge.getArtifacts.ms,1781864069389000000,1781864129389000000,0
compiler.ArtifactManagerBridge.addArtifact.ms,1781864069389000000,1781864129389000000,0
compiler.ArtifactManagerBridge.dropMappings.ms,1781864069389000000,1781864129389000000,0
compiler.ArtifactManagerBridge.initBridges.ms,1781864069389000000,1781864129389000000,0
compiler.ArtifactVirtualFileListener.propertyChanged.ms,1781864069389000000,1781864129389000000,0
compiler.ArtifactManagerBridge.getArtifactsByType.ms,1781864069389000000,1781864129389000000,0
compiler.ArtifactManagerBridge.findArtifact.ms,1781864069389000000,1781864129389000000,0
compiler.ArtifactManagerBridge.commit.ms,1781864069389000000,1781864129389000000,0
compiler.ArtifactVirtualFileListener.filePathChanged.ms,1781864069389000000,1781864129389000000,0
VFS.rootsCount,1781864129389000000,1781864189389000000,12.0
VFS.folderCaseSensitivityReads,1781864129389000000,1781864189389000000,0
VFS.invertedFileNameIndex.requests,1781864129389000000,1781864189389000000,0
FileNameCache.totalMisses,1781864129389000000,1781864189389000000,0
VFS.contentStorage.recordsStoredSize,1781864129389000000,1781864189389000000,0
VFS.fileChildByName,1781864129389000000,1781864189389000000,0
VFS.contentStorage.recordsReadDecompressed,1781864129389000000,1781864189389000000,0
VFS.contentStorage.recordsReadSize,1781864129389000000,1781864189389000000,0
VFS.contentStorage.recordsRead,1781864129389000000,1781864189389000000,0
VFS.contentStorage.recordsDeduplicated,1781864129389000000,1781864189389000000,0
VFS.cache.segments,1781864129389000000,1781864189389000000,89.0
FileNameCache.queries,1781864129389000000,1781864189389000000,0
VFS.cache.directoriesCreated,1781864129389000000,1781864189389000000,0
VFS.contentStorage.recordsDecompressionTimeUs,1781864129389000000,1781864189389000000,0
VFS.fileByIdCache.hits,1781864129389000000,1781864189389000000,0
VFS.contentStorage.recordsUncompressedSize,1781864129389000000,1781864189389000000,0
VFS.contentStorage.recordsStoredCompressed,1781864129389000000,1781864189389000000,0
VFS.cache.segmentsCreated,1781864129389000000,1781864189389000000,0
VFS.cache.filesCreated,1781864129389000000,1781864189389000000,0
VFS.fileByIdCache.misses,1781864129389000000,1781864189389000000,0
VFS.contentStorage.recordsStored,1781864129389000000,1781864189389000000,0
MEM.ramPlusSwapMinusFileMappingsBytes,1781864129389000000,1781864189389000000,1323393024
JVM.GC.collectionTimesMs,1781864129389000000,1781864189389000000,0
JVM.newThreadsCount,1781864129389000000,1781864189389000000,0
JVM.totalBytesAllocated,1781864129389000000,1781864189389000000,18007832
JVM.usedNativeBytes,1781864129389000000,1781864189389000000,446392808
MEM.ramMinusFileMappingsBytes,1781864129389000000,1781864189389000000,1323393024
JVM.totalCpuTimeMs,1781864129389000000,1781864189389000000,2230
OS.loadAverage,1781864129389000000,1781864189389000000,0.1904296875
JVM.totalDirectByteBuffersBytes,1781864129389000000,1781864189389000000,77825
MEM.ramBytes,1781864129389000000,1781864189389000000,2021150720
JVM.committedHeapBytes,1781864129389000000,1781864189389000000,634388480
MEM.fileMappingsRamBytes,1781864129389000000,1781864189389000000,684781568
JVM.totalTimeAtSafepointsMs,1781864129389000000,1781864189389000000,0
JVM.totalTimeToSafepointsMs,1781864129389000000,1781864189389000000,0
JVM.maxHeapBytes,1781864129389000000,1781864189389000000,2147483648
JVM.GC.collections,1781864129389000000,1781864189389000000,0
JVM.maxThreadCount,1781864129389000000,1781864189389000000,144
JVM.threadCount,1781864129389000000,1781864189389000000,60
JVM.usedHeapBytes,1781864129389000000,1781864189389000000,430647944
JVM.totalSafepointCount,1781864129389000000,1781864189389000000,0
Indexing.writer_0.totalTimeSpentWritingMs,1781864129389000000,1781864189389000000,0
Indexes.entries.lookups,1781864129389000000,1781864189389000000,0
Indexing.writer_2.totalTimeSpentWritingMs,1781864129389000000,1781864189389000000,0
Indexes.stubs.lookupDurationMaxMs,1781864129389000000,1781864189389000000,0.0
Indexes.stubs.lookups,1781864129389000000,1781864189389000000,0
Indexes.allKeys.lookupDurationAvgMs,1781864129389000000,1781864189389000000,0.0
Indexes.allKeys.lookupDurationMaxMs,1781864129389000000,1781864189389000000,0.0
Indexes.allKeys.lookupDuration90PMs,1781864129389000000,1781864189389000000,0.0
Indexing.cache.totalCacheMisses,1781864129389000000,1781864189389000000,0
Indexing.totalTimeIndexersSleptMs,1781864129389000000,1781864189389000000,0
Indexing.writer_3.totalTimeSpentWritingMs,1781864129389000000,1781864189389000000,0
Indexing.cache.totalCacheEvicted,1781864129389000000,1781864189389000000,0
Indexes.entries.lookupDurationMaxMs,1781864129389000000,1781864189389000000,0.0
Indexing.writer_1.totalTimeSpentWritingMs,1781864129389000000,1781864189389000000,0
Indexes.stubs.lookupDurationAvgMs,1781864129389000000,1781864189389000000,0.0
Indexes.entries.lookupDuration90PMs,1781864129389000000,1781864189389000000,0.0
Indexes.allKeys.lookups,1781864129389000000,1781864189389000000,0
Indexes.entries.lookupDurationAvgMs,1781864129389000000,1781864189389000000,0.0
Indexes.stubs.lookupDuration90PMs,1781864129389000000,1781864189389000000,0.0
Indexing.writesQueuedMin,1781864129389000000,1781864189389000000,9223372036854775807
Indexing.writesQueuedMax,1781864129389000000,1781864189389000000,0
Indexing.cache.totalCacheAccesses,1781864129389000000,1781864189389000000,0
workspaceModel.workspaceFileIndexData.getDirectoriesByPackageName.ms,1781864129389000000,1781864189389000000,0
workspaceModel.cachedValueWithParameters.from.cache.count,1781864129389000000,1781864189389000000,0
workspaceModel.replace.project.model.ms,1781864129389000000,1781864189389000000,0
workspaceModel.cachedValue.from.cache.count,1781864129389000000,1781864189389000000,0
workspaceModel.updates.ms,1781864129389000000,1781864189389000000,0
workspaceModel.on.changed.ms,1781864129389000000,1781864189389000000,0
workspaceModel.check.recursive.update.ms,1781864129389000000,1781864189389000000,0
workspaceModel.cachedValueWithParameters.clear.count,1781864129389000000,1781864189389000000,0
workspaceModel.workspaceFileIndexData.getPackageName.ms,1781864129389000000,1781864189389000000,0
workspaceModel.loading.total.ms,1781864129389000000,1781864189389000000,0
workspaceModel.workspaceFileIndexData.visitFileSets.ms,1781864129389000000,1781864189389000000,0
workspaceModel.workspaceFileIndexData.getFileInfo.ms,1781864129389000000,1781864189389000000,0
workspaceModel.entityStorageSnapshotImpl.instances.count,1781864129389000000,1781864189389000000,0
workspaceModel.workspaceFileIndexData.markDirty.ms,1781864129389000000,1781864189389000000,0
workspaceModel.cachedValueWithParameters.total.get.count,1781864129389000000,1781864189389000000,0
workspaceModel.workspaceFileIndexData.init.ms,1781864129389000000,1781864189389000000,0
workspaceModel.workspaceFileIndexContributor.registerFileSets.ms,1781864129389000000,1781864189389000000,0
workspaceModel.workspaceFileIndexData.updateDirtyEntities.ms,1781864129389000000,1781864189389000000,0
workspaceModel.cachedValue.calculated.count,1781864129389000000,1781864189389000000,0
workspaceModel.update.unloaded.entities.ms,1781864129389000000,1781864189389000000,0
workspaceModel.cachedValue.clear.count,1781864129389000000,1781864189389000000,0
workspaceModel.to.snapshot.ms,1781864129389000000,1781864189389000000,0
workspaceModel.workspaceFileIndexData.onEntitiesChanged.ms,1781864129389000000,1781864189389000000,0
workspaceModel.init.bridges.ms,1781864129389000000,1781864189389000000,0
workspaceModel.loading.from.cache.ms,1781864129389000000,1781864189389000000,0
workspaceModel.pre.handlers.ms,1781864129389000000,1781864189389000000,0
workspaceModel.cachedValue.total.get.count,1781864129389000000,1781864189389000000,0
workspaceModel.workspaceFileIndexData.processFileSets.ms,1781864129389000000,1781864189389000000,0
workspaceModel.initializing.ms,1781864129389000000,1781864189389000000,0
workspaceModel.updates.count,1781864129389000000,1781864189389000000,0
workspaceModel.collect.changes.ms,1781864129389000000,1781864189389000000,0
workspaceModel.workspaceFileIndexData.instances.count,1781864129389000000,1781864189389000000,0
workspaceModel.full.replace.project.model.ms,1781864129389000000,1781864189389000000,0
workspaceModel.cachedValueWithParameters.calculated.count,1781864129389000000,1781864189389000000,0
workspaceModel.on.before.changed.ms,1781864129389000000,1781864189389000000,0
workspaceModel.updates.precise.ms,1781864129389000000,1781864189389000000,0
FlushQueue.queueSize90P,1781864129389000000,1781864189389000000,0
FlushQueue.queueSizeAvg,1781864129389000000,1781864189389000000,0.0
NonBlockingReadAction.finalizedExecutionsCount,1781864129389000000,1781864189389000000,0
FlushQueue.waitingTime90PNs,1781864129389000000,1781864189389000000,0
FlushQueue.waitingTimeMaxNs,1781864129389000000,1781864189389000000,0
NonBlockingReadAction.finalizedExecutionTimeUs,1781864129389000000,1781864189389000000,0
NonBlockingReadAction.failedExecutionsCount,1781864129389000000,1781864189389000000,0
AWTEventQueue.dispatchTimeAvgNs,1781864129389000000,1781864189389000000,0.0
ReadAction.executionsCount,1781864129389000000,1781864189389000000,7
AWTEventQueue.dispatchTimeMaxNs,1781864129389000000,1781864189389000000,0
FlushQueue.executionTime90PNs,1781864129389000000,1781864189389000000,0
FlushQueue.executionTimeAvgNs,1781864129389000000,1781864189389000000,0.0
AWTEventQueue.dispatchTime90PNs,1781864129389000000,1781864189389000000,0
FlushQueue.executionTimeMaxNs,1781864129389000000,1781864189389000000,0
FlushQueue.tasksExecuted,1781864129389000000,1781864189389000000,0
AWTEventQueue.eventsDispatched,1781864129389000000,1781864189389000000,0
WriteAction.executionsCount,1781864129389000000,1781864189389000000,0
FlushQueue.waitingTimeAvgNs,1781864129389000000,1781864189389000000,0.0
FlushQueue.queueSizeMax,1781864129389000000,1781864189389000000,0
NonBlockingReadAction.failedExecutionTimeUs,1781864129389000000,1781864189389000000,0
AWTEventQueue.dispatchTimeTotalNS,1781864129389000000,1781864189389000000,38236507
DiskQueryRelay.tasksExecuted,1781864129389000000,1781864189389000000,0
LowMemory.gcLoad,1781864129389000000,1781864189389000000,0.0014202796528630843
writeAction.median.wait.ms,1781864129389000000,1781864189389000000,0
LowMemory.gcOverloaded,1781864129389000000,1781864189389000000,0
writeAction.max.wait.ms,1781864129389000000,1781864189389000000,52
DiskQueryRelay.taskExecutionTotalTimeUs,1781864129389000000,1781864189389000000,0
writeAction.count,1781864129389000000,1781864189389000000,0
writeAction.wait.ms,1781864129389000000,1781864189389000000,0
DiskQueryRelay.taskWaitingTotalTimeUs,1781864129389000000,1781864189389000000,0
DiskQueryRelay.tasksRequested,1781864129389000000,1781864189389000000,0
workspaceModel.mutableEntityStorage.collect.changes.ms,1781864129389000000,1781864189389000000,0
jps.module.iml.entities.serializer.save.entities.ms,1781864129389000000,1781864189389000000,0
workspaceModel.mutableEntityStorage.changeLog.addReplaceEventForNewParent.ms,1781864129389000000,1781864189389000000,0
jps.storage.jps.conf.reader.load.component.ms,1781864129389000000,1781864189389000000,0
jps.library.entities.serializer.load.entities.ms,1781864129389000000,1781864189389000000,0
workspaceModel.global.updates.ms,1781864129389000000,1781864189389000000,0
workspaceModel.mutableEntityStorage.resolve.ms,1781864129389000000,1781864189389000000,0
workspaceModel.moduleBridge.facet.initialization.ms,1781864129389000000,1781864189389000000,0
workspaceModel.mutableEntityStorage.add.entity.ms,1781864129389000000,1781864189389000000,0
workspaceModel.mutableEntityStorage.referrers.ms,1781864129389000000,1781864189389000000,0
jps.app.storage.content.writer.save.component.ms,1781864129389000000,1781864189389000000,0
workspaceModel.mutableEntityStorage.remove.entity.ms,1781864129389000000,1781864189389000000,0
workspaceModel.global.apply.state.to.project.builder.ms,1781864129389000000,1781864189389000000,0
jps.facet.change.listener.before.change.events.ms,1781864129389000000,1781864189389000000,0
workspaceModel.moduleManagerBridge.set.unloadedModules.ms,1781864129389000000,1781864189389000000,0
workspaceModel.mutableEntityStorage.has.same.entities.ms,1781864129389000000,1781864189389000000,0
jps.global.initialize.library.bridges.after.loading.ms,1781864129389000000,1781864189389000000,0
workspaceModel.mutableEntityStorage.apply.changes.from.ms,1781864129389000000,1781864189389000000,0
workspaceModel.moduleManagerBridge.build.module.graph.ms,1781864129389000000,1781864189389000000,0
workspaceModel.mutableEntityStorage.entities.ms,1781864129389000000,1781864189389000000,0
jps.global.initialize.library.bridges.ms,1781864129389000000,1781864189389000000,0
workspaceModel.delayed.project.synchronizer.sync.ms,1781864129389000000,1781864189389000000,0
workspaceModel.mutableEntityStorage.mutable.ext.mapping.ms,1781864129389000000,1781864189389000000,0
workspaceModel.load.cache.metadata.from.file.ms,1781864129389000000,1781864189389000000,0
jps.apply.loaded.storage.ms,1781864129389000000,1781864189389000000,0
jps.reload.project.entities.ms,1781864129389000000,1781864189389000000,0
jps.global.handle.before.change.events.ms,1781864129389000000,1781864189389000000,0
workspaceModel.mutableEntityStorage.to.snapshot.ms,1781864129389000000,1781864189389000000,0
jps.module.iml.entities.serializer.load.entities.ms,1781864129389000000,1781864189389000000,0
workspaceModel.moduleManagerBridge.load.all.modules.ms,1781864129389000000,1781864189389000000,0
workspaceModel.sync.entities.ms,1781864129389000000,1781864189389000000,0
workspaceModel.moduleManagerBridge.new.nonPersistent.module.ms,1781864129389000000,1781864189389000000,0
jps.artifact.entities.serializer.load.entities.ms,1781864129389000000,1781864189389000000,0
workspaceModel.load.cache.from.file.ms,1781864129389000000,1781864189389000000,0
workspaceModel.moduleBridge.update.option.ms,1781864129389000000,1781864189389000000,0
workspaceModel.global.updates.count,1781864129389000000,1781864189389000000,0
workspaceModel.mutableEntityStorage.hasReferrers.ms,1781864129389000000,1781864189389000000,0
workspaceModel.moduleManagerBridge.newModule.ms,1781864129389000000,1781864189389000000,0
workspaceModel.moduleBridgeLoader.loading.modules.ms,1781864129389000000,1781864189389000000,0
workspaceModel.global.apply.state.to.project.ms,1781864129389000000,1781864189389000000,0
workspaceModel.mutableEntityStorage.put.entity.ms,1781864129389000000,1781864189389000000,0
jps.module.dependency.index.workspace.model.listener.on.changed.ms,1781864129389000000,1781864189389000000,0
jps.save.changed.project.entities.ms,1781864129389000000,1781864189389000000,0
jps.project.serializers.save.ms,1781864129389000000,1781864189389000000,0
jps.facet.change.listener.init.bridge.ms,1781864129389000000,1781864189389000000,0
jps.global.get.library.by.name.ms,1781864129389000000,1781864189389000000,0
jps.artifact.entities.serializer.save.entities.ms,1781864129389000000,1781864189389000000,0
jps.project.serializers.load.ms,1781864129389000000,1781864189389000000,0
jps.library.entities.serializer.save.entities.ms,1781864129389000000,1781864189389000000,0
jps.global.handle.changed.events.ms,1781864129389000000,1781864189389000000,0
workspaceModel.orphan.listener.update.ms,1781864129389000000,1781864189389000000,0
workspaceModel.mutableEntityStorage.changeLog.addReplaceEventForNewChild.ms,1781864129389000000,1781864189389000000,0
workspaceModel.mutableEntityStorage.mutable.vfurl.index.ms,1781864129389000000,1781864189389000000,0
workspaceModel.moduleManagerBridge.create.module.instance.ms,1781864129389000000,1781864189389000000,0
jps.global.get.library.ms,1781864129389000000,1781864189389000000,0
workspaceModel.mutableEntityStorage.changeLog.addReplaceEventForRemovedParent.ms,1781864129389000000,1781864189389000000,0
workspaceModel.save.cache.to.file.ms,1781864129389000000,1781864189389000000,0
workspaceModel.mutableEntityStorage.modify.entity.ms,1781864129389000000,1781864189389000000,0
workspaceModel.mutableEntityStorage.replace.by.source.ms,1781864129389000000,1781864189389000000,0
jps.app.storage.content.reader.load.component.ms,1781864129389000000,1781864189389000000,0
workspaceModel.mutableEntityStorage.entities.by.source.ms,1781864129389000000,1781864189389000000,0
workspaceModel.moduleManagerBridge.get.modules.ms,1781864129389000000,1781864189389000000,0
workspaceModel.do.save.caches.ms,1781864129389000000,1781864189389000000,0
workspaceModel.mutableEntityStorage.changeLog.addReplaceEventForRemovedChild.ms,1781864129389000000,1781864189389000000,0
jps.load.project.to.empty.storage.ms,1781864129389000000,1781864189389000000,0
jps.save.global.entities.ms,1781864129389000000,1781864189389000000,0
jps.load.initial.state.ms,1781864129389000000,1781864189389000000,0
workspaceModel.moduleManagerBridge.load.module.ms,1781864129389000000,1781864189389000000,0
jps.facet.change.listener.process.change.events.ms,1781864129389000000,1781864189389000000,0
workspaceModel.mutableEntityStorage.instances.count,1781864129389000000,1781864189389000000,0
jps.global.get.libraries.ms,1781864129389000000,1781864189389000000,0
workspaceModel.moduleBridge.before.changed.ms,1781864129389000000,1781864189389000000,0
cacheStateStorage.get.counter,1781864129389000000,1781864189389000000,0
cacheStateStorage.set.duration,1781864129389000000,1781864189389000000,0
cacheStateStorage.get.duration,1781864129389000000,1781864189389000000,0
cacheStateStorage.set.counter,1781864129389000000,1781864189389000000,0
FileChannelInterruptsRetryer.totalRetriedAttempts,1781864129389000000,1781864189389000000,0
StorageLockContext.competingThreads.avg,1781864129389000000,1781864189389000000,0.0
FilePageCache.pageLoads,1781864129389000000,1781864189389000000,0
FilePageCache.pageFastCacheHits,1781864129389000000,1781864189389000000,0
FilePageCache.disposedBuffers,1781864129389000000,1781864189389000000,0
FilePageCache.pageLoadsAboveSizeThreshold,1781864129389000000,1781864189389000000,0
FilePageCache.uncachedFileAccess,1781864129389000000,1781864189389000000,0
StorageLockContext.competingThreads.90P,1781864129389000000,1781864189389000000,0
FilePageCache.capacityInBytes,1781864129389000000,1781864189389000000,629145600
StreamlinedBlobStorage.totalLiveRecordsPayloadBytes,1781864129389000000,1781864189389000000,0
DirectByteBufferAllocator.hits,1781864129389000000,1781864189389000000,0
FilePageCache.maxCacheSizeInBytes,1781864129389000000,1781864189389000000,629153792
MappedFileStorage.totalPagesMapped,1781864129389000000,1781864189389000000,15
DirectByteBufferAllocator.misses,1781864129389000000,1781864189389000000,0
MappedFileStorage.totalBytesMapped,1781864129389000000,1781864189389000000,198443008
DirectByteBufferAllocator.reclaimed,1781864129389000000,1781864189389000000,0
StorageLockContext.competingThreads.max,1781864129389000000,1781864189389000000,0
MappedFileStorage.totalTimeSpentOnMappingUs,1781864129389000000,1781864189389000000,75419
FilePageCache.pageHits,1781864129389000000,1781864189389000000,0
FilePageCache.maxRegisteredFiles,1781864129389000000,1781864189389000000,1652
MappedFileStorage.storages,1781864129389000000,1781864189389000000,15
StreamlinedBlobStorage.recordsRelocated,1781864129389000000,1781864189389000000,0
FilePageCache.totalPageDisposalsUs,1781864129389000000,1781864189389000000,0
StreamlinedBlobStorage.totalLiveRecordsCapacityBytes,1781864129389000000,1781864189389000000,0
DirectByteBufferAllocator.totalSizeOfBuffersCachedInBytes,1781864129389000000,1781864189389000000,83951616
StreamlinedBlobStorage.recordsDeleted,1781864129389000000,1781864189389000000,0
FilePageCache.totalPageLoadsUs,1781864129389000000,1781864189389000000,0
DirectByteBufferAllocator.totalSizeOfBuffersAllocatedInBytes,1781864129389000000,1781864189389000000,0
DirectByteBufferAllocator.disposed,1781864129389000000,1781864189389000000,0
StreamlinedBlobStorage.recordsAllocated,1781864129389000000,1781864189389000000,0
compiler.ArtifactManagerBridge.getArtifacts.ms,1781864129389000000,1781864189389000000,0
compiler.ArtifactManagerBridge.addArtifact.ms,1781864129389000000,1781864189389000000,0
compiler.ArtifactManagerBridge.dropMappings.ms,1781864129389000000,1781864189389000000,0
compiler.ArtifactManagerBridge.initBridges.ms,1781864129389000000,1781864189389000000,0
compiler.ArtifactVirtualFileListener.propertyChanged.ms,1781864129389000000,1781864189389000000,0
compiler.ArtifactManagerBridge.getArtifactsByType.ms,1781864129389000000,1781864189389000000,0
compiler.ArtifactManagerBridge.findArtifact.ms,1781864129389000000,1781864189389000000,0
compiler.ArtifactManagerBridge.commit.ms,1781864129389000000,1781864189389000000,0
compiler.ArtifactVirtualFileListener.filePathChanged.ms,1781864129389000000,1781864189389000000,0
VFS.rootsCount,1781864189389000000,1781864249389000000,12.0
VFS.folderCaseSensitivityReads,1781864189389000000,1781864249389000000,0
VFS.invertedFileNameIndex.requests,1781864189389000000,1781864249389000000,0
FileNameCache.totalMisses,1781864189389000000,1781864249389000000,0
VFS.contentStorage.recordsStoredSize,1781864189389000000,1781864249389000000,0
VFS.fileChildByName,1781864189389000000,1781864249389000000,0
VFS.contentStorage.recordsReadDecompressed,1781864189389000000,1781864249389000000,0
VFS.contentStorage.recordsReadSize,1781864189389000000,1781864249389000000,0
VFS.contentStorage.recordsRead,1781864189389000000,1781864249389000000,0
VFS.contentStorage.recordsDeduplicated,1781864189389000000,1781864249389000000,0
VFS.cache.segments,1781864189389000000,1781864249389000000,89.0
FileNameCache.queries,1781864189389000000,1781864249389000000,0
VFS.cache.directoriesCreated,1781864189389000000,1781864249389000000,0
VFS.contentStorage.recordsDecompressionTimeUs,1781864189389000000,1781864249389000000,0
VFS.fileByIdCache.hits,1781864189389000000,1781864249389000000,0
VFS.contentStorage.recordsUncompressedSize,1781864189389000000,1781864249389000000,0
VFS.contentStorage.recordsStoredCompressed,1781864189389000000,1781864249389000000,0
VFS.cache.segmentsCreated,1781864189389000000,1781864249389000000,0
VFS.cache.filesCreated,1781864189389000000,1781864249389000000,0
VFS.fileByIdCache.misses,1781864189389000000,1781864249389000000,0
VFS.contentStorage.recordsStored,1781864189389000000,1781864249389000000,0
MEM.ramPlusSwapMinusFileMappingsBytes,1781864189389000000,1781864249389000000,1323655168
JVM.GC.collectionTimesMs,1781864189389000000,1781864249389000000,0
JVM.newThreadsCount,1781864189389000000,1781864249389000000,0
JVM.totalBytesAllocated,1781864189389000000,1781864249389000000,18508040
JVM.usedNativeBytes,1781864189389000000,1781864249389000000,447166080
MEM.ramMinusFileMappingsBytes,1781864189389000000,1781864249389000000,1323655168
JVM.totalCpuTimeMs,1781864189389000000,1781864249389000000,2420
OS.loadAverage,1781864189389000000,1781864249389000000,0.0673828125
JVM.totalDirectByteBuffersBytes,1781864189389000000,1781864249389000000,77825
MEM.ramBytes,1781864189389000000,1781864249389000000,2021412864
JVM.committedHeapBytes,1781864189389000000,1781864249389000000,634388480
MEM.fileMappingsRamBytes,1781864189389000000,1781864249389000000,684781568
JVM.totalTimeAtSafepointsMs,1781864189389000000,1781864249389000000,0
JVM.totalTimeToSafepointsMs,1781864189389000000,1781864249389000000,0
JVM.maxHeapBytes,1781864189389000000,1781864249389000000,2147483648
JVM.GC.collections,1781864189389000000,1781864249389000000,0
JVM.maxThreadCount,1781864189389000000,1781864249389000000,144
JVM.threadCount,1781864189389000000,1781864249389000000,59
JVM.usedHeapBytes,1781864189389000000,1781864249389000000,449522312
JVM.totalSafepointCount,1781864189389000000,1781864249389000000,0
Indexing.writer_0.totalTimeSpentWritingMs,1781864189389000000,1781864249389000000,0
Indexes.entries.lookups,1781864189389000000,1781864249389000000,0
Indexing.writer_2.totalTimeSpentWritingMs,1781864189389000000,1781864249389000000,0
Indexes.stubs.lookupDurationMaxMs,1781864189389000000,1781864249389000000,0.0
Indexes.stubs.lookups,1781864189389000000,1781864249389000000,0
Indexes.allKeys.lookupDurationAvgMs,1781864189389000000,1781864249389000000,0.0
Indexes.allKeys.lookupDurationMaxMs,1781864189389000000,1781864249389000000,0.0
Indexes.allKeys.lookupDuration90PMs,1781864189389000000,1781864249389000000,0.0
Indexing.cache.totalCacheMisses,1781864189389000000,1781864249389000000,0
Indexing.totalTimeIndexersSleptMs,1781864189389000000,1781864249389000000,0
Indexing.writer_3.totalTimeSpentWritingMs,1781864189389000000,1781864249389000000,0
Indexing.cache.totalCacheEvicted,1781864189389000000,1781864249389000000,0
Indexes.entries.lookupDurationMaxMs,1781864189389000000,1781864249389000000,0.0
Indexing.writer_1.totalTimeSpentWritingMs,1781864189389000000,1781864249389000000,0
Indexes.stubs.lookupDurationAvgMs,1781864189389000000,1781864249389000000,0.0
Indexes.entries.lookupDuration90PMs,1781864189389000000,1781864249389000000,0.0
Indexes.allKeys.lookups,1781864189389000000,1781864249389000000,0
Indexes.entries.lookupDurationAvgMs,1781864189389000000,1781864249389000000,0.0
Indexes.stubs.lookupDuration90PMs,1781864189389000000,1781864249389000000,0.0
Indexing.writesQueuedMin,1781864189389000000,1781864249389000000,9223372036854775807
Indexing.writesQueuedMax,1781864189389000000,1781864249389000000,0
Indexing.cache.totalCacheAccesses,1781864189389000000,1781864249389000000,0
workspaceModel.workspaceFileIndexData.getDirectoriesByPackageName.ms,1781864189389000000,1781864249389000000,0
workspaceModel.cachedValueWithParameters.from.cache.count,1781864189389000000,1781864249389000000,0
workspaceModel.replace.project.model.ms,1781864189389000000,1781864249389000000,0
workspaceModel.cachedValue.from.cache.count,1781864189389000000,1781864249389000000,0
workspaceModel.updates.ms,1781864189389000000,1781864249389000000,0
workspaceModel.on.changed.ms,1781864189389000000,1781864249389000000,0
workspaceModel.check.recursive.update.ms,1781864189389000000,1781864249389000000,0
workspaceModel.cachedValueWithParameters.clear.count,1781864189389000000,1781864249389000000,0
workspaceModel.workspaceFileIndexData.getPackageName.ms,1781864189389000000,1781864249389000000,0
workspaceModel.loading.total.ms,1781864189389000000,1781864249389000000,0
workspaceModel.workspaceFileIndexData.visitFileSets.ms,1781864189389000000,1781864249389000000,0
workspaceModel.workspaceFileIndexData.getFileInfo.ms,1781864189389000000,1781864249389000000,0
workspaceModel.entityStorageSnapshotImpl.instances.count,1781864189389000000,1781864249389000000,0
workspaceModel.workspaceFileIndexData.markDirty.ms,1781864189389000000,1781864249389000000,0
workspaceModel.cachedValueWithParameters.total.get.count,1781864189389000000,1781864249389000000,0
workspaceModel.workspaceFileIndexData.init.ms,1781864189389000000,1781864249389000000,0
workspaceModel.workspaceFileIndexContributor.registerFileSets.ms,1781864189389000000,1781864249389000000,0
workspaceModel.workspaceFileIndexData.updateDirtyEntities.ms,1781864189389000000,1781864249389000000,0
workspaceModel.cachedValue.calculated.count,1781864189389000000,1781864249389000000,0
workspaceModel.update.unloaded.entities.ms,1781864189389000000,1781864249389000000,0
workspaceModel.cachedValue.clear.count,1781864189389000000,1781864249389000000,0
workspaceModel.to.snapshot.ms,1781864189389000000,1781864249389000000,0
workspaceModel.workspaceFileIndexData.onEntitiesChanged.ms,1781864189389000000,1781864249389000000,0
workspaceModel.init.bridges.ms,1781864189389000000,1781864249389000000,0
workspaceModel.loading.from.cache.ms,1781864189389000000,1781864249389000000,0
workspaceModel.pre.handlers.ms,1781864189389000000,1781864249389000000,0
workspaceModel.cachedValue.total.get.count,1781864189389000000,1781864249389000000,0
workspaceModel.workspaceFileIndexData.processFileSets.ms,1781864189389000000,1781864249389000000,0
workspaceModel.initializing.ms,1781864189389000000,1781864249389000000,0
workspaceModel.updates.count,1781864189389000000,1781864249389000000,0
workspaceModel.collect.changes.ms,1781864189389000000,1781864249389000000,0
workspaceModel.workspaceFileIndexData.instances.count,1781864189389000000,1781864249389000000,0
workspaceModel.full.replace.project.model.ms,1781864189389000000,1781864249389000000,0
workspaceModel.cachedValueWithParameters.calculated.count,1781864189389000000,1781864249389000000,0
workspaceModel.on.before.changed.ms,1781864189389000000,1781864249389000000,0
workspaceModel.updates.precise.ms,1781864189389000000,1781864249389000000,0
FlushQueue.queueSize90P,1781864189389000000,1781864249389000000,0
FlushQueue.queueSizeAvg,1781864189389000000,1781864249389000000,0.0
NonBlockingReadAction.finalizedExecutionsCount,1781864189389000000,1781864249389000000,0
FlushQueue.waitingTime90PNs,1781864189389000000,1781864249389000000,0
FlushQueue.waitingTimeMaxNs,1781864189389000000,1781864249389000000,0
NonBlockingReadAction.finalizedExecutionTimeUs,1781864189389000000,1781864249389000000,0
NonBlockingReadAction.failedExecutionsCount,1781864189389000000,1781864249389000000,0
AWTEventQueue.dispatchTimeAvgNs,1781864189389000000,1781864249389000000,0.0
ReadAction.executionsCount,1781864189389000000,1781864249389000000,7
AWTEventQueue.dispatchTimeMaxNs,1781864189389000000,1781864249389000000,0
FlushQueue.executionTime90PNs,1781864189389000000,1781864249389000000,0
FlushQueue.executionTimeAvgNs,1781864189389000000,1781864249389000000,0.0
AWTEventQueue.dispatchTime90PNs,1781864189389000000,1781864249389000000,0
FlushQueue.executionTimeMaxNs,1781864189389000000,1781864249389000000,0
FlushQueue.tasksExecuted,1781864189389000000,1781864249389000000,0
AWTEventQueue.eventsDispatched,1781864189389000000,1781864249389000000,0
WriteAction.executionsCount,1781864189389000000,1781864249389000000,0
FlushQueue.waitingTimeAvgNs,1781864189389000000,1781864249389000000,0.0
FlushQueue.queueSizeMax,1781864189389000000,1781864249389000000,0
NonBlockingReadAction.failedExecutionTimeUs,1781864189389000000,1781864249389000000,0
AWTEventQueue.dispatchTimeTotalNS,1781864189389000000,1781864249389000000,42221219
DiskQueryRelay.tasksExecuted,1781864189389000000,1781864249389000000,0
LowMemory.gcLoad,1781864189389000000,1781864249389000000,7.291310730620327E-4
writeAction.median.wait.ms,1781864189389000000,1781864249389000000,0
LowMemory.gcOverloaded,1781864189389000000,1781864249389000000,0
writeAction.max.wait.ms,1781864189389000000,1781864249389000000,52
DiskQueryRelay.taskExecutionTotalTimeUs,1781864189389000000,1781864249389000000,0
writeAction.count,1781864189389000000,1781864249389000000,0
writeAction.wait.ms,1781864189389000000,1781864249389000000,0
DiskQueryRelay.taskWaitingTotalTimeUs,1781864189389000000,1781864249389000000,0
DiskQueryRelay.tasksRequested,1781864189389000000,1781864249389000000,0
workspaceModel.mutableEntityStorage.collect.changes.ms,1781864189389000000,1781864249389000000,0
jps.module.iml.entities.serializer.save.entities.ms,1781864189389000000,1781864249389000000,0
workspaceModel.mutableEntityStorage.changeLog.addReplaceEventForNewParent.ms,1781864189389000000,1781864249389000000,0
jps.storage.jps.conf.reader.load.component.ms,1781864189389000000,1781864249389000000,0
jps.library.entities.serializer.load.entities.ms,1781864189389000000,1781864249389000000,0
workspaceModel.global.updates.ms,1781864189389000000,1781864249389000000,0
workspaceModel.mutableEntityStorage.resolve.ms,1781864189389000000,1781864249389000000,0
workspaceModel.moduleBridge.facet.initialization.ms,1781864189389000000,1781864249389000000,0
workspaceModel.mutableEntityStorage.add.entity.ms,1781864189389000000,1781864249389000000,0
workspaceModel.mutableEntityStorage.referrers.ms,1781864189389000000,1781864249389000000,0
jps.app.storage.content.writer.save.component.ms,1781864189389000000,1781864249389000000,0
workspaceModel.mutableEntityStorage.remove.entity.ms,1781864189389000000,1781864249389000000,0
workspaceModel.global.apply.state.to.project.builder.ms,1781864189389000000,1781864249389000000,0
jps.facet.change.listener.before.change.events.ms,1781864189389000000,1781864249389000000,0
workspaceModel.moduleManagerBridge.set.unloadedModules.ms,1781864189389000000,1781864249389000000,0
workspaceModel.mutableEntityStorage.has.same.entities.ms,1781864189389000000,1781864249389000000,0
jps.global.initialize.library.bridges.after.loading.ms,1781864189389000000,1781864249389000000,0
workspaceModel.mutableEntityStorage.apply.changes.from.ms,1781864189389000000,1781864249389000000,0
workspaceModel.moduleManagerBridge.build.module.graph.ms,1781864189389000000,1781864249389000000,0
workspaceModel.mutableEntityStorage.entities.ms,1781864189389000000,1781864249389000000,0
jps.global.initialize.library.bridges.ms,1781864189389000000,1781864249389000000,0
workspaceModel.delayed.project.synchronizer.sync.ms,1781864189389000000,1781864249389000000,0
workspaceModel.mutableEntityStorage.mutable.ext.mapping.ms,1781864189389000000,1781864249389000000,0
workspaceModel.load.cache.metadata.from.file.ms,1781864189389000000,1781864249389000000,0
jps.apply.loaded.storage.ms,1781864189389000000,1781864249389000000,0
jps.reload.project.entities.ms,1781864189389000000,1781864249389000000,0
jps.global.handle.before.change.events.ms,1781864189389000000,1781864249389000000,0
workspaceModel.mutableEntityStorage.to.snapshot.ms,1781864189389000000,1781864249389000000,0
jps.module.iml.entities.serializer.load.entities.ms,1781864189389000000,1781864249389000000,0
workspaceModel.moduleManagerBridge.load.all.modules.ms,1781864189389000000,1781864249389000000,0
workspaceModel.sync.entities.ms,1781864189389000000,1781864249389000000,0
workspaceModel.moduleManagerBridge.new.nonPersistent.module.ms,1781864189389000000,1781864249389000000,0
jps.artifact.entities.serializer.load.entities.ms,1781864189389000000,1781864249389000000,0
workspaceModel.load.cache.from.file.ms,1781864189389000000,1781864249389000000,0
workspaceModel.moduleBridge.update.option.ms,1781864189389000000,1781864249389000000,0
workspaceModel.global.updates.count,1781864189389000000,1781864249389000000,0
workspaceModel.mutableEntityStorage.hasReferrers.ms,1781864189389000000,1781864249389000000,0
workspaceModel.moduleManagerBridge.newModule.ms,1781864189389000000,1781864249389000000,0
workspaceModel.moduleBridgeLoader.loading.modules.ms,1781864189389000000,1781864249389000000,0
workspaceModel.global.apply.state.to.project.ms,1781864189389000000,1781864249389000000,0
workspaceModel.mutableEntityStorage.put.entity.ms,1781864189389000000,1781864249389000000,0
jps.module.dependency.index.workspace.model.listener.on.changed.ms,1781864189389000000,1781864249389000000,0
jps.save.changed.project.entities.ms,1781864189389000000,1781864249389000000,0
jps.project.serializers.save.ms,1781864189389000000,1781864249389000000,0
jps.facet.change.listener.init.bridge.ms,1781864189389000000,1781864249389000000,0
jps.global.get.library.by.name.ms,1781864189389000000,1781864249389000000,0
jps.artifact.entities.serializer.save.entities.ms,1781864189389000000,1781864249389000000,0
jps.project.serializers.load.ms,1781864189389000000,1781864249389000000,0
jps.library.entities.serializer.save.entities.ms,1781864189389000000,1781864249389000000,0
jps.global.handle.changed.events.ms,1781864189389000000,1781864249389000000,0
workspaceModel.orphan.listener.update.ms,1781864189389000000,1781864249389000000,0
workspaceModel.mutableEntityStorage.changeLog.addReplaceEventForNewChild.ms,1781864189389000000,1781864249389000000,0
workspaceModel.mutableEntityStorage.mutable.vfurl.index.ms,1781864189389000000,1781864249389000000,0
workspaceModel.moduleManagerBridge.create.module.instance.ms,1781864189389000000,1781864249389000000,0
jps.global.get.library.ms,1781864189389000000,1781864249389000000,0
workspaceModel.mutableEntityStorage.changeLog.addReplaceEventForRemovedParent.ms,1781864189389000000,1781864249389000000,0
workspaceModel.save.cache.to.file.ms,1781864189389000000,1781864249389000000,0
workspaceModel.mutableEntityStorage.modify.entity.ms,1781864189389000000,1781864249389000000,0
workspaceModel.mutableEntityStorage.replace.by.source.ms,1781864189389000000,1781864249389000000,0
jps.app.storage.content.reader.load.component.ms,1781864189389000000,1781864249389000000,0
workspaceModel.mutableEntityStorage.entities.by.source.ms,1781864189389000000,1781864249389000000,0
workspaceModel.moduleManagerBridge.get.modules.ms,1781864189389000000,1781864249389000000,0
workspaceModel.do.save.caches.ms,1781864189389000000,1781864249389000000,0
workspaceModel.mutableEntityStorage.changeLog.addReplaceEventForRemovedChild.ms,1781864189389000000,1781864249389000000,0
jps.load.project.to.empty.storage.ms,1781864189389000000,1781864249389000000,0
jps.save.global.entities.ms,1781864189389000000,1781864249389000000,0
jps.load.initial.state.ms,1781864189389000000,1781864249389000000,0
workspaceModel.moduleManagerBridge.load.module.ms,1781864189389000000,1781864249389000000,0
jps.facet.change.listener.process.change.events.ms,1781864189389000000,1781864249389000000,0
workspaceModel.mutableEntityStorage.instances.count,1781864189389000000,1781864249389000000,0
jps.global.get.libraries.ms,1781864189389000000,1781864249389000000,0
workspaceModel.moduleBridge.before.changed.ms,1781864189389000000,1781864249389000000,0
cacheStateStorage.get.counter,1781864189389000000,1781864249389000000,0
cacheStateStorage.set.duration,1781864189389000000,1781864249389000000,0
cacheStateStorage.get.duration,1781864189389000000,1781864249389000000,0
cacheStateStorage.set.counter,1781864189389000000,1781864249389000000,0
FileChannelInterruptsRetryer.totalRetriedAttempts,1781864189389000000,1781864249389000000,0
StorageLockContext.competingThreads.avg,1781864189389000000,1781864249389000000,0.0
FilePageCache.pageLoads,1781864189389000000,1781864249389000000,0
FilePageCache.pageFastCacheHits,1781864189389000000,1781864249389000000,0
FilePageCache.disposedBuffers,1781864189389000000,1781864249389000000,0
FilePageCache.pageLoadsAboveSizeThreshold,1781864189389000000,1781864249389000000,0
FilePageCache.uncachedFileAccess,1781864189389000000,1781864249389000000,0
StorageLockContext.competingThreads.90P,1781864189389000000,1781864249389000000,0
FilePageCache.capacityInBytes,1781864189389000000,1781864249389000000,629145600
StreamlinedBlobStorage.totalLiveRecordsPayloadBytes,1781864189389000000,1781864249389000000,0
DirectByteBufferAllocator.hits,1781864189389000000,1781864249389000000,0
FilePageCache.maxCacheSizeInBytes,1781864189389000000,1781864249389000000,629153792
MappedFileStorage.totalPagesMapped,1781864189389000000,1781864249389000000,15
DirectByteBufferAllocator.misses,1781864189389000000,1781864249389000000,0
MappedFileStorage.totalBytesMapped,1781864189389000000,1781864249389000000,198443008
DirectByteBufferAllocator.reclaimed,1781864189389000000,1781864249389000000,0
StorageLockContext.competingThreads.max,1781864189389000000,1781864249389000000,0
MappedFileStorage.totalTimeSpentOnMappingUs,1781864189389000000,1781864249389000000,75419
FilePageCache.pageHits,1781864189389000000,1781864249389000000,0
FilePageCache.maxRegisteredFiles,1781864189389000000,1781864249389000000,1652
MappedFileStorage.storages,1781864189389000000,1781864249389000000,15
StreamlinedBlobStorage.recordsRelocated,1781864189389000000,1781864249389000000,0
FilePageCache.totalPageDisposalsUs,1781864189389000000,1781864249389000000,0
StreamlinedBlobStorage.totalLiveRecordsCapacityBytes,1781864189389000000,1781864249389000000,0
DirectByteBufferAllocator.totalSizeOfBuffersCachedInBytes,1781864189389000000,1781864249389000000,83951616
StreamlinedBlobStorage.recordsDeleted,1781864189389000000,1781864249389000000,0
FilePageCache.totalPageLoadsUs,1781864189389000000,1781864249389000000,0
DirectByteBufferAllocator.totalSizeOfBuffersAllocatedInBytes,1781864189389000000,1781864249389000000,0
DirectByteBufferAllocator.disposed,1781864189389000000,1781864249389000000,0
StreamlinedBlobStorage.recordsAllocated,1781864189389000000,1781864249389000000,0
compiler.ArtifactManagerBridge.getArtifacts.ms,1781864189389000000,1781864249389000000,0
compiler.ArtifactManagerBridge.addArtifact.ms,1781864189389000000,1781864249389000000,0
compiler.ArtifactManagerBridge.dropMappings.ms,1781864189389000000,1781864249389000000,0
compiler.ArtifactManagerBridge.initBridges.ms,1781864189389000000,1781864249389000000,0
compiler.ArtifactVirtualFileListener.propertyChanged.ms,1781864189389000000,1781864249389000000,0
compiler.ArtifactManagerBridge.getArtifactsByType.ms,1781864189389000000,1781864249389000000,0
compiler.ArtifactManagerBridge.findArtifact.ms,1781864189389000000,1781864249389000000,0
compiler.ArtifactManagerBridge.commit.ms,1781864189389000000,1781864249389000000,0
compiler.ArtifactVirtualFileListener.filePathChanged.ms,1781864189389000000,1781864249389000000,0
VFS.rootsCount,1781864249389000000,1781864309389000000,12.0
VFS.folderCaseSensitivityReads,1781864249389000000,1781864309389000000,0
VFS.invertedFileNameIndex.requests,1781864249389000000,1781864309389000000,0
FileNameCache.totalMisses,1781864249389000000,1781864309389000000,0
VFS.contentStorage.recordsStoredSize,1781864249389000000,1781864309389000000,0
VFS.fileChildByName,1781864249389000000,1781864309389000000,35
VFS.contentStorage.recordsReadDecompressed,1781864249389000000,1781864309389000000,0
VFS.contentStorage.recordsReadSize,1781864249389000000,1781864309389000000,0
VFS.contentStorage.recordsRead,1781864249389000000,1781864309389000000,0
VFS.contentStorage.recordsDeduplicated,1781864249389000000,1781864309389000000,0
VFS.cache.segments,1781864249389000000,1781864309389000000,89.0
FileNameCache.queries,1781864249389000000,1781864309389000000,256
VFS.cache.directoriesCreated,1781864249389000000,1781864309389000000,0
VFS.contentStorage.recordsDecompressionTimeUs,1781864249389000000,1781864309389000000,0
VFS.fileByIdCache.hits,1781864249389000000,1781864309389000000,0
VFS.contentStorage.recordsUncompressedSize,1781864249389000000,1781864309389000000,0
VFS.contentStorage.recordsStoredCompressed,1781864249389000000,1781864309389000000,0
VFS.cache.segmentsCreated,1781864249389000000,1781864309389000000,0
VFS.cache.filesCreated,1781864249389000000,1781864309389000000,28716
VFS.fileByIdCache.misses,1781864249389000000,1781864309389000000,0
VFS.contentStorage.recordsStored,1781864249389000000,1781864309389000000,0
MEM.ramPlusSwapMinusFileMappingsBytes,1781864249389000000,1781864309389000000,1323655168
JVM.GC.collectionTimesMs,1781864249389000000,1781864309389000000,0
JVM.newThreadsCount,1781864249389000000,1781864309389000000,0
JVM.totalBytesAllocated,1781864249389000000,1781864309389000000,31049048
JVM.usedNativeBytes,1781864249389000000,1781864309389000000,447894584
MEM.ramMinusFileMappingsBytes,1781864249389000000,1781864309389000000,1323655168
JVM.totalCpuTimeMs,1781864249389000000,1781864309389000000,3010
OS.loadAverage,1781864249389000000,1781864309389000000,0.06396484375
JVM.totalDirectByteBuffersBytes,1781864249389000000,1781864309389000000,77825
MEM.ramBytes,1781864249389000000,1781864309389000000,2021543936
JVM.committedHeapBytes,1781864249389000000,1781864309389000000,634388480
MEM.fileMappingsRamBytes,1781864249389000000,1781864309389000000,684912640
JVM.totalTimeAtSafepointsMs,1781864249389000000,1781864309389000000,0
JVM.totalTimeToSafepointsMs,1781864249389000000,1781864309389000000,0
JVM.maxHeapBytes,1781864249389000000,1781864309389000000,2147483648
JVM.GC.collections,1781864249389000000,1781864309389000000,0
JVM.maxThreadCount,1781864249389000000,1781864309389000000,144
JVM.threadCount,1781864249389000000,1781864309389000000,59
JVM.usedHeapBytes,1781864249389000000,1781864309389000000,480979592
JVM.totalSafepointCount,1781864249389000000,1781864309389000000,0
Indexing.writer_0.totalTimeSpentWritingMs,1781864249389000000,1781864309389000000,0
Indexes.entries.lookups,1781864249389000000,1781864309389000000,0
Indexing.writer_2.totalTimeSpentWritingMs,1781864249389000000,1781864309389000000,0
Indexes.stubs.lookupDurationMaxMs,1781864249389000000,1781864309389000000,0.0
Indexes.stubs.lookups,1781864249389000000,1781864309389000000,0
Indexes.allKeys.lookupDurationAvgMs,1781864249389000000,1781864309389000000,0.0
Indexes.allKeys.lookupDurationMaxMs,1781864249389000000,1781864309389000000,0.0
Indexes.allKeys.lookupDuration90PMs,1781864249389000000,1781864309389000000,0.0
Indexing.cache.totalCacheMisses,1781864249389000000,1781864309389000000,0
Indexing.totalTimeIndexersSleptMs,1781864249389000000,1781864309389000000,0
Indexing.writer_3.totalTimeSpentWritingMs,1781864249389000000,1781864309389000000,0
Indexing.cache.totalCacheEvicted,1781864249389000000,1781864309389000000,0
Indexes.entries.lookupDurationMaxMs,1781864249389000000,1781864309389000000,0.0
Indexing.writer_1.totalTimeSpentWritingMs,1781864249389000000,1781864309389000000,0
Indexes.stubs.lookupDurationAvgMs,1781864249389000000,1781864309389000000,0.0
Indexes.entries.lookupDuration90PMs,1781864249389000000,1781864309389000000,0.0
Indexes.allKeys.lookups,1781864249389000000,1781864309389000000,0
Indexes.entries.lookupDurationAvgMs,1781864249389000000,1781864309389000000,0.0
Indexes.stubs.lookupDuration90PMs,1781864249389000000,1781864309389000000,0.0
Indexing.writesQueuedMin,1781864249389000000,1781864309389000000,9223372036854775807
Indexing.writesQueuedMax,1781864249389000000,1781864309389000000,0
Indexing.cache.totalCacheAccesses,1781864249389000000,1781864309389000000,0
workspaceModel.workspaceFileIndexData.getDirectoriesByPackageName.ms,1781864249389000000,1781864309389000000,0
workspaceModel.cachedValueWithParameters.from.cache.count,1781864249389000000,1781864309389000000,0
workspaceModel.replace.project.model.ms,1781864249389000000,1781864309389000000,0
workspaceModel.cachedValue.from.cache.count,1781864249389000000,1781864309389000000,0
workspaceModel.updates.ms,1781864249389000000,1781864309389000000,0
workspaceModel.on.changed.ms,1781864249389000000,1781864309389000000,0
workspaceModel.check.recursive.update.ms,1781864249389000000,1781864309389000000,0
workspaceModel.cachedValueWithParameters.clear.count,1781864249389000000,1781864309389000000,0
workspaceModel.workspaceFileIndexData.getPackageName.ms,1781864249389000000,1781864309389000000,0
workspaceModel.loading.total.ms,1781864249389000000,1781864309389000000,0
workspaceModel.workspaceFileIndexData.visitFileSets.ms,1781864249389000000,1781864309389000000,7
workspaceModel.workspaceFileIndexData.getFileInfo.ms,1781864249389000000,1781864309389000000,7
workspaceModel.entityStorageSnapshotImpl.instances.count,1781864249389000000,1781864309389000000,0
workspaceModel.workspaceFileIndexData.markDirty.ms,1781864249389000000,1781864309389000000,0
workspaceModel.cachedValueWithParameters.total.get.count,1781864249389000000,1781864309389000000,0
workspaceModel.workspaceFileIndexData.init.ms,1781864249389000000,1781864309389000000,0
workspaceModel.workspaceFileIndexContributor.registerFileSets.ms,1781864249389000000,1781864309389000000,0
workspaceModel.workspaceFileIndexData.updateDirtyEntities.ms,1781864249389000000,1781864309389000000,0
workspaceModel.cachedValue.calculated.count,1781864249389000000,1781864309389000000,0
workspaceModel.update.unloaded.entities.ms,1781864249389000000,1781864309389000000,0
workspaceModel.cachedValue.clear.count,1781864249389000000,1781864309389000000,0
workspaceModel.to.snapshot.ms,1781864249389000000,1781864309389000000,0
workspaceModel.workspaceFileIndexData.onEntitiesChanged.ms,1781864249389000000,1781864309389000000,0
workspaceModel.init.bridges.ms,1781864249389000000,1781864309389000000,0
workspaceModel.loading.from.cache.ms,1781864249389000000,1781864309389000000,0
workspaceModel.pre.handlers.ms,1781864249389000000,1781864309389000000,0
workspaceModel.cachedValue.total.get.count,1781864249389000000,1781864309389000000,0
workspaceModel.workspaceFileIndexData.processFileSets.ms,1781864249389000000,1781864309389000000,0
workspaceModel.initializing.ms,1781864249389000000,1781864309389000000,0
workspaceModel.updates.count,1781864249389000000,1781864309389000000,0
workspaceModel.collect.changes.ms,1781864249389000000,1781864309389000000,0
workspaceModel.workspaceFileIndexData.instances.count,1781864249389000000,1781864309389000000,0
workspaceModel.full.replace.project.model.ms,1781864249389000000,1781864309389000000,0
workspaceModel.cachedValueWithParameters.calculated.count,1781864249389000000,1781864309389000000,0
workspaceModel.on.before.changed.ms,1781864249389000000,1781864309389000000,0
workspaceModel.updates.precise.ms,1781864249389000000,1781864309389000000,0
FlushQueue.queueSize90P,1781864249389000000,1781864309389000000,0
FlushQueue.queueSizeAvg,1781864249389000000,1781864309389000000,0.0
NonBlockingReadAction.finalizedExecutionsCount,1781864249389000000,1781864309389000000,1
FlushQueue.waitingTime90PNs,1781864249389000000,1781864309389000000,0
FlushQueue.waitingTimeMaxNs,1781864249389000000,1781864309389000000,0
NonBlockingReadAction.finalizedExecutionTimeUs,1781864249389000000,1781864309389000000,11295
NonBlockingReadAction.failedExecutionsCount,1781864249389000000,1781864309389000000,0
AWTEventQueue.dispatchTimeAvgNs,1781864249389000000,1781864309389000000,0.0
ReadAction.executionsCount,1781864249389000000,1781864309389000000,29777
AWTEventQueue.dispatchTimeMaxNs,1781864249389000000,1781864309389000000,0
FlushQueue.executionTime90PNs,1781864249389000000,1781864309389000000,0
FlushQueue.executionTimeAvgNs,1781864249389000000,1781864309389000000,0.0
AWTEventQueue.dispatchTime90PNs,1781864249389000000,1781864309389000000,0
FlushQueue.executionTimeMaxNs,1781864249389000000,1781864309389000000,0
FlushQueue.tasksExecuted,1781864249389000000,1781864309389000000,0
AWTEventQueue.eventsDispatched,1781864249389000000,1781864309389000000,0
WriteAction.executionsCount,1781864249389000000,1781864309389000000,0
FlushQueue.waitingTimeAvgNs,1781864249389000000,1781864309389000000,0.0
FlushQueue.queueSizeMax,1781864249389000000,1781864309389000000,0
NonBlockingReadAction.failedExecutionTimeUs,1781864249389000000,1781864309389000000,0
AWTEventQueue.dispatchTimeTotalNS,1781864249389000000,1781864309389000000,49690866
DiskQueryRelay.tasksExecuted,1781864249389000000,1781864309389000000,0
LowMemory.gcLoad,1781864249389000000,1781864309389000000,3.743109419628379E-4
writeAction.median.wait.ms,1781864249389000000,1781864309389000000,0
LowMemory.gcOverloaded,1781864249389000000,1781864309389000000,0
writeAction.max.wait.ms,1781864249389000000,1781864309389000000,52
DiskQueryRelay.taskExecutionTotalTimeUs,1781864249389000000,1781864309389000000,0
writeAction.count,1781864249389000000,1781864309389000000,0
writeAction.wait.ms,1781864249389000000,1781864309389000000,0
DiskQueryRelay.taskWaitingTotalTimeUs,1781864249389000000,1781864309389000000,0
DiskQueryRelay.tasksRequested,1781864249389000000,1781864309389000000,0
workspaceModel.mutableEntityStorage.collect.changes.ms,1781864249389000000,1781864309389000000,0
jps.module.iml.entities.serializer.save.entities.ms,1781864249389000000,1781864309389000000,0
workspaceModel.mutableEntityStorage.changeLog.addReplaceEventForNewParent.ms,1781864249389000000,1781864309389000000,0
jps.storage.jps.conf.reader.load.component.ms,1781864249389000000,1781864309389000000,0
jps.library.entities.serializer.load.entities.ms,1781864249389000000,1781864309389000000,0
workspaceModel.global.updates.ms,1781864249389000000,1781864309389000000,0
workspaceModel.mutableEntityStorage.resolve.ms,1781864249389000000,1781864309389000000,0
workspaceModel.moduleBridge.facet.initialization.ms,1781864249389000000,1781864309389000000,0
workspaceModel.mutableEntityStorage.add.entity.ms,1781864249389000000,1781864309389000000,0
workspaceModel.mutableEntityStorage.referrers.ms,1781864249389000000,1781864309389000000,0
jps.app.storage.content.writer.save.component.ms,1781864249389000000,1781864309389000000,0
workspaceModel.mutableEntityStorage.remove.entity.ms,1781864249389000000,1781864309389000000,0
workspaceModel.global.apply.state.to.project.builder.ms,1781864249389000000,1781864309389000000,0
jps.facet.change.listener.before.change.events.ms,1781864249389000000,1781864309389000000,0
workspaceModel.moduleManagerBridge.set.unloadedModules.ms,1781864249389000000,1781864309389000000,0
workspaceModel.mutableEntityStorage.has.same.entities.ms,1781864249389000000,1781864309389000000,0
jps.global.initialize.library.bridges.after.loading.ms,1781864249389000000,1781864309389000000,0
workspaceModel.mutableEntityStorage.apply.changes.from.ms,1781864249389000000,1781864309389000000,0
workspaceModel.moduleManagerBridge.build.module.graph.ms,1781864249389000000,1781864309389000000,0
workspaceModel.mutableEntityStorage.entities.ms,1781864249389000000,1781864309389000000,0
jps.global.initialize.library.bridges.ms,1781864249389000000,1781864309389000000,0
workspaceModel.delayed.project.synchronizer.sync.ms,1781864249389000000,1781864309389000000,0
workspaceModel.mutableEntityStorage.mutable.ext.mapping.ms,1781864249389000000,1781864309389000000,0
workspaceModel.load.cache.metadata.from.file.ms,1781864249389000000,1781864309389000000,0
jps.apply.loaded.storage.ms,1781864249389000000,1781864309389000000,0
jps.reload.project.entities.ms,1781864249389000000,1781864309389000000,0
jps.global.handle.before.change.events.ms,1781864249389000000,1781864309389000000,0
workspaceModel.mutableEntityStorage.to.snapshot.ms,1781864249389000000,1781864309389000000,0
jps.module.iml.entities.serializer.load.entities.ms,1781864249389000000,1781864309389000000,0
workspaceModel.moduleManagerBridge.load.all.modules.ms,1781864249389000000,1781864309389000000,0
workspaceModel.sync.entities.ms,1781864249389000000,1781864309389000000,0
workspaceModel.moduleManagerBridge.new.nonPersistent.module.ms,1781864249389000000,1781864309389000000,0
jps.artifact.entities.serializer.load.entities.ms,1781864249389000000,1781864309389000000,0
workspaceModel.load.cache.from.file.ms,1781864249389000000,1781864309389000000,0
workspaceModel.moduleBridge.update.option.ms,1781864249389000000,1781864309389000000,0
workspaceModel.global.updates.count,1781864249389000000,1781864309389000000,0
workspaceModel.mutableEntityStorage.hasReferrers.ms,1781864249389000000,1781864309389000000,0
workspaceModel.moduleManagerBridge.newModule.ms,1781864249389000000,1781864309389000000,0
workspaceModel.moduleBridgeLoader.loading.modules.ms,1781864249389000000,1781864309389000000,0
workspaceModel.global.apply.state.to.project.ms,1781864249389000000,1781864309389000000,0
workspaceModel.mutableEntityStorage.put.entity.ms,1781864249389000000,1781864309389000000,0
jps.module.dependency.index.workspace.model.listener.on.changed.ms,1781864249389000000,1781864309389000000,0
jps.save.changed.project.entities.ms,1781864249389000000,1781864309389000000,0
jps.project.serializers.save.ms,1781864249389000000,1781864309389000000,0
jps.facet.change.listener.init.bridge.ms,1781864249389000000,1781864309389000000,0
jps.global.get.library.by.name.ms,1781864249389000000,1781864309389000000,0
jps.artifact.entities.serializer.save.entities.ms,1781864249389000000,1781864309389000000,0
jps.project.serializers.load.ms,1781864249389000000,1781864309389000000,0
jps.library.entities.serializer.save.entities.ms,1781864249389000000,1781864309389000000,0
jps.global.handle.changed.events.ms,1781864249389000000,1781864309389000000,0
workspaceModel.orphan.listener.update.ms,1781864249389000000,1781864309389000000,0
workspaceModel.mutableEntityStorage.changeLog.addReplaceEventForNewChild.ms,1781864249389000000,1781864309389000000,0
workspaceModel.mutableEntityStorage.mutable.vfurl.index.ms,1781864249389000000,1781864309389000000,0
workspaceModel.moduleManagerBridge.create.module.instance.ms,1781864249389000000,1781864309389000000,0
jps.global.get.library.ms,1781864249389000000,1781864309389000000,0
workspaceModel.mutableEntityStorage.changeLog.addReplaceEventForRemovedParent.ms,1781864249389000000,1781864309389000000,0
workspaceModel.save.cache.to.file.ms,1781864249389000000,1781864309389000000,0
workspaceModel.mutableEntityStorage.modify.entity.ms,1781864249389000000,1781864309389000000,0
workspaceModel.mutableEntityStorage.replace.by.source.ms,1781864249389000000,1781864309389000000,0
jps.app.storage.content.reader.load.component.ms,1781864249389000000,1781864309389000000,0
workspaceModel.mutableEntityStorage.entities.by.source.ms,1781864249389000000,1781864309389000000,0
workspaceModel.moduleManagerBridge.get.modules.ms,1781864249389000000,1781864309389000000,0
workspaceModel.do.save.caches.ms,1781864249389000000,1781864309389000000,0
workspaceModel.mutableEntityStorage.changeLog.addReplaceEventForRemovedChild.ms,1781864249389000000,1781864309389000000,0
jps.load.project.to.empty.storage.ms,1781864249389000000,1781864309389000000,0
jps.save.global.entities.ms,1781864249389000000,1781864309389000000,0
jps.load.initial.state.ms,1781864249389000000,1781864309389000000,0
workspaceModel.moduleManagerBridge.load.module.ms,1781864249389000000,1781864309389000000,0
jps.facet.change.listener.process.change.events.ms,1781864249389000000,1781864309389000000,0
workspaceModel.mutableEntityStorage.instances.count,1781864249389000000,1781864309389000000,0
jps.global.get.libraries.ms,1781864249389000000,1781864309389000000,0
workspaceModel.moduleBridge.before.changed.ms,1781864249389000000,1781864309389000000,0
cacheStateStorage.get.counter,1781864249389000000,1781864309389000000,1
cacheStateStorage.set.duration,1781864249389000000,1781864309389000000,2
cacheStateStorage.get.duration,1781864249389000000,1781864309389000000,6
cacheStateStorage.set.counter,1781864249389000000,1781864309389000000,1
FileChannelInterruptsRetryer.totalRetriedAttempts,1781864249389000000,1781864309389000000,0
StorageLockContext.competingThreads.avg,1781864249389000000,1781864309389000000,0.0
FilePageCache.pageLoads,1781864249389000000,1781864309389000000,0
FilePageCache.pageFastCacheHits,1781864249389000000,1781864309389000000,0
FilePageCache.disposedBuffers,1781864249389000000,1781864309389000000,0
FilePageCache.pageLoadsAboveSizeThreshold,1781864249389000000,1781864309389000000,0
FilePageCache.uncachedFileAccess,1781864249389000000,1781864309389000000,0
StorageLockContext.competingThreads.90P,1781864249389000000,1781864309389000000,0
FilePageCache.capacityInBytes,1781864249389000000,1781864309389000000,629145600
StreamlinedBlobStorage.totalLiveRecordsPayloadBytes,1781864249389000000,1781864309389000000,0
DirectByteBufferAllocator.hits,1781864249389000000,1781864309389000000,0
FilePageCache.maxCacheSizeInBytes,1781864249389000000,1781864309389000000,629153792
MappedFileStorage.totalPagesMapped,1781864249389000000,1781864309389000000,15
DirectByteBufferAllocator.misses,1781864249389000000,1781864309389000000,0
MappedFileStorage.totalBytesMapped,1781864249389000000,1781864309389000000,198443008
DirectByteBufferAllocator.reclaimed,1781864249389000000,1781864309389000000,0
StorageLockContext.competingThreads.max,1781864249389000000,1781864309389000000,0
MappedFileStorage.totalTimeSpentOnMappingUs,1781864249389000000,1781864309389000000,75419
FilePageCache.pageHits,1781864249389000000,1781864309389000000,0
FilePageCache.maxRegisteredFiles,1781864249389000000,1781864309389000000,1652
MappedFileStorage.storages,1781864249389000000,1781864309389000000,15
StreamlinedBlobStorage.recordsRelocated,1781864249389000000,1781864309389000000,0
FilePageCache.totalPageDisposalsUs,1781864249389000000,1781864309389000000,0
StreamlinedBlobStorage.totalLiveRecordsCapacityBytes,1781864249389000000,1781864309389000000,0
DirectByteBufferAllocator.totalSizeOfBuffersCachedInBytes,1781864249389000000,1781864309389000000,83951616
StreamlinedBlobStorage.recordsDeleted,1781864249389000000,1781864309389000000,0
FilePageCache.totalPageLoadsUs,1781864249389000000,1781864309389000000,0
DirectByteBufferAllocator.totalSizeOfBuffersAllocatedInBytes,1781864249389000000,1781864309389000000,0
DirectByteBufferAllocator.disposed,1781864249389000000,1781864309389000000,0
StreamlinedBlobStorage.recordsAllocated,1781864249389000000,1781864309389000000,0
compiler.ArtifactManagerBridge.getArtifacts.ms,1781864249389000000,1781864309389000000,0
compiler.ArtifactManagerBridge.addArtifact.ms,1781864249389000000,1781864309389000000,0
compiler.ArtifactManagerBridge.dropMappings.ms,1781864249389000000,1781864309389000000,0
compiler.ArtifactManagerBridge.initBridges.ms,1781864249389000000,1781864309389000000,0
compiler.ArtifactVirtualFileListener.propertyChanged.ms,1781864249389000000,1781864309389000000,0
compiler.ArtifactManagerBridge.getArtifactsByType.ms,1781864249389000000,1781864309389000000,0
compiler.ArtifactManagerBridge.findArtifact.ms,1781864249389000000,1781864309389000000,0
compiler.ArtifactManagerBridge.commit.ms,1781864249389000000,1781864309389000000,0
compiler.ArtifactVirtualFileListener.filePathChanged.ms,1781864249389000000,1781864309389000000,0
VFS.rootsCount,1781864309389000000,1781864369389000000,12.0
VFS.folderCaseSensitivityReads,1781864309389000000,1781864369389000000,0
VFS.invertedFileNameIndex.requests,1781864309389000000,1781864369389000000,0
FileNameCache.totalMisses,1781864309389000000,1781864369389000000,0
VFS.contentStorage.recordsStoredSize,1781864309389000000,1781864369389000000,0
VFS.fileChildByName,1781864309389000000,1781864369389000000,0
VFS.contentStorage.recordsReadDecompressed,1781864309389000000,1781864369389000000,0
VFS.contentStorage.recordsReadSize,1781864309389000000,1781864369389000000,0
VFS.contentStorage.recordsRead,1781864309389000000,1781864369389000000,0
VFS.contentStorage.recordsDeduplicated,1781864309389000000,1781864369389000000,0
VFS.cache.segments,1781864309389000000,1781864369389000000,89.0
FileNameCache.queries,1781864309389000000,1781864369389000000,0
VFS.cache.directoriesCreated,1781864309389000000,1781864369389000000,0
VFS.contentStorage.recordsDecompressionTimeUs,1781864309389000000,1781864369389000000,0
VFS.fileByIdCache.hits,1781864309389000000,1781864369389000000,0
VFS.contentStorage.recordsUncompressedSize,1781864309389000000,1781864369389000000,0
VFS.contentStorage.recordsStoredCompressed,1781864309389000000,1781864369389000000,0
VFS.cache.segmentsCreated,1781864309389000000,1781864369389000000,0
VFS.cache.filesCreated,1781864309389000000,1781864369389000000,0
VFS.fileByIdCache.misses,1781864309389000000,1781864369389000000,0
VFS.contentStorage.recordsStored,1781864309389000000,1781864369389000000,0
MEM.ramPlusSwapMinusFileMappingsBytes,1781864309389000000,1781864369389000000,1337024512
JVM.GC.collectionTimesMs,1781864309389000000,1781864369389000000,71
JVM.newThreadsCount,1781864309389000000,1781864369389000000,0
JVM.totalBytesAllocated,1781864309389000000,1781864369389000000,108818800
JVM.usedNativeBytes,1781864309389000000,1781864369389000000,447576128
MEM.ramMinusFileMappingsBytes,1781864309389000000,1781864369389000000,1337024512
JVM.totalCpuTimeMs,1781864309389000000,1781864369389000000,5230
OS.loadAverage,1781864309389000000,1781864369389000000,0.07470703125
JVM.totalDirectByteBuffersBytes,1781864309389000000,1781864369389000000,77825
MEM.ramBytes,1781864309389000000,1781864369389000000,2043826176
JVM.committedHeapBytes,1781864309389000000,1781864369389000000,643825664
MEM.fileMappingsRamBytes,1781864309389000000,1781864369389000000,693825536
JVM.totalTimeAtSafepointsMs,1781864309389000000,1781864369389000000,72
JVM.totalTimeToSafepointsMs,1781864309389000000,1781864369389000000,0
JVM.maxHeapBytes,1781864309389000000,1781864369389000000,2147483648
JVM.GC.collections,1781864309389000000,1781864369389000000,3
JVM.maxThreadCount,1781864309389000000,1781864369389000000,144
JVM.threadCount,1781864309389000000,1781864369389000000,59
JVM.usedHeapBytes,1781864309389000000,1781864369389000000,392526600
JVM.totalSafepointCount,1781864309389000000,1781864369389000000,3
Indexing.writer_0.totalTimeSpentWritingMs,1781864309389000000,1781864369389000000,0
Indexes.entries.lookups,1781864309389000000,1781864369389000000,0
Indexing.writer_2.totalTimeSpentWritingMs,1781864309389000000,1781864369389000000,0
Indexes.stubs.lookupDurationMaxMs,1781864309389000000,1781864369389000000,0.0
Indexes.stubs.lookups,1781864309389000000,1781864369389000000,0
Indexes.allKeys.lookupDurationAvgMs,1781864309389000000,1781864369389000000,0.0
Indexes.allKeys.lookupDurationMaxMs,1781864309389000000,1781864369389000000,0.0
Indexes.allKeys.lookupDuration90PMs,1781864309389000000,1781864369389000000,0.0
Indexing.cache.totalCacheMisses,1781864309389000000,1781864369389000000,0
Indexing.totalTimeIndexersSleptMs,1781864309389000000,1781864369389000000,0
Indexing.writer_3.totalTimeSpentWritingMs,1781864309389000000,1781864369389000000,0
Indexing.cache.totalCacheEvicted,1781864309389000000,1781864369389000000,0
Indexes.entries.lookupDurationMaxMs,1781864309389000000,1781864369389000000,0.0
Indexing.writer_1.totalTimeSpentWritingMs,1781864309389000000,1781864369389000000,0
Indexes.stubs.lookupDurationAvgMs,1781864309389000000,1781864369389000000,0.0
Indexes.entries.lookupDuration90PMs,1781864309389000000,1781864369389000000,0.0
Indexes.allKeys.lookups,1781864309389000000,1781864369389000000,0
Indexes.entries.lookupDurationAvgMs,1781864309389000000,1781864369389000000,0.0
Indexes.stubs.lookupDuration90PMs,1781864309389000000,1781864369389000000,0.0
Indexing.writesQueuedMin,1781864309389000000,1781864369389000000,9223372036854775807
Indexing.writesQueuedMax,1781864309389000000,1781864369389000000,0
Indexing.cache.totalCacheAccesses,1781864309389000000,1781864369389000000,0
workspaceModel.workspaceFileIndexData.getDirectoriesByPackageName.ms,1781864309389000000,1781864369389000000,0
workspaceModel.cachedValueWithParameters.from.cache.count,1781864309389000000,1781864369389000000,0
workspaceModel.replace.project.model.ms,1781864309389000000,1781864369389000000,0
workspaceModel.cachedValue.from.cache.count,1781864309389000000,1781864369389000000,0
workspaceModel.updates.ms,1781864309389000000,1781864369389000000,0
workspaceModel.on.changed.ms,1781864309389000000,1781864369389000000,0
workspaceModel.check.recursive.update.ms,1781864309389000000,1781864369389000000,0
workspaceModel.cachedValueWithParameters.clear.count,1781864309389000000,1781864369389000000,0
workspaceModel.workspaceFileIndexData.getPackageName.ms,1781864309389000000,1781864369389000000,0
workspaceModel.loading.total.ms,1781864309389000000,1781864369389000000,0
workspaceModel.workspaceFileIndexData.visitFileSets.ms,1781864309389000000,1781864369389000000,0
workspaceModel.workspaceFileIndexData.getFileInfo.ms,1781864309389000000,1781864369389000000,0
workspaceModel.entityStorageSnapshotImpl.instances.count,1781864309389000000,1781864369389000000,0
workspaceModel.workspaceFileIndexData.markDirty.ms,1781864309389000000,1781864369389000000,0
workspaceModel.cachedValueWithParameters.total.get.count,1781864309389000000,1781864369389000000,0
workspaceModel.workspaceFileIndexData.init.ms,1781864309389000000,1781864369389000000,0
workspaceModel.workspaceFileIndexContributor.registerFileSets.ms,1781864309389000000,1781864369389000000,0
workspaceModel.workspaceFileIndexData.updateDirtyEntities.ms,1781864309389000000,1781864369389000000,0
workspaceModel.cachedValue.calculated.count,1781864309389000000,1781864369389000000,0
workspaceModel.update.unloaded.entities.ms,1781864309389000000,1781864369389000000,0
workspaceModel.cachedValue.clear.count,1781864309389000000,1781864369389000000,0
workspaceModel.to.snapshot.ms,1781864309389000000,1781864369389000000,0
workspaceModel.workspaceFileIndexData.onEntitiesChanged.ms,1781864309389000000,1781864369389000000,0
workspaceModel.init.bridges.ms,1781864309389000000,1781864369389000000,0
workspaceModel.loading.from.cache.ms,1781864309389000000,1781864369389000000,0
workspaceModel.pre.handlers.ms,1781864309389000000,1781864369389000000,0
workspaceModel.cachedValue.total.get.count,1781864309389000000,1781864369389000000,0
workspaceModel.workspaceFileIndexData.processFileSets.ms,1781864309389000000,1781864369389000000,0
workspaceModel.initializing.ms,1781864309389000000,1781864369389000000,0
workspaceModel.updates.count,1781864309389000000,1781864369389000000,0
workspaceModel.collect.changes.ms,1781864309389000000,1781864369389000000,0
workspaceModel.workspaceFileIndexData.instances.count,1781864309389000000,1781864369389000000,0
workspaceModel.full.replace.project.model.ms,1781864309389000000,1781864369389000000,0
workspaceModel.cachedValueWithParameters.calculated.count,1781864309389000000,1781864369389000000,0
workspaceModel.on.before.changed.ms,1781864309389000000,1781864369389000000,0
workspaceModel.updates.precise.ms,1781864309389000000,1781864369389000000,0
FlushQueue.queueSize90P,1781864309389000000,1781864369389000000,0
FlushQueue.queueSizeAvg,1781864309389000000,1781864369389000000,0.0
NonBlockingReadAction.finalizedExecutionsCount,1781864309389000000,1781864369389000000,0
FlushQueue.waitingTime90PNs,1781864309389000000,1781864369389000000,0
FlushQueue.waitingTimeMaxNs,1781864309389000000,1781864369389000000,0
NonBlockingReadAction.finalizedExecutionTimeUs,1781864309389000000,1781864369389000000,0
NonBlockingReadAction.failedExecutionsCount,1781864309389000000,1781864369389000000,0
AWTEventQueue.dispatchTimeAvgNs,1781864309389000000,1781864369389000000,0.0
ReadAction.executionsCount,1781864309389000000,1781864369389000000,2337
AWTEventQueue.dispatchTimeMaxNs,1781864309389000000,1781864369389000000,0
FlushQueue.executionTime90PNs,1781864309389000000,1781864369389000000,0
FlushQueue.executionTimeAvgNs,1781864309389000000,1781864369389000000,0.0
AWTEventQueue.dispatchTime90PNs,1781864309389000000,1781864369389000000,0
FlushQueue.executionTimeMaxNs,1781864309389000000,1781864369389000000,0
FlushQueue.tasksExecuted,1781864309389000000,1781864369389000000,0
AWTEventQueue.eventsDispatched,1781864309389000000,1781864369389000000,0
WriteAction.executionsCount,1781864309389000000,1781864369389000000,0
FlushQueue.waitingTimeAvgNs,1781864309389000000,1781864369389000000,0.0
FlushQueue.queueSizeMax,1781864309389000000,1781864369389000000,0
NonBlockingReadAction.failedExecutionTimeUs,1781864309389000000,1781864369389000000,0
AWTEventQueue.dispatchTimeTotalNS,1781864309389000000,1781864369389000000,36969529
DiskQueryRelay.tasksExecuted,1781864309389000000,1781864369389000000,0
LowMemory.gcLoad,1781864309389000000,1781864369389000000,1.9215629355945774E-4
writeAction.median.wait.ms,1781864309389000000,1781864369389000000,0
LowMemory.gcOverloaded,1781864309389000000,1781864369389000000,0
writeAction.max.wait.ms,1781864309389000000,1781864369389000000,52
DiskQueryRelay.taskExecutionTotalTimeUs,1781864309389000000,1781864369389000000,0
writeAction.count,1781864309389000000,1781864369389000000,0
writeAction.wait.ms,1781864309389000000,1781864369389000000,0
DiskQueryRelay.taskWaitingTotalTimeUs,1781864309389000000,1781864369389000000,0
DiskQueryRelay.tasksRequested,1781864309389000000,1781864369389000000,0
workspaceModel.mutableEntityStorage.collect.changes.ms,1781864309389000000,1781864369389000000,0
jps.module.iml.entities.serializer.save.entities.ms,1781864309389000000,1781864369389000000,0
workspaceModel.mutableEntityStorage.changeLog.addReplaceEventForNewParent.ms,1781864309389000000,1781864369389000000,0
jps.storage.jps.conf.reader.load.component.ms,1781864309389000000,1781864369389000000,0
jps.library.entities.serializer.load.entities.ms,1781864309389000000,1781864369389000000,0
workspaceModel.global.updates.ms,1781864309389000000,1781864369389000000,0
workspaceModel.mutableEntityStorage.resolve.ms,1781864309389000000,1781864369389000000,0
workspaceModel.moduleBridge.facet.initialization.ms,1781864309389000000,1781864369389000000,0
workspaceModel.mutableEntityStorage.add.entity.ms,1781864309389000000,1781864369389000000,0
workspaceModel.mutableEntityStorage.referrers.ms,1781864309389000000,1781864369389000000,0
jps.app.storage.content.writer.save.component.ms,1781864309389000000,1781864369389000000,0
workspaceModel.mutableEntityStorage.remove.entity.ms,1781864309389000000,1781864369389000000,0
workspaceModel.global.apply.state.to.project.builder.ms,1781864309389000000,1781864369389000000,0
jps.facet.change.listener.before.change.events.ms,1781864309389000000,1781864369389000000,0
workspaceModel.moduleManagerBridge.set.unloadedModules.ms,1781864309389000000,1781864369389000000,0
workspaceModel.mutableEntityStorage.has.same.entities.ms,1781864309389000000,1781864369389000000,0
jps.global.initialize.library.bridges.after.loading.ms,1781864309389000000,1781864369389000000,0
workspaceModel.mutableEntityStorage.apply.changes.from.ms,1781864309389000000,1781864369389000000,0
workspaceModel.moduleManagerBridge.build.module.graph.ms,1781864309389000000,1781864369389000000,0
workspaceModel.mutableEntityStorage.entities.ms,1781864309389000000,1781864369389000000,0
jps.global.initialize.library.bridges.ms,1781864309389000000,1781864369389000000,0
workspaceModel.delayed.project.synchronizer.sync.ms,1781864309389000000,1781864369389000000,0
workspaceModel.mutableEntityStorage.mutable.ext.mapping.ms,1781864309389000000,1781864369389000000,0
workspaceModel.load.cache.metadata.from.file.ms,1781864309389000000,1781864369389000000,0
jps.apply.loaded.storage.ms,1781864309389000000,1781864369389000000,0
jps.reload.project.entities.ms,1781864309389000000,1781864369389000000,0
jps.global.handle.before.change.events.ms,1781864309389000000,1781864369389000000,0
workspaceModel.mutableEntityStorage.to.snapshot.ms,1781864309389000000,1781864369389000000,0
jps.module.iml.entities.serializer.load.entities.ms,1781864309389000000,1781864369389000000,0
workspaceModel.moduleManagerBridge.load.all.modules.ms,1781864309389000000,1781864369389000000,0
workspaceModel.sync.entities.ms,1781864309389000000,1781864369389000000,0
workspaceModel.moduleManagerBridge.new.nonPersistent.module.ms,1781864309389000000,1781864369389000000,0
jps.artifact.entities.serializer.load.entities.ms,1781864309389000000,1781864369389000000,0
workspaceModel.load.cache.from.file.ms,1781864309389000000,1781864369389000000,0
workspaceModel.moduleBridge.update.option.ms,1781864309389000000,1781864369389000000,0
workspaceModel.global.updates.count,1781864309389000000,1781864369389000000,0
workspaceModel.mutableEntityStorage.hasReferrers.ms,1781864309389000000,1781864369389000000,0
workspaceModel.moduleManagerBridge.newModule.ms,1781864309389000000,1781864369389000000,0
workspaceModel.moduleBridgeLoader.loading.modules.ms,1781864309389000000,1781864369389000000,0
workspaceModel.global.apply.state.to.project.ms,1781864309389000000,1781864369389000000,0
workspaceModel.mutableEntityStorage.put.entity.ms,1781864309389000000,1781864369389000000,0
jps.module.dependency.index.workspace.model.listener.on.changed.ms,1781864309389000000,1781864369389000000,0
jps.save.changed.project.entities.ms,1781864309389000000,1781864369389000000,0
jps.project.serializers.save.ms,1781864309389000000,1781864369389000000,0
jps.facet.change.listener.init.bridge.ms,1781864309389000000,1781864369389000000,0
jps.global.get.library.by.name.ms,1781864309389000000,1781864369389000000,0
jps.artifact.entities.serializer.save.entities.ms,1781864309389000000,1781864369389000000,0
jps.project.serializers.load.ms,1781864309389000000,1781864369389000000,0
jps.library.entities.serializer.save.entities.ms,1781864309389000000,1781864369389000000,0
jps.global.handle.changed.events.ms,1781864309389000000,1781864369389000000,0
workspaceModel.orphan.listener.update.ms,1781864309389000000,1781864369389000000,0
workspaceModel.mutableEntityStorage.changeLog.addReplaceEventForNewChild.ms,1781864309389000000,1781864369389000000,0
workspaceModel.mutableEntityStorage.mutable.vfurl.index.ms,1781864309389000000,1781864369389000000,0
workspaceModel.moduleManagerBridge.create.module.instance.ms,1781864309389000000,1781864369389000000,0
jps.global.get.library.ms,1781864309389000000,1781864369389000000,0
workspaceModel.mutableEntityStorage.changeLog.addReplaceEventForRemovedParent.ms,1781864309389000000,1781864369389000000,0
workspaceModel.save.cache.to.file.ms,1781864309389000000,1781864369389000000,0
workspaceModel.mutableEntityStorage.modify.entity.ms,1781864309389000000,1781864369389000000,0
workspaceModel.mutableEntityStorage.replace.by.source.ms,1781864309389000000,1781864369389000000,0
jps.app.storage.content.reader.load.component.ms,1781864309389000000,1781864369389000000,0
workspaceModel.mutableEntityStorage.entities.by.source.ms,1781864309389000000,1781864369389000000,0
workspaceModel.moduleManagerBridge.get.modules.ms,1781864309389000000,1781864369389000000,0
workspaceModel.do.save.caches.ms,1781864309389000000,1781864369389000000,0
workspaceModel.mutableEntityStorage.changeLog.addReplaceEventForRemovedChild.ms,1781864309389000000,1781864369389000000,0
jps.load.project.to.empty.storage.ms,1781864309389000000,1781864369389000000,0
jps.save.global.entities.ms,1781864309389000000,1781864369389000000,0
jps.load.initial.state.ms,1781864309389000000,1781864369389000000,0
workspaceModel.moduleManagerBridge.load.module.ms,1781864309389000000,1781864369389000000,0
jps.facet.change.listener.process.change.events.ms,1781864309389000000,1781864369389000000,0
workspaceModel.mutableEntityStorage.instances.count,1781864309389000000,1781864369389000000,0
jps.global.get.libraries.ms,1781864309389000000,1781864369389000000,0
workspaceModel.moduleBridge.before.changed.ms,1781864309389000000,1781864369389000000,0
cacheStateStorage.get.counter,1781864309389000000,1781864369389000000,0
cacheStateStorage.set.duration,1781864309389000000,1781864369389000000,0
cacheStateStorage.get.duration,1781864309389000000,1781864369389000000,0
cacheStateStorage.set.counter,1781864309389000000,1781864369389000000,0
FileChannelInterruptsRetryer.totalRetriedAttempts,1781864309389000000,1781864369389000000,0
StorageLockContext.competingThreads.avg,1781864309389000000,1781864369389000000,0.0
FilePageCache.pageLoads,1781864309389000000,1781864369389000000,0
FilePageCache.pageFastCacheHits,1781864309389000000,1781864369389000000,0
FilePageCache.disposedBuffers,1781864309389000000,1781864369389000000,0
FilePageCache.pageLoadsAboveSizeThreshold,1781864309389000000,1781864369389000000,0
FilePageCache.uncachedFileAccess,1781864309389000000,1781864369389000000,0
StorageLockContext.competingThreads.90P,1781864309389000000,1781864369389000000,0
FilePageCache.capacityInBytes,1781864309389000000,1781864369389000000,629145600
StreamlinedBlobStorage.totalLiveRecordsPayloadBytes,1781864309389000000,1781864369389000000,0
DirectByteBufferAllocator.hits,1781864309389000000,1781864369389000000,0
FilePageCache.maxCacheSizeInBytes,1781864309389000000,1781864369389000000,629153792
MappedFileStorage.totalPagesMapped,1781864309389000000,1781864369389000000,15
DirectByteBufferAllocator.misses,1781864309389000000,1781864369389000000,0
MappedFileStorage.totalBytesMapped,1781864309389000000,1781864369389000000,198443008
DirectByteBufferAllocator.reclaimed,1781864309389000000,1781864369389000000,0
StorageLockContext.competingThreads.max,1781864309389000000,1781864369389000000,0
MappedFileStorage.totalTimeSpentOnMappingUs,1781864309389000000,1781864369389000000,75419
FilePageCache.pageHits,1781864309389000000,1781864369389000000,0
FilePageCache.maxRegisteredFiles,1781864309389000000,1781864369389000000,1652
MappedFileStorage.storages,1781864309389000000,1781864369389000000,15
StreamlinedBlobStorage.recordsRelocated,1781864309389000000,1781864369389000000,0
FilePageCache.totalPageDisposalsUs,1781864309389000000,1781864369389000000,0
StreamlinedBlobStorage.totalLiveRecordsCapacityBytes,1781864309389000000,1781864369389000000,0
DirectByteBufferAllocator.totalSizeOfBuffersCachedInBytes,1781864309389000000,1781864369389000000,83951616
StreamlinedBlobStorage.recordsDeleted,1781864309389000000,1781864369389000000,0
FilePageCache.totalPageLoadsUs,1781864309389000000,1781864369389000000,0
DirectByteBufferAllocator.totalSizeOfBuffersAllocatedInBytes,1781864309389000000,1781864369389000000,0
DirectByteBufferAllocator.disposed,1781864309389000000,1781864369389000000,0
StreamlinedBlobStorage.recordsAllocated,1781864309389000000,1781864369389000000,0
compiler.ArtifactManagerBridge.getArtifacts.ms,1781864309389000000,1781864369389000000,0
compiler.ArtifactManagerBridge.addArtifact.ms,1781864309389000000,1781864369389000000,0
compiler.ArtifactManagerBridge.dropMappings.ms,1781864309389000000,1781864369389000000,0
compiler.ArtifactManagerBridge.initBridges.ms,1781864309389000000,1781864369389000000,0
compiler.ArtifactVirtualFileListener.propertyChanged.ms,1781864309389000000,1781864369389000000,0
compiler.ArtifactManagerBridge.getArtifactsByType.ms,1781864309389000000,1781864369389000000,0
compiler.ArtifactManagerBridge.findArtifact.ms,1781864309389000000,1781864369389000000,0
compiler.ArtifactManagerBridge.commit.ms,1781864309389000000,1781864369389000000,0
compiler.ArtifactVirtualFileListener.filePathChanged.ms,1781864309389000000,1781864369389000000,0
VFS.rootsCount,1781864369389000000,1781864429389000000,12.0
VFS.folderCaseSensitivityReads,1781864369389000000,1781864429389000000,0
VFS.invertedFileNameIndex.requests,1781864369389000000,1781864429389000000,0
FileNameCache.totalMisses,1781864369389000000,1781864429389000000,0
VFS.contentStorage.recordsStoredSize,1781864369389000000,1781864429389000000,0
VFS.fileChildByName,1781864369389000000,1781864429389000000,0
VFS.contentStorage.recordsReadDecompressed,1781864369389000000,1781864429389000000,0
VFS.contentStorage.recordsReadSize,1781864369389000000,1781864429389000000,0
VFS.contentStorage.recordsRead,1781864369389000000,1781864429389000000,0
VFS.contentStorage.recordsDeduplicated,1781864369389000000,1781864429389000000,0
VFS.cache.segments,1781864369389000000,1781864429389000000,89.0
FileNameCache.queries,1781864369389000000,1781864429389000000,0
VFS.cache.directoriesCreated,1781864369389000000,1781864429389000000,0
VFS.contentStorage.recordsDecompressionTimeUs,1781864369389000000,1781864429389000000,0
VFS.fileByIdCache.hits,1781864369389000000,1781864429389000000,0
VFS.contentStorage.recordsUncompressedSize,1781864369389000000,1781864429389000000,0
VFS.contentStorage.recordsStoredCompressed,1781864369389000000,1781864429389000000,0
VFS.cache.segmentsCreated,1781864369389000000,1781864429389000000,0
VFS.cache.filesCreated,1781864369389000000,1781864429389000000,0
VFS.fileByIdCache.misses,1781864369389000000,1781864429389000000,0
VFS.contentStorage.recordsStored,1781864369389000000,1781864429389000000,0
MEM.ramPlusSwapMinusFileMappingsBytes,1781864369389000000,1781864429389000000,1341480960
JVM.GC.collectionTimesMs,1781864369389000000,1781864429389000000,0
JVM.newThreadsCount,1781864369389000000,1781864429389000000,0
JVM.totalBytesAllocated,1781864369389000000,1781864429389000000,17216096
JVM.usedNativeBytes,1781864369389000000,1781864429389000000,448029400
MEM.ramMinusFileMappingsBytes,1781864369389000000,1781864429389000000,1341480960
JVM.totalCpuTimeMs,1781864369389000000,1781864429389000000,2360
OS.loadAverage,1781864369389000000,1781864429389000000,0.025390625
JVM.totalDirectByteBuffersBytes,1781864369389000000,1781864429389000000,77825
MEM.ramBytes,1781864369389000000,1781864429389000000,2048282624
JVM.committedHeapBytes,1781864369389000000,1781864429389000000,643825664
MEM.fileMappingsRamBytes,1781864369389000000,1781864429389000000,693825536
JVM.totalTimeAtSafepointsMs,1781864369389000000,1781864429389000000,0
JVM.totalTimeToSafepointsMs,1781864369389000000,1781864429389000000,0
JVM.maxHeapBytes,1781864369389000000,1781864429389000000,2147483648
JVM.GC.collections,1781864369389000000,1781864429389000000,0
JVM.maxThreadCount,1781864369389000000,1781864429389000000,144
JVM.threadCount,1781864369389000000,1781864429389000000,59
JVM.usedHeapBytes,1781864369389000000,1781864429389000000,410352392
JVM.totalSafepointCount,1781864369389000000,1781864429389000000,0
Indexing.writer_0.totalTimeSpentWritingMs,1781864369389000000,1781864429389000000,0
Indexes.entries.lookups,1781864369389000000,1781864429389000000,0
Indexing.writer_2.totalTimeSpentWritingMs,1781864369389000000,1781864429389000000,0
Indexes.stubs.lookupDurationMaxMs,1781864369389000000,1781864429389000000,0.0
Indexes.stubs.lookups,1781864369389000000,1781864429389000000,0
Indexes.allKeys.lookupDurationAvgMs,1781864369389000000,1781864429389000000,0.0
Indexes.allKeys.lookupDurationMaxMs,1781864369389000000,1781864429389000000,0.0
Indexes.allKeys.lookupDuration90PMs,1781864369389000000,1781864429389000000,0.0
Indexing.cache.totalCacheMisses,1781864369389000000,1781864429389000000,0
Indexing.totalTimeIndexersSleptMs,1781864369389000000,1781864429389000000,0
Indexing.writer_3.totalTimeSpentWritingMs,1781864369389000000,1781864429389000000,0
Indexing.cache.totalCacheEvicted,1781864369389000000,1781864429389000000,0
Indexes.entries.lookupDurationMaxMs,1781864369389000000,1781864429389000000,0.0
Indexing.writer_1.totalTimeSpentWritingMs,1781864369389000000,1781864429389000000,0
Indexes.stubs.lookupDurationAvgMs,1781864369389000000,1781864429389000000,0.0
Indexes.entries.lookupDuration90PMs,1781864369389000000,1781864429389000000,0.0
Indexes.allKeys.lookups,1781864369389000000,1781864429389000000,0
Indexes.entries.lookupDurationAvgMs,1781864369389000000,1781864429389000000,0.0
Indexes.stubs.lookupDuration90PMs,1781864369389000000,1781864429389000000,0.0
Indexing.writesQueuedMin,1781864369389000000,1781864429389000000,9223372036854775807
Indexing.writesQueuedMax,1781864369389000000,1781864429389000000,0
Indexing.cache.totalCacheAccesses,1781864369389000000,1781864429389000000,0
workspaceModel.workspaceFileIndexData.getDirectoriesByPackageName.ms,1781864369389000000,1781864429389000000,0
workspaceModel.cachedValueWithParameters.from.cache.count,1781864369389000000,1781864429389000000,0
workspaceModel.replace.project.model.ms,1781864369389000000,1781864429389000000,0
workspaceModel.cachedValue.from.cache.count,1781864369389000000,1781864429389000000,0
workspaceModel.updates.ms,1781864369389000000,1781864429389000000,0
workspaceModel.on.changed.ms,1781864369389000000,1781864429389000000,0
workspaceModel.check.recursive.update.ms,1781864369389000000,1781864429389000000,0
workspaceModel.cachedValueWithParameters.clear.count,1781864369389000000,1781864429389000000,0
workspaceModel.workspaceFileIndexData.getPackageName.ms,1781864369389000000,1781864429389000000,0
workspaceModel.loading.total.ms,1781864369389000000,1781864429389000000,0
workspaceModel.workspaceFileIndexData.visitFileSets.ms,1781864369389000000,1781864429389000000,0
workspaceModel.workspaceFileIndexData.getFileInfo.ms,1781864369389000000,1781864429389000000,0
workspaceModel.entityStorageSnapshotImpl.instances.count,1781864369389000000,1781864429389000000,0
workspaceModel.workspaceFileIndexData.markDirty.ms,1781864369389000000,1781864429389000000,0
workspaceModel.cachedValueWithParameters.total.get.count,1781864369389000000,1781864429389000000,0
workspaceModel.workspaceFileIndexData.init.ms,1781864369389000000,1781864429389000000,0
workspaceModel.workspaceFileIndexContributor.registerFileSets.ms,1781864369389000000,1781864429389000000,0
workspaceModel.workspaceFileIndexData.updateDirtyEntities.ms,1781864369389000000,1781864429389000000,0
workspaceModel.cachedValue.calculated.count,1781864369389000000,1781864429389000000,0
workspaceModel.update.unloaded.entities.ms,1781864369389000000,1781864429389000000,0
workspaceModel.cachedValue.clear.count,1781864369389000000,1781864429389000000,0
workspaceModel.to.snapshot.ms,1781864369389000000,1781864429389000000,0
workspaceModel.workspaceFileIndexData.onEntitiesChanged.ms,1781864369389000000,1781864429389000000,0
workspaceModel.init.bridges.ms,1781864369389000000,1781864429389000000,0
workspaceModel.loading.from.cache.ms,1781864369389000000,1781864429389000000,0
workspaceModel.pre.handlers.ms,1781864369389000000,1781864429389000000,0
workspaceModel.cachedValue.total.get.count,1781864369389000000,1781864429389000000,0
workspaceModel.workspaceFileIndexData.processFileSets.ms,1781864369389000000,1781864429389000000,0
workspaceModel.initializing.ms,1781864369389000000,1781864429389000000,0
workspaceModel.updates.count,1781864369389000000,1781864429389000000,0
workspaceModel.collect.changes.ms,1781864369389000000,1781864429389000000,0
workspaceModel.workspaceFileIndexData.instances.count,1781864369389000000,1781864429389000000,0
workspaceModel.full.replace.project.model.ms,1781864369389000000,1781864429389000000,0
workspaceModel.cachedValueWithParameters.calculated.count,1781864369389000000,1781864429389000000,0
workspaceModel.on.before.changed.ms,1781864369389000000,1781864429389000000,0
workspaceModel.updates.precise.ms,1781864369389000000,1781864429389000000,0
FlushQueue.queueSize90P,1781864369389000000,1781864429389000000,0
FlushQueue.queueSizeAvg,1781864369389000000,1781864429389000000,0.0
NonBlockingReadAction.finalizedExecutionsCount,1781864369389000000,1781864429389000000,0
FlushQueue.waitingTime90PNs,1781864369389000000,1781864429389000000,0
FlushQueue.waitingTimeMaxNs,1781864369389000000,1781864429389000000,0
NonBlockingReadAction.finalizedExecutionTimeUs,1781864369389000000,1781864429389000000,0
NonBlockingReadAction.failedExecutionsCount,1781864369389000000,1781864429389000000,0
AWTEventQueue.dispatchTimeAvgNs,1781864369389000000,1781864429389000000,0.0
ReadAction.executionsCount,1781864369389000000,1781864429389000000,7
AWTEventQueue.dispatchTimeMaxNs,1781864369389000000,1781864429389000000,0
FlushQueue.executionTime90PNs,1781864369389000000,1781864429389000000,0
FlushQueue.executionTimeAvgNs,1781864369389000000,1781864429389000000,0.0
AWTEventQueue.dispatchTime90PNs,1781864369389000000,1781864429389000000,0
FlushQueue.executionTimeMaxNs,1781864369389000000,1781864429389000000,0
FlushQueue.tasksExecuted,1781864369389000000,1781864429389000000,0
AWTEventQueue.eventsDispatched,1781864369389000000,1781864429389000000,0
WriteAction.executionsCount,1781864369389000000,1781864429389000000,0
FlushQueue.waitingTimeAvgNs,1781864369389000000,1781864429389000000,0.0
FlushQueue.queueSizeMax,1781864369389000000,1781864429389000000,0
NonBlockingReadAction.failedExecutionTimeUs,1781864369389000000,1781864429389000000,0
AWTEventQueue.dispatchTimeTotalNS,1781864369389000000,1781864429389000000,37301423
DiskQueryRelay.tasksExecuted,1781864369389000000,1781864429389000000,0
LowMemory.gcLoad,1781864369389000000,1781864429389000000,9.864756158140697E-5
writeAction.median.wait.ms,1781864369389000000,1781864429389000000,0
LowMemory.gcOverloaded,1781864369389000000,1781864429389000000,0
writeAction.max.wait.ms,1781864369389000000,1781864429389000000,52
DiskQueryRelay.taskExecutionTotalTimeUs,1781864369389000000,1781864429389000000,0
writeAction.count,1781864369389000000,1781864429389000000,0
writeAction.wait.ms,1781864369389000000,1781864429389000000,0
DiskQueryRelay.taskWaitingTotalTimeUs,1781864369389000000,1781864429389000000,0
DiskQueryRelay.tasksRequested,1781864369389000000,1781864429389000000,0
workspaceModel.mutableEntityStorage.collect.changes.ms,1781864369389000000,1781864429389000000,0
jps.module.iml.entities.serializer.save.entities.ms,1781864369389000000,1781864429389000000,0
workspaceModel.mutableEntityStorage.changeLog.addReplaceEventForNewParent.ms,1781864369389000000,1781864429389000000,0
jps.storage.jps.conf.reader.load.component.ms,1781864369389000000,1781864429389000000,0
jps.library.entities.serializer.load.entities.ms,1781864369389000000,1781864429389000000,0
workspaceModel.global.updates.ms,1781864369389000000,1781864429389000000,0
workspaceModel.mutableEntityStorage.resolve.ms,1781864369389000000,1781864429389000000,0
workspaceModel.moduleBridge.facet.initialization.ms,1781864369389000000,1781864429389000000,0
workspaceModel.mutableEntityStorage.add.entity.ms,1781864369389000000,1781864429389000000,0
workspaceModel.mutableEntityStorage.referrers.ms,1781864369389000000,1781864429389000000,0
jps.app.storage.content.writer.save.component.ms,1781864369389000000,1781864429389000000,0
workspaceModel.mutableEntityStorage.remove.entity.ms,1781864369389000000,1781864429389000000,0
workspaceModel.global.apply.state.to.project.builder.ms,1781864369389000000,1781864429389000000,0
jps.facet.change.listener.before.change.events.ms,1781864369389000000,1781864429389000000,0
workspaceModel.moduleManagerBridge.set.unloadedModules.ms,1781864369389000000,1781864429389000000,0
workspaceModel.mutableEntityStorage.has.same.entities.ms,1781864369389000000,1781864429389000000,0
jps.global.initialize.library.bridges.after.loading.ms,1781864369389000000,1781864429389000000,0
workspaceModel.mutableEntityStorage.apply.changes.from.ms,1781864369389000000,1781864429389000000,0
workspaceModel.moduleManagerBridge.build.module.graph.ms,1781864369389000000,1781864429389000000,0
workspaceModel.mutableEntityStorage.entities.ms,1781864369389000000,1781864429389000000,0
jps.global.initialize.library.bridges.ms,1781864369389000000,1781864429389000000,0
workspaceModel.delayed.project.synchronizer.sync.ms,1781864369389000000,1781864429389000000,0
workspaceModel.mutableEntityStorage.mutable.ext.mapping.ms,1781864369389000000,1781864429389000000,0
workspaceModel.load.cache.metadata.from.file.ms,1781864369389000000,1781864429389000000,0
jps.apply.loaded.storage.ms,1781864369389000000,1781864429389000000,0
jps.reload.project.entities.ms,1781864369389000000,1781864429389000000,0
jps.global.handle.before.change.events.ms,1781864369389000000,1781864429389000000,0
workspaceModel.mutableEntityStorage.to.snapshot.ms,1781864369389000000,1781864429389000000,0
jps.module.iml.entities.serializer.load.entities.ms,1781864369389000000,1781864429389000000,0
workspaceModel.moduleManagerBridge.load.all.modules.ms,1781864369389000000,1781864429389000000,0
workspaceModel.sync.entities.ms,1781864369389000000,1781864429389000000,0
workspaceModel.moduleManagerBridge.new.nonPersistent.module.ms,1781864369389000000,1781864429389000000,0
jps.artifact.entities.serializer.load.entities.ms,1781864369389000000,1781864429389000000,0
workspaceModel.load.cache.from.file.ms,1781864369389000000,1781864429389000000,0
workspaceModel.moduleBridge.update.option.ms,1781864369389000000,1781864429389000000,0
workspaceModel.global.updates.count,1781864369389000000,1781864429389000000,0
workspaceModel.mutableEntityStorage.hasReferrers.ms,1781864369389000000,1781864429389000000,0
workspaceModel.moduleManagerBridge.newModule.ms,1781864369389000000,1781864429389000000,0
workspaceModel.moduleBridgeLoader.loading.modules.ms,1781864369389000000,1781864429389000000,0
workspaceModel.global.apply.state.to.project.ms,1781864369389000000,1781864429389000000,0
workspaceModel.mutableEntityStorage.put.entity.ms,1781864369389000000,1781864429389000000,0
jps.module.dependency.index.workspace.model.listener.on.changed.ms,1781864369389000000,1781864429389000000,0
jps.save.changed.project.entities.ms,1781864369389000000,1781864429389000000,0
jps.project.serializers.save.ms,1781864369389000000,1781864429389000000,0
jps.facet.change.listener.init.bridge.ms,1781864369389000000,1781864429389000000,0
jps.global.get.library.by.name.ms,1781864369389000000,1781864429389000000,0
jps.artifact.entities.serializer.save.entities.ms,1781864369389000000,1781864429389000000,0
jps.project.serializers.load.ms,1781864369389000000,1781864429389000000,0
jps.library.entities.serializer.save.entities.ms,1781864369389000000,1781864429389000000,0
jps.global.handle.changed.events.ms,1781864369389000000,1781864429389000000,0
workspaceModel.orphan.listener.update.ms,1781864369389000000,1781864429389000000,0
workspaceModel.mutableEntityStorage.changeLog.addReplaceEventForNewChild.ms,1781864369389000000,1781864429389000000,0
workspaceModel.mutableEntityStorage.mutable.vfurl.index.ms,1781864369389000000,1781864429389000000,0
workspaceModel.moduleManagerBridge.create.module.instance.ms,1781864369389000000,1781864429389000000,0
jps.global.get.library.ms,1781864369389000000,1781864429389000000,0
workspaceModel.mutableEntityStorage.changeLog.addReplaceEventForRemovedParent.ms,1781864369389000000,1781864429389000000,0
workspaceModel.save.cache.to.file.ms,1781864369389000000,1781864429389000000,0
workspaceModel.mutableEntityStorage.modify.entity.ms,1781864369389000000,1781864429389000000,0
workspaceModel.mutableEntityStorage.replace.by.source.ms,1781864369389000000,1781864429389000000,0
jps.app.storage.content.reader.load.component.ms,1781864369389000000,1781864429389000000,0
workspaceModel.mutableEntityStorage.entities.by.source.ms,1781864369389000000,1781864429389000000,0
workspaceModel.moduleManagerBridge.get.modules.ms,1781864369389000000,1781864429389000000,0
workspaceModel.do.save.caches.ms,1781864369389000000,1781864429389000000,0
workspaceModel.mutableEntityStorage.changeLog.addReplaceEventForRemovedChild.ms,1781864369389000000,1781864429389000000,0
jps.load.project.to.empty.storage.ms,1781864369389000000,1781864429389000000,0
jps.save.global.entities.ms,1781864369389000000,1781864429389000000,0
jps.load.initial.state.ms,1781864369389000000,1781864429389000000,0
workspaceModel.moduleManagerBridge.load.module.ms,1781864369389000000,1781864429389000000,0
jps.facet.change.listener.process.change.events.ms,1781864369389000000,1781864429389000000,0
workspaceModel.mutableEntityStorage.instances.count,1781864369389000000,1781864429389000000,0
jps.global.get.libraries.ms,1781864369389000000,1781864429389000000,0
workspaceModel.moduleBridge.before.changed.ms,1781864369389000000,1781864429389000000,0
cacheStateStorage.get.counter,1781864369389000000,1781864429389000000,0
cacheStateStorage.set.duration,1781864369389000000,1781864429389000000,0
cacheStateStorage.get.duration,1781864369389000000,1781864429389000000,0
cacheStateStorage.set.counter,1781864369389000000,1781864429389000000,0
FileChannelInterruptsRetryer.totalRetriedAttempts,1781864369389000000,1781864429389000000,0
StorageLockContext.competingThreads.avg,1781864369389000000,1781864429389000000,0.0
FilePageCache.pageLoads,1781864369389000000,1781864429389000000,0
FilePageCache.pageFastCacheHits,1781864369389000000,1781864429389000000,0
FilePageCache.disposedBuffers,1781864369389000000,1781864429389000000,0
FilePageCache.pageLoadsAboveSizeThreshold,1781864369389000000,1781864429389000000,0
FilePageCache.uncachedFileAccess,1781864369389000000,1781864429389000000,0
StorageLockContext.competingThreads.90P,1781864369389000000,1781864429389000000,0
FilePageCache.capacityInBytes,1781864369389000000,1781864429389000000,629145600
StreamlinedBlobStorage.totalLiveRecordsPayloadBytes,1781864369389000000,1781864429389000000,0
DirectByteBufferAllocator.hits,1781864369389000000,1781864429389000000,0
FilePageCache.maxCacheSizeInBytes,1781864369389000000,1781864429389000000,629153792
MappedFileStorage.totalPagesMapped,1781864369389000000,1781864429389000000,15
DirectByteBufferAllocator.misses,1781864369389000000,1781864429389000000,0
MappedFileStorage.totalBytesMapped,1781864369389000000,1781864429389000000,198443008
DirectByteBufferAllocator.reclaimed,1781864369389000000,1781864429389000000,0
StorageLockContext.competingThreads.max,1781864369389000000,1781864429389000000,0
MappedFileStorage.totalTimeSpentOnMappingUs,1781864369389000000,1781864429389000000,75419
FilePageCache.pageHits,1781864369389000000,1781864429389000000,0
FilePageCache.maxRegisteredFiles,1781864369389000000,1781864429389000000,1652
MappedFileStorage.storages,1781864369389000000,1781864429389000000,15
StreamlinedBlobStorage.recordsRelocated,1781864369389000000,1781864429389000000,0
FilePageCache.totalPageDisposalsUs,1781864369389000000,1781864429389000000,0
StreamlinedBlobStorage.totalLiveRecordsCapacityBytes,1781864369389000000,1781864429389000000,0
DirectByteBufferAllocator.totalSizeOfBuffersCachedInBytes,1781864369389000000,1781864429389000000,83951616
StreamlinedBlobStorage.recordsDeleted,1781864369389000000,1781864429389000000,0
FilePageCache.totalPageLoadsUs,1781864369389000000,1781864429389000000,0
DirectByteBufferAllocator.totalSizeOfBuffersAllocatedInBytes,1781864369389000000,1781864429389000000,0
DirectByteBufferAllocator.disposed,1781864369389000000,1781864429389000000,0
StreamlinedBlobStorage.recordsAllocated,1781864369389000000,1781864429389000000,0
compiler.ArtifactManagerBridge.getArtifacts.ms,1781864369389000000,1781864429389000000,0
compiler.ArtifactManagerBridge.addArtifact.ms,1781864369389000000,1781864429389000000,0
compiler.ArtifactManagerBridge.dropMappings.ms,1781864369389000000,1781864429389000000,0
compiler.ArtifactManagerBridge.initBridges.ms,1781864369389000000,1781864429389000000,0
compiler.ArtifactVirtualFileListener.propertyChanged.ms,1781864369389000000,1781864429389000000,0
compiler.ArtifactManagerBridge.getArtifactsByType.ms,1781864369389000000,1781864429389000000,0
compiler.ArtifactManagerBridge.findArtifact.ms,1781864369389000000,1781864429389000000,0
compiler.ArtifactManagerBridge.commit.ms,1781864369389000000,1781864429389000000,0
compiler.ArtifactVirtualFileListener.filePathChanged.ms,1781864369389000000,1781864429389000000,0
VFS.rootsCount,1781864429389000000,1781864489389000000,12.0
VFS.folderCaseSensitivityReads,1781864429389000000,1781864489389000000,0
VFS.invertedFileNameIndex.requests,1781864429389000000,1781864489389000000,0
FileNameCache.totalMisses,1781864429389000000,1781864489389000000,0
VFS.contentStorage.recordsStoredSize,1781864429389000000,1781864489389000000,0
VFS.fileChildByName,1781864429389000000,1781864489389000000,29
VFS.contentStorage.recordsReadDecompressed,1781864429389000000,1781864489389000000,0
VFS.contentStorage.recordsReadSize,1781864429389000000,1781864489389000000,0
VFS.contentStorage.recordsRead,1781864429389000000,1781864489389000000,0
VFS.contentStorage.recordsDeduplicated,1781864429389000000,1781864489389000000,0
VFS.cache.segments,1781864429389000000,1781864489389000000,89.0
FileNameCache.queries,1781864429389000000,1781864489389000000,128
VFS.cache.directoriesCreated,1781864429389000000,1781864489389000000,0
VFS.contentStorage.recordsDecompressionTimeUs,1781864429389000000,1781864489389000000,0
VFS.fileByIdCache.hits,1781864429389000000,1781864489389000000,0
VFS.contentStorage.recordsUncompressedSize,1781864429389000000,1781864489389000000,0
VFS.contentStorage.recordsStoredCompressed,1781864429389000000,1781864489389000000,0
VFS.cache.segmentsCreated,1781864429389000000,1781864489389000000,0
VFS.cache.filesCreated,1781864429389000000,1781864489389000000,9
VFS.fileByIdCache.misses,1781864429389000000,1781864489389000000,0
VFS.contentStorage.recordsStored,1781864429389000000,1781864489389000000,0
MEM.ramPlusSwapMinusFileMappingsBytes,1781864429389000000,1781864489389000000,1345019904
JVM.GC.collectionTimesMs,1781864429389000000,1781864489389000000,0
JVM.newThreadsCount,1781864429389000000,1781864489389000000,15
JVM.totalBytesAllocated,1781864429389000000,1781864489389000000,59558168
JVM.usedNativeBytes,1781864429389000000,1781864489389000000,451980872
MEM.ramMinusFileMappingsBytes,1781864429389000000,1781864489389000000,1345019904
JVM.totalCpuTimeMs,1781864429389000000,1781864489389000000,6170
OS.loadAverage,1781864429389000000,1781864489389000000,0.00732421875
JVM.totalDirectByteBuffersBytes,1781864429389000000,1781864489389000000,77825
MEM.ramBytes,1781864429389000000,1781864489389000000,2053918720
JVM.committedHeapBytes,1781864429389000000,1781864489389000000,643825664
MEM.fileMappingsRamBytes,1781864429389000000,1781864489389000000,695922688
JVM.totalTimeAtSafepointsMs,1781864429389000000,1781864489389000000,0
JVM.totalTimeToSafepointsMs,1781864429389000000,1781864489389000000,0
JVM.maxHeapBytes,1781864429389000000,1781864489389000000,2147483648
JVM.GC.collections,1781864429389000000,1781864489389000000,0
JVM.maxThreadCount,1781864429389000000,1781864489389000000,144
JVM.threadCount,1781864429389000000,1781864489389000000,74
JVM.usedHeapBytes,1781864429389000000,1781864489389000000,471169800
JVM.totalSafepointCount,1781864429389000000,1781864489389000000,0
Indexing.writer_0.totalTimeSpentWritingMs,1781864429389000000,1781864489389000000,0
Indexes.entries.lookups,1781864429389000000,1781864489389000000,0
Indexing.writer_2.totalTimeSpentWritingMs,1781864429389000000,1781864489389000000,0
Indexes.stubs.lookupDurationMaxMs,1781864429389000000,1781864489389000000,0.0
Indexes.stubs.lookups,1781864429389000000,1781864489389000000,0
Indexes.allKeys.lookupDurationAvgMs,1781864429389000000,1781864489389000000,0.0
Indexes.allKeys.lookupDurationMaxMs,1781864429389000000,1781864489389000000,0.0
Indexes.allKeys.lookupDuration90PMs,1781864429389000000,1781864489389000000,0.0
Indexing.cache.totalCacheMisses,1781864429389000000,1781864489389000000,0
Indexing.totalTimeIndexersSleptMs,1781864429389000000,1781864489389000000,0
Indexing.writer_3.totalTimeSpentWritingMs,1781864429389000000,1781864489389000000,0
Indexing.cache.totalCacheEvicted,1781864429389000000,1781864489389000000,0
Indexes.entries.lookupDurationMaxMs,1781864429389000000,1781864489389000000,0.0
Indexing.writer_1.totalTimeSpentWritingMs,1781864429389000000,1781864489389000000,0
Indexes.stubs.lookupDurationAvgMs,1781864429389000000,1781864489389000000,0.0
Indexes.entries.lookupDuration90PMs,1781864429389000000,1781864489389000000,0.0
Indexes.allKeys.lookups,1781864429389000000,1781864489389000000,0
Indexes.entries.lookupDurationAvgMs,1781864429389000000,1781864489389000000,0.0
Indexes.stubs.lookupDuration90PMs,1781864429389000000,1781864489389000000,0.0
Indexing.writesQueuedMin,1781864429389000000,1781864489389000000,9223372036854775807
Indexing.writesQueuedMax,1781864429389000000,1781864489389000000,0
Indexing.cache.totalCacheAccesses,1781864429389000000,1781864489389000000,0
workspaceModel.workspaceFileIndexData.getDirectoriesByPackageName.ms,1781864429389000000,1781864489389000000,0
workspaceModel.cachedValueWithParameters.from.cache.count,1781864429389000000,1781864489389000000,0
workspaceModel.replace.project.model.ms,1781864429389000000,1781864489389000000,0
workspaceModel.cachedValue.from.cache.count,1781864429389000000,1781864489389000000,1
workspaceModel.updates.ms,1781864429389000000,1781864489389000000,0
workspaceModel.on.changed.ms,1781864429389000000,1781864489389000000,0
workspaceModel.check.recursive.update.ms,1781864429389000000,1781864489389000000,0
workspaceModel.cachedValueWithParameters.clear.count,1781864429389000000,1781864489389000000,0
workspaceModel.workspaceFileIndexData.getPackageName.ms,1781864429389000000,1781864489389000000,0
workspaceModel.loading.total.ms,1781864429389000000,1781864489389000000,0
workspaceModel.workspaceFileIndexData.visitFileSets.ms,1781864429389000000,1781864489389000000,0
workspaceModel.workspaceFileIndexData.getFileInfo.ms,1781864429389000000,1781864489389000000,1
workspaceModel.entityStorageSnapshotImpl.instances.count,1781864429389000000,1781864489389000000,0
workspaceModel.workspaceFileIndexData.markDirty.ms,1781864429389000000,1781864489389000000,0
workspaceModel.cachedValueWithParameters.total.get.count,1781864429389000000,1781864489389000000,0
workspaceModel.workspaceFileIndexData.init.ms,1781864429389000000,1781864489389000000,0
workspaceModel.workspaceFileIndexContributor.registerFileSets.ms,1781864429389000000,1781864489389000000,0
workspaceModel.workspaceFileIndexData.updateDirtyEntities.ms,1781864429389000000,1781864489389000000,0
workspaceModel.cachedValue.calculated.count,1781864429389000000,1781864489389000000,0
workspaceModel.update.unloaded.entities.ms,1781864429389000000,1781864489389000000,0
workspaceModel.cachedValue.clear.count,1781864429389000000,1781864489389000000,0
workspaceModel.to.snapshot.ms,1781864429389000000,1781864489389000000,0
workspaceModel.workspaceFileIndexData.onEntitiesChanged.ms,1781864429389000000,1781864489389000000,0
workspaceModel.init.bridges.ms,1781864429389000000,1781864489389000000,0
workspaceModel.loading.from.cache.ms,1781864429389000000,1781864489389000000,0
workspaceModel.pre.handlers.ms,1781864429389000000,1781864489389000000,0
workspaceModel.cachedValue.total.get.count,1781864429389000000,1781864489389000000,1
workspaceModel.workspaceFileIndexData.processFileSets.ms,1781864429389000000,1781864489389000000,0
workspaceModel.initializing.ms,1781864429389000000,1781864489389000000,0
workspaceModel.updates.count,1781864429389000000,1781864489389000000,0
workspaceModel.collect.changes.ms,1781864429389000000,1781864489389000000,0
workspaceModel.workspaceFileIndexData.instances.count,1781864429389000000,1781864489389000000,0
workspaceModel.full.replace.project.model.ms,1781864429389000000,1781864489389000000,0
workspaceModel.cachedValueWithParameters.calculated.count,1781864429389000000,1781864489389000000,0
workspaceModel.on.before.changed.ms,1781864429389000000,1781864489389000000,0
workspaceModel.updates.precise.ms,1781864429389000000,1781864489389000000,0
FlushQueue.queueSize90P,1781864429389000000,1781864489389000000,0
FlushQueue.queueSizeAvg,1781864429389000000,1781864489389000000,0.0
NonBlockingReadAction.finalizedExecutionsCount,1781864429389000000,1781864489389000000,4
FlushQueue.waitingTime90PNs,1781864429389000000,1781864489389000000,0
FlushQueue.waitingTimeMaxNs,1781864429389000000,1781864489389000000,0
NonBlockingReadAction.finalizedExecutionTimeUs,1781864429389000000,1781864489389000000,256
NonBlockingReadAction.failedExecutionsCount,1781864429389000000,1781864489389000000,0
AWTEventQueue.dispatchTimeAvgNs,1781864429389000000,1781864489389000000,0.0
ReadAction.executionsCount,1781864429389000000,1781864489389000000,683
AWTEventQueue.dispatchTimeMaxNs,1781864429389000000,1781864489389000000,0
FlushQueue.executionTime90PNs,1781864429389000000,1781864489389000000,0
FlushQueue.executionTimeAvgNs,1781864429389000000,1781864489389000000,0.0
AWTEventQueue.dispatchTime90PNs,1781864429389000000,1781864489389000000,0
FlushQueue.executionTimeMaxNs,1781864429389000000,1781864489389000000,0
FlushQueue.tasksExecuted,1781864429389000000,1781864489389000000,0
AWTEventQueue.eventsDispatched,1781864429389000000,1781864489389000000,0
WriteAction.executionsCount,1781864429389000000,1781864489389000000,1
FlushQueue.waitingTimeAvgNs,1781864429389000000,1781864489389000000,0.0
FlushQueue.queueSizeMax,1781864429389000000,1781864489389000000,0
NonBlockingReadAction.failedExecutionTimeUs,1781864429389000000,1781864489389000000,0
AWTEventQueue.dispatchTimeTotalNS,1781864429389000000,1781864489389000000,1139975475
DiskQueryRelay.tasksExecuted,1781864429389000000,1781864489389000000,8
LowMemory.gcLoad,1781864429389000000,1781864489389000000,5.064565864995773E-5
writeAction.median.wait.ms,1781864429389000000,1781864489389000000,0
LowMemory.gcOverloaded,1781864429389000000,1781864489389000000,0
writeAction.max.wait.ms,1781864429389000000,1781864489389000000,52
DiskQueryRelay.taskExecutionTotalTimeUs,1781864429389000000,1781864489389000000,4101
writeAction.count,1781864429389000000,1781864489389000000,1
writeAction.wait.ms,1781864429389000000,1781864489389000000,0
DiskQueryRelay.taskWaitingTotalTimeUs,1781864429389000000,1781864489389000000,4142
DiskQueryRelay.tasksRequested,1781864429389000000,1781864489389000000,8
workspaceModel.mutableEntityStorage.collect.changes.ms,1781864429389000000,1781864489389000000,0
jps.module.iml.entities.serializer.save.entities.ms,1781864429389000000,1781864489389000000,0
workspaceModel.mutableEntityStorage.changeLog.addReplaceEventForNewParent.ms,1781864429389000000,1781864489389000000,0
jps.storage.jps.conf.reader.load.component.ms,1781864429389000000,1781864489389000000,0
jps.library.entities.serializer.load.entities.ms,1781864429389000000,1781864489389000000,0
workspaceModel.global.updates.ms,1781864429389000000,1781864489389000000,0
workspaceModel.mutableEntityStorage.resolve.ms,1781864429389000000,1781864489389000000,0
workspaceModel.moduleBridge.facet.initialization.ms,1781864429389000000,1781864489389000000,0
workspaceModel.mutableEntityStorage.add.entity.ms,1781864429389000000,1781864489389000000,0
workspaceModel.mutableEntityStorage.referrers.ms,1781864429389000000,1781864489389000000,0
jps.app.storage.content.writer.save.component.ms,1781864429389000000,1781864489389000000,2
workspaceModel.mutableEntityStorage.remove.entity.ms,1781864429389000000,1781864489389000000,0
workspaceModel.global.apply.state.to.project.builder.ms,1781864429389000000,1781864489389000000,0
jps.facet.change.listener.before.change.events.ms,1781864429389000000,1781864489389000000,0
workspaceModel.moduleManagerBridge.set.unloadedModules.ms,1781864429389000000,1781864489389000000,0
workspaceModel.mutableEntityStorage.has.same.entities.ms,1781864429389000000,1781864489389000000,0
jps.global.initialize.library.bridges.after.loading.ms,1781864429389000000,1781864489389000000,0
workspaceModel.mutableEntityStorage.apply.changes.from.ms,1781864429389000000,1781864489389000000,0
workspaceModel.moduleManagerBridge.build.module.graph.ms,1781864429389000000,1781864489389000000,0
workspaceModel.mutableEntityStorage.entities.ms,1781864429389000000,1781864489389000000,0
jps.global.initialize.library.bridges.ms,1781864429389000000,1781864489389000000,0
workspaceModel.delayed.project.synchronizer.sync.ms,1781864429389000000,1781864489389000000,0
workspaceModel.mutableEntityStorage.mutable.ext.mapping.ms,1781864429389000000,1781864489389000000,0
workspaceModel.load.cache.metadata.from.file.ms,1781864429389000000,1781864489389000000,0
jps.apply.loaded.storage.ms,1781864429389000000,1781864489389000000,0
jps.reload.project.entities.ms,1781864429389000000,1781864489389000000,0
jps.global.handle.before.change.events.ms,1781864429389000000,1781864489389000000,0
workspaceModel.mutableEntityStorage.to.snapshot.ms,1781864429389000000,1781864489389000000,0
jps.module.iml.entities.serializer.load.entities.ms,1781864429389000000,1781864489389000000,0
workspaceModel.moduleManagerBridge.load.all.modules.ms,1781864429389000000,1781864489389000000,0
workspaceModel.sync.entities.ms,1781864429389000000,1781864489389000000,0
workspaceModel.moduleManagerBridge.new.nonPersistent.module.ms,1781864429389000000,1781864489389000000,0
jps.artifact.entities.serializer.load.entities.ms,1781864429389000000,1781864489389000000,0
workspaceModel.load.cache.from.file.ms,1781864429389000000,1781864489389000000,0
workspaceModel.moduleBridge.update.option.ms,1781864429389000000,1781864489389000000,0
workspaceModel.global.updates.count,1781864429389000000,1781864489389000000,0
workspaceModel.mutableEntityStorage.hasReferrers.ms,1781864429389000000,1781864489389000000,0
workspaceModel.moduleManagerBridge.newModule.ms,1781864429389000000,1781864489389000000,0
workspaceModel.moduleBridgeLoader.loading.modules.ms,1781864429389000000,1781864489389000000,0
workspaceModel.global.apply.state.to.project.ms,1781864429389000000,1781864489389000000,0
workspaceModel.mutableEntityStorage.put.entity.ms,1781864429389000000,1781864489389000000,0
jps.module.dependency.index.workspace.model.listener.on.changed.ms,1781864429389000000,1781864489389000000,0
jps.save.changed.project.entities.ms,1781864429389000000,1781864489389000000,0
jps.project.serializers.save.ms,1781864429389000000,1781864489389000000,0
jps.facet.change.listener.init.bridge.ms,1781864429389000000,1781864489389000000,0
jps.global.get.library.by.name.ms,1781864429389000000,1781864489389000000,0
jps.artifact.entities.serializer.save.entities.ms,1781864429389000000,1781864489389000000,0
jps.project.serializers.load.ms,1781864429389000000,1781864489389000000,0
jps.library.entities.serializer.save.entities.ms,1781864429389000000,1781864489389000000,0
jps.global.handle.changed.events.ms,1781864429389000000,1781864489389000000,0
workspaceModel.orphan.listener.update.ms,1781864429389000000,1781864489389000000,0
workspaceModel.mutableEntityStorage.changeLog.addReplaceEventForNewChild.ms,1781864429389000000,1781864489389000000,0
workspaceModel.mutableEntityStorage.mutable.vfurl.index.ms,1781864429389000000,1781864489389000000,0
workspaceModel.moduleManagerBridge.create.module.instance.ms,1781864429389000000,1781864489389000000,0
jps.global.get.library.ms,1781864429389000000,1781864489389000000,0
workspaceModel.mutableEntityStorage.changeLog.addReplaceEventForRemovedParent.ms,1781864429389000000,1781864489389000000,0
workspaceModel.save.cache.to.file.ms,1781864429389000000,1781864489389000000,0
workspaceModel.mutableEntityStorage.modify.entity.ms,1781864429389000000,1781864489389000000,0
workspaceModel.mutableEntityStorage.replace.by.source.ms,1781864429389000000,1781864489389000000,0
jps.app.storage.content.reader.load.component.ms,1781864429389000000,1781864489389000000,0
workspaceModel.mutableEntityStorage.entities.by.source.ms,1781864429389000000,1781864489389000000,0
workspaceModel.moduleManagerBridge.get.modules.ms,1781864429389000000,1781864489389000000,0
workspaceModel.do.save.caches.ms,1781864429389000000,1781864489389000000,0
workspaceModel.mutableEntityStorage.changeLog.addReplaceEventForRemovedChild.ms,1781864429389000000,1781864489389000000,0
jps.load.project.to.empty.storage.ms,1781864429389000000,1781864489389000000,0
jps.save.global.entities.ms,1781864429389000000,1781864489389000000,3
jps.load.initial.state.ms,1781864429389000000,1781864489389000000,0
workspaceModel.moduleManagerBridge.load.module.ms,1781864429389000000,1781864489389000000,0
jps.facet.change.listener.process.change.events.ms,1781864429389000000,1781864489389000000,0
workspaceModel.mutableEntityStorage.instances.count,1781864429389000000,1781864489389000000,0
jps.global.get.libraries.ms,1781864429389000000,1781864489389000000,0
workspaceModel.moduleBridge.before.changed.ms,1781864429389000000,1781864489389000000,0
cacheStateStorage.get.counter,1781864429389000000,1781864489389000000,0
cacheStateStorage.set.duration,1781864429389000000,1781864489389000000,7
cacheStateStorage.get.duration,1781864429389000000,1781864489389000000,0
cacheStateStorage.set.counter,1781864429389000000,1781864489389000000,10
FileChannelInterruptsRetryer.totalRetriedAttempts,1781864429389000000,1781864489389000000,0
StorageLockContext.competingThreads.avg,1781864429389000000,1781864489389000000,0.0
FilePageCache.pageLoads,1781864429389000000,1781864489389000000,0
FilePageCache.pageFastCacheHits,1781864429389000000,1781864489389000000,0
FilePageCache.disposedBuffers,1781864429389000000,1781864489389000000,0
FilePageCache.pageLoadsAboveSizeThreshold,1781864429389000000,1781864489389000000,0
FilePageCache.uncachedFileAccess,1781864429389000000,1781864489389000000,0
StorageLockContext.competingThreads.90P,1781864429389000000,1781864489389000000,0
FilePageCache.capacityInBytes,1781864429389000000,1781864489389000000,629145600
StreamlinedBlobStorage.totalLiveRecordsPayloadBytes,1781864429389000000,1781864489389000000,0
DirectByteBufferAllocator.hits,1781864429389000000,1781864489389000000,0
FilePageCache.maxCacheSizeInBytes,1781864429389000000,1781864489389000000,629153792
MappedFileStorage.totalPagesMapped,1781864429389000000,1781864489389000000,15
DirectByteBufferAllocator.misses,1781864429389000000,1781864489389000000,0
MappedFileStorage.totalBytesMapped,1781864429389000000,1781864489389000000,198443008
DirectByteBufferAllocator.reclaimed,1781864429389000000,1781864489389000000,0
StorageLockContext.competingThreads.max,1781864429389000000,1781864489389000000,0
MappedFileStorage.totalTimeSpentOnMappingUs,1781864429389000000,1781864489389000000,75419
FilePageCache.pageHits,1781864429389000000,1781864489389000000,0
FilePageCache.maxRegisteredFiles,1781864429389000000,1781864489389000000,1652
MappedFileStorage.storages,1781864429389000000,1781864489389000000,15
StreamlinedBlobStorage.recordsRelocated,1781864429389000000,1781864489389000000,0
FilePageCache.totalPageDisposalsUs,1781864429389000000,1781864489389000000,0
StreamlinedBlobStorage.totalLiveRecordsCapacityBytes,1781864429389000000,1781864489389000000,0
DirectByteBufferAllocator.totalSizeOfBuffersCachedInBytes,1781864429389000000,1781864489389000000,83951616
StreamlinedBlobStorage.recordsDeleted,1781864429389000000,1781864489389000000,0
FilePageCache.totalPageLoadsUs,1781864429389000000,1781864489389000000,0
DirectByteBufferAllocator.totalSizeOfBuffersAllocatedInBytes,1781864429389000000,1781864489389000000,0
DirectByteBufferAllocator.disposed,1781864429389000000,1781864489389000000,0
StreamlinedBlobStorage.recordsAllocated,1781864429389000000,1781864489389000000,0
compiler.ArtifactManagerBridge.getArtifacts.ms,1781864429389000000,1781864489389000000,0
compiler.ArtifactManagerBridge.addArtifact.ms,1781864429389000000,1781864489389000000,0
compiler.ArtifactManagerBridge.dropMappings.ms,1781864429389000000,1781864489389000000,0
compiler.ArtifactManagerBridge.initBridges.ms,1781864429389000000,1781864489389000000,0
compiler.ArtifactVirtualFileListener.propertyChanged.ms,1781864429389000000,1781864489389000000,0
compiler.ArtifactManagerBridge.getArtifactsByType.ms,1781864429389000000,1781864489389000000,0
compiler.ArtifactManagerBridge.findArtifact.ms,1781864429389000000,1781864489389000000,0
compiler.ArtifactManagerBridge.commit.ms,1781864429389000000,1781864489389000000,0
compiler.ArtifactVirtualFileListener.filePathChanged.ms,1781864429389000000,1781864489389000000,0
VFS.rootsCount,1781864489389000000,1781864549389000000,3.0
VFS.folderCaseSensitivityReads,1781864489389000000,1781864549389000000,0
VFS.invertedFileNameIndex.requests,1781864489389000000,1781864549389000000,4
FileNameCache.totalMisses,1781864489389000000,1781864549389000000,192
VFS.contentStorage.recordsStoredSize,1781864489389000000,1781864549389000000,0
VFS.fileChildByName,1781864489389000000,1781864549389000000,641
VFS.contentStorage.recordsReadDecompressed,1781864489389000000,1781864549389000000,2
VFS.contentStorage.recordsReadSize,1781864489389000000,1781864549389000000,175502
VFS.contentStorage.recordsRead,1781864489389000000,1781864549389000000,187
VFS.contentStorage.recordsDeduplicated,1781864489389000000,1781864549389000000,0
VFS.cache.segments,1781864489389000000,1781864549389000000,89.0
FileNameCache.queries,1781864489389000000,1781864549389000000,20864
VFS.cache.directoriesCreated,1781864489389000000,1781864549389000000,1
VFS.contentStorage.recordsDecompressionTimeUs,1781864489389000000,1781864549389000000,99
VFS.fileByIdCache.hits,1781864489389000000,1781864549389000000,0
VFS.contentStorage.recordsUncompressedSize,1781864489389000000,1781864549389000000,0
VFS.contentStorage.recordsStoredCompressed,1781864489389000000,1781864549389000000,0
VFS.cache.segmentsCreated,1781864489389000000,1781864549389000000,0
VFS.cache.filesCreated,1781864489389000000,1781864549389000000,8656
VFS.fileByIdCache.misses,1781864489389000000,1781864549389000000,100
VFS.contentStorage.recordsStored,1781864489389000000,1781864549389000000,0
MEM.ramPlusSwapMinusFileMappingsBytes,1781864489389000000,1781864549389000000,1480687616
JVM.GC.collectionTimesMs,1781864489389000000,1781864549389000000,384
JVM.newThreadsCount,1781864489389000000,1781864549389000000,17
JVM.totalBytesAllocated,1781864489389000000,1781864549389000000,159150952
JVM.usedNativeBytes,1781864489389000000,1781864549389000000,439431480
MEM.ramMinusFileMappingsBytes,1781864489389000000,1781864549389000000,1480687616
JVM.totalCpuTimeMs,1781864489389000000,1781864549389000000,18310
OS.loadAverage,1781864489389000000,1781864549389000000,1.30029296875
JVM.totalDirectByteBuffersBytes,1781864489389000000,1781864549389000000,154243073
MEM.ramBytes,1781864489389000000,1781864549389000000,1733718016
JVM.committedHeapBytes,1781864489389000000,1781864549389000000,636485632
MEM.fileMappingsRamBytes,1781864489389000000,1781864549389000000,240185344
JVM.totalTimeAtSafepointsMs,1781864489389000000,1781864549389000000,384
JVM.totalTimeToSafepointsMs,1781864489389000000,1781864549389000000,0
JVM.maxHeapBytes,1781864489389000000,1781864549389000000,2147483648
JVM.GC.collections,1781864489389000000,1781864549389000000,1
JVM.maxThreadCount,1781864489389000000,1781864549389000000,144
JVM.threadCount,1781864489389000000,1781864549389000000,91
JVM.usedHeapBytes,1781864489389000000,1781864549389000000,532770816
JVM.totalSafepointCount,1781864489389000000,1781864549389000000,1
Indexing.writer_0.totalTimeSpentWritingMs,1781864489389000000,1781864549389000000,0
Indexes.entries.lookups,1781864489389000000,1781864549389000000,21
Indexing.writer_2.totalTimeSpentWritingMs,1781864489389000000,1781864549389000000,0
Indexes.stubs.lookupDurationMaxMs,1781864489389000000,1781864549389000000,0.0
Indexes.stubs.lookups,1781864489389000000,1781864549389000000,1155
Indexes.allKeys.lookupDurationAvgMs,1781864489389000000,1781864549389000000,0.0
Indexes.allKeys.lookupDurationMaxMs,1781864489389000000,1781864549389000000,0.0
Indexes.allKeys.lookupDuration90PMs,1781864489389000000,1781864549389000000,0.0
Indexing.cache.totalCacheMisses,1781864489389000000,1781864549389000000,20324
Indexing.totalTimeIndexersSleptMs,1781864489389000000,1781864549389000000,0
Indexing.writer_3.totalTimeSpentWritingMs,1781864489389000000,1781864549389000000,0
Indexing.cache.totalCacheEvicted,1781864489389000000,1781864549389000000,20389
Indexes.entries.lookupDurationMaxMs,1781864489389000000,1781864549389000000,0.0
Indexing.writer_1.totalTimeSpentWritingMs,1781864489389000000,1781864549389000000,0
Indexes.stubs.lookupDurationAvgMs,1781864489389000000,1781864549389000000,0.0
Indexes.entries.lookupDuration90PMs,1781864489389000000,1781864549389000000,0.0
Indexes.allKeys.lookups,1781864489389000000,1781864549389000000,1
Indexes.entries.lookupDurationAvgMs,1781864489389000000,1781864549389000000,0.0
Indexes.stubs.lookupDuration90PMs,1781864489389000000,1781864549389000000,0.0
Indexing.writesQueuedMin,1781864489389000000,1781864549389000000,9223372036854775807
Indexing.writesQueuedMax,1781864489389000000,1781864549389000000,0
Indexing.cache.totalCacheAccesses,1781864489389000000,1781864549389000000,121720
workspaceModel.workspaceFileIndexData.getDirectoriesByPackageName.ms,1781864489389000000,1781864549389000000,12
workspaceModel.cachedValueWithParameters.from.cache.count,1781864489389000000,1781864549389000000,4420
workspaceModel.replace.project.model.ms,1781864489389000000,1781864549389000000,0
workspaceModel.cachedValue.from.cache.count,1781864489389000000,1781864549389000000,9
workspaceModel.updates.ms,1781864489389000000,1781864549389000000,0
workspaceModel.on.changed.ms,1781864489389000000,1781864549389000000,0
workspaceModel.check.recursive.update.ms,1781864489389000000,1781864549389000000,0
workspaceModel.cachedValueWithParameters.clear.count,1781864489389000000,1781864549389000000,0
workspaceModel.workspaceFileIndexData.getPackageName.ms,1781864489389000000,1781864549389000000,10
workspaceModel.loading.total.ms,1781864489389000000,1781864549389000000,0
workspaceModel.workspaceFileIndexData.visitFileSets.ms,1781864489389000000,1781864549389000000,0
workspaceModel.workspaceFileIndexData.getFileInfo.ms,1781864489389000000,1781864549389000000,63
workspaceModel.entityStorageSnapshotImpl.instances.count,1781864489389000000,1781864549389000000,0
workspaceModel.workspaceFileIndexData.markDirty.ms,1781864489389000000,1781864549389000000,0
workspaceModel.cachedValueWithParameters.total.get.count,1781864489389000000,1781864549389000000,4420
workspaceModel.workspaceFileIndexData.init.ms,1781864489389000000,1781864549389000000,0
workspaceModel.workspaceFileIndexContributor.registerFileSets.ms,1781864489389000000,1781864549389000000,0
workspaceModel.workspaceFileIndexData.updateDirtyEntities.ms,1781864489389000000,1781864549389000000,0
workspaceModel.cachedValue.calculated.count,1781864489389000000,1781864549389000000,0
workspaceModel.update.unloaded.entities.ms,1781864489389000000,1781864549389000000,0
workspaceModel.cachedValue.clear.count,1781864489389000000,1781864549389000000,0
workspaceModel.to.snapshot.ms,1781864489389000000,1781864549389000000,0
workspaceModel.workspaceFileIndexData.onEntitiesChanged.ms,1781864489389000000,1781864549389000000,0
workspaceModel.init.bridges.ms,1781864489389000000,1781864549389000000,0
workspaceModel.loading.from.cache.ms,1781864489389000000,1781864549389000000,0
workspaceModel.pre.handlers.ms,1781864489389000000,1781864549389000000,0
workspaceModel.cachedValue.total.get.count,1781864489389000000,1781864549389000000,9
workspaceModel.workspaceFileIndexData.processFileSets.ms,1781864489389000000,1781864549389000000,0
workspaceModel.initializing.ms,1781864489389000000,1781864549389000000,0
workspaceModel.updates.count,1781864489389000000,1781864549389000000,0
workspaceModel.collect.changes.ms,1781864489389000000,1781864549389000000,0
workspaceModel.workspaceFileIndexData.instances.count,1781864489389000000,1781864549389000000,0
workspaceModel.full.replace.project.model.ms,1781864489389000000,1781864549389000000,0
workspaceModel.cachedValueWithParameters.calculated.count,1781864489389000000,1781864549389000000,0
workspaceModel.on.before.changed.ms,1781864489389000000,1781864549389000000,0
workspaceModel.updates.precise.ms,1781864489389000000,1781864549389000000,0
FlushQueue.queueSize90P,1781864489389000000,1781864549389000000,0
FlushQueue.queueSizeAvg,1781864489389000000,1781864549389000000,0.0
NonBlockingReadAction.finalizedExecutionsCount,1781864489389000000,1781864549389000000,29
FlushQueue.waitingTime90PNs,1781864489389000000,1781864549389000000,0
FlushQueue.waitingTimeMaxNs,1781864489389000000,1781864549389000000,0
NonBlockingReadAction.finalizedExecutionTimeUs,1781864489389000000,1781864549389000000,145011
NonBlockingReadAction.failedExecutionsCount,1781864489389000000,1781864549389000000,0
AWTEventQueue.dispatchTimeAvgNs,1781864489389000000,1781864549389000000,0.0
ReadAction.executionsCount,1781864489389000000,1781864549389000000,3234
AWTEventQueue.dispatchTimeMaxNs,1781864489389000000,1781864549389000000,0
FlushQueue.executionTime90PNs,1781864489389000000,1781864549389000000,0
FlushQueue.executionTimeAvgNs,1781864489389000000,1781864549389000000,0.0
AWTEventQueue.dispatchTime90PNs,1781864489389000000,1781864549389000000,0
FlushQueue.executionTimeMaxNs,1781864489389000000,1781864549389000000,0
FlushQueue.tasksExecuted,1781864489389000000,1781864549389000000,0
AWTEventQueue.eventsDispatched,1781864489389000000,1781864549389000000,0
WriteAction.executionsCount,1781864489389000000,1781864549389000000,4
FlushQueue.waitingTimeAvgNs,1781864489389000000,1781864549389000000,0.0
FlushQueue.queueSizeMax,1781864489389000000,1781864549389000000,0
NonBlockingReadAction.failedExecutionTimeUs,1781864489389000000,1781864549389000000,0
AWTEventQueue.dispatchTimeTotalNS,1781864489389000000,1781864549389000000,1948936982
DiskQueryRelay.tasksExecuted,1781864489389000000,1781864549389000000,11
LowMemory.gcLoad,1781864489389000000,1781864549389000000,0.0028386671687045794
writeAction.median.wait.ms,1781864489389000000,1781864549389000000,0
parser.JAVA.size.bytes,1781864489389000000,1781864549389000000,508
LowMemory.gcOverloaded,1781864489389000000,1781864549389000000,0
lexer.JAVA.time.ns,1781864489389000000,1781864549389000000,5417763
writeAction.max.wait.ms,1781864489389000000,1781864549389000000,52
lexer.JAVA.size.bytes,1781864489389000000,1781864549389000000,508
DiskQueryRelay.taskExecutionTotalTimeUs,1781864489389000000,1781864549389000000,4835
writeAction.count,1781864489389000000,1781864549389000000,4
parser.JAVA.time.ns,1781864489389000000,1781864549389000000,73740609
writeAction.wait.ms,1781864489389000000,1781864549389000000,8
DiskQueryRelay.taskWaitingTotalTimeUs,1781864489389000000,1781864549389000000,4916
DiskQueryRelay.tasksRequested,1781864489389000000,1781864549389000000,11
workspaceModel.mutableEntityStorage.collect.changes.ms,1781864489389000000,1781864549389000000,0
jps.module.iml.entities.serializer.save.entities.ms,1781864489389000000,1781864549389000000,0
workspaceModel.mutableEntityStorage.changeLog.addReplaceEventForNewParent.ms,1781864489389000000,1781864549389000000,0
jps.storage.jps.conf.reader.load.component.ms,1781864489389000000,1781864549389000000,0
jps.library.entities.serializer.load.entities.ms,1781864489389000000,1781864549389000000,0
workspaceModel.global.updates.ms,1781864489389000000,1781864549389000000,0
workspaceModel.mutableEntityStorage.resolve.ms,1781864489389000000,1781864549389000000,0
workspaceModel.moduleBridge.facet.initialization.ms,1781864489389000000,1781864549389000000,0
workspaceModel.mutableEntityStorage.add.entity.ms,1781864489389000000,1781864549389000000,0
workspaceModel.mutableEntityStorage.referrers.ms,1781864489389000000,1781864549389000000,0
jps.app.storage.content.writer.save.component.ms,1781864489389000000,1781864549389000000,0
workspaceModel.mutableEntityStorage.remove.entity.ms,1781864489389000000,1781864549389000000,0
workspaceModel.global.apply.state.to.project.builder.ms,1781864489389000000,1781864549389000000,0
jps.facet.change.listener.before.change.events.ms,1781864489389000000,1781864549389000000,0
workspaceModel.moduleManagerBridge.set.unloadedModules.ms,1781864489389000000,1781864549389000000,0
workspaceModel.mutableEntityStorage.has.same.entities.ms,1781864489389000000,1781864549389000000,0
jps.global.initialize.library.bridges.after.loading.ms,1781864489389000000,1781864549389000000,0
workspaceModel.mutableEntityStorage.apply.changes.from.ms,1781864489389000000,1781864549389000000,0
workspaceModel.moduleManagerBridge.build.module.graph.ms,1781864489389000000,1781864549389000000,0
workspaceModel.mutableEntityStorage.entities.ms,1781864489389000000,1781864549389000000,0
jps.global.initialize.library.bridges.ms,1781864489389000000,1781864549389000000,0
workspaceModel.delayed.project.synchronizer.sync.ms,1781864489389000000,1781864549389000000,0
workspaceModel.mutableEntityStorage.mutable.ext.mapping.ms,1781864489389000000,1781864549389000000,0
workspaceModel.load.cache.metadata.from.file.ms,1781864489389000000,1781864549389000000,0
jps.apply.loaded.storage.ms,1781864489389000000,1781864549389000000,0
jps.reload.project.entities.ms,1781864489389000000,1781864549389000000,0
jps.global.handle.before.change.events.ms,1781864489389000000,1781864549389000000,0
workspaceModel.mutableEntityStorage.to.snapshot.ms,1781864489389000000,1781864549389000000,0
jps.module.iml.entities.serializer.load.entities.ms,1781864489389000000,1781864549389000000,0
workspaceModel.moduleManagerBridge.load.all.modules.ms,1781864489389000000,1781864549389000000,0
workspaceModel.sync.entities.ms,1781864489389000000,1781864549389000000,0
workspaceModel.moduleManagerBridge.new.nonPersistent.module.ms,1781864489389000000,1781864549389000000,0
jps.artifact.entities.serializer.load.entities.ms,1781864489389000000,1781864549389000000,0
workspaceModel.load.cache.from.file.ms,1781864489389000000,1781864549389000000,0
workspaceModel.moduleBridge.update.option.ms,1781864489389000000,1781864549389000000,0
workspaceModel.global.updates.count,1781864489389000000,1781864549389000000,0
workspaceModel.mutableEntityStorage.hasReferrers.ms,1781864489389000000,1781864549389000000,0
workspaceModel.moduleManagerBridge.newModule.ms,1781864489389000000,1781864549389000000,0
workspaceModel.moduleBridgeLoader.loading.modules.ms,1781864489389000000,1781864549389000000,0
workspaceModel.global.apply.state.to.project.ms,1781864489389000000,1781864549389000000,0
workspaceModel.mutableEntityStorage.put.entity.ms,1781864489389000000,1781864549389000000,0
jps.module.dependency.index.workspace.model.listener.on.changed.ms,1781864489389000000,1781864549389000000,0
jps.save.changed.project.entities.ms,1781864489389000000,1781864549389000000,0
jps.project.serializers.save.ms,1781864489389000000,1781864549389000000,0
jps.facet.change.listener.init.bridge.ms,1781864489389000000,1781864549389000000,0
jps.global.get.library.by.name.ms,1781864489389000000,1781864549389000000,0
jps.artifact.entities.serializer.save.entities.ms,1781864489389000000,1781864549389000000,0
jps.project.serializers.load.ms,1781864489389000000,1781864549389000000,0
jps.library.entities.serializer.save.entities.ms,1781864489389000000,1781864549389000000,0
jps.global.handle.changed.events.ms,1781864489389000000,1781864549389000000,0
workspaceModel.orphan.listener.update.ms,1781864489389000000,1781864549389000000,0
workspaceModel.mutableEntityStorage.changeLog.addReplaceEventForNewChild.ms,1781864489389000000,1781864549389000000,0
workspaceModel.mutableEntityStorage.mutable.vfurl.index.ms,1781864489389000000,1781864549389000000,0
workspaceModel.moduleManagerBridge.create.module.instance.ms,1781864489389000000,1781864549389000000,0
jps.global.get.library.ms,1781864489389000000,1781864549389000000,0
workspaceModel.mutableEntityStorage.changeLog.addReplaceEventForRemovedParent.ms,1781864489389000000,1781864549389000000,0
workspaceModel.save.cache.to.file.ms,1781864489389000000,1781864549389000000,0
workspaceModel.mutableEntityStorage.modify.entity.ms,1781864489389000000,1781864549389000000,0
workspaceModel.mutableEntityStorage.replace.by.source.ms,1781864489389000000,1781864549389000000,0
jps.app.storage.content.reader.load.component.ms,1781864489389000000,1781864549389000000,0
workspaceModel.mutableEntityStorage.entities.by.source.ms,1781864489389000000,1781864549389000000,0
workspaceModel.moduleManagerBridge.get.modules.ms,1781864489389000000,1781864549389000000,0
workspaceModel.do.save.caches.ms,1781864489389000000,1781864549389000000,0
workspaceModel.mutableEntityStorage.changeLog.addReplaceEventForRemovedChild.ms,1781864489389000000,1781864549389000000,0
jps.load.project.to.empty.storage.ms,1781864489389000000,1781864549389000000,0
jps.save.global.entities.ms,1781864489389000000,1781864549389000000,0
jps.load.initial.state.ms,1781864489389000000,1781864549389000000,0
workspaceModel.moduleManagerBridge.load.module.ms,1781864489389000000,1781864549389000000,0
jps.facet.change.listener.process.change.events.ms,1781864489389000000,1781864549389000000,0
workspaceModel.mutableEntityStorage.instances.count,1781864489389000000,1781864549389000000,0
jps.global.get.libraries.ms,1781864489389000000,1781864549389000000,0
workspaceModel.moduleBridge.before.changed.ms,1781864489389000000,1781864549389000000,0
cacheStateStorage.get.counter,1781864489389000000,1781864549389000000,4
cacheStateStorage.set.duration,1781864489389000000,1781864549389000000,0
cacheStateStorage.get.duration,1781864489389000000,1781864549389000000,39
cacheStateStorage.set.counter,1781864489389000000,1781864549389000000,0
FileChannelInterruptsRetryer.totalRetriedAttempts,1781864489389000000,1781864549389000000,0
StorageLockContext.competingThreads.avg,1781864489389000000,1781864549389000000,0.0
FilePageCache.pageLoads,1781864489389000000,1781864549389000000,150
FilePageCache.pageFastCacheHits,1781864489389000000,1781864549389000000,42950
FilePageCache.disposedBuffers,1781864489389000000,1781864549389000000,0
FilePageCache.pageLoadsAboveSizeThreshold,1781864489389000000,1781864549389000000,0
FilePageCache.uncachedFileAccess,1781864489389000000,1781864549389000000,97
StorageLockContext.competingThreads.90P,1781864489389000000,1781864549389000000,0
FilePageCache.capacityInBytes,1781864489389000000,1781864549389000000,629145600
StreamlinedBlobStorage.totalLiveRecordsPayloadBytes,1781864489389000000,1781864549389000000,-5212
DirectByteBufferAllocator.hits,1781864489389000000,1781864549389000000,0
FilePageCache.maxCacheSizeInBytes,1781864489389000000,1781864549389000000,629153792
MappedFileStorage.totalPagesMapped,1781864489389000000,1781864549389000000,15
DirectByteBufferAllocator.misses,1781864489389000000,1781864549389000000,150
MappedFileStorage.totalBytesMapped,1781864489389000000,1781864549389000000,198443008
DirectByteBufferAllocator.reclaimed,1781864489389000000,1781864549389000000,0
StorageLockContext.competingThreads.max,1781864489389000000,1781864549389000000,0
MappedFileStorage.totalTimeSpentOnMappingUs,1781864489389000000,1781864549389000000,75419
FilePageCache.pageHits,1781864489389000000,1781864549389000000,0
FilePageCache.maxRegisteredFiles,1781864489389000000,1781864549389000000,1652
MappedFileStorage.storages,1781864489389000000,1781864549389000000,15
StreamlinedBlobStorage.recordsRelocated,1781864489389000000,1781864549389000000,0
FilePageCache.totalPageDisposalsUs,1781864489389000000,1781864549389000000,884
StreamlinedBlobStorage.totalLiveRecordsCapacityBytes,1781864489389000000,1781864549389000000,0
DirectByteBufferAllocator.totalSizeOfBuffersCachedInBytes,1781864489389000000,1781864549389000000,83951616
StreamlinedBlobStorage.recordsDeleted,1781864489389000000,1781864549389000000,0
FilePageCache.totalPageLoadsUs,1781864489389000000,1781864549389000000,645672
DirectByteBufferAllocator.totalSizeOfBuffersAllocatedInBytes,1781864489389000000,1781864549389000000,154165248
DirectByteBufferAllocator.disposed,1781864489389000000,1781864549389000000,0
StreamlinedBlobStorage.recordsAllocated,1781864489389000000,1781864549389000000,0
compiler.ArtifactManagerBridge.getArtifacts.ms,1781864489389000000,1781864549389000000,0
compiler.ArtifactManagerBridge.addArtifact.ms,1781864489389000000,1781864549389000000,0
compiler.ArtifactManagerBridge.dropMappings.ms,1781864489389000000,1781864549389000000,0
compiler.ArtifactManagerBridge.initBridges.ms,1781864489389000000,1781864549389000000,0
compiler.ArtifactVirtualFileListener.propertyChanged.ms,1781864489389000000,1781864549389000000,0
compiler.ArtifactManagerBridge.getArtifactsByType.ms,1781864489389000000,1781864549389000000,0
compiler.ArtifactManagerBridge.findArtifact.ms,1781864489389000000,1781864549389000000,0
compiler.ArtifactManagerBridge.commit.ms,1781864489389000000,1781864549389000000,0
compiler.ArtifactVirtualFileListener.filePathChanged.ms,1781864489389000000,1781864549389000000,0
VFS.rootsCount,1781864549389000000,1781864609389000000,12.0
VFS.folderCaseSensitivityReads,1781864549389000000,1781864609389000000,21
VFS.invertedFileNameIndex.requests,1781864549389000000,1781864609389000000,6
FileNameCache.totalMisses,1781864549389000000,1781864609389000000,6080
VFS.contentStorage.recordsStoredSize,1781864549389000000,1781864609389000000,0
VFS.fileChildByName,1781864549389000000,1781864609389000000,4809
VFS.contentStorage.recordsReadDecompressed,1781864549389000000,1781864609389000000,2
VFS.contentStorage.recordsReadSize,1781864549389000000,1781864609389000000,210140
VFS.contentStorage.recordsRead,1781864549389000000,1781864609389000000,108
VFS.contentStorage.recordsDeduplicated,1781864549389000000,1781864609389000000,8
VFS.cache.segments,1781864549389000000,1781864609389000000,90.0
FileNameCache.queries,1781864549389000000,1781864609389000000,430272
VFS.cache.directoriesCreated,1781864549389000000,1781864609389000000,101
VFS.contentStorage.recordsDecompressionTimeUs,1781864549389000000,1781864609389000000,300
VFS.fileByIdCache.hits,1781864549389000000,1781864609389000000,1
VFS.contentStorage.recordsUncompressedSize,1781864549389000000,1781864609389000000,0
VFS.contentStorage.recordsStoredCompressed,1781864549389000000,1781864609389000000,0
VFS.cache.segmentsCreated,1781864549389000000,1781864609389000000,1
VFS.cache.filesCreated,1781864549389000000,1781864609389000000,83588
VFS.fileByIdCache.misses,1781864549389000000,1781864609389000000,192
VFS.contentStorage.recordsStored,1781864549389000000,1781864609389000000,0
MEM.ramPlusSwapMinusFileMappingsBytes,1781864549389000000,1781864609389000000,1576947712
JVM.GC.collectionTimesMs,1781864549389000000,1781864609389000000,536
JVM.newThreadsCount,1781864549389000000,1781864609389000000,34
JVM.totalBytesAllocated,1781864549389000000,1781864609389000000,730096488
JVM.usedNativeBytes,1781864549389000000,1781864609389000000,449620160
MEM.ramMinusFileMappingsBytes,1781864549389000000,1781864609389000000,1576947712
JVM.totalCpuTimeMs,1781864549389000000,1781864609389000000,42060
OS.loadAverage,1781864549389000000,1781864609389000000,1.265625
JVM.totalDirectByteBuffersBytes,1781864549389000000,1781864609389000000,172068865
MEM.ramBytes,1781864549389000000,1781864609389000000,1645953024
JVM.committedHeapBytes,1781864549389000000,1781864609389000000,662700032
MEM.fileMappingsRamBytes,1781864549389000000,1781864609389000000,56160256
JVM.totalTimeAtSafepointsMs,1781864549389000000,1781864609389000000,540
JVM.totalTimeToSafepointsMs,1781864549389000000,1781864609389000000,7
JVM.maxHeapBytes,1781864549389000000,1781864609389000000,2147483648
JVM.GC.collections,1781864549389000000,1781864609389000000,9
JVM.maxThreadCount,1781864549389000000,1781864609389000000,144
JVM.threadCount,1781864549389000000,1781864609389000000,91
JVM.usedHeapBytes,1781864549389000000,1781864609389000000,422990824
JVM.totalSafepointCount,1781864549389000000,1781864609389000000,9
Indexing.writer_0.totalTimeSpentWritingMs,1781864549389000000,1781864609389000000,389
Indexes.entries.lookups,1781864549389000000,1781864609389000000,36
Indexing.writer_2.totalTimeSpentWritingMs,1781864549389000000,1781864609389000000,355
Indexes.stubs.lookupDurationMaxMs,1781864549389000000,1781864609389000000,0.0
Indexes.stubs.lookups,1781864549389000000,1781864609389000000,1417
Indexes.allKeys.lookupDurationAvgMs,1781864549389000000,1781864609389000000,0.0
Indexes.allKeys.lookupDurationMaxMs,1781864549389000000,1781864609389000000,0.0
Indexes.allKeys.lookupDuration90PMs,1781864549389000000,1781864609389000000,0.0
Indexing.cache.totalCacheMisses,1781864549389000000,1781864609389000000,20601
Indexing.totalTimeIndexersSleptMs,1781864549389000000,1781864609389000000,0
Indexing.writer_3.totalTimeSpentWritingMs,1781864549389000000,1781864609389000000,756
Indexing.cache.totalCacheEvicted,1781864549389000000,1781864609389000000,20553
Indexes.entries.lookupDurationMaxMs,1781864549389000000,1781864609389000000,0.0
Indexing.writer_1.totalTimeSpentWritingMs,1781864549389000000,1781864609389000000,391
Indexes.stubs.lookupDurationAvgMs,1781864549389000000,1781864609389000000,0.0
Indexes.entries.lookupDuration90PMs,1781864549389000000,1781864609389000000,0.0
Indexes.allKeys.lookups,1781864549389000000,1781864609389000000,2
Indexes.entries.lookupDurationAvgMs,1781864549389000000,1781864609389000000,0.0
Indexes.stubs.lookupDuration90PMs,1781864549389000000,1781864609389000000,0.0
Indexing.writesQueuedMin,1781864549389000000,1781864609389000000,9223372036854775807
Indexing.writesQueuedMax,1781864549389000000,1781864609389000000,0
Indexing.cache.totalCacheAccesses,1781864549389000000,1781864609389000000,122751
workspaceModel.workspaceFileIndexData.getDirectoriesByPackageName.ms,1781864549389000000,1781864609389000000,15
workspaceModel.cachedValueWithParameters.from.cache.count,1781864549389000000,1781864609389000000,10096
workspaceModel.replace.project.model.ms,1781864549389000000,1781864609389000000,0
workspaceModel.cachedValue.from.cache.count,1781864549389000000,1781864609389000000,70
workspaceModel.updates.ms,1781864549389000000,1781864609389000000,6
workspaceModel.on.changed.ms,1781864549389000000,1781864609389000000,3
workspaceModel.check.recursive.update.ms,1781864549389000000,1781864609389000000,1
workspaceModel.cachedValueWithParameters.clear.count,1781864549389000000,1781864609389000000,0
workspaceModel.workspaceFileIndexData.getPackageName.ms,1781864549389000000,1781864609389000000,12
workspaceModel.loading.total.ms,1781864549389000000,1781864609389000000,0
workspaceModel.workspaceFileIndexData.visitFileSets.ms,1781864549389000000,1781864609389000000,7
workspaceModel.workspaceFileIndexData.getFileInfo.ms,1781864549389000000,1781864609389000000,178
workspaceModel.entityStorageSnapshotImpl.instances.count,1781864549389000000,1781864609389000000,8
workspaceModel.workspaceFileIndexData.markDirty.ms,1781864549389000000,1781864609389000000,0
workspaceModel.cachedValueWithParameters.total.get.count,1781864549389000000,1781864609389000000,10097
workspaceModel.workspaceFileIndexData.init.ms,1781864549389000000,1781864609389000000,0
workspaceModel.workspaceFileIndexContributor.registerFileSets.ms,1781864549389000000,1781864609389000000,0
workspaceModel.workspaceFileIndexData.updateDirtyEntities.ms,1781864549389000000,1781864609389000000,0
workspaceModel.cachedValue.calculated.count,1781864549389000000,1781864609389000000,8
workspaceModel.update.unloaded.entities.ms,1781864549389000000,1781864609389000000,0
workspaceModel.cachedValue.clear.count,1781864549389000000,1781864609389000000,0
workspaceModel.to.snapshot.ms,1781864549389000000,1781864609389000000,0
workspaceModel.workspaceFileIndexData.onEntitiesChanged.ms,1781864549389000000,1781864609389000000,1
workspaceModel.init.bridges.ms,1781864549389000000,1781864609389000000,1
workspaceModel.loading.from.cache.ms,1781864549389000000,1781864609389000000,0
workspaceModel.pre.handlers.ms,1781864549389000000,1781864609389000000,0
workspaceModel.cachedValue.total.get.count,1781864549389000000,1781864609389000000,78
workspaceModel.workspaceFileIndexData.processFileSets.ms,1781864549389000000,1781864609389000000,0
workspaceModel.initializing.ms,1781864549389000000,1781864609389000000,1
workspaceModel.updates.count,1781864549389000000,1781864609389000000,2
workspaceModel.collect.changes.ms,1781864549389000000,1781864609389000000,0
workspaceModel.workspaceFileIndexData.instances.count,1781864549389000000,1781864609389000000,0
workspaceModel.full.replace.project.model.ms,1781864549389000000,1781864609389000000,0
workspaceModel.cachedValueWithParameters.calculated.count,1781864549389000000,1781864609389000000,1
workspaceModel.on.before.changed.ms,1781864549389000000,1781864609389000000,1
workspaceModel.updates.precise.ms,1781864549389000000,1781864609389000000,1
FlushQueue.queueSize90P,1781864549389000000,1781864609389000000,0
FlushQueue.queueSizeAvg,1781864549389000000,1781864609389000000,0.0
NonBlockingReadAction.finalizedExecutionsCount,1781864549389000000,1781864609389000000,50
FlushQueue.waitingTime90PNs,1781864549389000000,1781864609389000000,0
FlushQueue.waitingTimeMaxNs,1781864549389000000,1781864609389000000,0
NonBlockingReadAction.finalizedExecutionTimeUs,1781864549389000000,1781864609389000000,159403
NonBlockingReadAction.failedExecutionsCount,1781864549389000000,1781864609389000000,5
AWTEventQueue.dispatchTimeAvgNs,1781864549389000000,1781864609389000000,0.0
ReadAction.executionsCount,1781864549389000000,1781864609389000000,104754
AWTEventQueue.dispatchTimeMaxNs,1781864549389000000,1781864609389000000,0
FlushQueue.executionTime90PNs,1781864549389000000,1781864609389000000,0
FlushQueue.executionTimeAvgNs,1781864549389000000,1781864609389000000,0.0
AWTEventQueue.dispatchTime90PNs,1781864549389000000,1781864609389000000,0
FlushQueue.executionTimeMaxNs,1781864549389000000,1781864609389000000,0
FlushQueue.tasksExecuted,1781864549389000000,1781864609389000000,0
AWTEventQueue.eventsDispatched,1781864549389000000,1781864609389000000,0
WriteAction.executionsCount,1781864549389000000,1781864609389000000,17
FlushQueue.waitingTimeAvgNs,1781864549389000000,1781864609389000000,0.0
FlushQueue.queueSizeMax,1781864549389000000,1781864609389000000,0
NonBlockingReadAction.failedExecutionTimeUs,1781864549389000000,1781864609389000000,17488
AWTEventQueue.dispatchTimeTotalNS,1781864549389000000,1781864609389000000,3096899062
parser.JSON.time.ns,1781864549389000000,1781864609389000000,45
lexer.JSON.size.bytes,1781864549389000000,1781864609389000000,503
DiskQueryRelay.tasksExecuted,1781864549389000000,1781864609389000000,884
LowMemory.gcLoad,1781864549389000000,1781864609389000000,0.004599563840576705
writeAction.median.wait.ms,1781864549389000000,1781864609389000000,0
lexer.JSON.time.ns,1781864549389000000,1781864609389000000,296315
parser.JAVA.size.bytes,1781864549389000000,1781864609389000000,957
LowMemory.gcOverloaded,1781864549389000000,1781864609389000000,0
lexer.JAVA.time.ns,1781864549389000000,1781864609389000000,599190
writeAction.max.wait.ms,1781864549389000000,1781864609389000000,56
lexer.JAVA.size.bytes,1781864549389000000,1781864609389000000,957
DiskQueryRelay.taskExecutionTotalTimeUs,1781864549389000000,1781864609389000000,591205
parser.JSON.size.bytes,1781864549389000000,1781864609389000000,503
writeAction.count,1781864549389000000,1781864609389000000,17
parser.JAVA.time.ns,1781864549389000000,1781864609389000000,45616884
writeAction.wait.ms,1781864549389000000,1781864609389000000,71
DiskQueryRelay.taskWaitingTotalTimeUs,1781864549389000000,1781864609389000000,842521
DiskQueryRelay.tasksRequested,1781864549389000000,1781864609389000000,886
workspaceModel.mutableEntityStorage.collect.changes.ms,1781864549389000000,1781864609389000000,0
jps.module.iml.entities.serializer.save.entities.ms,1781864549389000000,1781864609389000000,0
workspaceModel.mutableEntityStorage.changeLog.addReplaceEventForNewParent.ms,1781864549389000000,1781864609389000000,0
jps.storage.jps.conf.reader.load.component.ms,1781864549389000000,1781864609389000000,0
jps.library.entities.serializer.load.entities.ms,1781864549389000000,1781864609389000000,0
workspaceModel.global.updates.ms,1781864549389000000,1781864609389000000,10
workspaceModel.mutableEntityStorage.resolve.ms,1781864549389000000,1781864609389000000,0
workspaceModel.moduleBridge.facet.initialization.ms,1781864549389000000,1781864609389000000,0
workspaceModel.mutableEntityStorage.add.entity.ms,1781864549389000000,1781864609389000000,2
workspaceModel.mutableEntityStorage.referrers.ms,1781864549389000000,1781864609389000000,0
jps.app.storage.content.writer.save.component.ms,1781864549389000000,1781864609389000000,5
workspaceModel.mutableEntityStorage.remove.entity.ms,1781864549389000000,1781864609389000000,0
workspaceModel.global.apply.state.to.project.builder.ms,1781864549389000000,1781864609389000000,0
jps.facet.change.listener.before.change.events.ms,1781864549389000000,1781864609389000000,0
workspaceModel.moduleManagerBridge.set.unloadedModules.ms,1781864549389000000,1781864609389000000,0
workspaceModel.mutableEntityStorage.has.same.entities.ms,1781864549389000000,1781864609389000000,0
jps.global.initialize.library.bridges.after.loading.ms,1781864549389000000,1781864609389000000,0
workspaceModel.mutableEntityStorage.apply.changes.from.ms,1781864549389000000,1781864609389000000,1
workspaceModel.moduleManagerBridge.build.module.graph.ms,1781864549389000000,1781864609389000000,2
workspaceModel.mutableEntityStorage.entities.ms,1781864549389000000,1781864609389000000,1
jps.global.initialize.library.bridges.ms,1781864549389000000,1781864609389000000,0
workspaceModel.delayed.project.synchronizer.sync.ms,1781864549389000000,1781864609389000000,0
workspaceModel.mutableEntityStorage.mutable.ext.mapping.ms,1781864549389000000,1781864609389000000,1
workspaceModel.load.cache.metadata.from.file.ms,1781864549389000000,1781864609389000000,0
jps.apply.loaded.storage.ms,1781864549389000000,1781864609389000000,0
jps.reload.project.entities.ms,1781864549389000000,1781864609389000000,0
jps.global.handle.before.change.events.ms,1781864549389000000,1781864609389000000,0
workspaceModel.mutableEntityStorage.to.snapshot.ms,1781864549389000000,1781864609389000000,0
jps.module.iml.entities.serializer.load.entities.ms,1781864549389000000,1781864609389000000,0
workspaceModel.moduleManagerBridge.load.all.modules.ms,1781864549389000000,1781864609389000000,0
workspaceModel.sync.entities.ms,1781864549389000000,1781864609389000000,0
workspaceModel.moduleManagerBridge.new.nonPersistent.module.ms,1781864549389000000,1781864609389000000,0
jps.artifact.entities.serializer.load.entities.ms,1781864549389000000,1781864609389000000,0
workspaceModel.load.cache.from.file.ms,1781864549389000000,1781864609389000000,0
workspaceModel.moduleBridge.update.option.ms,1781864549389000000,1781864609389000000,0
workspaceModel.global.updates.count,1781864549389000000,1781864609389000000,1
workspaceModel.mutableEntityStorage.hasReferrers.ms,1781864549389000000,1781864609389000000,0
workspaceModel.moduleManagerBridge.newModule.ms,1781864549389000000,1781864609389000000,0
workspaceModel.moduleBridgeLoader.loading.modules.ms,1781864549389000000,1781864609389000000,0
workspaceModel.global.apply.state.to.project.ms,1781864549389000000,1781864609389000000,9
workspaceModel.mutableEntityStorage.put.entity.ms,1781864549389000000,1781864609389000000,0
jps.module.dependency.index.workspace.model.listener.on.changed.ms,1781864549389000000,1781864609389000000,1
jps.save.changed.project.entities.ms,1781864549389000000,1781864609389000000,1
jps.project.serializers.save.ms,1781864549389000000,1781864609389000000,1
jps.facet.change.listener.init.bridge.ms,1781864549389000000,1781864609389000000,0
jps.global.get.library.by.name.ms,1781864549389000000,1781864609389000000,0
jps.artifact.entities.serializer.save.entities.ms,1781864549389000000,1781864609389000000,0
jps.project.serializers.load.ms,1781864549389000000,1781864609389000000,0
jps.library.entities.serializer.save.entities.ms,1781864549389000000,1781864609389000000,0
jps.global.handle.changed.events.ms,1781864549389000000,1781864609389000000,0
workspaceModel.orphan.listener.update.ms,1781864549389000000,1781864609389000000,1
workspaceModel.mutableEntityStorage.changeLog.addReplaceEventForNewChild.ms,1781864549389000000,1781864609389000000,0
workspaceModel.mutableEntityStorage.mutable.vfurl.index.ms,1781864549389000000,1781864609389000000,0
workspaceModel.moduleManagerBridge.create.module.instance.ms,1781864549389000000,1781864609389000000,0
jps.global.get.library.ms,1781864549389000000,1781864609389000000,0
workspaceModel.mutableEntityStorage.changeLog.addReplaceEventForRemovedParent.ms,1781864549389000000,1781864609389000000,0
workspaceModel.save.cache.to.file.ms,1781864549389000000,1781864609389000000,88
workspaceModel.mutableEntityStorage.modify.entity.ms,1781864549389000000,1781864609389000000,0
workspaceModel.mutableEntityStorage.replace.by.source.ms,1781864549389000000,1781864609389000000,1
jps.app.storage.content.reader.load.component.ms,1781864549389000000,1781864609389000000,0
workspaceModel.mutableEntityStorage.entities.by.source.ms,1781864549389000000,1781864609389000000,0
workspaceModel.moduleManagerBridge.get.modules.ms,1781864549389000000,1781864609389000000,0
workspaceModel.do.save.caches.ms,1781864549389000000,1781864609389000000,51
workspaceModel.mutableEntityStorage.changeLog.addReplaceEventForRemovedChild.ms,1781864549389000000,1781864609389000000,0
jps.load.project.to.empty.storage.ms,1781864549389000000,1781864609389000000,0
jps.save.global.entities.ms,1781864549389000000,1781864609389000000,9
jps.load.initial.state.ms,1781864549389000000,1781864609389000000,0
workspaceModel.moduleManagerBridge.load.module.ms,1781864549389000000,1781864609389000000,0
jps.facet.change.listener.process.change.events.ms,1781864549389000000,1781864609389000000,1
workspaceModel.mutableEntityStorage.instances.count,1781864549389000000,1781864609389000000,10
jps.global.get.libraries.ms,1781864549389000000,1781864609389000000,1
workspaceModel.moduleBridge.before.changed.ms,1781864549389000000,1781864609389000000,0
cacheStateStorage.get.counter,1781864549389000000,1781864609389000000,4
cacheStateStorage.set.duration,1781864549389000000,1781864609389000000,0
cacheStateStorage.get.duration,1781864549389000000,1781864609389000000,51
cacheStateStorage.set.counter,1781864549389000000,1781864609389000000,0
FileChannelInterruptsRetryer.totalRetriedAttempts,1781864549389000000,1781864609389000000,0
StorageLockContext.competingThreads.avg,1781864549389000000,1781864609389000000,0.0
FilePageCache.pageLoads,1781864549389000000,1781864609389000000,167
FilePageCache.pageFastCacheHits,1781864549389000000,1781864609389000000,45057
FilePageCache.disposedBuffers,1781864549389000000,1781864609389000000,150
FilePageCache.pageLoadsAboveSizeThreshold,1781864549389000000,1781864609389000000,0
FilePageCache.uncachedFileAccess,1781864549389000000,1781864609389000000,115
StorageLockContext.competingThreads.90P,1781864549389000000,1781864609389000000,0
FilePageCache.capacityInBytes,1781864549389000000,1781864609389000000,629145600
StreamlinedBlobStorage.totalLiveRecordsPayloadBytes,1781864549389000000,1781864609389000000,8500
DirectByteBufferAllocator.hits,1781864549389000000,1781864609389000000,0
FilePageCache.maxCacheSizeInBytes,1781864549389000000,1781864609389000000,629153792
MappedFileStorage.totalPagesMapped,1781864549389000000,1781864609389000000,15
DirectByteBufferAllocator.misses,1781864549389000000,1781864609389000000,167
MappedFileStorage.totalBytesMapped,1781864549389000000,1781864609389000000,198443008
DirectByteBufferAllocator.reclaimed,1781864549389000000,1781864609389000000,23
StorageLockContext.competingThreads.max,1781864549389000000,1781864609389000000,0
MappedFileStorage.totalTimeSpentOnMappingUs,1781864549389000000,1781864609389000000,75419
FilePageCache.pageHits,1781864549389000000,1781864609389000000,0
FilePageCache.maxRegisteredFiles,1781864549389000000,1781864609389000000,1652
MappedFileStorage.storages,1781864549389000000,1781864609389000000,15
StreamlinedBlobStorage.recordsRelocated,1781864549389000000,1781864609389000000,0
FilePageCache.totalPageDisposalsUs,1781864549389000000,1781864609389000000,377
StreamlinedBlobStorage.totalLiveRecordsCapacityBytes,1781864549389000000,1781864609389000000,16422
DirectByteBufferAllocator.totalSizeOfBuffersCachedInBytes,1781864549389000000,1781864609389000000,104947712
StreamlinedBlobStorage.recordsDeleted,1781864549389000000,1781864609389000000,2
FilePageCache.totalPageLoadsUs,1781864549389000000,1781864609389000000,1330449
DirectByteBufferAllocator.totalSizeOfBuffersAllocatedInBytes,1781864549389000000,1781864609389000000,171991040
DirectByteBufferAllocator.disposed,1781864549389000000,1781864609389000000,150
StreamlinedBlobStorage.recordsAllocated,1781864549389000000,1781864609389000000,235
compiler.ArtifactManagerBridge.getArtifacts.ms,1781864549389000000,1781864609389000000,0
compiler.ArtifactManagerBridge.addArtifact.ms,1781864549389000000,1781864609389000000,0
compiler.ArtifactManagerBridge.dropMappings.ms,1781864549389000000,1781864609389000000,0
compiler.ArtifactManagerBridge.initBridges.ms,1781864549389000000,1781864609389000000,0
compiler.ArtifactVirtualFileListener.propertyChanged.ms,1781864549389000000,1781864609389000000,0
compiler.ArtifactManagerBridge.getArtifactsByType.ms,1781864549389000000,1781864609389000000,0
compiler.ArtifactManagerBridge.findArtifact.ms,1781864549389000000,1781864609389000000,0
compiler.ArtifactManagerBridge.commit.ms,1781864549389000000,1781864609389000000,0
compiler.ArtifactVirtualFileListener.filePathChanged.ms,1781864549389000000,1781864609389000000,0
VFS.rootsCount,1781864609389000000,1781864669389000000,12.0
VFS.folderCaseSensitivityReads,1781864609389000000,1781864669389000000,0
VFS.invertedFileNameIndex.requests,1781864609389000000,1781864669389000000,0
FileNameCache.totalMisses,1781864609389000000,1781864669389000000,0
VFS.contentStorage.recordsStoredSize,1781864609389000000,1781864669389000000,0
VFS.fileChildByName,1781864609389000000,1781864669389000000,24
VFS.contentStorage.recordsReadDecompressed,1781864609389000000,1781864669389000000,0
VFS.contentStorage.recordsReadSize,1781864609389000000,1781864669389000000,0
VFS.contentStorage.recordsRead,1781864609389000000,1781864669389000000,0
VFS.contentStorage.recordsDeduplicated,1781864609389000000,1781864669389000000,0
VFS.cache.segments,1781864609389000000,1781864669389000000,90.0
FileNameCache.queries,1781864609389000000,1781864669389000000,128
VFS.cache.directoriesCreated,1781864609389000000,1781864669389000000,0
VFS.contentStorage.recordsDecompressionTimeUs,1781864609389000000,1781864669389000000,0
VFS.fileByIdCache.hits,1781864609389000000,1781864669389000000,0
VFS.contentStorage.recordsUncompressedSize,1781864609389000000,1781864669389000000,0
VFS.contentStorage.recordsStoredCompressed,1781864609389000000,1781864669389000000,0
VFS.cache.segmentsCreated,1781864609389000000,1781864669389000000,0
VFS.cache.filesCreated,1781864609389000000,1781864669389000000,0
VFS.fileByIdCache.misses,1781864609389000000,1781864669389000000,0
VFS.contentStorage.recordsStored,1781864609389000000,1781864669389000000,0
MEM.ramPlusSwapMinusFileMappingsBytes,1781864609389000000,1781864669389000000,1414131712
JVM.GC.collectionTimesMs,1781864609389000000,1781864669389000000,303
JVM.newThreadsCount,1781864609389000000,1781864669389000000,0
JVM.totalBytesAllocated,1781864609389000000,1781864669389000000,40884456
JVM.usedNativeBytes,1781864609389000000,1781864669389000000,448576080
MEM.ramMinusFileMappingsBytes,1781864609389000000,1781864669389000000,1414131712
JVM.totalCpuTimeMs,1781864609389000000,1781864669389000000,6500
OS.loadAverage,1781864609389000000,1781864669389000000,1.08740234375
JVM.totalDirectByteBuffersBytes,1781864609389000000,1781864669389000000,77825
MEM.ramBytes,1781864609389000000,1781864669389000000,1483268096
JVM.committedHeapBytes,1781864609389000000,1781864669389000000,639631360
MEM.fileMappingsRamBytes,1781864609389000000,1781864669389000000,56291328
JVM.totalTimeAtSafepointsMs,1781864609389000000,1781864669389000000,304
JVM.totalTimeToSafepointsMs,1781864609389000000,1781864669389000000,0
JVM.maxHeapBytes,1781864609389000000,1781864669389000000,2147483648
JVM.GC.collections,1781864609389000000,1781864669389000000,1
JVM.maxThreadCount,1781864609389000000,1781864669389000000,144
JVM.threadCount,1781864609389000000,1781864669389000000,82
JVM.usedHeapBytes,1781864609389000000,1781864669389000000,403695800
JVM.totalSafepointCount,1781864609389000000,1781864669389000000,1
Indexing.writer_0.totalTimeSpentWritingMs,1781864609389000000,1781864669389000000,0
Indexes.entries.lookups,1781864609389000000,1781864669389000000,0
Indexing.writer_2.totalTimeSpentWritingMs,1781864609389000000,1781864669389000000,0
Indexes.stubs.lookupDurationMaxMs,1781864609389000000,1781864669389000000,0.0
Indexes.stubs.lookups,1781864609389000000,1781864669389000000,0
Indexes.allKeys.lookupDurationAvgMs,1781864609389000000,1781864669389000000,0.0
Indexes.allKeys.lookupDurationMaxMs,1781864609389000000,1781864669389000000,0.0
Indexes.allKeys.lookupDuration90PMs,1781864609389000000,1781864669389000000,0.0
Indexing.cache.totalCacheMisses,1781864609389000000,1781864669389000000,0
Indexing.totalTimeIndexersSleptMs,1781864609389000000,1781864669389000000,0
Indexing.writer_3.totalTimeSpentWritingMs,1781864609389000000,1781864669389000000,0
Indexing.cache.totalCacheEvicted,1781864609389000000,1781864669389000000,0
Indexes.entries.lookupDurationMaxMs,1781864609389000000,1781864669389000000,0.0
Indexing.writer_1.totalTimeSpentWritingMs,1781864609389000000,1781864669389000000,0
Indexes.stubs.lookupDurationAvgMs,1781864609389000000,1781864669389000000,0.0
Indexes.entries.lookupDuration90PMs,1781864609389000000,1781864669389000000,0.0
Indexes.allKeys.lookups,1781864609389000000,1781864669389000000,0
Indexes.entries.lookupDurationAvgMs,1781864609389000000,1781864669389000000,0.0
Indexes.stubs.lookupDuration90PMs,1781864609389000000,1781864669389000000,0.0
Indexing.writesQueuedMin,1781864609389000000,1781864669389000000,9223372036854775807
Indexing.writesQueuedMax,1781864609389000000,1781864669389000000,0
Indexing.cache.totalCacheAccesses,1781864609389000000,1781864669389000000,0
workspaceModel.workspaceFileIndexData.getDirectoriesByPackageName.ms,1781864609389000000,1781864669389000000,0
workspaceModel.cachedValueWithParameters.from.cache.count,1781864609389000000,1781864669389000000,0
workspaceModel.replace.project.model.ms,1781864609389000000,1781864669389000000,0
workspaceModel.cachedValue.from.cache.count,1781864609389000000,1781864669389000000,1
workspaceModel.updates.ms,1781864609389000000,1781864669389000000,0
workspaceModel.on.changed.ms,1781864609389000000,1781864669389000000,0
workspaceModel.check.recursive.update.ms,1781864609389000000,1781864669389000000,0
workspaceModel.cachedValueWithParameters.clear.count,1781864609389000000,1781864669389000000,0
workspaceModel.workspaceFileIndexData.getPackageName.ms,1781864609389000000,1781864669389000000,0
workspaceModel.loading.total.ms,1781864609389000000,1781864669389000000,0
workspaceModel.workspaceFileIndexData.visitFileSets.ms,1781864609389000000,1781864669389000000,0
workspaceModel.workspaceFileIndexData.getFileInfo.ms,1781864609389000000,1781864669389000000,1
workspaceModel.entityStorageSnapshotImpl.instances.count,1781864609389000000,1781864669389000000,0
workspaceModel.workspaceFileIndexData.markDirty.ms,1781864609389000000,1781864669389000000,0
workspaceModel.cachedValueWithParameters.total.get.count,1781864609389000000,1781864669389000000,0
workspaceModel.workspaceFileIndexData.init.ms,1781864609389000000,1781864669389000000,0
workspaceModel.workspaceFileIndexContributor.registerFileSets.ms,1781864609389000000,1781864669389000000,0
workspaceModel.workspaceFileIndexData.updateDirtyEntities.ms,1781864609389000000,1781864669389000000,0
workspaceModel.cachedValue.calculated.count,1781864609389000000,1781864669389000000,1
workspaceModel.update.unloaded.entities.ms,1781864609389000000,1781864669389000000,0
workspaceModel.cachedValue.clear.count,1781864609389000000,1781864669389000000,0
workspaceModel.to.snapshot.ms,1781864609389000000,1781864669389000000,0
workspaceModel.workspaceFileIndexData.onEntitiesChanged.ms,1781864609389000000,1781864669389000000,0
workspaceModel.init.bridges.ms,1781864609389000000,1781864669389000000,0
workspaceModel.loading.from.cache.ms,1781864609389000000,1781864669389000000,0
workspaceModel.pre.handlers.ms,1781864609389000000,1781864669389000000,0
workspaceModel.cachedValue.total.get.count,1781864609389000000,1781864669389000000,2
workspaceModel.workspaceFileIndexData.processFileSets.ms,1781864609389000000,1781864669389000000,0
workspaceModel.initializing.ms,1781864609389000000,1781864669389000000,0
workspaceModel.updates.count,1781864609389000000,1781864669389000000,0
workspaceModel.collect.changes.ms,1781864609389000000,1781864669389000000,0
workspaceModel.workspaceFileIndexData.instances.count,1781864609389000000,1781864669389000000,0
workspaceModel.full.replace.project.model.ms,1781864609389000000,1781864669389000000,0
workspaceModel.cachedValueWithParameters.calculated.count,1781864609389000000,1781864669389000000,0
workspaceModel.on.before.changed.ms,1781864609389000000,1781864669389000000,0
workspaceModel.updates.precise.ms,1781864609389000000,1781864669389000000,0
FlushQueue.queueSize90P,1781864609389000000,1781864669389000000,0
FlushQueue.queueSizeAvg,1781864609389000000,1781864669389000000,0.0
NonBlockingReadAction.finalizedExecutionsCount,1781864609389000000,1781864669389000000,5
FlushQueue.waitingTime90PNs,1781864609389000000,1781864669389000000,0
FlushQueue.waitingTimeMaxNs,1781864609389000000,1781864669389000000,0
NonBlockingReadAction.finalizedExecutionTimeUs,1781864609389000000,1781864669389000000,298
NonBlockingReadAction.failedExecutionsCount,1781864609389000000,1781864669389000000,0
AWTEventQueue.dispatchTimeAvgNs,1781864609389000000,1781864669389000000,0.0
ReadAction.executionsCount,1781864609389000000,1781864669389000000,557
AWTEventQueue.dispatchTimeMaxNs,1781864609389000000,1781864669389000000,0
FlushQueue.executionTime90PNs,1781864609389000000,1781864669389000000,0
FlushQueue.executionTimeAvgNs,1781864609389000000,1781864669389000000,0.0
AWTEventQueue.dispatchTime90PNs,1781864609389000000,1781864669389000000,0
FlushQueue.executionTimeMaxNs,1781864609389000000,1781864669389000000,0
FlushQueue.tasksExecuted,1781864609389000000,1781864669389000000,0
AWTEventQueue.eventsDispatched,1781864609389000000,1781864669389000000,0
WriteAction.executionsCount,1781864609389000000,1781864669389000000,1
FlushQueue.waitingTimeAvgNs,1781864609389000000,1781864669389000000,0.0
FlushQueue.queueSizeMax,1781864609389000000,1781864669389000000,0
NonBlockingReadAction.failedExecutionTimeUs,1781864609389000000,1781864669389000000,0
AWTEventQueue.dispatchTimeTotalNS,1781864609389000000,1781864669389000000,1076057229
DiskQueryRelay.tasksExecuted,1781864609389000000,1781864669389000000,1
LowMemory.gcLoad,1781864609389000000,1781864669389000000,0.005458881755048506
writeAction.median.wait.ms,1781864609389000000,1781864669389000000,0
LowMemory.gcOverloaded,1781864609389000000,1781864669389000000,0
writeAction.max.wait.ms,1781864609389000000,1781864669389000000,56
DiskQueryRelay.taskExecutionTotalTimeUs,1781864609389000000,1781864669389000000,177
writeAction.count,1781864609389000000,1781864669389000000,1
writeAction.wait.ms,1781864609389000000,1781864669389000000,0
DiskQueryRelay.taskWaitingTotalTimeUs,1781864609389000000,1781864669389000000,198
DiskQueryRelay.tasksRequested,1781864609389000000,1781864669389000000,1
workspaceModel.mutableEntityStorage.collect.changes.ms,1781864609389000000,1781864669389000000,0
jps.module.iml.entities.serializer.save.entities.ms,1781864609389000000,1781864669389000000,0
workspaceModel.mutableEntityStorage.changeLog.addReplaceEventForNewParent.ms,1781864609389000000,1781864669389000000,0
jps.storage.jps.conf.reader.load.component.ms,1781864609389000000,1781864669389000000,0
jps.library.entities.serializer.load.entities.ms,1781864609389000000,1781864669389000000,0
workspaceModel.global.updates.ms,1781864609389000000,1781864669389000000,0
workspaceModel.mutableEntityStorage.resolve.ms,1781864609389000000,1781864669389000000,0
workspaceModel.moduleBridge.facet.initialization.ms,1781864609389000000,1781864669389000000,0
workspaceModel.mutableEntityStorage.add.entity.ms,1781864609389000000,1781864669389000000,0
workspaceModel.mutableEntityStorage.referrers.ms,1781864609389000000,1781864669389000000,0
jps.app.storage.content.writer.save.component.ms,1781864609389000000,1781864669389000000,3
workspaceModel.mutableEntityStorage.remove.entity.ms,1781864609389000000,1781864669389000000,0
workspaceModel.global.apply.state.to.project.builder.ms,1781864609389000000,1781864669389000000,0
jps.facet.change.listener.before.change.events.ms,1781864609389000000,1781864669389000000,0
workspaceModel.moduleManagerBridge.set.unloadedModules.ms,1781864609389000000,1781864669389000000,0
workspaceModel.mutableEntityStorage.has.same.entities.ms,1781864609389000000,1781864669389000000,0
jps.global.initialize.library.bridges.after.loading.ms,1781864609389000000,1781864669389000000,0
workspaceModel.mutableEntityStorage.apply.changes.from.ms,1781864609389000000,1781864669389000000,0
workspaceModel.moduleManagerBridge.build.module.graph.ms,1781864609389000000,1781864669389000000,0
workspaceModel.mutableEntityStorage.entities.ms,1781864609389000000,1781864669389000000,0
jps.global.initialize.library.bridges.ms,1781864609389000000,1781864669389000000,0
workspaceModel.delayed.project.synchronizer.sync.ms,1781864609389000000,1781864669389000000,0
workspaceModel.mutableEntityStorage.mutable.ext.mapping.ms,1781864609389000000,1781864669389000000,0
workspaceModel.load.cache.metadata.from.file.ms,1781864609389000000,1781864669389000000,0
jps.apply.loaded.storage.ms,1781864609389000000,1781864669389000000,0
jps.reload.project.entities.ms,1781864609389000000,1781864669389000000,0
jps.global.handle.before.change.events.ms,1781864609389000000,1781864669389000000,0
workspaceModel.mutableEntityStorage.to.snapshot.ms,1781864609389000000,1781864669389000000,0
jps.module.iml.entities.serializer.load.entities.ms,1781864609389000000,1781864669389000000,0
workspaceModel.moduleManagerBridge.load.all.modules.ms,1781864609389000000,1781864669389000000,0
workspaceModel.sync.entities.ms,1781864609389000000,1781864669389000000,0
workspaceModel.moduleManagerBridge.new.nonPersistent.module.ms,1781864609389000000,1781864669389000000,0
jps.artifact.entities.serializer.load.entities.ms,1781864609389000000,1781864669389000000,0
workspaceModel.load.cache.from.file.ms,1781864609389000000,1781864669389000000,0
workspaceModel.moduleBridge.update.option.ms,1781864609389000000,1781864669389000000,0
workspaceModel.global.updates.count,1781864609389000000,1781864669389000000,0
workspaceModel.mutableEntityStorage.hasReferrers.ms,1781864609389000000,1781864669389000000,0
workspaceModel.moduleManagerBridge.newModule.ms,1781864609389000000,1781864669389000000,0
workspaceModel.moduleBridgeLoader.loading.modules.ms,1781864609389000000,1781864669389000000,0
workspaceModel.global.apply.state.to.project.ms,1781864609389000000,1781864669389000000,0
workspaceModel.mutableEntityStorage.put.entity.ms,1781864609389000000,1781864669389000000,0
jps.module.dependency.index.workspace.model.listener.on.changed.ms,1781864609389000000,1781864669389000000,0
jps.save.changed.project.entities.ms,1781864609389000000,1781864669389000000,0
jps.project.serializers.save.ms,1781864609389000000,1781864669389000000,0
jps.facet.change.listener.init.bridge.ms,1781864609389000000,1781864669389000000,0
jps.global.get.library.by.name.ms,1781864609389000000,1781864669389000000,0
jps.artifact.entities.serializer.save.entities.ms,1781864609389000000,1781864669389000000,0
jps.project.serializers.load.ms,1781864609389000000,1781864669389000000,0
jps.library.entities.serializer.save.entities.ms,1781864609389000000,1781864669389000000,0
jps.global.handle.changed.events.ms,1781864609389000000,1781864669389000000,0
workspaceModel.orphan.listener.update.ms,1781864609389000000,1781864669389000000,0
workspaceModel.mutableEntityStorage.changeLog.addReplaceEventForNewChild.ms,1781864609389000000,1781864669389000000,0
workspaceModel.mutableEntityStorage.mutable.vfurl.index.ms,1781864609389000000,1781864669389000000,0
workspaceModel.moduleManagerBridge.create.module.instance.ms,1781864609389000000,1781864669389000000,0
jps.global.get.library.ms,1781864609389000000,1781864669389000000,0
workspaceModel.mutableEntityStorage.changeLog.addReplaceEventForRemovedParent.ms,1781864609389000000,1781864669389000000,0
workspaceModel.save.cache.to.file.ms,1781864609389000000,1781864669389000000,0
workspaceModel.mutableEntityStorage.modify.entity.ms,1781864609389000000,1781864669389000000,0
workspaceModel.mutableEntityStorage.replace.by.source.ms,1781864609389000000,1781864669389000000,0
jps.app.storage.content.reader.load.component.ms,1781864609389000000,1781864669389000000,0
workspaceModel.mutableEntityStorage.entities.by.source.ms,1781864609389000000,1781864669389000000,0
workspaceModel.moduleManagerBridge.get.modules.ms,1781864609389000000,1781864669389000000,0
workspaceModel.do.save.caches.ms,1781864609389000000,1781864669389000000,0
workspaceModel.mutableEntityStorage.changeLog.addReplaceEventForRemovedChild.ms,1781864609389000000,1781864669389000000,0
jps.load.project.to.empty.storage.ms,1781864609389000000,1781864669389000000,0
jps.save.global.entities.ms,1781864609389000000,1781864669389000000,9
jps.load.initial.state.ms,1781864609389000000,1781864669389000000,0
workspaceModel.moduleManagerBridge.load.module.ms,1781864609389000000,1781864669389000000,0
jps.facet.change.listener.process.change.events.ms,1781864609389000000,1781864669389000000,0
workspaceModel.mutableEntityStorage.instances.count,1781864609389000000,1781864669389000000,0
jps.global.get.libraries.ms,1781864609389000000,1781864669389000000,0
workspaceModel.moduleBridge.before.changed.ms,1781864609389000000,1781864669389000000,0
cacheStateStorage.get.counter,1781864609389000000,1781864669389000000,0
cacheStateStorage.set.duration,1781864609389000000,1781864669389000000,0
cacheStateStorage.get.duration,1781864609389000000,1781864669389000000,0
cacheStateStorage.set.counter,1781864609389000000,1781864669389000000,0
FileChannelInterruptsRetryer.totalRetriedAttempts,1781864609389000000,1781864669389000000,0
StorageLockContext.competingThreads.avg,1781864609389000000,1781864669389000000,0.0
FilePageCache.pageLoads,1781864609389000000,1781864669389000000,0
FilePageCache.pageFastCacheHits,1781864609389000000,1781864669389000000,0
FilePageCache.disposedBuffers,1781864609389000000,1781864669389000000,167
FilePageCache.pageLoadsAboveSizeThreshold,1781864609389000000,1781864669389000000,0
FilePageCache.uncachedFileAccess,1781864609389000000,1781864669389000000,0
StorageLockContext.competingThreads.90P,1781864609389000000,1781864669389000000,0
FilePageCache.capacityInBytes,1781864609389000000,1781864669389000000,629145600
StreamlinedBlobStorage.totalLiveRecordsPayloadBytes,1781864609389000000,1781864669389000000,0
DirectByteBufferAllocator.hits,1781864609389000000,1781864669389000000,0
FilePageCache.maxCacheSizeInBytes,1781864609389000000,1781864669389000000,629153792
MappedFileStorage.totalPagesMapped,1781864609389000000,1781864669389000000,15
DirectByteBufferAllocator.misses,1781864609389000000,1781864669389000000,0
MappedFileStorage.totalBytesMapped,1781864609389000000,1781864669389000000,198443008
DirectByteBufferAllocator.reclaimed,1781864609389000000,1781864669389000000,0
StorageLockContext.competingThreads.max,1781864609389000000,1781864669389000000,0
MappedFileStorage.totalTimeSpentOnMappingUs,1781864609389000000,1781864669389000000,75419
FilePageCache.pageHits,1781864609389000000,1781864669389000000,0
FilePageCache.maxRegisteredFiles,1781864609389000000,1781864669389000000,1652
MappedFileStorage.storages,1781864609389000000,1781864669389000000,15
StreamlinedBlobStorage.recordsRelocated,1781864609389000000,1781864669389000000,0
FilePageCache.totalPageDisposalsUs,1781864609389000000,1781864669389000000,0
StreamlinedBlobStorage.totalLiveRecordsCapacityBytes,1781864609389000000,1781864669389000000,0
DirectByteBufferAllocator.totalSizeOfBuffersCachedInBytes,1781864609389000000,1781864669389000000,104947712
StreamlinedBlobStorage.recordsDeleted,1781864609389000000,1781864669389000000,0
FilePageCache.totalPageLoadsUs,1781864609389000000,1781864669389000000,0
DirectByteBufferAllocator.totalSizeOfBuffersAllocatedInBytes,1781864609389000000,1781864669389000000,0
DirectByteBufferAllocator.disposed,1781864609389000000,1781864669389000000,167
StreamlinedBlobStorage.recordsAllocated,1781864609389000000,1781864669389000000,0
compiler.ArtifactManagerBridge.getArtifacts.ms,1781864609389000000,1781864669389000000,0
compiler.ArtifactManagerBridge.addArtifact.ms,1781864609389000000,1781864669389000000,0
compiler.ArtifactManagerBridge.dropMappings.ms,1781864609389000000,1781864669389000000,0
compiler.ArtifactManagerBridge.initBridges.ms,1781864609389000000,1781864669389000000,0
compiler.ArtifactVirtualFileListener.propertyChanged.ms,1781864609389000000,1781864669389000000,0
compiler.ArtifactManagerBridge.getArtifactsByType.ms,1781864609389000000,1781864669389000000,0
compiler.ArtifactManagerBridge.findArtifact.ms,1781864609389000000,1781864669389000000,0
compiler.ArtifactManagerBridge.commit.ms,1781864609389000000,1781864669389000000,0
compiler.ArtifactVirtualFileListener.filePathChanged.ms,1781864609389000000,1781864669389000000,0
MEM.ramPlusSwapMinusFileMappingsBytes,1781864669389000000,1781864709891000000,2057691136
JVM.GC.collectionTimesMs,1781864669389000000,1781864709891000000,683
JVM.newThreadsCount,1781864669389000000,1781864709891000000,20
JVM.totalBytesAllocated,1781864669389000000,1781864709891000000,577281128
JVM.usedNativeBytes,1781864669389000000,1781864709891000000,465336208
MEM.ramMinusFileMappingsBytes,1781864669389000000,1781864709891000000,2057691136
JVM.totalCpuTimeMs,1781864669389000000,1781864709891000000,35950
OS.loadAverage,1781864669389000000,1781864709891000000,0.90185546875
JVM.totalDirectByteBuffersBytes,1781864669389000000,1781864709891000000,77825
MEM.ramBytes,1781864669389000000,1781864709891000000,2163470336
JVM.committedHeapBytes,1781864669389000000,1781864709891000000,639631360
MEM.fileMappingsRamBytes,1781864669389000000,1781864709891000000,92016640
JVM.totalTimeAtSafepointsMs,1781864669389000000,1781864709891000000,682
JVM.totalTimeToSafepointsMs,1781864669389000000,1781864709891000000,0
JVM.maxHeapBytes,1781864669389000000,1781864709891000000,2147483648
JVM.GC.collections,1781864669389000000,1781864709891000000,3
JVM.maxThreadCount,1781864669389000000,1781864709891000000,144
JVM.threadCount,1781864669389000000,1781864709891000000,79
JVM.usedHeapBytes,1781864669389000000,1781864709891000000,486959968
JVM.totalSafepointCount,1781864669389000000,1781864709891000000,3
Indexing.writer_0.totalTimeSpentWritingMs,1781864669389000000,1781864709891000000,0
Indexes.entries.lookups,1781864669389000000,1781864709891000000,39
Indexing.writer_2.totalTimeSpentWritingMs,1781864669389000000,1781864709891000000,0
Indexes.stubs.lookupDurationMaxMs,1781864669389000000,1781864709891000000,0.0
Indexes.stubs.lookups,1781864669389000000,1781864709891000000,1684
Indexes.allKeys.lookupDurationAvgMs,1781864669389000000,1781864709891000000,0.0
Indexes.allKeys.lookupDurationMaxMs,1781864669389000000,1781864709891000000,0.0
Indexes.allKeys.lookupDuration90PMs,1781864669389000000,1781864709891000000,0.0
Indexing.cache.totalCacheMisses,1781864669389000000,1781864709891000000,1879
Indexing.totalTimeIndexersSleptMs,1781864669389000000,1781864709891000000,0
Indexing.writer_3.totalTimeSpentWritingMs,1781864669389000000,1781864709891000000,0
Indexing.cache.totalCacheEvicted,1781864669389000000,1781864709891000000,2452
Indexes.entries.lookupDurationMaxMs,1781864669389000000,1781864709891000000,0.0
Indexing.writer_1.totalTimeSpentWritingMs,1781864669389000000,1781864709891000000,0
Indexes.stubs.lookupDurationAvgMs,1781864669389000000,1781864709891000000,0.0
Indexes.entries.lookupDuration90PMs,1781864669389000000,1781864709891000000,0.0
Indexes.allKeys.lookups,1781864669389000000,1781864709891000000,1
Indexes.entries.lookupDurationAvgMs,1781864669389000000,1781864709891000000,0.0
Indexes.stubs.lookupDuration90PMs,1781864669389000000,1781864709891000000,0.0
Indexing.writesQueuedMin,1781864669389000000,1781864709891000000,9223372036854775807
Indexing.writesQueuedMax,1781864669389000000,1781864709891000000,0
Indexing.cache.totalCacheAccesses,1781864669389000000,1781864709891000000,5157
workspaceModel.workspaceFileIndexData.getDirectoriesByPackageName.ms,1781864669389000000,1781864709891000000,0
workspaceModel.cachedValueWithParameters.from.cache.count,1781864669389000000,1781864709891000000,3625
workspaceModel.replace.project.model.ms,1781864669389000000,1781864709891000000,0
workspaceModel.cachedValue.from.cache.count,1781864669389000000,1781864709891000000,38
workspaceModel.updates.ms,1781864669389000000,1781864709891000000,0
workspaceModel.on.changed.ms,1781864669389000000,1781864709891000000,0
workspaceModel.check.recursive.update.ms,1781864669389000000,1781864709891000000,0
workspaceModel.cachedValueWithParameters.clear.count,1781864669389000000,1781864709891000000,0
workspaceModel.workspaceFileIndexData.getPackageName.ms,1781864669389000000,1781864709891000000,2
workspaceModel.loading.total.ms,1781864669389000000,1781864709891000000,4
workspaceModel.workspaceFileIndexData.visitFileSets.ms,1781864669389000000,1781864709891000000,7
workspaceModel.workspaceFileIndexData.getFileInfo.ms,1781864669389000000,1781864709891000000,72
workspaceModel.entityStorageSnapshotImpl.instances.count,1781864669389000000,1781864709891000000,1
workspaceModel.workspaceFileIndexData.markDirty.ms,1781864669389000000,1781864709891000000,0
workspaceModel.cachedValueWithParameters.total.get.count,1781864669389000000,1781864709891000000,3625
workspaceModel.workspaceFileIndexData.init.ms,1781864669389000000,1781864709891000000,0
workspaceModel.workspaceFileIndexContributor.registerFileSets.ms,1781864669389000000,1781864709891000000,0
workspaceModel.workspaceFileIndexData.updateDirtyEntities.ms,1781864669389000000,1781864709891000000,0
workspaceModel.cachedValue.calculated.count,1781864669389000000,1781864709891000000,1
workspaceModel.update.unloaded.entities.ms,1781864669389000000,1781864709891000000,0
workspaceModel.cachedValue.clear.count,1781864669389000000,1781864709891000000,0
workspaceModel.to.snapshot.ms,1781864669389000000,1781864709891000000,0
workspaceModel.workspaceFileIndexData.onEntitiesChanged.ms,1781864669389000000,1781864709891000000,0
workspaceModel.init.bridges.ms,1781864669389000000,1781864709891000000,0
workspaceModel.loading.from.cache.ms,1781864669389000000,1781864709891000000,1
workspaceModel.pre.handlers.ms,1781864669389000000,1781864709891000000,0
workspaceModel.cachedValue.total.get.count,1781864669389000000,1781864709891000000,39
workspaceModel.workspaceFileIndexData.processFileSets.ms,1781864669389000000,1781864709891000000,0
workspaceModel.initializing.ms,1781864669389000000,1781864709891000000,0
workspaceModel.updates.count,1781864669389000000,1781864709891000000,0
workspaceModel.collect.changes.ms,1781864669389000000,1781864709891000000,0
workspaceModel.workspaceFileIndexData.instances.count,1781864669389000000,1781864709891000000,0
workspaceModel.full.replace.project.model.ms,1781864669389000000,1781864709891000000,0
workspaceModel.cachedValueWithParameters.calculated.count,1781864669389000000,1781864709891000000,0
workspaceModel.on.before.changed.ms,1781864669389000000,1781864709891000000,0
workspaceModel.updates.precise.ms,1781864669389000000,1781864709891000000,0
NonBlockingReadAction.finalizedExecutionsCount,1781864669389000000,1781864709891000000,63
NonBlockingReadAction.finalizedExecutionTimeUs,1781864669389000000,1781864709891000000,27901
NonBlockingReadAction.failedExecutionsCount,1781864669389000000,1781864709891000000,0
NonBlockingReadAction.failedExecutionTimeUs,1781864669389000000,1781864709891000000,0
AWTEventQueue.dispatchTimeTotalNS,1781864669389000000,1781864709891000000,4578939614
DiskQueryRelay.tasksExecuted,1781864669389000000,1781864709891000000,17
LowMemory.gcLoad,1781864669389000000,1781864709891000000,0.008866258571607034
writeAction.median.wait.ms,1781864669389000000,1781864709891000000,0
parser.JAVA.size.bytes,1781864669389000000,1781864709891000000,2550
LowMemory.gcOverloaded,1781864669389000000,1781864709891000000,0
lexer.JAVA.time.ns,1781864669389000000,1781864709891000000,2150144
writeAction.max.wait.ms,1781864669389000000,1781864709891000000,56
lexer.JAVA.size.bytes,1781864669389000000,1781864709891000000,2550
DiskQueryRelay.taskExecutionTotalTimeUs,1781864669389000000,1781864709891000000,3691
writeAction.count,1781864669389000000,1781864709891000000,11
parser.JAVA.time.ns,1781864669389000000,1781864709891000000,39271556
writeAction.wait.ms,1781864669389000000,1781864709891000000,5
DiskQueryRelay.taskWaitingTotalTimeUs,1781864669389000000,1781864709891000000,3746
DiskQueryRelay.tasksRequested,1781864669389000000,1781864709891000000,17
workspaceModel.mutableEntityStorage.collect.changes.ms,1781864669389000000,1781864709891000000,0
jps.module.iml.entities.serializer.save.entities.ms,1781864669389000000,1781864709891000000,0
workspaceModel.mutableEntityStorage.changeLog.addReplaceEventForNewParent.ms,1781864669389000000,1781864709891000000,0
jps.storage.jps.conf.reader.load.component.ms,1781864669389000000,1781864709891000000,0
jps.library.entities.serializer.load.entities.ms,1781864669389000000,1781864709891000000,0
workspaceModel.global.updates.ms,1781864669389000000,1781864709891000000,0
workspaceModel.mutableEntityStorage.resolve.ms,1781864669389000000,1781864709891000000,0
workspaceModel.moduleBridge.facet.initialization.ms,1781864669389000000,1781864709891000000,0
workspaceModel.mutableEntityStorage.add.entity.ms,1781864669389000000,1781864709891000000,0
workspaceModel.mutableEntityStorage.referrers.ms,1781864669389000000,1781864709891000000,0
jps.app.storage.content.writer.save.component.ms,1781864669389000000,1781864709891000000,1
workspaceModel.mutableEntityStorage.remove.entity.ms,1781864669389000000,1781864709891000000,0
workspaceModel.global.apply.state.to.project.builder.ms,1781864669389000000,1781864709891000000,0
jps.facet.change.listener.before.change.events.ms,1781864669389000000,1781864709891000000,0
workspaceModel.moduleManagerBridge.set.unloadedModules.ms,1781864669389000000,1781864709891000000,0
workspaceModel.mutableEntityStorage.has.same.entities.ms,1781864669389000000,1781864709891000000,0
jps.global.initialize.library.bridges.after.loading.ms,1781864669389000000,1781864709891000000,0
workspaceModel.mutableEntityStorage.apply.changes.from.ms,1781864669389000000,1781864709891000000,0
workspaceModel.moduleManagerBridge.build.module.graph.ms,1781864669389000000,1781864709891000000,0
workspaceModel.mutableEntityStorage.entities.ms,1781864669389000000,1781864709891000000,0
jps.global.initialize.library.bridges.ms,1781864669389000000,1781864709891000000,0
workspaceModel.delayed.project.synchronizer.sync.ms,1781864669389000000,1781864709891000000,0
workspaceModel.mutableEntityStorage.mutable.ext.mapping.ms,1781864669389000000,1781864709891000000,0
workspaceModel.load.cache.metadata.from.file.ms,1781864669389000000,1781864709891000000,0
jps.apply.loaded.storage.ms,1781864669389000000,1781864709891000000,0
jps.reload.project.entities.ms,1781864669389000000,1781864709891000000,0
jps.global.handle.before.change.events.ms,1781864669389000000,1781864709891000000,0
workspaceModel.mutableEntityStorage.to.snapshot.ms,1781864669389000000,1781864709891000000,1
jps.module.iml.entities.serializer.load.entities.ms,1781864669389000000,1781864709891000000,0
workspaceModel.moduleManagerBridge.load.all.modules.ms,1781864669389000000,1781864709891000000,0
workspaceModel.sync.entities.ms,1781864669389000000,1781864709891000000,0
workspaceModel.moduleManagerBridge.new.nonPersistent.module.ms,1781864669389000000,1781864709891000000,0
jps.artifact.entities.serializer.load.entities.ms,1781864669389000000,1781864709891000000,0
workspaceModel.load.cache.from.file.ms,1781864669389000000,1781864709891000000,1
workspaceModel.moduleBridge.update.option.ms,1781864669389000000,1781864709891000000,0
workspaceModel.global.updates.count,1781864669389000000,1781864709891000000,0
workspaceModel.mutableEntityStorage.hasReferrers.ms,1781864669389000000,1781864709891000000,0
workspaceModel.moduleManagerBridge.newModule.ms,1781864669389000000,1781864709891000000,0
workspaceModel.moduleBridgeLoader.loading.modules.ms,1781864669389000000,1781864709891000000,0
workspaceModel.global.apply.state.to.project.ms,1781864669389000000,1781864709891000000,0
workspaceModel.mutableEntityStorage.put.entity.ms,1781864669389000000,1781864709891000000,0
jps.module.dependency.index.workspace.model.listener.on.changed.ms,1781864669389000000,1781864709891000000,0
jps.save.changed.project.entities.ms,1781864669389000000,1781864709891000000,0
jps.project.serializers.save.ms,1781864669389000000,1781864709891000000,0
jps.facet.change.listener.init.bridge.ms,1781864669389000000,1781864709891000000,0
jps.global.get.library.by.name.ms,1781864669389000000,1781864709891000000,0
jps.artifact.entities.serializer.save.entities.ms,1781864669389000000,1781864709891000000,0
jps.project.serializers.load.ms,1781864669389000000,1781864709891000000,0
jps.library.entities.serializer.save.entities.ms,1781864669389000000,1781864709891000000,0
jps.global.handle.changed.events.ms,1781864669389000000,1781864709891000000,0
workspaceModel.orphan.listener.update.ms,1781864669389000000,1781864709891000000,0
workspaceModel.mutableEntityStorage.changeLog.addReplaceEventForNewChild.ms,1781864669389000000,1781864709891000000,0
workspaceModel.mutableEntityStorage.mutable.vfurl.index.ms,1781864669389000000,1781864709891000000,0
workspaceModel.moduleManagerBridge.create.module.instance.ms,1781864669389000000,1781864709891000000,0
jps.global.get.library.ms,1781864669389000000,1781864709891000000,0
workspaceModel.mutableEntityStorage.changeLog.addReplaceEventForRemovedParent.ms,1781864669389000000,1781864709891000000,0
workspaceModel.save.cache.to.file.ms,1781864669389000000,1781864709891000000,0
workspaceModel.mutableEntityStorage.modify.entity.ms,1781864669389000000,1781864709891000000,0
workspaceModel.mutableEntityStorage.replace.by.source.ms,1781864669389000000,1781864709891000000,0
jps.app.storage.content.reader.load.component.ms,1781864669389000000,1781864709891000000,0
workspaceModel.mutableEntityStorage.entities.by.source.ms,1781864669389000000,1781864709891000000,0
workspaceModel.moduleManagerBridge.get.modules.ms,1781864669389000000,1781864709891000000,0
workspaceModel.do.save.caches.ms,1781864669389000000,1781864709891000000,0
workspaceModel.mutableEntityStorage.changeLog.addReplaceEventForRemovedChild.ms,1781864669389000000,1781864709891000000,0
jps.load.project.to.empty.storage.ms,1781864669389000000,1781864709891000000,0
jps.save.global.entities.ms,1781864669389000000,1781864709891000000,3
jps.load.initial.state.ms,1781864669389000000,1781864709891000000,0
workspaceModel.moduleManagerBridge.load.module.ms,1781864669389000000,1781864709891000000,0
jps.facet.change.listener.process.change.events.ms,1781864669389000000,1781864709891000000,0
workspaceModel.mutableEntityStorage.instances.count,1781864669389000000,1781864709891000000,1
jps.global.get.libraries.ms,1781864669389000000,1781864709891000000,0
workspaceModel.moduleBridge.before.changed.ms,1781864669389000000,1781864709891000000,0
cacheStateStorage.get.counter,1781864669389000000,1781864709891000000,2
cacheStateStorage.set.duration,1781864669389000000,1781864709891000000,5
cacheStateStorage.get.duration,1781864669389000000,1781864709891000000,29
cacheStateStorage.set.counter,1781864669389000000,1781864709891000000,22
FileChannelInterruptsRetryer.totalRetriedAttempts,1781864669389000000,1781864709891000000,0
StorageLockContext.competingThreads.avg,1781864669389000000,1781864709891000000,0.0
FilePageCache.pageLoads,1781864669389000000,1781864709891000000,612
FilePageCache.pageFastCacheHits,1781864669389000000,1781864709891000000,14733
FilePageCache.disposedBuffers,1781864669389000000,1781864709891000000,639
FilePageCache.pageLoadsAboveSizeThreshold,1781864669389000000,1781864709891000000,27
FilePageCache.uncachedFileAccess,1781864669389000000,1781864709891000000,515
StorageLockContext.competingThreads.90P,1781864669389000000,1781864709891000000,0
FilePageCache.capacityInBytes,1781864669389000000,1781864709891000000,629145600
DirectByteBufferAllocator.hits,1781864669389000000,1781864709891000000,0
FilePageCache.maxCacheSizeInBytes,1781864669389000000,1781864709891000000,629153792
DirectByteBufferAllocator.misses,1781864669389000000,1781864709891000000,639
DirectByteBufferAllocator.reclaimed,1781864669389000000,1781864709891000000,0
StorageLockContext.competingThreads.max,1781864669389000000,1781864709891000000,0
FilePageCache.pageHits,1781864669389000000,1781864709891000000,0
FilePageCache.maxRegisteredFiles,1781864669389000000,1781864709891000000,1652
FilePageCache.totalPageDisposalsUs,1781864669389000000,1781864709891000000,17969
DirectByteBufferAllocator.totalSizeOfBuffersCachedInBytes,1781864669389000000,1781864709891000000,104947712
FilePageCache.totalPageLoadsUs,1781864669389000000,1781864709891000000,1270001
DirectByteBufferAllocator.totalSizeOfBuffersAllocatedInBytes,1781864669389000000,1781864709891000000,0
DirectByteBufferAllocator.disposed,1781864669389000000,1781864709891000000,639
compiler.ArtifactManagerBridge.getArtifacts.ms,1781864669389000000,1781864709891000000,0
compiler.ArtifactManagerBridge.addArtifact.ms,1781864669389000000,1781864709891000000,0
compiler.ArtifactManagerBridge.dropMappings.ms,1781864669389000000,1781864709891000000,0
compiler.ArtifactManagerBridge.initBridges.ms,1781864669389000000,1781864709891000000,0
compiler.ArtifactVirtualFileListener.propertyChanged.ms,1781864669389000000,1781864709891000000,0
compiler.ArtifactManagerBridge.getArtifactsByType.ms,1781864669389000000,1781864709891000000,0
compiler.ArtifactManagerBridge.findArtifact.ms,1781864669389000000,1781864709891000000,0
compiler.ArtifactManagerBridge.commit.ms,1781864669389000000,1781864709891000000,0
compiler.ArtifactVirtualFileListener.filePathChanged.ms,1781864669389000000,1781864709891000000,0
