# OpenTelemetry Metrics report: .csv, 4 fields: 
# <metric name>, <period start, nanoseconds>, <period end, nanoseconds>, <metric value>
# See CsvMetricsExporter for details.
# 
# NAME, PERIOD_START_NANOS, PERIOD_END_NANOS, VALUE
writeAction.count,1781862962620000000,1781863022648000000,7
writeAction.median.wait.ms,1781862962620000000,1781863022648000000,0
DiskQueryRelay.tasksRequested,1781862962620000000,1781863022648000000,1533
DiskQueryRelay.taskExecutionTotalTimeUs,1781862962620000000,1781863022648000000,1099267
writeAction.max.wait.ms,1781862962620000000,1781863022648000000,24
writeAction.wait.ms,1781862962620000000,1781863022648000000,32
parser.JAVA.size.bytes,1781862962620000000,1781863022648000000,3328
lexer.JAVA.time.ns,1781862962620000000,1781863022648000000,25683621
lexer.JAVA.size.bytes,1781862962620000000,1781863022648000000,3328
DiskQueryRelay.tasksExecuted,1781862962620000000,1781863022648000000,401
parser.JAVA.time.ns,1781862962620000000,1781863022648000000,210789275
DiskQueryRelay.taskWaitingTotalTimeUs,1781862962620000000,1781863022648000000,8511387
LowMemory.gcLoad,1781862962620000000,1781863022648000000,0.0
LowMemory.gcOverloaded,1781862962620000000,1781863022648000000,0
FileNameCache.totalMisses,1781862962620000000,1781863022648000000,640
VFS.fileChildByName,1781862962620000000,1781863022648000000,3665
VFS.contentStorage.recordsStored,1781862962620000000,1781863022648000000,0
VFS.rootsCount,1781862962620000000,1781863022648000000,12.0
VFS.cache.directoriesCreated,1781862962620000000,1781863022648000000,362
FileNameCache.queries,1781862962620000000,1781863022648000000,32512
VFS.cache.filesCreated,1781862962620000000,1781863022648000000,10199
VFS.contentStorage.recordsStoredSize,1781862962620000000,1781863022648000000,0
VFS.contentStorage.recordsStoredCompressed,1781862962620000000,1781863022648000000,0
VFS.cache.segments,1781862962620000000,1781863022648000000,62.0
VFS.folderCaseSensitivityReads,1781862962620000000,1781863022648000000,0
VFS.contentStorage.recordsUncompressedSize,1781862962620000000,1781863022648000000,0
VFS.contentStorage.recordsDecompressionTimeUs,1781862962620000000,1781863022648000000,780
VFS.contentStorage.recordsReadDecompressed,1781862962620000000,1781863022648000000,4
VFS.contentStorage.recordsRead,1781862962620000000,1781863022648000000,9
VFS.cache.segmentsCreated,1781862962620000000,1781863022648000000,62
VFS.fileByIdCache.hits,1781862962620000000,1781863022648000000,0
VFS.invertedFileNameIndex.requests,1781862962620000000,1781863022648000000,4
VFS.contentStorage.recordsReadSize,1781862962620000000,1781863022648000000,274263
VFS.fileByIdCache.misses,1781862962620000000,1781863022648000000,233
VFS.contentStorage.recordsDeduplicated,1781862962620000000,1781863022648000000,0
Indexing.writer_3.totalTimeSpentWritingMs,1781862962620000000,1781863022648000000,0
Indexes.stubs.lookups,1781862962620000000,1781863022648000000,1436
Indexing.cache.totalCacheMisses,1781862962620000000,1781863022648000000,1993
Indexes.stubs.lookupDurationAvgMs,1781862962620000000,1781863022648000000,1.7446366782006921
Indexes.stubs.lookupDurationMaxMs,1781862962620000000,1781863022648000000,505.0
Indexing.writer_0.totalTimeSpentWritingMs,1781862962620000000,1781863022648000000,0
Indexing.writer_1.totalTimeSpentWritingMs,1781862962620000000,1781863022648000000,0
Indexing.writesQueuedMin,1781862962620000000,1781863022648000000,0
Indexes.entries.lookupDurationMaxMs,1781862962620000000,1781863022648000000,116.0
Indexing.cache.totalCacheEvicted,1781862962620000000,1781863022648000000,1407
Indexing.writesQueuedMax,1781862962620000000,1781863022648000000,0
Indexes.stubs.lookupDuration90PMs,1781862962620000000,1781863022648000000,5.0
Indexes.allKeys.lookupDurationAvgMs,1781862962620000000,1781863022648000000,1.0
Indexes.allKeys.lookups,1781862962620000000,1781863022648000000,1
Indexing.totalTimeIndexersSleptMs,1781862962620000000,1781863022648000000,0
Indexes.allKeys.lookupDurationMaxMs,1781862962620000000,1781863022648000000,1.0
Indexes.entries.lookupDurationAvgMs,1781862962620000000,1781863022648000000,6.716981132075472
Indexing.writer_2.totalTimeSpentWritingMs,1781862962620000000,1781863022648000000,0
Indexes.allKeys.lookupDuration90PMs,1781862962620000000,1781863022648000000,1.0
Indexes.entries.lookups,1781862962620000000,1781863022648000000,53
Indexes.entries.lookupDuration90PMs,1781862962620000000,1781863022648000000,18.0
Indexing.cache.totalCacheAccesses,1781862962620000000,1781863022648000000,4862
Indexing.writesQueuedAvg,1781862962620000000,1781863022648000000,0.0
JVM.usedNativeBytes,1781862962620000000,1781863022648000000,418773304
JVM.maxThreadCount,1781862962620000000,1781863022648000000,136
JVM.maxHeapBytes,1781862962620000000,1781863022648000000,2147483648
MEM.ramPlusSwapMinusFileMappingsBytes,1781862962620000000,1781863022648000000,2055938048
JVM.GC.collections,1781862962620000000,1781863022648000000,54
MEM.ramMinusFileMappingsBytes,1781862962620000000,1781863022648000000,2055938048
JVM.totalTimeToSafepointsMs,1781862962620000000,1781863022648000000,70
MEM.ramBytes,1781862962620000000,1781863022648000000,2779947008
JVM.committedHeapBytes,1781862962620000000,1781863022648000000,801112064
MEM.fileMappingsRamBytes,1781862962620000000,1781863022648000000,710901760
JVM.GC.collectionTimesMs,1781862962620000000,1781863022648000000,1168
JVM.totalDirectByteBuffersBytes,1781862962620000000,1781863022648000000,630288385
JVM.totalSafepointCount,1781862962620000000,1781863022648000000,91
JVM.totalBytesAllocated,1781862962620000000,1781863022648000000,3218684712
JVM.totalCpuTimeMs,1781862962620000000,1781863022648000000,205590
JVM.newThreadsCount,1781862962620000000,1781863022648000000,143
JVM.threadCount,1781862962620000000,1781863022648000000,135
JVM.totalTimeAtSafepointsMs,1781862962620000000,1781863022648000000,1214
OS.loadAverage,1781862962620000000,1781863022648000000,2.7392578125
JVM.usedHeapBytes,1781862962620000000,1781863022648000000,657341552
workspaceModel.updates.ms,1781862962620000000,1781863022648000000,237
workspaceModel.cachedValue.total.get.count,1781862962620000000,1781863022648000000,108
workspaceModel.workspaceFileIndexData.getPackageName.ms,1781862962620000000,1781863022648000000,48
workspaceModel.workspaceFileIndexData.getFileInfo.ms,1781862962620000000,1781863022648000000,2050
workspaceModel.workspaceFileIndexData.processFileSets.ms,1781862962620000000,1781863022648000000,0
workspaceModel.full.replace.project.model.ms,1781862962620000000,1781863022648000000,16
workspaceModel.workspaceFileIndexData.updateDirtyEntities.ms,1781862962620000000,1781863022648000000,0
workspaceModel.check.recursive.update.ms,1781862962620000000,1781863022648000000,1
workspaceModel.cachedValue.clear.count,1781862962620000000,1781863022648000000,0
workspaceModel.workspaceFileIndexData.onEntitiesChanged.ms,1781862962620000000,1781863022648000000,5
workspaceModel.workspaceFileIndexData.getDirectoriesByPackageName.ms,1781862962620000000,1781863022648000000,174
workspaceModel.on.changed.ms,1781862962620000000,1781863022648000000,68
workspaceModel.to.snapshot.ms,1781862962620000000,1781863022648000000,2
workspaceModel.cachedValue.calculated.count,1781862962620000000,1781863022648000000,13
workspaceModel.cachedValueWithParameters.total.get.count,1781862962620000000,1781863022648000000,9325
workspaceModel.workspaceFileIndexContributor.registerFileSets.ms,1781862962620000000,1781863022648000000,1480
workspaceModel.updates.precise.ms,1781862962620000000,1781863022648000000,51
workspaceModel.loading.from.cache.ms,1781862962620000000,1781863022648000000,731
workspaceModel.entityStorageSnapshotImpl.instances.count,1781862962620000000,1781863022648000000,22
workspaceModel.cachedValueWithParameters.calculated.count,1781862962620000000,1781863022648000000,3
workspaceModel.workspaceFileIndexData.markDirty.ms,1781862962620000000,1781863022648000000,0
workspaceModel.workspaceFileIndexData.visitFileSets.ms,1781862962620000000,1781863022648000000,0
workspaceModel.workspaceFileIndexData.instances.count,1781862962620000000,1781863022648000000,1
workspaceModel.on.before.changed.ms,1781862962620000000,1781863022648000000,102
workspaceModel.pre.handlers.ms,1781862962620000000,1781863022648000000,2
workspaceModel.cachedValue.from.cache.count,1781862962620000000,1781863022648000000,95
workspaceModel.replace.project.model.ms,1781862962620000000,1781863022648000000,0
workspaceModel.loading.total.ms,1781862962620000000,1781863022648000000,752
workspaceModel.cachedValueWithParameters.clear.count,1781862962620000000,1781863022648000000,0
workspaceModel.init.bridges.ms,1781862962620000000,1781863022648000000,10
workspaceModel.collect.changes.ms,1781862962620000000,1781863022648000000,0
workspaceModel.initializing.ms,1781862962620000000,1781863022648000000,9
workspaceModel.updates.count,1781862962620000000,1781863022648000000,3
workspaceModel.cachedValueWithParameters.from.cache.count,1781862962620000000,1781863022648000000,9322
workspaceModel.workspaceFileIndexData.init.ms,1781862962620000000,1781863022648000000,754
workspaceModel.update.unloaded.entities.ms,1781862962620000000,1781863022648000000,0
StreamlinedBlobStorage.totalLiveRecordsCapacityBytes,1781862962620000000,1781863022648000000,5368151
FileChannelInterruptsRetryer.totalRetriedAttempts,1781862962620000000,1781863022648000000,0
FilePageCache.maxCacheSizeInBytes,1781862962620000000,1781863022648000000,629153792
FilePageCache.totalPageDisposalsUs,1781862962620000000,1781863022648000000,13152
StreamlinedBlobStorage.recordsRelocated,1781862962620000000,1781863022648000000,0
StorageLockContext.competingThreads.avg,1781862962620000000,1781863022648000000,0.22608695652173913
StreamlinedBlobStorage.recordsDeleted,1781862962620000000,1781863022648000000,3
DirectByteBufferAllocator.totalSizeOfBuffersAllocatedInBytes,1781862962620000000,1781863022648000000,630210560
MappedFileStorage.totalTimeSpentOnMappingUs,1781862962620000000,1781863022648000000,64415
FilePageCache.pageLoadsAboveSizeThreshold,1781862962620000000,1781863022648000000,36
StreamlinedBlobStorage.totalLiveRecordsPayloadBytes,1781862962620000000,1781863022648000000,2928837
DirectByteBufferAllocator.totalSizeOfBuffersCachedInBytes,1781862962620000000,1781863022648000000,1064960
FilePageCache.disposedBuffers,1781862962620000000,1781863022648000000,40
FilePageCache.capacityInBytes,1781862962620000000,1781863022648000000,629145600
StorageLockContext.competingThreads.90P,1781862962620000000,1781863022648000000,0
DirectByteBufferAllocator.misses,1781862962620000000,1781863022648000000,603
MappedFileStorage.totalBytesMapped,1781862962620000000,1781863022648000000,181665792
StreamlinedBlobStorage.recordsAllocated,1781862962620000000,1781863022648000000,60229
FilePageCache.uncachedFileAccess,1781862962620000000,1781863022648000000,505
FilePageCache.maxRegisteredFiles,1781862962620000000,1781863022648000000,1652
FilePageCache.pageFastCacheHits,1781862962620000000,1781863022648000000,14978
DirectByteBufferAllocator.hits,1781862962620000000,1781863022648000000,37
FilePageCache.totalPageLoadsUs,1781862962620000000,1781863022648000000,2469256
DirectByteBufferAllocator.reclaimed,1781862962620000000,1781863022648000000,40
FilePageCache.pageLoads,1781862962620000000,1781863022648000000,604
FilePageCache.pageHits,1781862962620000000,1781863022648000000,0
MappedFileStorage.totalPagesMapped,1781862962620000000,1781863022648000000,11
MappedFileStorage.storages,1781862962620000000,1781863022648000000,11
DirectByteBufferAllocator.disposed,1781862962620000000,1781863022648000000,0
StorageLockContext.competingThreads.max,1781862962620000000,1781863022648000000,11
cacheStateStorage.set.counter,1781862962620000000,1781863022648000000,3
cacheStateStorage.set.duration,1781862962620000000,1781863022648000000,32
cacheStateStorage.get.counter,1781862962620000000,1781863022648000000,31
cacheStateStorage.get.duration,1781862962620000000,1781863022648000000,480
compiler.ArtifactManagerBridge.getArtifactsByType.ms,1781862962620000000,1781863022648000000,8
compiler.ArtifactManagerBridge.addArtifact.ms,1781862962620000000,1781863022648000000,0
compiler.ArtifactVirtualFileListener.filePathChanged.ms,1781862962620000000,1781863022648000000,0
compiler.ArtifactManagerBridge.commit.ms,1781862962620000000,1781863022648000000,0
compiler.ArtifactManagerBridge.dropMappings.ms,1781862962620000000,1781863022648000000,0
compiler.ArtifactManagerBridge.getArtifacts.ms,1781862962620000000,1781863022648000000,0
compiler.ArtifactManagerBridge.findArtifact.ms,1781862962620000000,1781863022648000000,0
compiler.ArtifactManagerBridge.initBridges.ms,1781862962620000000,1781863022648000000,1
compiler.ArtifactVirtualFileListener.propertyChanged.ms,1781862962620000000,1781863022648000000,0
FlushQueue.waitingTimeAvgNs,1781862962620000000,1781863022648000000,6.363010987764512E8
FlushQueue.tasksExecuted,1781862962620000000,1781863022648000000,2429
FlushQueue.waitingTimeMaxNs,1781862962620000000,1781863022648000000,3238002687
AWTEventQueue.dispatchTimeTotalNS,1781862962620000000,1781863022648000000,23371325106
AWTEventQueue.dispatchTimeAvgNs,1781862962620000000,1781863022648000000,8990481.594459407
ReadAction.executionsCount,1781862962620000000,1781863022648000000,3571
WriteAction.executionsCount,1781862962620000000,1781863022648000000,7
FlushQueue.queueSize90P,1781862962620000000,1781863022648000000,166
AWTEventQueue.eventsDispatched,1781862962620000000,1781863022648000000,2599
NonBlockingReadAction.finalizedExecutionsCount,1781862962620000000,1781863022648000000,52
FlushQueue.waitingTime90PNs,1781862962620000000,1781863022648000000,1744830463
FlushQueue.executionTimeMaxNs,1781862962620000000,1781863022648000000,1493172223
NonBlockingReadAction.failedExecutionsCount,1781862962620000000,1781863022648000000,0
AWTEventQueue.dispatchTime90PNs,1781862962620000000,1781863022648000000,12255231
FlushQueue.executionTime90PNs,1781862962620000000,1781863022648000000,2342911
NonBlockingReadAction.failedExecutionTimeUs,1781862962620000000,1781863022648000000,0
NonBlockingReadAction.finalizedExecutionTimeUs,1781862962620000000,1781863022648000000,862613
AWTEventQueue.dispatchTimeMaxNs,1781862962620000000,1781863022648000000,1493172223
FlushQueue.queueSizeMax,1781862962620000000,1781863022648000000,271
FlushQueue.executionTimeAvgNs,1781862962620000000,1781863022648000000,5429845.467270481
FlushQueue.queueSizeAvg,1781862962620000000,1781863022648000000,61.851790860436395
workspaceModel.moduleManagerBridge.build.module.graph.ms,1781862962620000000,1781863022648000000,10
workspaceModel.mutableEntityStorage.add.entity.ms,1781862962620000000,1781863022648000000,188
workspaceModel.mutableEntityStorage.changeLog.addReplaceEventForNewParent.ms,1781862962620000000,1781863022648000000,18
jps.facet.change.listener.init.bridge.ms,1781862962620000000,1781863022648000000,2
jps.facet.change.listener.process.change.events.ms,1781862962620000000,1781863022648000000,12
jps.global.initialize.library.bridges.ms,1781862962620000000,1781863022648000000,1
workspaceModel.moduleManagerBridge.set.unloadedModules.ms,1781862962620000000,1781863022648000000,0
jps.global.get.libraries.ms,1781862962620000000,1781863022648000000,3
workspaceModel.moduleBridge.update.option.ms,1781862962620000000,1781863022648000000,0
workspaceModel.moduleManagerBridge.create.module.instance.ms,1781862962620000000,1781863022648000000,0
workspaceModel.global.updates.count,1781862962620000000,1781863022648000000,1
workspaceModel.mutableEntityStorage.mutable.vfurl.index.ms,1781862962620000000,1781863022648000000,0
jps.save.changed.project.entities.ms,1781862962620000000,1781863022648000000,0
jps.load.project.to.empty.storage.ms,1781862962620000000,1781863022648000000,730
workspaceModel.mutableEntityStorage.put.entity.ms,1781862962620000000,1781863022648000000,44
jps.facet.change.listener.before.change.events.ms,1781862962620000000,1781863022648000000,0
jps.global.get.library.ms,1781862962620000000,1781863022648000000,0
workspaceModel.mutableEntityStorage.to.snapshot.ms,1781862962620000000,1781863022648000000,12
workspaceModel.mutableEntityStorage.entities.by.source.ms,1781862962620000000,1781863022648000000,2
workspaceModel.global.apply.state.to.project.builder.ms,1781862962620000000,1781863022648000000,19
jps.artifact.entities.serializer.save.entities.ms,1781862962620000000,1781863022648000000,0
workspaceModel.mutableEntityStorage.referrers.ms,1781862962620000000,1781863022648000000,0
jps.global.get.library.by.name.ms,1781862962620000000,1781863022648000000,0
jps.module.iml.entities.serializer.save.entities.ms,1781862962620000000,1781863022648000000,0
workspaceModel.global.updates.ms,1781862962620000000,1781863022648000000,16
workspaceModel.moduleManagerBridge.new.nonPersistent.module.ms,1781862962620000000,1781863022648000000,0
workspaceModel.moduleManagerBridge.load.all.modules.ms,1781862962620000000,1781863022648000000,133
workspaceModel.mutableEntityStorage.hasReferrers.ms,1781862962620000000,1781863022648000000,0
workspaceModel.save.cache.to.file.ms,1781862962620000000,1781863022648000000,269
workspaceModel.load.cache.from.file.ms,1781862962620000000,1781863022648000000,748
jps.module.iml.entities.serializer.load.entities.ms,1781862962620000000,1781863022648000000,358
jps.app.storage.content.reader.load.component.ms,1781862962620000000,1781863022648000000,8
workspaceModel.moduleBridge.facet.initialization.ms,1781862962620000000,1781863022648000000,60
jps.project.serializers.load.ms,1781862962620000000,1781863022648000000,470
workspaceModel.mutableEntityStorage.has.same.entities.ms,1781862962620000000,1781863022648000000,0
workspaceModel.delayed.project.synchronizer.sync.ms,1781862962620000000,1781863022648000000,875
workspaceModel.mutableEntityStorage.mutable.ext.mapping.ms,1781862962620000000,1781863022648000000,6
jps.reload.project.entities.ms,1781862962620000000,1781863022648000000,0
workspaceModel.sync.entities.ms,1781862962620000000,1781863022648000000,0
workspaceModel.mutableEntityStorage.apply.changes.from.ms,1781862962620000000,1781863022648000000,56
workspaceModel.mutableEntityStorage.remove.entity.ms,1781862962620000000,1781863022648000000,0
jps.global.handle.changed.events.ms,1781862962620000000,1781863022648000000,0
workspaceModel.moduleBridgeLoader.loading.modules.ms,1781862962620000000,1781863022648000000,612
jps.library.entities.serializer.save.entities.ms,1781862962620000000,1781863022648000000,0
jps.artifact.entities.serializer.load.entities.ms,1781862962620000000,1781863022648000000,0
workspaceModel.mutableEntityStorage.changeLog.addReplaceEventForNewChild.ms,1781862962620000000,1781863022648000000,2
workspaceModel.global.apply.state.to.project.ms,1781862962620000000,1781863022648000000,237
jps.storage.jps.conf.reader.load.component.ms,1781862962620000000,1781863022648000000,7
workspaceModel.mutableEntityStorage.resolve.ms,1781862962620000000,1781863022648000000,0
workspaceModel.load.cache.metadata.from.file.ms,1781862962620000000,1781863022648000000,43
workspaceModel.mutableEntityStorage.entities.ms,1781862962620000000,1781863022648000000,0
workspaceModel.moduleManagerBridge.load.module.ms,1781862962620000000,1781863022648000000,0
workspaceModel.moduleManagerBridge.newModule.ms,1781862962620000000,1781863022648000000,0
workspaceModel.mutableEntityStorage.changeLog.addReplaceEventForRemovedParent.ms,1781862962620000000,1781863022648000000,0
workspaceModel.mutableEntityStorage.instances.count,1781862962620000000,1781863022648000000,33
workspaceModel.orphan.listener.update.ms,1781862962620000000,1781863022648000000,8
jps.global.initialize.library.bridges.after.loading.ms,1781862962620000000,1781863022648000000,4
jps.project.serializers.save.ms,1781862962620000000,1781863022648000000,0
workspaceModel.mutableEntityStorage.collect.changes.ms,1781862962620000000,1781863022648000000,3
workspaceModel.mutableEntityStorage.changeLog.addReplaceEventForRemovedChild.ms,1781862962620000000,1781863022648000000,0
workspaceModel.moduleBridge.before.changed.ms,1781862962620000000,1781863022648000000,0
workspaceModel.moduleManagerBridge.get.modules.ms,1781862962620000000,1781863022648000000,6
workspaceModel.mutableEntityStorage.modify.entity.ms,1781862962620000000,1781863022648000000,13
jps.apply.loaded.storage.ms,1781862962620000000,1781863022648000000,134
jps.load.initial.state.ms,1781862962620000000,1781863022648000000,70
workspaceModel.mutableEntityStorage.replace.by.source.ms,1781862962620000000,1781863022648000000,91
jps.library.entities.serializer.load.entities.ms,1781862962620000000,1781863022648000000,0
jps.global.handle.before.change.events.ms,1781862962620000000,1781863022648000000,0
workspaceModel.do.save.caches.ms,1781862962620000000,1781863022648000000,376
jps.save.global.entities.ms,1781862962620000000,1781863022648000000,0
jps.module.dependency.index.workspace.model.listener.on.changed.ms,1781862962620000000,1781863022648000000,3
writeAction.count,1781863022648000000,1781863082648000000,4
writeAction.median.wait.ms,1781863022648000000,1781863082648000000,0
DiskQueryRelay.tasksRequested,1781863022648000000,1781863082648000000,455
DiskQueryRelay.taskExecutionTotalTimeUs,1781863022648000000,1781863082648000000,629578
writeAction.max.wait.ms,1781863022648000000,1781863082648000000,24
writeAction.wait.ms,1781863022648000000,1781863082648000000,3
parser.JAVA.size.bytes,1781863022648000000,1781863082648000000,508
lexer.JAVA.time.ns,1781863022648000000,1781863082648000000,289374
lexer.JAVA.size.bytes,1781863022648000000,1781863082648000000,508
DiskQueryRelay.tasksExecuted,1781863022648000000,1781863082648000000,453
parser.JAVA.time.ns,1781863022648000000,1781863082648000000,11162897
DiskQueryRelay.taskWaitingTotalTimeUs,1781863022648000000,1781863082648000000,766004
LowMemory.gcLoad,1781863022648000000,1781863082648000000,0.0030156676292363038
LowMemory.gcOverloaded,1781863022648000000,1781863082648000000,0
FileNameCache.totalMisses,1781863022648000000,1781863082648000000,128
VFS.fileChildByName,1781863022648000000,1781863082648000000,1908
VFS.contentStorage.recordsStored,1781863022648000000,1781863082648000000,0
VFS.rootsCount,1781863022648000000,1781863082648000000,12.0
VFS.cache.directoriesCreated,1781863022648000000,1781863082648000000,3
FileNameCache.queries,1781863022648000000,1781863082648000000,37056
VFS.cache.filesCreated,1781863022648000000,1781863082648000000,7646
VFS.contentStorage.recordsStoredSize,1781863022648000000,1781863082648000000,0
VFS.contentStorage.recordsStoredCompressed,1781863022648000000,1781863082648000000,0
VFS.cache.segments,1781863022648000000,1781863082648000000,62.0
VFS.folderCaseSensitivityReads,1781863022648000000,1781863082648000000,0
VFS.contentStorage.recordsUncompressedSize,1781863022648000000,1781863082648000000,0
VFS.contentStorage.recordsDecompressionTimeUs,1781863022648000000,1781863082648000000,1233
VFS.contentStorage.recordsReadDecompressed,1781863022648000000,1781863082648000000,5
VFS.contentStorage.recordsRead,1781863022648000000,1781863082648000000,97
VFS.cache.segmentsCreated,1781863022648000000,1781863082648000000,0
VFS.fileByIdCache.hits,1781863022648000000,1781863082648000000,0
VFS.invertedFileNameIndex.requests,1781863022648000000,1781863082648000000,2
VFS.contentStorage.recordsReadSize,1781863022648000000,1781863082648000000,173298
VFS.fileByIdCache.misses,1781863022648000000,1781863082648000000,89
VFS.contentStorage.recordsDeduplicated,1781863022648000000,1781863082648000000,4
Indexing.writer_3.totalTimeSpentWritingMs,1781863022648000000,1781863082648000000,289
Indexes.stubs.lookups,1781863022648000000,1781863082648000000,1097
Indexing.cache.totalCacheMisses,1781863022648000000,1781863082648000000,1571
Indexes.stubs.lookupDurationAvgMs,1781863022648000000,1781863082648000000,0.26071103008204194
Indexes.stubs.lookupDurationMaxMs,1781863022648000000,1781863082648000000,11.0
Indexing.writer_0.totalTimeSpentWritingMs,1781863022648000000,1781863082648000000,126
Indexing.writer_1.totalTimeSpentWritingMs,1781863022648000000,1781863082648000000,124
Indexing.writesQueuedMin,1781863022648000000,1781863082648000000,0
Indexes.entries.lookupDurationMaxMs,1781863022648000000,1781863082648000000,6.0
Indexing.cache.totalCacheEvicted,1781863022648000000,1781863082648000000,1652
Indexing.writesQueuedMax,1781863022648000000,1781863082648000000,16
Indexes.stubs.lookupDuration90PMs,1781863022648000000,1781863082648000000,1.0
Indexes.allKeys.lookupDurationAvgMs,1781863022648000000,1781863082648000000,0.0
Indexes.allKeys.lookups,1781863022648000000,1781863082648000000,1
Indexing.totalTimeIndexersSleptMs,1781863022648000000,1781863082648000000,0
Indexes.allKeys.lookupDurationMaxMs,1781863022648000000,1781863082648000000,0.0
Indexes.entries.lookupDurationAvgMs,1781863022648000000,1781863082648000000,1.2352941176470589
Indexing.writer_2.totalTimeSpentWritingMs,1781863022648000000,1781863082648000000,180
Indexes.allKeys.lookupDuration90PMs,1781863022648000000,1781863082648000000,0.0
Indexes.entries.lookups,1781863022648000000,1781863082648000000,16
Indexes.entries.lookupDuration90PMs,1781863022648000000,1781863082648000000,6.0
Indexing.cache.totalCacheAccesses,1781863022648000000,1781863082648000000,2859
Indexing.writesQueuedAvg,1781863022648000000,1781863082648000000,0.14414414414414414
JVM.usedNativeBytes,1781863022648000000,1781863082648000000,436127376
JVM.maxThreadCount,1781863022648000000,1781863082648000000,136
JVM.maxHeapBytes,1781863022648000000,1781863082648000000,2147483648
MEM.ramPlusSwapMinusFileMappingsBytes,1781863022648000000,1781863082648000000,1387528192
JVM.GC.collections,1781863022648000000,1781863082648000000,5
MEM.ramMinusFileMappingsBytes,1781863022648000000,1781863082648000000,1387528192
JVM.totalTimeToSafepointsMs,1781863022648000000,1781863082648000000,1
MEM.ramBytes,1781863022648000000,1781863082648000000,2117435392
JVM.committedHeapBytes,1781863022648000000,1781863082648000000,615514112
MEM.fileMappingsRamBytes,1781863022648000000,1781863082648000000,716800000
JVM.GC.collectionTimesMs,1781863022648000000,1781863082648000000,330
JVM.totalDirectByteBuffersBytes,1781863022648000000,1781863082648000000,61992961
JVM.totalSafepointCount,1781863022648000000,1781863082648000000,5
JVM.totalBytesAllocated,1781863022648000000,1781863082648000000,447817408
JVM.totalCpuTimeMs,1781863022648000000,1781863082648000000,21520
JVM.newThreadsCount,1781863022648000000,1781863082648000000,22
JVM.threadCount,1781863022648000000,1781863082648000000,83
JVM.totalTimeAtSafepointsMs,1781863022648000000,1781863082648000000,332
OS.loadAverage,1781863022648000000,1781863082648000000,1.95703125
JVM.usedHeapBytes,1781863022648000000,1781863082648000000,530136184
workspaceModel.updates.ms,1781863022648000000,1781863082648000000,0
workspaceModel.cachedValue.total.get.count,1781863022648000000,1781863082648000000,15
workspaceModel.workspaceFileIndexData.getPackageName.ms,1781863022648000000,1781863082648000000,4
workspaceModel.workspaceFileIndexData.getFileInfo.ms,1781863022648000000,1781863082648000000,52
workspaceModel.workspaceFileIndexData.processFileSets.ms,1781863022648000000,1781863082648000000,0
workspaceModel.full.replace.project.model.ms,1781863022648000000,1781863082648000000,0
workspaceModel.workspaceFileIndexData.updateDirtyEntities.ms,1781863022648000000,1781863082648000000,0
workspaceModel.check.recursive.update.ms,1781863022648000000,1781863082648000000,0
workspaceModel.cachedValue.clear.count,1781863022648000000,1781863082648000000,0
workspaceModel.workspaceFileIndexData.onEntitiesChanged.ms,1781863022648000000,1781863082648000000,0
workspaceModel.workspaceFileIndexData.getDirectoriesByPackageName.ms,1781863022648000000,1781863082648000000,4
workspaceModel.on.changed.ms,1781863022648000000,1781863082648000000,0
workspaceModel.to.snapshot.ms,1781863022648000000,1781863082648000000,0
workspaceModel.cachedValue.calculated.count,1781863022648000000,1781863082648000000,1
workspaceModel.cachedValueWithParameters.total.get.count,1781863022648000000,1781863082648000000,4010
workspaceModel.workspaceFileIndexContributor.registerFileSets.ms,1781863022648000000,1781863082648000000,0
workspaceModel.updates.precise.ms,1781863022648000000,1781863082648000000,0
workspaceModel.loading.from.cache.ms,1781863022648000000,1781863082648000000,0
workspaceModel.entityStorageSnapshotImpl.instances.count,1781863022648000000,1781863082648000000,0
workspaceModel.cachedValueWithParameters.calculated.count,1781863022648000000,1781863082648000000,0
workspaceModel.workspaceFileIndexData.markDirty.ms,1781863022648000000,1781863082648000000,0
workspaceModel.workspaceFileIndexData.visitFileSets.ms,1781863022648000000,1781863082648000000,0
workspaceModel.workspaceFileIndexData.instances.count,1781863022648000000,1781863082648000000,0
workspaceModel.on.before.changed.ms,1781863022648000000,1781863082648000000,0
workspaceModel.pre.handlers.ms,1781863022648000000,1781863082648000000,0
workspaceModel.cachedValue.from.cache.count,1781863022648000000,1781863082648000000,14
workspaceModel.replace.project.model.ms,1781863022648000000,1781863082648000000,0
workspaceModel.loading.total.ms,1781863022648000000,1781863082648000000,0
workspaceModel.cachedValueWithParameters.clear.count,1781863022648000000,1781863082648000000,0
workspaceModel.init.bridges.ms,1781863022648000000,1781863082648000000,0
workspaceModel.collect.changes.ms,1781863022648000000,1781863082648000000,0
workspaceModel.initializing.ms,1781863022648000000,1781863082648000000,0
workspaceModel.updates.count,1781863022648000000,1781863082648000000,0
workspaceModel.cachedValueWithParameters.from.cache.count,1781863022648000000,1781863082648000000,4010
workspaceModel.workspaceFileIndexData.init.ms,1781863022648000000,1781863082648000000,0
workspaceModel.update.unloaded.entities.ms,1781863022648000000,1781863082648000000,0
StreamlinedBlobStorage.totalLiveRecordsCapacityBytes,1781863022648000000,1781863082648000000,1190
FileChannelInterruptsRetryer.totalRetriedAttempts,1781863022648000000,1781863082648000000,0
FilePageCache.maxCacheSizeInBytes,1781863022648000000,1781863082648000000,629153792
FilePageCache.totalPageDisposalsUs,1781863022648000000,1781863082648000000,164
StreamlinedBlobStorage.recordsRelocated,1781863022648000000,1781863082648000000,0
StorageLockContext.competingThreads.avg,1781863022648000000,1781863082648000000,0.0
StreamlinedBlobStorage.recordsDeleted,1781863022648000000,1781863082648000000,0
DirectByteBufferAllocator.totalSizeOfBuffersAllocatedInBytes,1781863022648000000,1781863082648000000,61915136
MappedFileStorage.totalTimeSpentOnMappingUs,1781863022648000000,1781863082648000000,66631
FilePageCache.pageLoadsAboveSizeThreshold,1781863022648000000,1781863082648000000,0
StreamlinedBlobStorage.totalLiveRecordsPayloadBytes,1781863022648000000,1781863082648000000,-89
DirectByteBufferAllocator.totalSizeOfBuffersCachedInBytes,1781863022648000000,1781863082648000000,41959424
FilePageCache.disposedBuffers,1781863022648000000,1781863082648000000,600
FilePageCache.capacityInBytes,1781863022648000000,1781863082648000000,629145600
StorageLockContext.competingThreads.90P,1781863022648000000,1781863082648000000,0
DirectByteBufferAllocator.misses,1781863022648000000,1781863082648000000,65
MappedFileStorage.totalBytesMapped,1781863022648000000,1781863082648000000,198443008
StreamlinedBlobStorage.recordsAllocated,1781863022648000000,1781863082648000000,17
FilePageCache.uncachedFileAccess,1781863022648000000,1781863082648000000,56
FilePageCache.maxRegisteredFiles,1781863022648000000,1781863082648000000,1652
FilePageCache.pageFastCacheHits,1781863022648000000,1781863082648000000,2118
DirectByteBufferAllocator.hits,1781863022648000000,1781863082648000000,0
FilePageCache.totalPageLoadsUs,1781863022648000000,1781863082648000000,121377
DirectByteBufferAllocator.reclaimed,1781863022648000000,1781863082648000000,39
FilePageCache.pageLoads,1781863022648000000,1781863082648000000,65
FilePageCache.pageHits,1781863022648000000,1781863082648000000,2
MappedFileStorage.totalPagesMapped,1781863022648000000,1781863082648000000,15
MappedFileStorage.storages,1781863022648000000,1781863082648000000,15
DirectByteBufferAllocator.disposed,1781863022648000000,1781863082648000000,603
StorageLockContext.competingThreads.max,1781863022648000000,1781863082648000000,0
cacheStateStorage.set.counter,1781863022648000000,1781863082648000000,1
cacheStateStorage.set.duration,1781863022648000000,1781863082648000000,6
cacheStateStorage.get.counter,1781863022648000000,1781863082648000000,4
cacheStateStorage.get.duration,1781863022648000000,1781863082648000000,42
compiler.ArtifactManagerBridge.getArtifactsByType.ms,1781863022648000000,1781863082648000000,0
compiler.ArtifactManagerBridge.addArtifact.ms,1781863022648000000,1781863082648000000,0
compiler.ArtifactVirtualFileListener.filePathChanged.ms,1781863022648000000,1781863082648000000,0
compiler.ArtifactManagerBridge.commit.ms,1781863022648000000,1781863082648000000,0
compiler.ArtifactManagerBridge.dropMappings.ms,1781863022648000000,1781863082648000000,0
compiler.ArtifactManagerBridge.getArtifacts.ms,1781863022648000000,1781863082648000000,0
compiler.ArtifactManagerBridge.findArtifact.ms,1781863022648000000,1781863082648000000,0
compiler.ArtifactManagerBridge.initBridges.ms,1781863022648000000,1781863082648000000,0
compiler.ArtifactVirtualFileListener.propertyChanged.ms,1781863022648000000,1781863082648000000,0
FlushQueue.waitingTimeAvgNs,1781863022648000000,1781863082648000000,1.7056574914285716E7
FlushQueue.tasksExecuted,1781863022648000000,1781863082648000000,560
FlushQueue.waitingTimeMaxNs,1781863022648000000,1781863082648000000,343932927
AWTEventQueue.dispatchTimeTotalNS,1781863022648000000,1781863082648000000,1936928625
AWTEventQueue.dispatchTimeAvgNs,1781863022648000000,1781863082648000000,2213463.369142857
ReadAction.executionsCount,1781863022648000000,1781863082648000000,4238
WriteAction.executionsCount,1781863022648000000,1781863082648000000,4
FlushQueue.queueSize90P,1781863022648000000,1781863082648000000,10
AWTEventQueue.eventsDispatched,1781863022648000000,1781863082648000000,875
NonBlockingReadAction.finalizedExecutionsCount,1781863022648000000,1781863082648000000,31
FlushQueue.waitingTime90PNs,1781863022648000000,1781863082648000000,28180479
FlushQueue.executionTimeMaxNs,1781863022648000000,1781863082648000000,222298111
NonBlockingReadAction.failedExecutionsCount,1781863022648000000,1781863082648000000,1
AWTEventQueue.dispatchTime90PNs,1781863022648000000,1781863082648000000,3293183
FlushQueue.executionTime90PNs,1781863022648000000,1781863082648000000,1294335
NonBlockingReadAction.failedExecutionTimeUs,1781863022648000000,1781863082648000000,62511
NonBlockingReadAction.finalizedExecutionTimeUs,1781863022648000000,1781863082648000000,266825
AWTEventQueue.dispatchTimeMaxNs,1781863022648000000,1781863082648000000,343932927
FlushQueue.queueSizeMax,1781863022648000000,1781863082648000000,22
FlushQueue.executionTimeAvgNs,1781863022648000000,1781863082648000000,966048.6
FlushQueue.queueSizeAvg,1781863022648000000,1781863082648000000,3.0464285714285713
workspaceModel.moduleManagerBridge.build.module.graph.ms,1781863022648000000,1781863082648000000,0
workspaceModel.mutableEntityStorage.add.entity.ms,1781863022648000000,1781863082648000000,0
workspaceModel.mutableEntityStorage.changeLog.addReplaceEventForNewParent.ms,1781863022648000000,1781863082648000000,0
jps.facet.change.listener.init.bridge.ms,1781863022648000000,1781863082648000000,0
jps.facet.change.listener.process.change.events.ms,1781863022648000000,1781863082648000000,0
jps.global.initialize.library.bridges.ms,1781863022648000000,1781863082648000000,0
workspaceModel.moduleManagerBridge.set.unloadedModules.ms,1781863022648000000,1781863082648000000,0
jps.global.get.libraries.ms,1781863022648000000,1781863082648000000,0
workspaceModel.moduleBridge.update.option.ms,1781863022648000000,1781863082648000000,0
workspaceModel.moduleManagerBridge.create.module.instance.ms,1781863022648000000,1781863082648000000,0
workspaceModel.global.updates.count,1781863022648000000,1781863082648000000,0
workspaceModel.mutableEntityStorage.mutable.vfurl.index.ms,1781863022648000000,1781863082648000000,0
jps.save.changed.project.entities.ms,1781863022648000000,1781863082648000000,2
jps.load.project.to.empty.storage.ms,1781863022648000000,1781863082648000000,0
workspaceModel.mutableEntityStorage.put.entity.ms,1781863022648000000,1781863082648000000,0
jps.facet.change.listener.before.change.events.ms,1781863022648000000,1781863082648000000,0
jps.global.get.library.ms,1781863022648000000,1781863082648000000,0
workspaceModel.mutableEntityStorage.to.snapshot.ms,1781863022648000000,1781863082648000000,0
workspaceModel.mutableEntityStorage.entities.by.source.ms,1781863022648000000,1781863082648000000,0
workspaceModel.global.apply.state.to.project.builder.ms,1781863022648000000,1781863082648000000,0
jps.artifact.entities.serializer.save.entities.ms,1781863022648000000,1781863082648000000,0
workspaceModel.mutableEntityStorage.referrers.ms,1781863022648000000,1781863082648000000,0
jps.global.get.library.by.name.ms,1781863022648000000,1781863082648000000,0
jps.module.iml.entities.serializer.save.entities.ms,1781863022648000000,1781863082648000000,0
workspaceModel.global.updates.ms,1781863022648000000,1781863082648000000,0
workspaceModel.moduleManagerBridge.new.nonPersistent.module.ms,1781863022648000000,1781863082648000000,0
workspaceModel.moduleManagerBridge.load.all.modules.ms,1781863022648000000,1781863082648000000,0
workspaceModel.mutableEntityStorage.hasReferrers.ms,1781863022648000000,1781863082648000000,0
workspaceModel.save.cache.to.file.ms,1781863022648000000,1781863082648000000,0
workspaceModel.load.cache.from.file.ms,1781863022648000000,1781863082648000000,0
jps.module.iml.entities.serializer.load.entities.ms,1781863022648000000,1781863082648000000,0
jps.app.storage.content.reader.load.component.ms,1781863022648000000,1781863082648000000,0
workspaceModel.moduleBridge.facet.initialization.ms,1781863022648000000,1781863082648000000,0
jps.project.serializers.load.ms,1781863022648000000,1781863082648000000,0
workspaceModel.mutableEntityStorage.has.same.entities.ms,1781863022648000000,1781863082648000000,0
workspaceModel.delayed.project.synchronizer.sync.ms,1781863022648000000,1781863082648000000,0
workspaceModel.mutableEntityStorage.mutable.ext.mapping.ms,1781863022648000000,1781863082648000000,0
jps.reload.project.entities.ms,1781863022648000000,1781863082648000000,0
workspaceModel.sync.entities.ms,1781863022648000000,1781863082648000000,0
workspaceModel.mutableEntityStorage.apply.changes.from.ms,1781863022648000000,1781863082648000000,0
workspaceModel.mutableEntityStorage.remove.entity.ms,1781863022648000000,1781863082648000000,0
jps.global.handle.changed.events.ms,1781863022648000000,1781863082648000000,0
workspaceModel.moduleBridgeLoader.loading.modules.ms,1781863022648000000,1781863082648000000,0
jps.library.entities.serializer.save.entities.ms,1781863022648000000,1781863082648000000,0
jps.artifact.entities.serializer.load.entities.ms,1781863022648000000,1781863082648000000,0
jps.app.storage.content.writer.save.component.ms,1781863022648000000,1781863082648000000,12
workspaceModel.mutableEntityStorage.changeLog.addReplaceEventForNewChild.ms,1781863022648000000,1781863082648000000,0
workspaceModel.global.apply.state.to.project.ms,1781863022648000000,1781863082648000000,0
jps.storage.jps.conf.reader.load.component.ms,1781863022648000000,1781863082648000000,0
workspaceModel.mutableEntityStorage.resolve.ms,1781863022648000000,1781863082648000000,0
workspaceModel.load.cache.metadata.from.file.ms,1781863022648000000,1781863082648000000,0
workspaceModel.mutableEntityStorage.entities.ms,1781863022648000000,1781863082648000000,0
workspaceModel.moduleManagerBridge.load.module.ms,1781863022648000000,1781863082648000000,0
workspaceModel.moduleManagerBridge.newModule.ms,1781863022648000000,1781863082648000000,0
workspaceModel.mutableEntityStorage.changeLog.addReplaceEventForRemovedParent.ms,1781863022648000000,1781863082648000000,0
workspaceModel.mutableEntityStorage.instances.count,1781863022648000000,1781863082648000000,0
workspaceModel.orphan.listener.update.ms,1781863022648000000,1781863082648000000,0
jps.global.initialize.library.bridges.after.loading.ms,1781863022648000000,1781863082648000000,0
jps.project.serializers.save.ms,1781863022648000000,1781863082648000000,2
workspaceModel.mutableEntityStorage.collect.changes.ms,1781863022648000000,1781863082648000000,0
workspaceModel.mutableEntityStorage.changeLog.addReplaceEventForRemovedChild.ms,1781863022648000000,1781863082648000000,0
workspaceModel.moduleBridge.before.changed.ms,1781863022648000000,1781863082648000000,0
workspaceModel.moduleManagerBridge.get.modules.ms,1781863022648000000,1781863082648000000,0
workspaceModel.mutableEntityStorage.modify.entity.ms,1781863022648000000,1781863082648000000,0
jps.apply.loaded.storage.ms,1781863022648000000,1781863082648000000,0
jps.load.initial.state.ms,1781863022648000000,1781863082648000000,0
workspaceModel.mutableEntityStorage.replace.by.source.ms,1781863022648000000,1781863082648000000,0
jps.library.entities.serializer.load.entities.ms,1781863022648000000,1781863082648000000,0
jps.global.handle.before.change.events.ms,1781863022648000000,1781863082648000000,0
workspaceModel.do.save.caches.ms,1781863022648000000,1781863082648000000,0
jps.save.global.entities.ms,1781863022648000000,1781863082648000000,61
jps.module.dependency.index.workspace.model.listener.on.changed.ms,1781863022648000000,1781863082648000000,0
writeAction.count,1781863082648000000,1781863142647000000,0
writeAction.median.wait.ms,1781863082648000000,1781863142647000000,0
DiskQueryRelay.tasksRequested,1781863082648000000,1781863142647000000,0
DiskQueryRelay.taskExecutionTotalTimeUs,1781863082648000000,1781863142647000000,0
writeAction.max.wait.ms,1781863082648000000,1781863142647000000,24
writeAction.wait.ms,1781863082648000000,1781863142647000000,0
DiskQueryRelay.tasksExecuted,1781863082648000000,1781863142647000000,0
DiskQueryRelay.taskWaitingTotalTimeUs,1781863082648000000,1781863142647000000,0
LowMemory.gcLoad,1781863082648000000,1781863142647000000,0.0015482265745632342
LowMemory.gcOverloaded,1781863082648000000,1781863142647000000,0
FileNameCache.totalMisses,1781863082648000000,1781863142647000000,0
VFS.fileChildByName,1781863082648000000,1781863142647000000,0
VFS.contentStorage.recordsStored,1781863082648000000,1781863142647000000,0
VFS.rootsCount,1781863082648000000,1781863142647000000,12.0
VFS.cache.directoriesCreated,1781863082648000000,1781863142647000000,0
FileNameCache.queries,1781863082648000000,1781863142647000000,0
VFS.cache.filesCreated,1781863082648000000,1781863142647000000,0
VFS.contentStorage.recordsStoredSize,1781863082648000000,1781863142647000000,0
VFS.contentStorage.recordsStoredCompressed,1781863082648000000,1781863142647000000,0
VFS.cache.segments,1781863082648000000,1781863142647000000,62.0
VFS.folderCaseSensitivityReads,1781863082648000000,1781863142647000000,0
VFS.contentStorage.recordsUncompressedSize,1781863082648000000,1781863142647000000,0
VFS.contentStorage.recordsDecompressionTimeUs,1781863082648000000,1781863142647000000,0
VFS.contentStorage.recordsReadDecompressed,1781863082648000000,1781863142647000000,0
VFS.contentStorage.recordsRead,1781863082648000000,1781863142647000000,0
VFS.cache.segmentsCreated,1781863082648000000,1781863142647000000,0
VFS.fileByIdCache.hits,1781863082648000000,1781863142647000000,0
VFS.invertedFileNameIndex.requests,1781863082648000000,1781863142647000000,0
VFS.contentStorage.recordsReadSize,1781863082648000000,1781863142647000000,0
VFS.fileByIdCache.misses,1781863082648000000,1781863142647000000,0
VFS.contentStorage.recordsDeduplicated,1781863082648000000,1781863142647000000,0
Indexing.writer_3.totalTimeSpentWritingMs,1781863082648000000,1781863142647000000,0
Indexes.stubs.lookups,1781863082648000000,1781863142647000000,0
Indexing.cache.totalCacheMisses,1781863082648000000,1781863142647000000,0
Indexes.stubs.lookupDurationAvgMs,1781863082648000000,1781863142647000000,0.0
Indexes.stubs.lookupDurationMaxMs,1781863082648000000,1781863142647000000,0.0
Indexing.writer_0.totalTimeSpentWritingMs,1781863082648000000,1781863142647000000,0
Indexing.writer_1.totalTimeSpentWritingMs,1781863082648000000,1781863142647000000,0
Indexing.writesQueuedMin,1781863082648000000,1781863142647000000,0
Indexes.entries.lookupDurationMaxMs,1781863082648000000,1781863142647000000,0.0
Indexing.cache.totalCacheEvicted,1781863082648000000,1781863142647000000,0
Indexing.writesQueuedMax,1781863082648000000,1781863142647000000,0
Indexes.stubs.lookupDuration90PMs,1781863082648000000,1781863142647000000,0.0
Indexes.allKeys.lookupDurationAvgMs,1781863082648000000,1781863142647000000,0.0
Indexes.allKeys.lookups,1781863082648000000,1781863142647000000,0
Indexing.totalTimeIndexersSleptMs,1781863082648000000,1781863142647000000,0
Indexes.allKeys.lookupDurationMaxMs,1781863082648000000,1781863142647000000,0.0
Indexes.entries.lookupDurationAvgMs,1781863082648000000,1781863142647000000,0.0
Indexing.writer_2.totalTimeSpentWritingMs,1781863082648000000,1781863142647000000,0
Indexes.allKeys.lookupDuration90PMs,1781863082648000000,1781863142647000000,0.0
Indexes.entries.lookups,1781863082648000000,1781863142647000000,0
Indexes.entries.lookupDuration90PMs,1781863082648000000,1781863142647000000,0.0
Indexing.cache.totalCacheAccesses,1781863082648000000,1781863142647000000,0
Indexing.writesQueuedAvg,1781863082648000000,1781863142647000000,0.0
JVM.usedNativeBytes,1781863082648000000,1781863142647000000,437197288
JVM.maxThreadCount,1781863082648000000,1781863142647000000,136
JVM.maxHeapBytes,1781863082648000000,1781863142647000000,2147483648
MEM.ramPlusSwapMinusFileMappingsBytes,1781863082648000000,1781863142647000000,1388711936
JVM.GC.collections,1781863082648000000,1781863142647000000,0
MEM.ramMinusFileMappingsBytes,1781863082648000000,1781863142647000000,1388711936
JVM.totalTimeToSafepointsMs,1781863082648000000,1781863142647000000,0
MEM.ramBytes,1781863082648000000,1781863142647000000,2118619136
JVM.committedHeapBytes,1781863082648000000,1781863142647000000,615514112
MEM.fileMappingsRamBytes,1781863082648000000,1781863142647000000,716800000
JVM.GC.collectionTimesMs,1781863082648000000,1781863142647000000,0
JVM.totalDirectByteBuffersBytes,1781863082648000000,1781863142647000000,61992961
JVM.totalSafepointCount,1781863082648000000,1781863142647000000,0
JVM.totalBytesAllocated,1781863082648000000,1781863142647000000,18377088
JVM.totalCpuTimeMs,1781863082648000000,1781863142647000000,2570
JVM.newThreadsCount,1781863082648000000,1781863142647000000,0
JVM.threadCount,1781863082648000000,1781863142647000000,62
JVM.totalTimeAtSafepointsMs,1781863082648000000,1781863142647000000,0
OS.loadAverage,1781863082648000000,1781863142647000000,1.3642578125
JVM.usedHeapBytes,1781863082648000000,1781863142647000000,549010552
workspaceModel.updates.ms,1781863082648000000,1781863142647000000,0
workspaceModel.cachedValue.total.get.count,1781863082648000000,1781863142647000000,0
workspaceModel.workspaceFileIndexData.getPackageName.ms,1781863082648000000,1781863142647000000,0
workspaceModel.workspaceFileIndexData.getFileInfo.ms,1781863082648000000,1781863142647000000,0
workspaceModel.workspaceFileIndexData.processFileSets.ms,1781863082648000000,1781863142647000000,0
workspaceModel.full.replace.project.model.ms,1781863082648000000,1781863142647000000,0
workspaceModel.workspaceFileIndexData.updateDirtyEntities.ms,1781863082648000000,1781863142647000000,0
workspaceModel.check.recursive.update.ms,1781863082648000000,1781863142647000000,0
workspaceModel.cachedValue.clear.count,1781863082648000000,1781863142647000000,0
workspaceModel.workspaceFileIndexData.onEntitiesChanged.ms,1781863082648000000,1781863142647000000,0
workspaceModel.workspaceFileIndexData.getDirectoriesByPackageName.ms,1781863082648000000,1781863142647000000,0
workspaceModel.on.changed.ms,1781863082648000000,1781863142647000000,0
workspaceModel.to.snapshot.ms,1781863082648000000,1781863142647000000,0
workspaceModel.cachedValue.calculated.count,1781863082648000000,1781863142647000000,0
workspaceModel.cachedValueWithParameters.total.get.count,1781863082648000000,1781863142647000000,0
workspaceModel.workspaceFileIndexContributor.registerFileSets.ms,1781863082648000000,1781863142647000000,0
workspaceModel.updates.precise.ms,1781863082648000000,1781863142647000000,0
workspaceModel.loading.from.cache.ms,1781863082648000000,1781863142647000000,0
workspaceModel.entityStorageSnapshotImpl.instances.count,1781863082648000000,1781863142647000000,0
workspaceModel.cachedValueWithParameters.calculated.count,1781863082648000000,1781863142647000000,0
workspaceModel.workspaceFileIndexData.markDirty.ms,1781863082648000000,1781863142647000000,0
workspaceModel.workspaceFileIndexData.visitFileSets.ms,1781863082648000000,1781863142647000000,0
workspaceModel.workspaceFileIndexData.instances.count,1781863082648000000,1781863142647000000,0
workspaceModel.on.before.changed.ms,1781863082648000000,1781863142647000000,0
workspaceModel.pre.handlers.ms,1781863082648000000,1781863142647000000,0
workspaceModel.cachedValue.from.cache.count,1781863082648000000,1781863142647000000,0
workspaceModel.replace.project.model.ms,1781863082648000000,1781863142647000000,0
workspaceModel.loading.total.ms,1781863082648000000,1781863142647000000,0
workspaceModel.cachedValueWithParameters.clear.count,1781863082648000000,1781863142647000000,0
workspaceModel.init.bridges.ms,1781863082648000000,1781863142647000000,0
workspaceModel.collect.changes.ms,1781863082648000000,1781863142647000000,0
workspaceModel.initializing.ms,1781863082648000000,1781863142647000000,0
workspaceModel.updates.count,1781863082648000000,1781863142647000000,0
workspaceModel.cachedValueWithParameters.from.cache.count,1781863082648000000,1781863142647000000,0
workspaceModel.workspaceFileIndexData.init.ms,1781863082648000000,1781863142647000000,0
workspaceModel.update.unloaded.entities.ms,1781863082648000000,1781863142647000000,0
StreamlinedBlobStorage.totalLiveRecordsCapacityBytes,1781863082648000000,1781863142647000000,0
FileChannelInterruptsRetryer.totalRetriedAttempts,1781863082648000000,1781863142647000000,0
FilePageCache.maxCacheSizeInBytes,1781863082648000000,1781863142647000000,629153792
FilePageCache.totalPageDisposalsUs,1781863082648000000,1781863142647000000,0
StreamlinedBlobStorage.recordsRelocated,1781863082648000000,1781863142647000000,0
StorageLockContext.competingThreads.avg,1781863082648000000,1781863142647000000,0.0
StreamlinedBlobStorage.recordsDeleted,1781863082648000000,1781863142647000000,0
DirectByteBufferAllocator.totalSizeOfBuffersAllocatedInBytes,1781863082648000000,1781863142647000000,61915136
MappedFileStorage.totalTimeSpentOnMappingUs,1781863082648000000,1781863142647000000,66631
FilePageCache.pageLoadsAboveSizeThreshold,1781863082648000000,1781863142647000000,0
StreamlinedBlobStorage.totalLiveRecordsPayloadBytes,1781863082648000000,1781863142647000000,0
DirectByteBufferAllocator.totalSizeOfBuffersCachedInBytes,1781863082648000000,1781863142647000000,41959424
FilePageCache.disposedBuffers,1781863082648000000,1781863142647000000,0
FilePageCache.capacityInBytes,1781863082648000000,1781863142647000000,629145600
StorageLockContext.competingThreads.90P,1781863082648000000,1781863142647000000,0
DirectByteBufferAllocator.misses,1781863082648000000,1781863142647000000,0
MappedFileStorage.totalBytesMapped,1781863082648000000,1781863142647000000,198443008
StreamlinedBlobStorage.recordsAllocated,1781863082648000000,1781863142647000000,0
FilePageCache.uncachedFileAccess,1781863082648000000,1781863142647000000,0
FilePageCache.maxRegisteredFiles,1781863082648000000,1781863142647000000,1652
FilePageCache.pageFastCacheHits,1781863082648000000,1781863142647000000,0
DirectByteBufferAllocator.hits,1781863082648000000,1781863142647000000,0
FilePageCache.totalPageLoadsUs,1781863082648000000,1781863142647000000,0
DirectByteBufferAllocator.reclaimed,1781863082648000000,1781863142647000000,0
FilePageCache.pageLoads,1781863082648000000,1781863142647000000,0
FilePageCache.pageHits,1781863082648000000,1781863142647000000,0
MappedFileStorage.totalPagesMapped,1781863082648000000,1781863142647000000,15
MappedFileStorage.storages,1781863082648000000,1781863142647000000,15
DirectByteBufferAllocator.disposed,1781863082648000000,1781863142647000000,0
StorageLockContext.competingThreads.max,1781863082648000000,1781863142647000000,0
cacheStateStorage.set.counter,1781863082648000000,1781863142647000000,0
cacheStateStorage.set.duration,1781863082648000000,1781863142647000000,0
cacheStateStorage.get.counter,1781863082648000000,1781863142647000000,0
cacheStateStorage.get.duration,1781863082648000000,1781863142647000000,0
compiler.ArtifactManagerBridge.getArtifactsByType.ms,1781863082648000000,1781863142647000000,0
compiler.ArtifactManagerBridge.addArtifact.ms,1781863082648000000,1781863142647000000,0
compiler.ArtifactVirtualFileListener.filePathChanged.ms,1781863082648000000,1781863142647000000,0
compiler.ArtifactManagerBridge.commit.ms,1781863082648000000,1781863142647000000,0
compiler.ArtifactManagerBridge.dropMappings.ms,1781863082648000000,1781863142647000000,0
compiler.ArtifactManagerBridge.getArtifacts.ms,1781863082648000000,1781863142647000000,0
compiler.ArtifactManagerBridge.findArtifact.ms,1781863082648000000,1781863142647000000,0
compiler.ArtifactManagerBridge.initBridges.ms,1781863082648000000,1781863142647000000,0
compiler.ArtifactVirtualFileListener.propertyChanged.ms,1781863082648000000,1781863142647000000,0
FlushQueue.waitingTimeAvgNs,1781863082648000000,1781863142647000000,515370.6666666667
FlushQueue.tasksExecuted,1781863082648000000,1781863142647000000,12
FlushQueue.waitingTimeMaxNs,1781863082648000000,1781863142647000000,1466367
AWTEventQueue.dispatchTimeTotalNS,1781863082648000000,1781863142647000000,34851374
AWTEventQueue.dispatchTimeAvgNs,1781863082648000000,1781863142647000000,395920.0
ReadAction.executionsCount,1781863082648000000,1781863142647000000,7
WriteAction.executionsCount,1781863082648000000,1781863142647000000,0
FlushQueue.queueSize90P,1781863082648000000,1781863142647000000,1
AWTEventQueue.eventsDispatched,1781863082648000000,1781863142647000000,88
NonBlockingReadAction.finalizedExecutionsCount,1781863082648000000,1781863142647000000,0
FlushQueue.waitingTime90PNs,1781863082648000000,1781863142647000000,1171455
FlushQueue.executionTimeMaxNs,1781863082648000000,1781863142647000000,483327
NonBlockingReadAction.failedExecutionsCount,1781863082648000000,1781863142647000000,0
AWTEventQueue.dispatchTime90PNs,1781863082648000000,1781863142647000000,737279
FlushQueue.executionTime90PNs,1781863082648000000,1781863142647000000,481279
NonBlockingReadAction.failedExecutionTimeUs,1781863082648000000,1781863142647000000,0
NonBlockingReadAction.finalizedExecutionTimeUs,1781863082648000000,1781863142647000000,0
AWTEventQueue.dispatchTimeMaxNs,1781863082648000000,1781863142647000000,1720319
FlushQueue.queueSizeMax,1781863082648000000,1781863142647000000,1
FlushQueue.executionTimeAvgNs,1781863082648000000,1781863142647000000,197568.0
FlushQueue.queueSizeAvg,1781863082648000000,1781863142647000000,0.16666666666666666
workspaceModel.moduleManagerBridge.build.module.graph.ms,1781863082648000000,1781863142647000000,0
workspaceModel.mutableEntityStorage.add.entity.ms,1781863082648000000,1781863142647000000,0
workspaceModel.mutableEntityStorage.changeLog.addReplaceEventForNewParent.ms,1781863082648000000,1781863142647000000,0
jps.facet.change.listener.init.bridge.ms,1781863082648000000,1781863142647000000,0
jps.facet.change.listener.process.change.events.ms,1781863082648000000,1781863142647000000,0
jps.global.initialize.library.bridges.ms,1781863082648000000,1781863142647000000,0
workspaceModel.moduleManagerBridge.set.unloadedModules.ms,1781863082648000000,1781863142647000000,0
jps.global.get.libraries.ms,1781863082648000000,1781863142647000000,0
workspaceModel.moduleBridge.update.option.ms,1781863082648000000,1781863142647000000,0
workspaceModel.moduleManagerBridge.create.module.instance.ms,1781863082648000000,1781863142647000000,0
workspaceModel.global.updates.count,1781863082648000000,1781863142647000000,0
workspaceModel.mutableEntityStorage.mutable.vfurl.index.ms,1781863082648000000,1781863142647000000,0
jps.save.changed.project.entities.ms,1781863082648000000,1781863142647000000,0
jps.load.project.to.empty.storage.ms,1781863082648000000,1781863142647000000,0
workspaceModel.mutableEntityStorage.put.entity.ms,1781863082648000000,1781863142647000000,0
jps.facet.change.listener.before.change.events.ms,1781863082648000000,1781863142647000000,0
jps.global.get.library.ms,1781863082648000000,1781863142647000000,0
workspaceModel.mutableEntityStorage.to.snapshot.ms,1781863082648000000,1781863142647000000,0
workspaceModel.mutableEntityStorage.entities.by.source.ms,1781863082648000000,1781863142647000000,0
workspaceModel.global.apply.state.to.project.builder.ms,1781863082648000000,1781863142647000000,0
jps.artifact.entities.serializer.save.entities.ms,1781863082648000000,1781863142647000000,0
workspaceModel.mutableEntityStorage.referrers.ms,1781863082648000000,1781863142647000000,0
jps.global.get.library.by.name.ms,1781863082648000000,1781863142647000000,0
jps.module.iml.entities.serializer.save.entities.ms,1781863082648000000,1781863142647000000,0
workspaceModel.global.updates.ms,1781863082648000000,1781863142647000000,0
workspaceModel.moduleManagerBridge.new.nonPersistent.module.ms,1781863082648000000,1781863142647000000,0
workspaceModel.moduleManagerBridge.load.all.modules.ms,1781863082648000000,1781863142647000000,0
workspaceModel.mutableEntityStorage.hasReferrers.ms,1781863082648000000,1781863142647000000,0
workspaceModel.save.cache.to.file.ms,1781863082648000000,1781863142647000000,0
workspaceModel.load.cache.from.file.ms,1781863082648000000,1781863142647000000,0
jps.module.iml.entities.serializer.load.entities.ms,1781863082648000000,1781863142647000000,0
jps.app.storage.content.reader.load.component.ms,1781863082648000000,1781863142647000000,0
workspaceModel.moduleBridge.facet.initialization.ms,1781863082648000000,1781863142647000000,0
jps.project.serializers.load.ms,1781863082648000000,1781863142647000000,0
workspaceModel.mutableEntityStorage.has.same.entities.ms,1781863082648000000,1781863142647000000,0
workspaceModel.delayed.project.synchronizer.sync.ms,1781863082648000000,1781863142647000000,0
workspaceModel.mutableEntityStorage.mutable.ext.mapping.ms,1781863082648000000,1781863142647000000,0
jps.reload.project.entities.ms,1781863082648000000,1781863142647000000,0
workspaceModel.sync.entities.ms,1781863082648000000,1781863142647000000,0
workspaceModel.mutableEntityStorage.apply.changes.from.ms,1781863082648000000,1781863142647000000,0
workspaceModel.mutableEntityStorage.remove.entity.ms,1781863082648000000,1781863142647000000,0
jps.global.handle.changed.events.ms,1781863082648000000,1781863142647000000,0
workspaceModel.moduleBridgeLoader.loading.modules.ms,1781863082648000000,1781863142647000000,0
jps.library.entities.serializer.save.entities.ms,1781863082648000000,1781863142647000000,0
jps.artifact.entities.serializer.load.entities.ms,1781863082648000000,1781863142647000000,0
jps.app.storage.content.writer.save.component.ms,1781863082648000000,1781863142647000000,0
workspaceModel.mutableEntityStorage.changeLog.addReplaceEventForNewChild.ms,1781863082648000000,1781863142647000000,0
workspaceModel.global.apply.state.to.project.ms,1781863082648000000,1781863142647000000,0
jps.storage.jps.conf.reader.load.component.ms,1781863082648000000,1781863142647000000,0
workspaceModel.mutableEntityStorage.resolve.ms,1781863082648000000,1781863142647000000,0
workspaceModel.load.cache.metadata.from.file.ms,1781863082648000000,1781863142647000000,0
workspaceModel.mutableEntityStorage.entities.ms,1781863082648000000,1781863142647000000,0
workspaceModel.moduleManagerBridge.load.module.ms,1781863082648000000,1781863142647000000,0
workspaceModel.moduleManagerBridge.newModule.ms,1781863082648000000,1781863142647000000,0
workspaceModel.mutableEntityStorage.changeLog.addReplaceEventForRemovedParent.ms,1781863082648000000,1781863142647000000,0
workspaceModel.mutableEntityStorage.instances.count,1781863082648000000,1781863142647000000,0
workspaceModel.orphan.listener.update.ms,1781863082648000000,1781863142647000000,0
jps.global.initialize.library.bridges.after.loading.ms,1781863082648000000,1781863142647000000,0
jps.project.serializers.save.ms,1781863082648000000,1781863142647000000,0
workspaceModel.mutableEntityStorage.collect.changes.ms,1781863082648000000,1781863142647000000,0
workspaceModel.mutableEntityStorage.changeLog.addReplaceEventForRemovedChild.ms,1781863082648000000,1781863142647000000,0
workspaceModel.moduleBridge.before.changed.ms,1781863082648000000,1781863142647000000,0
workspaceModel.moduleManagerBridge.get.modules.ms,1781863082648000000,1781863142647000000,0
workspaceModel.mutableEntityStorage.modify.entity.ms,1781863082648000000,1781863142647000000,0
jps.apply.loaded.storage.ms,1781863082648000000,1781863142647000000,0
jps.load.initial.state.ms,1781863082648000000,1781863142647000000,0
workspaceModel.mutableEntityStorage.replace.by.source.ms,1781863082648000000,1781863142647000000,0
jps.library.entities.serializer.load.entities.ms,1781863082648000000,1781863142647000000,0
jps.global.handle.before.change.events.ms,1781863082648000000,1781863142647000000,0
workspaceModel.do.save.caches.ms,1781863082648000000,1781863142647000000,0
jps.save.global.entities.ms,1781863082648000000,1781863142647000000,0
jps.module.dependency.index.workspace.model.listener.on.changed.ms,1781863082648000000,1781863142647000000,0
writeAction.count,1781863142647000000,1781863202648000000,3
writeAction.median.wait.ms,1781863142647000000,1781863202648000000,0
DiskQueryRelay.tasksRequested,1781863142647000000,1781863202648000000,16
DiskQueryRelay.taskExecutionTotalTimeUs,1781863142647000000,1781863202648000000,8994
writeAction.max.wait.ms,1781863142647000000,1781863202648000000,24
writeAction.wait.ms,1781863142647000000,1781863202648000000,2
parser.JAVA.size.bytes,1781863142647000000,1781863202648000000,508
lexer.JAVA.time.ns,1781863142647000000,1781863202648000000,412350
lexer.JAVA.size.bytes,1781863142647000000,1781863202648000000,508
DiskQueryRelay.tasksExecuted,1781863142647000000,1781863202648000000,12
parser.JAVA.time.ns,1781863142647000000,1781863202648000000,22976473
DiskQueryRelay.taskWaitingTotalTimeUs,1781863142647000000,1781863202648000000,18680
LowMemory.gcLoad,1781863142647000000,1781863202648000000,7.948507000391257E-4
LowMemory.gcOverloaded,1781863142647000000,1781863202648000000,0
FileNameCache.totalMisses,1781863142647000000,1781863202648000000,256
VFS.fileChildByName,1781863142647000000,1781863202648000000,520
VFS.contentStorage.recordsStored,1781863142647000000,1781863202648000000,0
VFS.rootsCount,1781863142647000000,1781863202648000000,3.0
VFS.cache.directoriesCreated,1781863142647000000,1781863202648000000,6
FileNameCache.queries,1781863142647000000,1781863202648000000,18304
VFS.cache.filesCreated,1781863142647000000,1781863202648000000,9906
VFS.contentStorage.recordsStoredSize,1781863142647000000,1781863202648000000,0
VFS.contentStorage.recordsStoredCompressed,1781863142647000000,1781863202648000000,0
VFS.cache.segments,1781863142647000000,1781863202648000000,62.0
VFS.folderCaseSensitivityReads,1781863142647000000,1781863202648000000,0
VFS.contentStorage.recordsUncompressedSize,1781863142647000000,1781863202648000000,0
VFS.contentStorage.recordsDecompressionTimeUs,1781863142647000000,1781863202648000000,440
VFS.contentStorage.recordsReadDecompressed,1781863142647000000,1781863202648000000,2
VFS.contentStorage.recordsRead,1781863142647000000,1781863202648000000,106
VFS.cache.segmentsCreated,1781863142647000000,1781863202648000000,0
VFS.fileByIdCache.hits,1781863142647000000,1781863202648000000,0
VFS.invertedFileNameIndex.requests,1781863142647000000,1781863202648000000,2
VFS.contentStorage.recordsReadSize,1781863142647000000,1781863202648000000,121709
VFS.fileByIdCache.misses,1781863142647000000,1781863202648000000,95
VFS.contentStorage.recordsDeduplicated,1781863142647000000,1781863202648000000,0
Indexing.writer_3.totalTimeSpentWritingMs,1781863142647000000,1781863202648000000,0
Indexes.stubs.lookups,1781863142647000000,1781863202648000000,1145
Indexing.cache.totalCacheMisses,1781863142647000000,1781863202648000000,20318
Indexes.stubs.lookupDurationAvgMs,1781863142647000000,1781863202648000000,0.4550218340611354
Indexes.stubs.lookupDurationMaxMs,1781863142647000000,1781863202648000000,18.0
Indexing.writer_0.totalTimeSpentWritingMs,1781863142647000000,1781863202648000000,0
Indexing.writer_1.totalTimeSpentWritingMs,1781863142647000000,1781863202648000000,0
Indexing.writesQueuedMin,1781863142647000000,1781863202648000000,0
Indexes.entries.lookupDurationMaxMs,1781863142647000000,1781863202648000000,6.0
Indexing.cache.totalCacheEvicted,1781863142647000000,1781863202648000000,20299
Indexing.writesQueuedMax,1781863142647000000,1781863202648000000,0
Indexes.stubs.lookupDuration90PMs,1781863142647000000,1781863202648000000,1.0
Indexes.allKeys.lookupDurationAvgMs,1781863142647000000,1781863202648000000,0.0
Indexes.allKeys.lookups,1781863142647000000,1781863202648000000,0
Indexing.totalTimeIndexersSleptMs,1781863142647000000,1781863202648000000,0
Indexes.allKeys.lookupDurationMaxMs,1781863142647000000,1781863202648000000,0.0
Indexes.entries.lookupDurationAvgMs,1781863142647000000,1781863202648000000,1.0
Indexing.writer_2.totalTimeSpentWritingMs,1781863142647000000,1781863202648000000,0
Indexes.allKeys.lookupDuration90PMs,1781863142647000000,1781863202648000000,0.0
Indexes.entries.lookups,1781863142647000000,1781863202648000000,25
Indexes.entries.lookupDuration90PMs,1781863142647000000,1781863202648000000,5.0
Indexing.cache.totalCacheAccesses,1781863142647000000,1781863202648000000,121658
Indexing.writesQueuedAvg,1781863142647000000,1781863202648000000,0.0
JVM.usedNativeBytes,1781863142647000000,1781863202648000000,443904280
JVM.maxThreadCount,1781863142647000000,1781863202648000000,136
JVM.maxHeapBytes,1781863142647000000,1781863202648000000,2147483648
MEM.ramPlusSwapMinusFileMappingsBytes,1781863142647000000,1781863202648000000,1510735872
JVM.GC.collections,1781863142647000000,1781863202648000000,1
MEM.ramMinusFileMappingsBytes,1781863142647000000,1781863202648000000,1510735872
JVM.totalTimeToSafepointsMs,1781863142647000000,1781863202648000000,0
MEM.ramBytes,1781863142647000000,1781863202648000000,2065793024
JVM.committedHeapBytes,1781863142647000000,1781863202648000000,615514112
MEM.fileMappingsRamBytes,1781863142647000000,1781863202648000000,541949952
JVM.GC.collectionTimesMs,1781863142647000000,1781863202648000000,21
JVM.totalDirectByteBuffersBytes,1781863142647000000,1781863202648000000,167989249
JVM.totalSafepointCount,1781863142647000000,1781863202648000000,1
JVM.totalBytesAllocated,1781863142647000000,1781863202648000000,133441680
JVM.totalCpuTimeMs,1781863142647000000,1781863202648000000,16450
JVM.newThreadsCount,1781863142647000000,1781863202648000000,38
JVM.threadCount,1781863142647000000,1781863202648000000,97
JVM.totalTimeAtSafepointsMs,1781863142647000000,1781863202648000000,20
OS.loadAverage,1781863142647000000,1781863202648000000,2.23681640625
JVM.usedHeapBytes,1781863142647000000,1781863202648000000,500786624
workspaceModel.updates.ms,1781863142647000000,1781863202648000000,0
workspaceModel.cachedValue.total.get.count,1781863142647000000,1781863202648000000,5
workspaceModel.workspaceFileIndexData.getPackageName.ms,1781863142647000000,1781863202648000000,12
workspaceModel.workspaceFileIndexData.getFileInfo.ms,1781863142647000000,1781863202648000000,52
workspaceModel.workspaceFileIndexData.processFileSets.ms,1781863142647000000,1781863202648000000,0
workspaceModel.full.replace.project.model.ms,1781863142647000000,1781863202648000000,0
workspaceModel.workspaceFileIndexData.updateDirtyEntities.ms,1781863142647000000,1781863202648000000,0
workspaceModel.check.recursive.update.ms,1781863142647000000,1781863202648000000,0
workspaceModel.cachedValue.clear.count,1781863142647000000,1781863202648000000,0
workspaceModel.workspaceFileIndexData.onEntitiesChanged.ms,1781863142647000000,1781863202648000000,0
workspaceModel.workspaceFileIndexData.getDirectoriesByPackageName.ms,1781863142647000000,1781863202648000000,10
workspaceModel.on.changed.ms,1781863142647000000,1781863202648000000,0
workspaceModel.to.snapshot.ms,1781863142647000000,1781863202648000000,0
workspaceModel.cachedValue.calculated.count,1781863142647000000,1781863202648000000,0
workspaceModel.cachedValueWithParameters.total.get.count,1781863142647000000,1781863202648000000,5584
workspaceModel.workspaceFileIndexContributor.registerFileSets.ms,1781863142647000000,1781863202648000000,0
workspaceModel.updates.precise.ms,1781863142647000000,1781863202648000000,0
workspaceModel.loading.from.cache.ms,1781863142647000000,1781863202648000000,0
workspaceModel.entityStorageSnapshotImpl.instances.count,1781863142647000000,1781863202648000000,0
workspaceModel.cachedValueWithParameters.calculated.count,1781863142647000000,1781863202648000000,0
workspaceModel.workspaceFileIndexData.markDirty.ms,1781863142647000000,1781863202648000000,0
workspaceModel.workspaceFileIndexData.visitFileSets.ms,1781863142647000000,1781863202648000000,0
workspaceModel.workspaceFileIndexData.instances.count,1781863142647000000,1781863202648000000,0
workspaceModel.on.before.changed.ms,1781863142647000000,1781863202648000000,0
workspaceModel.pre.handlers.ms,1781863142647000000,1781863202648000000,0
workspaceModel.cachedValue.from.cache.count,1781863142647000000,1781863202648000000,5
workspaceModel.replace.project.model.ms,1781863142647000000,1781863202648000000,0
workspaceModel.loading.total.ms,1781863142647000000,1781863202648000000,0
workspaceModel.cachedValueWithParameters.clear.count,1781863142647000000,1781863202648000000,0
workspaceModel.init.bridges.ms,1781863142647000000,1781863202648000000,0
workspaceModel.collect.changes.ms,1781863142647000000,1781863202648000000,0
workspaceModel.initializing.ms,1781863142647000000,1781863202648000000,0
workspaceModel.updates.count,1781863142647000000,1781863202648000000,0
workspaceModel.cachedValueWithParameters.from.cache.count,1781863142647000000,1781863202648000000,5584
workspaceModel.workspaceFileIndexData.init.ms,1781863142647000000,1781863202648000000,0
workspaceModel.update.unloaded.entities.ms,1781863142647000000,1781863202648000000,0
StreamlinedBlobStorage.totalLiveRecordsCapacityBytes,1781863142647000000,1781863202648000000,0
FileChannelInterruptsRetryer.totalRetriedAttempts,1781863142647000000,1781863202648000000,0
FilePageCache.maxCacheSizeInBytes,1781863142647000000,1781863202648000000,629153792
FilePageCache.totalPageDisposalsUs,1781863142647000000,1781863202648000000,653
StreamlinedBlobStorage.recordsRelocated,1781863142647000000,1781863202648000000,0
StorageLockContext.competingThreads.avg,1781863142647000000,1781863202648000000,0.0
StreamlinedBlobStorage.recordsDeleted,1781863142647000000,1781863202648000000,0
DirectByteBufferAllocator.totalSizeOfBuffersAllocatedInBytes,1781863142647000000,1781863202648000000,167829504
MappedFileStorage.totalTimeSpentOnMappingUs,1781863142647000000,1781863202648000000,66631
FilePageCache.pageLoadsAboveSizeThreshold,1781863142647000000,1781863202648000000,0
StreamlinedBlobStorage.totalLiveRecordsPayloadBytes,1781863142647000000,1781863202648000000,-5214
DirectByteBufferAllocator.totalSizeOfBuffersCachedInBytes,1781863142647000000,1781863202648000000,41959424
FilePageCache.disposedBuffers,1781863142647000000,1781863202648000000,0
FilePageCache.capacityInBytes,1781863142647000000,1781863202648000000,629145600
StorageLockContext.competingThreads.90P,1781863142647000000,1781863202648000000,0
DirectByteBufferAllocator.misses,1781863142647000000,1781863202648000000,102
MappedFileStorage.totalBytesMapped,1781863142647000000,1781863202648000000,198443008
StreamlinedBlobStorage.recordsAllocated,1781863142647000000,1781863202648000000,0
FilePageCache.uncachedFileAccess,1781863142647000000,1781863202648000000,72
FilePageCache.maxRegisteredFiles,1781863142647000000,1781863202648000000,1652
FilePageCache.pageFastCacheHits,1781863142647000000,1781863202648000000,42958
DirectByteBufferAllocator.hits,1781863142647000000,1781863202648000000,0
FilePageCache.totalPageLoadsUs,1781863142647000000,1781863202648000000,397486
DirectByteBufferAllocator.reclaimed,1781863142647000000,1781863202648000000,0
FilePageCache.pageLoads,1781863142647000000,1781863202648000000,102
FilePageCache.pageHits,1781863142647000000,1781863202648000000,0
MappedFileStorage.totalPagesMapped,1781863142647000000,1781863202648000000,15
MappedFileStorage.storages,1781863142647000000,1781863202648000000,15
DirectByteBufferAllocator.disposed,1781863142647000000,1781863202648000000,0
StorageLockContext.competingThreads.max,1781863142647000000,1781863202648000000,0
cacheStateStorage.set.counter,1781863142647000000,1781863202648000000,0
cacheStateStorage.set.duration,1781863142647000000,1781863202648000000,0
cacheStateStorage.get.counter,1781863142647000000,1781863202648000000,4
cacheStateStorage.get.duration,1781863142647000000,1781863202648000000,109
compiler.ArtifactManagerBridge.getArtifactsByType.ms,1781863142647000000,1781863202648000000,0
compiler.ArtifactManagerBridge.addArtifact.ms,1781863142647000000,1781863202648000000,0
compiler.ArtifactVirtualFileListener.filePathChanged.ms,1781863142647000000,1781863202648000000,0
compiler.ArtifactManagerBridge.commit.ms,1781863142647000000,1781863202648000000,0
compiler.ArtifactManagerBridge.dropMappings.ms,1781863142647000000,1781863202648000000,0
compiler.ArtifactManagerBridge.getArtifacts.ms,1781863142647000000,1781863202648000000,0
compiler.ArtifactManagerBridge.findArtifact.ms,1781863142647000000,1781863202648000000,0
compiler.ArtifactManagerBridge.initBridges.ms,1781863142647000000,1781863202648000000,0
compiler.ArtifactVirtualFileListener.propertyChanged.ms,1781863142647000000,1781863202648000000,0
FlushQueue.waitingTimeAvgNs,1781863142647000000,1781863202648000000,2.28359224E7
FlushQueue.tasksExecuted,1781863142647000000,1781863202648000000,360
FlushQueue.waitingTimeMaxNs,1781863142647000000,1781863202648000000,195035135
AWTEventQueue.dispatchTimeTotalNS,1781863142647000000,1781863202648000000,1338842085
AWTEventQueue.dispatchTimeAvgNs,1781863142647000000,1781863202648000000,3265071.648780488
ReadAction.executionsCount,1781863142647000000,1781863202648000000,2571
WriteAction.executionsCount,1781863142647000000,1781863202648000000,3
FlushQueue.queueSize90P,1781863142647000000,1781863202648000000,10
AWTEventQueue.eventsDispatched,1781863142647000000,1781863202648000000,410
NonBlockingReadAction.finalizedExecutionsCount,1781863142647000000,1781863202648000000,29
FlushQueue.waitingTime90PNs,1781863142647000000,1781863202648000000,74448895
FlushQueue.executionTimeMaxNs,1781863142647000000,1781863202648000000,38273023
NonBlockingReadAction.failedExecutionsCount,1781863142647000000,1781863202648000000,0
AWTEventQueue.dispatchTime90PNs,1781863142647000000,1781863202648000000,7208959
FlushQueue.executionTime90PNs,1781863142647000000,1781863202648000000,2424831
NonBlockingReadAction.failedExecutionTimeUs,1781863142647000000,1781863202648000000,0
NonBlockingReadAction.finalizedExecutionTimeUs,1781863142647000000,1781863202648000000,156897
AWTEventQueue.dispatchTimeMaxNs,1781863142647000000,1781863202648000000,119537663
FlushQueue.queueSizeMax,1781863142647000000,1781863202648000000,18
FlushQueue.executionTimeAvgNs,1781863142647000000,1781863202648000000,1236958.9333333333
FlushQueue.queueSizeAvg,1781863142647000000,1781863202648000000,3.486111111111111
workspaceModel.moduleManagerBridge.build.module.graph.ms,1781863142647000000,1781863202648000000,0
workspaceModel.mutableEntityStorage.add.entity.ms,1781863142647000000,1781863202648000000,0
workspaceModel.mutableEntityStorage.changeLog.addReplaceEventForNewParent.ms,1781863142647000000,1781863202648000000,0
jps.facet.change.listener.init.bridge.ms,1781863142647000000,1781863202648000000,0
jps.facet.change.listener.process.change.events.ms,1781863142647000000,1781863202648000000,0
jps.global.initialize.library.bridges.ms,1781863142647000000,1781863202648000000,0
workspaceModel.moduleManagerBridge.set.unloadedModules.ms,1781863142647000000,1781863202648000000,0
jps.global.get.libraries.ms,1781863142647000000,1781863202648000000,0
workspaceModel.moduleBridge.update.option.ms,1781863142647000000,1781863202648000000,0
workspaceModel.moduleManagerBridge.create.module.instance.ms,1781863142647000000,1781863202648000000,0
workspaceModel.global.updates.count,1781863142647000000,1781863202648000000,0
workspaceModel.mutableEntityStorage.mutable.vfurl.index.ms,1781863142647000000,1781863202648000000,0
jps.save.changed.project.entities.ms,1781863142647000000,1781863202648000000,0
jps.load.project.to.empty.storage.ms,1781863142647000000,1781863202648000000,0
workspaceModel.mutableEntityStorage.put.entity.ms,1781863142647000000,1781863202648000000,0
jps.facet.change.listener.before.change.events.ms,1781863142647000000,1781863202648000000,0
jps.global.get.library.ms,1781863142647000000,1781863202648000000,0
workspaceModel.mutableEntityStorage.to.snapshot.ms,1781863142647000000,1781863202648000000,0
workspaceModel.mutableEntityStorage.entities.by.source.ms,1781863142647000000,1781863202648000000,0
workspaceModel.global.apply.state.to.project.builder.ms,1781863142647000000,1781863202648000000,0
jps.artifact.entities.serializer.save.entities.ms,1781863142647000000,1781863202648000000,0
workspaceModel.mutableEntityStorage.referrers.ms,1781863142647000000,1781863202648000000,0
jps.global.get.library.by.name.ms,1781863142647000000,1781863202648000000,0
jps.module.iml.entities.serializer.save.entities.ms,1781863142647000000,1781863202648000000,0
workspaceModel.global.updates.ms,1781863142647000000,1781863202648000000,0
workspaceModel.moduleManagerBridge.new.nonPersistent.module.ms,1781863142647000000,1781863202648000000,0
workspaceModel.moduleManagerBridge.load.all.modules.ms,1781863142647000000,1781863202648000000,0
workspaceModel.mutableEntityStorage.hasReferrers.ms,1781863142647000000,1781863202648000000,0
workspaceModel.save.cache.to.file.ms,1781863142647000000,1781863202648000000,0
workspaceModel.load.cache.from.file.ms,1781863142647000000,1781863202648000000,0
jps.module.iml.entities.serializer.load.entities.ms,1781863142647000000,1781863202648000000,0
jps.app.storage.content.reader.load.component.ms,1781863142647000000,1781863202648000000,0
workspaceModel.moduleBridge.facet.initialization.ms,1781863142647000000,1781863202648000000,0
jps.project.serializers.load.ms,1781863142647000000,1781863202648000000,0
workspaceModel.mutableEntityStorage.has.same.entities.ms,1781863142647000000,1781863202648000000,0
workspaceModel.delayed.project.synchronizer.sync.ms,1781863142647000000,1781863202648000000,0
workspaceModel.mutableEntityStorage.mutable.ext.mapping.ms,1781863142647000000,1781863202648000000,0
jps.reload.project.entities.ms,1781863142647000000,1781863202648000000,0
workspaceModel.sync.entities.ms,1781863142647000000,1781863202648000000,0
workspaceModel.mutableEntityStorage.apply.changes.from.ms,1781863142647000000,1781863202648000000,0
workspaceModel.mutableEntityStorage.remove.entity.ms,1781863142647000000,1781863202648000000,0
jps.global.handle.changed.events.ms,1781863142647000000,1781863202648000000,0
workspaceModel.moduleBridgeLoader.loading.modules.ms,1781863142647000000,1781863202648000000,0
jps.library.entities.serializer.save.entities.ms,1781863142647000000,1781863202648000000,0
jps.artifact.entities.serializer.load.entities.ms,1781863142647000000,1781863202648000000,0
jps.app.storage.content.writer.save.component.ms,1781863142647000000,1781863202648000000,0
workspaceModel.mutableEntityStorage.changeLog.addReplaceEventForNewChild.ms,1781863142647000000,1781863202648000000,0
workspaceModel.global.apply.state.to.project.ms,1781863142647000000,1781863202648000000,0
jps.storage.jps.conf.reader.load.component.ms,1781863142647000000,1781863202648000000,0
workspaceModel.mutableEntityStorage.resolve.ms,1781863142647000000,1781863202648000000,0
workspaceModel.load.cache.metadata.from.file.ms,1781863142647000000,1781863202648000000,0
workspaceModel.mutableEntityStorage.entities.ms,1781863142647000000,1781863202648000000,0
workspaceModel.moduleManagerBridge.load.module.ms,1781863142647000000,1781863202648000000,0
workspaceModel.moduleManagerBridge.newModule.ms,1781863142647000000,1781863202648000000,0
workspaceModel.mutableEntityStorage.changeLog.addReplaceEventForRemovedParent.ms,1781863142647000000,1781863202648000000,0
workspaceModel.mutableEntityStorage.instances.count,1781863142647000000,1781863202648000000,0
workspaceModel.orphan.listener.update.ms,1781863142647000000,1781863202648000000,0
jps.global.initialize.library.bridges.after.loading.ms,1781863142647000000,1781863202648000000,0
jps.project.serializers.save.ms,1781863142647000000,1781863202648000000,0
workspaceModel.mutableEntityStorage.collect.changes.ms,1781863142647000000,1781863202648000000,0
workspaceModel.mutableEntityStorage.changeLog.addReplaceEventForRemovedChild.ms,1781863142647000000,1781863202648000000,0
workspaceModel.moduleBridge.before.changed.ms,1781863142647000000,1781863202648000000,0
workspaceModel.moduleManagerBridge.get.modules.ms,1781863142647000000,1781863202648000000,0
workspaceModel.mutableEntityStorage.modify.entity.ms,1781863142647000000,1781863202648000000,0
jps.apply.loaded.storage.ms,1781863142647000000,1781863202648000000,0
jps.load.initial.state.ms,1781863142647000000,1781863202648000000,0
workspaceModel.mutableEntityStorage.replace.by.source.ms,1781863142647000000,1781863202648000000,0
jps.library.entities.serializer.load.entities.ms,1781863142647000000,1781863202648000000,0
jps.global.handle.before.change.events.ms,1781863142647000000,1781863202648000000,0
workspaceModel.do.save.caches.ms,1781863142647000000,1781863202648000000,0
jps.save.global.entities.ms,1781863142647000000,1781863202648000000,0
jps.module.dependency.index.workspace.model.listener.on.changed.ms,1781863142647000000,1781863202648000000,0
writeAction.count,1781863202648000000,1781863262648000000,6
writeAction.median.wait.ms,1781863202648000000,1781863262648000000,0
DiskQueryRelay.tasksRequested,1781863202648000000,1781863262648000000,203
DiskQueryRelay.taskExecutionTotalTimeUs,1781863202648000000,1781863262648000000,92724
writeAction.max.wait.ms,1781863202648000000,1781863262648000000,24
writeAction.wait.ms,1781863202648000000,1781863262648000000,18
DiskQueryRelay.tasksExecuted,1781863202648000000,1781863262648000000,203
DiskQueryRelay.taskWaitingTotalTimeUs,1781863202648000000,1781863262648000000,195551
LowMemory.gcLoad,1781863202648000000,1781863262648000000,4.080718195467738E-4
LowMemory.gcOverloaded,1781863202648000000,1781863262648000000,0
FileNameCache.totalMisses,1781863202648000000,1781863262648000000,29504
VFS.fileChildByName,1781863202648000000,1781863262648000000,2906
VFS.contentStorage.recordsStored,1781863202648000000,1781863262648000000,0
VFS.rootsCount,1781863202648000000,1781863262648000000,12.0
VFS.cache.directoriesCreated,1781863202648000000,1781863262648000000,1112
FileNameCache.queries,1781863202648000000,1781863262648000000,562240
VFS.cache.filesCreated,1781863202648000000,1781863262648000000,7111
VFS.contentStorage.recordsStoredSize,1781863202648000000,1781863262648000000,0
VFS.contentStorage.recordsStoredCompressed,1781863202648000000,1781863262648000000,0
VFS.cache.segments,1781863202648000000,1781863262648000000,90.0
VFS.folderCaseSensitivityReads,1781863202648000000,1781863262648000000,20
VFS.contentStorage.recordsUncompressedSize,1781863202648000000,1781863262648000000,0
VFS.contentStorage.recordsDecompressionTimeUs,1781863202648000000,1781863262648000000,215
VFS.contentStorage.recordsReadDecompressed,1781863202648000000,1781863262648000000,2
VFS.contentStorage.recordsRead,1781863202648000000,1781863262648000000,101
VFS.cache.segmentsCreated,1781863202648000000,1781863262648000000,28
VFS.fileByIdCache.hits,1781863202648000000,1781863262648000000,1
VFS.invertedFileNameIndex.requests,1781863202648000000,1781863262648000000,0
VFS.contentStorage.recordsReadSize,1781863202648000000,1781863262648000000,132563
VFS.fileByIdCache.misses,1781863202648000000,1781863262648000000,1
VFS.contentStorage.recordsDeduplicated,1781863202648000000,1781863262648000000,4
Indexing.writer_3.totalTimeSpentWritingMs,1781863202648000000,1781863262648000000,0
Indexes.stubs.lookups,1781863202648000000,1781863262648000000,4
Indexing.cache.totalCacheMisses,1781863202648000000,1781863262648000000,5
Indexes.stubs.lookupDurationAvgMs,1781863202648000000,1781863262648000000,1.25
Indexes.stubs.lookupDurationMaxMs,1781863202648000000,1781863262648000000,3.0
Indexing.writer_0.totalTimeSpentWritingMs,1781863202648000000,1781863262648000000,0
Indexing.writer_1.totalTimeSpentWritingMs,1781863202648000000,1781863262648000000,0
Indexing.writesQueuedMin,1781863202648000000,1781863262648000000,0
Indexes.entries.lookupDurationMaxMs,1781863202648000000,1781863262648000000,0.0
Indexing.cache.totalCacheEvicted,1781863202648000000,1781863262648000000,5
Indexing.writesQueuedMax,1781863202648000000,1781863262648000000,0
Indexes.stubs.lookupDuration90PMs,1781863202648000000,1781863262648000000,3.0
Indexes.allKeys.lookupDurationAvgMs,1781863202648000000,1781863262648000000,0.0
Indexes.allKeys.lookups,1781863202648000000,1781863262648000000,1
Indexing.totalTimeIndexersSleptMs,1781863202648000000,1781863262648000000,0
Indexes.allKeys.lookupDurationMaxMs,1781863202648000000,1781863262648000000,0.0
Indexes.entries.lookupDurationAvgMs,1781863202648000000,1781863262648000000,0.0
Indexing.writer_2.totalTimeSpentWritingMs,1781863202648000000,1781863262648000000,0
Indexes.allKeys.lookupDuration90PMs,1781863202648000000,1781863262648000000,0.0
Indexes.entries.lookups,1781863202648000000,1781863262648000000,1
Indexes.entries.lookupDuration90PMs,1781863202648000000,1781863262648000000,0.0
Indexing.cache.totalCacheAccesses,1781863202648000000,1781863262648000000,10
Indexing.writesQueuedAvg,1781863202648000000,1781863262648000000,0.0
JVM.usedNativeBytes,1781863202648000000,1781863262648000000,450542624
JVM.maxThreadCount,1781863202648000000,1781863262648000000,136
JVM.maxHeapBytes,1781863202648000000,1781863262648000000,2147483648
MEM.ramPlusSwapMinusFileMappingsBytes,1781863202648000000,1781863262648000000,1555038208
JVM.GC.collections,1781863202648000000,1781863262648000000,4
MEM.ramMinusFileMappingsBytes,1781863202648000000,1781863262648000000,1555038208
JVM.totalTimeToSafepointsMs,1781863202648000000,1781863262648000000,1
MEM.ramBytes,1781863202648000000,1781863262648000000,1769046016
JVM.committedHeapBytes,1781863202648000000,1781863262648000000,638582784
MEM.fileMappingsRamBytes,1781863202648000000,1781863262648000000,200900608
JVM.GC.collectionTimesMs,1781863202648000000,1781863262648000000,61
JVM.totalDirectByteBuffersBytes,1781863202648000000,1781863262648000000,171053057
JVM.totalSafepointCount,1781863202648000000,1781863262648000000,4
JVM.totalBytesAllocated,1781863202648000000,1781863262648000000,249665496
JVM.totalCpuTimeMs,1781863202648000000,1781863262648000000,22070
JVM.newThreadsCount,1781863202648000000,1781863262648000000,4
JVM.threadCount,1781863202648000000,1781863262648000000,86
JVM.totalTimeAtSafepointsMs,1781863202648000000,1781863262648000000,64
OS.loadAverage,1781863202648000000,1781863262648000000,4.501953125
JVM.usedHeapBytes,1781863202648000000,1781863262648000000,381158800
workspaceModel.updates.ms,1781863202648000000,1781863262648000000,5
workspaceModel.cachedValue.total.get.count,1781863202648000000,1781863262648000000,32
workspaceModel.workspaceFileIndexData.getPackageName.ms,1781863202648000000,1781863262648000000,19
workspaceModel.workspaceFileIndexData.getFileInfo.ms,1781863202648000000,1781863262648000000,236
workspaceModel.workspaceFileIndexData.processFileSets.ms,1781863202648000000,1781863262648000000,0
workspaceModel.full.replace.project.model.ms,1781863202648000000,1781863262648000000,0
workspaceModel.workspaceFileIndexData.updateDirtyEntities.ms,1781863202648000000,1781863262648000000,0
workspaceModel.check.recursive.update.ms,1781863202648000000,1781863262648000000,1
workspaceModel.cachedValue.clear.count,1781863202648000000,1781863262648000000,0
workspaceModel.workspaceFileIndexData.onEntitiesChanged.ms,1781863202648000000,1781863262648000000,1
workspaceModel.workspaceFileIndexData.getDirectoriesByPackageName.ms,1781863202648000000,1781863262648000000,32
workspaceModel.on.changed.ms,1781863202648000000,1781863262648000000,2
workspaceModel.to.snapshot.ms,1781863202648000000,1781863262648000000,1
workspaceModel.cachedValue.calculated.count,1781863202648000000,1781863262648000000,6
workspaceModel.cachedValueWithParameters.total.get.count,1781863202648000000,1781863262648000000,3846
workspaceModel.workspaceFileIndexContributor.registerFileSets.ms,1781863202648000000,1781863262648000000,0
workspaceModel.updates.precise.ms,1781863202648000000,1781863262648000000,0
workspaceModel.loading.from.cache.ms,1781863202648000000,1781863262648000000,0
workspaceModel.entityStorageSnapshotImpl.instances.count,1781863202648000000,1781863262648000000,8
workspaceModel.cachedValueWithParameters.calculated.count,1781863202648000000,1781863262648000000,1
workspaceModel.workspaceFileIndexData.markDirty.ms,1781863202648000000,1781863262648000000,0
workspaceModel.workspaceFileIndexData.visitFileSets.ms,1781863202648000000,1781863262648000000,28
workspaceModel.workspaceFileIndexData.instances.count,1781863202648000000,1781863262648000000,0
workspaceModel.on.before.changed.ms,1781863202648000000,1781863262648000000,1
workspaceModel.pre.handlers.ms,1781863202648000000,1781863262648000000,0
workspaceModel.cachedValue.from.cache.count,1781863202648000000,1781863262648000000,26
workspaceModel.replace.project.model.ms,1781863202648000000,1781863262648000000,0
workspaceModel.loading.total.ms,1781863202648000000,1781863262648000000,0
workspaceModel.cachedValueWithParameters.clear.count,1781863202648000000,1781863262648000000,0
workspaceModel.init.bridges.ms,1781863202648000000,1781863262648000000,0
workspaceModel.collect.changes.ms,1781863202648000000,1781863262648000000,0
workspaceModel.initializing.ms,1781863202648000000,1781863262648000000,0
workspaceModel.updates.count,1781863202648000000,1781863262648000000,2
workspaceModel.cachedValueWithParameters.from.cache.count,1781863202648000000,1781863262648000000,3845
workspaceModel.workspaceFileIndexData.init.ms,1781863202648000000,1781863262648000000,0
workspaceModel.update.unloaded.entities.ms,1781863202648000000,1781863262648000000,0
StreamlinedBlobStorage.totalLiveRecordsCapacityBytes,1781863202648000000,1781863262648000000,5432
FileChannelInterruptsRetryer.totalRetriedAttempts,1781863202648000000,1781863262648000000,0
FilePageCache.maxCacheSizeInBytes,1781863202648000000,1781863262648000000,629153792
FilePageCache.totalPageDisposalsUs,1781863202648000000,1781863262648000000,17
StreamlinedBlobStorage.recordsRelocated,1781863202648000000,1781863262648000000,0
StorageLockContext.competingThreads.avg,1781863202648000000,1781863262648000000,0.0
StreamlinedBlobStorage.recordsDeleted,1781863202648000000,1781863262648000000,0
DirectByteBufferAllocator.totalSizeOfBuffersAllocatedInBytes,1781863202648000000,1781863262648000000,170975232
MappedFileStorage.totalTimeSpentOnMappingUs,1781863202648000000,1781863262648000000,66631
FilePageCache.pageLoadsAboveSizeThreshold,1781863202648000000,1781863262648000000,0
StreamlinedBlobStorage.totalLiveRecordsPayloadBytes,1781863202648000000,1781863262648000000,1005
DirectByteBufferAllocator.totalSizeOfBuffersCachedInBytes,1781863202648000000,1781863262648000000,41959424
FilePageCache.disposedBuffers,1781863202648000000,1781863262648000000,0
FilePageCache.capacityInBytes,1781863202648000000,1781863262648000000,629145600
StorageLockContext.competingThreads.90P,1781863202648000000,1781863262648000000,0
DirectByteBufferAllocator.misses,1781863202648000000,1781863262648000000,3
MappedFileStorage.totalBytesMapped,1781863202648000000,1781863262648000000,198443008
StreamlinedBlobStorage.recordsAllocated,1781863202648000000,1781863262648000000,76
FilePageCache.uncachedFileAccess,1781863202648000000,1781863262648000000,6
FilePageCache.maxRegisteredFiles,1781863202648000000,1781863262648000000,1652
FilePageCache.pageFastCacheHits,1781863202648000000,1781863262648000000,47
DirectByteBufferAllocator.hits,1781863202648000000,1781863262648000000,0
FilePageCache.totalPageLoadsUs,1781863202648000000,1781863262648000000,19458
DirectByteBufferAllocator.reclaimed,1781863202648000000,1781863262648000000,0
FilePageCache.pageLoads,1781863202648000000,1781863262648000000,3
FilePageCache.pageHits,1781863202648000000,1781863262648000000,0
MappedFileStorage.totalPagesMapped,1781863202648000000,1781863262648000000,15
MappedFileStorage.storages,1781863202648000000,1781863262648000000,15
DirectByteBufferAllocator.disposed,1781863202648000000,1781863262648000000,0
StorageLockContext.competingThreads.max,1781863202648000000,1781863262648000000,0
cacheStateStorage.set.counter,1781863202648000000,1781863262648000000,0
cacheStateStorage.set.duration,1781863202648000000,1781863262648000000,0
cacheStateStorage.get.counter,1781863202648000000,1781863262648000000,2
cacheStateStorage.get.duration,1781863202648000000,1781863262648000000,64
compiler.ArtifactManagerBridge.getArtifactsByType.ms,1781863202648000000,1781863262648000000,0
compiler.ArtifactManagerBridge.addArtifact.ms,1781863202648000000,1781863262648000000,0
compiler.ArtifactVirtualFileListener.filePathChanged.ms,1781863202648000000,1781863262648000000,0
compiler.ArtifactManagerBridge.commit.ms,1781863202648000000,1781863262648000000,0
compiler.ArtifactManagerBridge.dropMappings.ms,1781863202648000000,1781863262648000000,0
compiler.ArtifactManagerBridge.getArtifacts.ms,1781863202648000000,1781863262648000000,0
compiler.ArtifactManagerBridge.findArtifact.ms,1781863202648000000,1781863262648000000,0
compiler.ArtifactManagerBridge.initBridges.ms,1781863202648000000,1781863262648000000,0
compiler.ArtifactVirtualFileListener.propertyChanged.ms,1781863202648000000,1781863262648000000,0
FlushQueue.waitingTimeAvgNs,1781863202648000000,1781863262648000000,2.598076917791411E7
FlushQueue.tasksExecuted,1781863202648000000,1781863262648000000,326
FlushQueue.waitingTimeMaxNs,1781863202648000000,1781863262648000000,192937983
AWTEventQueue.dispatchTimeTotalNS,1781863202648000000,1781863262648000000,1531208480
AWTEventQueue.dispatchTimeAvgNs,1781863202648000000,1781863262648000000,4039084.7493403694
ReadAction.executionsCount,1781863202648000000,1781863262648000000,48068
WriteAction.executionsCount,1781863202648000000,1781863262648000000,6
FlushQueue.queueSize90P,1781863202648000000,1781863262648000000,12
AWTEventQueue.eventsDispatched,1781863202648000000,1781863262648000000,379
NonBlockingReadAction.finalizedExecutionsCount,1781863202648000000,1781863262648000000,9
FlushQueue.waitingTime90PNs,1781863202648000000,1781863262648000000,93323263
FlushQueue.executionTimeMaxNs,1781863202648000000,1781863262648000000,30801919
NonBlockingReadAction.failedExecutionsCount,1781863202648000000,1781863262648000000,3
AWTEventQueue.dispatchTime90PNs,1781863202648000000,1781863262648000000,9240575
FlushQueue.executionTime90PNs,1781863202648000000,1781863262648000000,2883583
NonBlockingReadAction.failedExecutionTimeUs,1781863202648000000,1781863262648000000,30840
NonBlockingReadAction.finalizedExecutionTimeUs,1781863202648000000,1781863262648000000,31041
AWTEventQueue.dispatchTimeMaxNs,1781863202648000000,1781863262648000000,114819071
FlushQueue.queueSizeMax,1781863202648000000,1781863262648000000,21
FlushQueue.executionTimeAvgNs,1781863202648000000,1781863262648000000,1412311.3619631901
FlushQueue.queueSizeAvg,1781863202648000000,1781863262648000000,3.9049079754601226
workspaceModel.moduleManagerBridge.build.module.graph.ms,1781863202648000000,1781863262648000000,1
workspaceModel.mutableEntityStorage.add.entity.ms,1781863202648000000,1781863262648000000,1
workspaceModel.mutableEntityStorage.changeLog.addReplaceEventForNewParent.ms,1781863202648000000,1781863262648000000,0
jps.facet.change.listener.init.bridge.ms,1781863202648000000,1781863262648000000,0
jps.facet.change.listener.process.change.events.ms,1781863202648000000,1781863262648000000,0
jps.global.initialize.library.bridges.ms,1781863202648000000,1781863262648000000,0
workspaceModel.moduleManagerBridge.set.unloadedModules.ms,1781863202648000000,1781863262648000000,0
jps.global.get.libraries.ms,1781863202648000000,1781863262648000000,0
workspaceModel.moduleBridge.update.option.ms,1781863202648000000,1781863262648000000,0
workspaceModel.moduleManagerBridge.create.module.instance.ms,1781863202648000000,1781863262648000000,0
workspaceModel.global.updates.count,1781863202648000000,1781863262648000000,1
workspaceModel.mutableEntityStorage.mutable.vfurl.index.ms,1781863202648000000,1781863262648000000,0
jps.save.changed.project.entities.ms,1781863202648000000,1781863262648000000,0
jps.load.project.to.empty.storage.ms,1781863202648000000,1781863262648000000,0
workspaceModel.mutableEntityStorage.put.entity.ms,1781863202648000000,1781863262648000000,0
jps.facet.change.listener.before.change.events.ms,1781863202648000000,1781863262648000000,0
jps.global.get.library.ms,1781863202648000000,1781863262648000000,0
workspaceModel.mutableEntityStorage.to.snapshot.ms,1781863202648000000,1781863262648000000,1
workspaceModel.mutableEntityStorage.entities.by.source.ms,1781863202648000000,1781863262648000000,0
workspaceModel.global.apply.state.to.project.builder.ms,1781863202648000000,1781863262648000000,0
jps.artifact.entities.serializer.save.entities.ms,1781863202648000000,1781863262648000000,0
workspaceModel.mutableEntityStorage.referrers.ms,1781863202648000000,1781863262648000000,0
jps.global.get.library.by.name.ms,1781863202648000000,1781863262648000000,0
jps.module.iml.entities.serializer.save.entities.ms,1781863202648000000,1781863262648000000,0
workspaceModel.global.updates.ms,1781863202648000000,1781863262648000000,8
workspaceModel.moduleManagerBridge.new.nonPersistent.module.ms,1781863202648000000,1781863262648000000,0
workspaceModel.moduleManagerBridge.load.all.modules.ms,1781863202648000000,1781863262648000000,0
workspaceModel.mutableEntityStorage.hasReferrers.ms,1781863202648000000,1781863262648000000,0
workspaceModel.save.cache.to.file.ms,1781863202648000000,1781863262648000000,54
workspaceModel.load.cache.from.file.ms,1781863202648000000,1781863262648000000,0
jps.module.iml.entities.serializer.load.entities.ms,1781863202648000000,1781863262648000000,0
jps.app.storage.content.reader.load.component.ms,1781863202648000000,1781863262648000000,0
workspaceModel.moduleBridge.facet.initialization.ms,1781863202648000000,1781863262648000000,0
jps.project.serializers.load.ms,1781863202648000000,1781863262648000000,0
workspaceModel.mutableEntityStorage.has.same.entities.ms,1781863202648000000,1781863262648000000,0
workspaceModel.delayed.project.synchronizer.sync.ms,1781863202648000000,1781863262648000000,0
workspaceModel.mutableEntityStorage.mutable.ext.mapping.ms,1781863202648000000,1781863262648000000,0
jps.reload.project.entities.ms,1781863202648000000,1781863262648000000,0
workspaceModel.sync.entities.ms,1781863202648000000,1781863262648000000,0
workspaceModel.mutableEntityStorage.apply.changes.from.ms,1781863202648000000,1781863262648000000,0
workspaceModel.mutableEntityStorage.remove.entity.ms,1781863202648000000,1781863262648000000,0
jps.global.handle.changed.events.ms,1781863202648000000,1781863262648000000,0
workspaceModel.moduleBridgeLoader.loading.modules.ms,1781863202648000000,1781863262648000000,0
jps.library.entities.serializer.save.entities.ms,1781863202648000000,1781863262648000000,0
jps.artifact.entities.serializer.load.entities.ms,1781863202648000000,1781863262648000000,0
jps.app.storage.content.writer.save.component.ms,1781863202648000000,1781863262648000000,0
workspaceModel.mutableEntityStorage.changeLog.addReplaceEventForNewChild.ms,1781863202648000000,1781863262648000000,0
workspaceModel.global.apply.state.to.project.ms,1781863202648000000,1781863262648000000,7
jps.storage.jps.conf.reader.load.component.ms,1781863202648000000,1781863262648000000,0
workspaceModel.mutableEntityStorage.resolve.ms,1781863202648000000,1781863262648000000,0
workspaceModel.load.cache.metadata.from.file.ms,1781863202648000000,1781863262648000000,0
workspaceModel.mutableEntityStorage.entities.ms,1781863202648000000,1781863262648000000,1
workspaceModel.moduleManagerBridge.load.module.ms,1781863202648000000,1781863262648000000,0
workspaceModel.moduleManagerBridge.newModule.ms,1781863202648000000,1781863262648000000,0
workspaceModel.mutableEntityStorage.changeLog.addReplaceEventForRemovedParent.ms,1781863202648000000,1781863262648000000,0
workspaceModel.mutableEntityStorage.instances.count,1781863202648000000,1781863262648000000,10
workspaceModel.orphan.listener.update.ms,1781863202648000000,1781863262648000000,0
jps.global.initialize.library.bridges.after.loading.ms,1781863202648000000,1781863262648000000,0
jps.project.serializers.save.ms,1781863202648000000,1781863262648000000,0
workspaceModel.mutableEntityStorage.collect.changes.ms,1781863202648000000,1781863262648000000,0
workspaceModel.mutableEntityStorage.changeLog.addReplaceEventForRemovedChild.ms,1781863202648000000,1781863262648000000,0
workspaceModel.moduleBridge.before.changed.ms,1781863202648000000,1781863262648000000,0
workspaceModel.moduleManagerBridge.get.modules.ms,1781863202648000000,1781863262648000000,0
workspaceModel.mutableEntityStorage.modify.entity.ms,1781863202648000000,1781863262648000000,0
jps.apply.loaded.storage.ms,1781863202648000000,1781863262648000000,0
jps.load.initial.state.ms,1781863202648000000,1781863262648000000,0
workspaceModel.mutableEntityStorage.replace.by.source.ms,1781863202648000000,1781863262648000000,0
jps.library.entities.serializer.load.entities.ms,1781863202648000000,1781863262648000000,0
jps.global.handle.before.change.events.ms,1781863202648000000,1781863262648000000,0
workspaceModel.do.save.caches.ms,1781863202648000000,1781863262648000000,36
jps.save.global.entities.ms,1781863202648000000,1781863262648000000,0
jps.module.dependency.index.workspace.model.listener.on.changed.ms,1781863202648000000,1781863262648000000,0
writeAction.count,1781863262648000000,1781863322648000000,1
writeAction.median.wait.ms,1781863262648000000,1781863322648000000,0
DiskQueryRelay.tasksRequested,1781863262648000000,1781863322648000000,479
lexer.JSON.time.ns,1781863262648000000,1781863322648000000,529906
DiskQueryRelay.taskExecutionTotalTimeUs,1781863262648000000,1781863322648000000,953785
writeAction.max.wait.ms,1781863262648000000,1781863322648000000,24
writeAction.wait.ms,1781863262648000000,1781863322648000000,1
parser.JAVA.size.bytes,1781863262648000000,1781863322648000000,903
lexer.JAVA.time.ns,1781863262648000000,1781863322648000000,695318
lexer.JAVA.size.bytes,1781863262648000000,1781863322648000000,903
DiskQueryRelay.tasksExecuted,1781863262648000000,1781863322648000000,478
parser.JSON.time.ns,1781863262648000000,1781863322648000000,46
parser.JAVA.time.ns,1781863262648000000,1781863322648000000,34411327
DiskQueryRelay.taskWaitingTotalTimeUs,1781863262648000000,1781863322648000000,1140635
lexer.JSON.size.bytes,1781863262648000000,1781863322648000000,503
parser.JSON.size.bytes,1781863262648000000,1781863322648000000,503
LowMemory.gcLoad,1781863262648000000,1781863322648000000,2.0949709101179888E-4
LowMemory.gcOverloaded,1781863262648000000,1781863322648000000,0
FileNameCache.totalMisses,1781863262648000000,1781863322648000000,3456
VFS.fileChildByName,1781863262648000000,1781863322648000000,1687
VFS.contentStorage.recordsStored,1781863262648000000,1781863322648000000,0
VFS.rootsCount,1781863262648000000,1781863322648000000,12.0
VFS.cache.directoriesCreated,1781863262648000000,1781863322648000000,34
FileNameCache.queries,1781863262648000000,1781863322648000000,159552
VFS.cache.filesCreated,1781863262648000000,1781863322648000000,34624
VFS.contentStorage.recordsStoredSize,1781863262648000000,1781863322648000000,0
VFS.contentStorage.recordsStoredCompressed,1781863262648000000,1781863322648000000,0
VFS.cache.segments,1781863262648000000,1781863322648000000,90.0
VFS.folderCaseSensitivityReads,1781863262648000000,1781863322648000000,0
VFS.contentStorage.recordsUncompressedSize,1781863262648000000,1781863322648000000,0
VFS.contentStorage.recordsDecompressionTimeUs,1781863262648000000,1781863322648000000,276
VFS.contentStorage.recordsReadDecompressed,1781863262648000000,1781863322648000000,1
VFS.contentStorage.recordsRead,1781863262648000000,1781863322648000000,7
VFS.cache.segmentsCreated,1781863262648000000,1781863322648000000,0
VFS.fileByIdCache.hits,1781863262648000000,1781863322648000000,0
VFS.invertedFileNameIndex.requests,1781863262648000000,1781863322648000000,2
VFS.contentStorage.recordsReadSize,1781863262648000000,1781863322648000000,86569
VFS.fileByIdCache.misses,1781863262648000000,1781863322648000000,171
VFS.contentStorage.recordsDeduplicated,1781863262648000000,1781863322648000000,4
Indexing.writer_3.totalTimeSpentWritingMs,1781863262648000000,1781863322648000000,145
Indexes.stubs.lookups,1781863262648000000,1781863322648000000,1180
Indexing.cache.totalCacheMisses,1781863262648000000,1781863322648000000,20586
Indexes.stubs.lookupDurationAvgMs,1781863262648000000,1781863322648000000,0.7521150592216582
Indexes.stubs.lookupDurationMaxMs,1781863262648000000,1781863322648000000,45.0
Indexing.writer_0.totalTimeSpentWritingMs,1781863262648000000,1781863322648000000,532
Indexing.writer_1.totalTimeSpentWritingMs,1781863262648000000,1781863322648000000,517
Indexing.writesQueuedMin,1781863262648000000,1781863322648000000,0
Indexes.entries.lookupDurationMaxMs,1781863262648000000,1781863322648000000,160.0
Indexing.cache.totalCacheEvicted,1781863262648000000,1781863322648000000,20537
Indexing.writesQueuedMax,1781863262648000000,1781863322648000000,6
Indexes.stubs.lookupDuration90PMs,1781863262648000000,1781863322648000000,1.0
Indexes.allKeys.lookupDurationAvgMs,1781863262648000000,1781863322648000000,0.0
Indexes.allKeys.lookups,1781863262648000000,1781863322648000000,1
Indexing.totalTimeIndexersSleptMs,1781863262648000000,1781863322648000000,0
Indexes.allKeys.lookupDurationMaxMs,1781863262648000000,1781863322648000000,0.0
Indexes.entries.lookupDurationAvgMs,1781863262648000000,1781863322648000000,35.22727272727273
Indexing.writer_2.totalTimeSpentWritingMs,1781863262648000000,1781863322648000000,120
Indexes.allKeys.lookupDuration90PMs,1781863262648000000,1781863322648000000,0.0
Indexes.entries.lookups,1781863262648000000,1781863322648000000,44
Indexes.entries.lookupDuration90PMs,1781863262648000000,1781863322648000000,153.0
Indexing.cache.totalCacheAccesses,1781863262648000000,1781863322648000000,122261
Indexing.writesQueuedAvg,1781863262648000000,1781863322648000000,0.05454545454545454
JVM.usedNativeBytes,1781863262648000000,1781863322648000000,454383192
JVM.maxThreadCount,1781863262648000000,1781863322648000000,136
JVM.maxHeapBytes,1781863262648000000,1781863322648000000,2147483648
MEM.ramPlusSwapMinusFileMappingsBytes,1781863262648000000,1781863322648000000,1586626560
JVM.GC.collections,1781863262648000000,1781863322648000000,4
MEM.ramMinusFileMappingsBytes,1781863262648000000,1781863322648000000,1586626560
JVM.totalTimeToSafepointsMs,1781863262648000000,1781863322648000000,8
MEM.ramBytes,1781863262648000000,1781863322648000000,1841922048
JVM.committedHeapBytes,1781863262648000000,1781863322648000000,648019968
MEM.fileMappingsRamBytes,1781863262648000000,1781863322648000000,242188288
JVM.GC.collectionTimesMs,1781863262648000000,1781863322648000000,172
JVM.totalDirectByteBuffersBytes,1781863262648000000,1781863322648000000,172118017
JVM.totalSafepointCount,1781863262648000000,1781863322648000000,4
JVM.totalBytesAllocated,1781863262648000000,1781863322648000000,538906856
JVM.totalCpuTimeMs,1781863262648000000,1781863322648000000,27510
JVM.newThreadsCount,1781863262648000000,1781863322648000000,4
JVM.threadCount,1781863262648000000,1781863322648000000,86
JVM.totalTimeAtSafepointsMs,1781863262648000000,1781863322648000000,174
OS.loadAverage,1781863262648000000,1781863322648000000,1.7470703125
JVM.usedHeapBytes,1781863262648000000,1781863322648000000,515962776
workspaceModel.updates.ms,1781863262648000000,1781863322648000000,0
workspaceModel.cachedValue.total.get.count,1781863262648000000,1781863322648000000,24
workspaceModel.workspaceFileIndexData.getPackageName.ms,1781863262648000000,1781863322648000000,4
workspaceModel.workspaceFileIndexData.getFileInfo.ms,1781863262648000000,1781863322648000000,71
workspaceModel.workspaceFileIndexData.processFileSets.ms,1781863262648000000,1781863322648000000,0
workspaceModel.full.replace.project.model.ms,1781863262648000000,1781863322648000000,0
workspaceModel.workspaceFileIndexData.updateDirtyEntities.ms,1781863262648000000,1781863322648000000,0
workspaceModel.check.recursive.update.ms,1781863262648000000,1781863322648000000,0
workspaceModel.cachedValue.clear.count,1781863262648000000,1781863322648000000,0
workspaceModel.workspaceFileIndexData.onEntitiesChanged.ms,1781863262648000000,1781863322648000000,0
workspaceModel.workspaceFileIndexData.getDirectoriesByPackageName.ms,1781863262648000000,1781863322648000000,1
workspaceModel.on.changed.ms,1781863262648000000,1781863322648000000,0
workspaceModel.to.snapshot.ms,1781863262648000000,1781863322648000000,0
workspaceModel.cachedValue.calculated.count,1781863262648000000,1781863322648000000,0
workspaceModel.cachedValueWithParameters.total.get.count,1781863262648000000,1781863322648000000,5116
workspaceModel.workspaceFileIndexContributor.registerFileSets.ms,1781863262648000000,1781863322648000000,0
workspaceModel.updates.precise.ms,1781863262648000000,1781863322648000000,0
workspaceModel.loading.from.cache.ms,1781863262648000000,1781863322648000000,0
workspaceModel.entityStorageSnapshotImpl.instances.count,1781863262648000000,1781863322648000000,0
workspaceModel.cachedValueWithParameters.calculated.count,1781863262648000000,1781863322648000000,0
workspaceModel.workspaceFileIndexData.markDirty.ms,1781863262648000000,1781863322648000000,0
workspaceModel.workspaceFileIndexData.visitFileSets.ms,1781863262648000000,1781863322648000000,1
workspaceModel.workspaceFileIndexData.instances.count,1781863262648000000,1781863322648000000,0
workspaceModel.on.before.changed.ms,1781863262648000000,1781863322648000000,0
workspaceModel.pre.handlers.ms,1781863262648000000,1781863322648000000,0
workspaceModel.cachedValue.from.cache.count,1781863262648000000,1781863322648000000,24
workspaceModel.replace.project.model.ms,1781863262648000000,1781863322648000000,0
workspaceModel.loading.total.ms,1781863262648000000,1781863322648000000,0
workspaceModel.cachedValueWithParameters.clear.count,1781863262648000000,1781863322648000000,0
workspaceModel.init.bridges.ms,1781863262648000000,1781863322648000000,0
workspaceModel.collect.changes.ms,1781863262648000000,1781863322648000000,0
workspaceModel.initializing.ms,1781863262648000000,1781863322648000000,0
workspaceModel.updates.count,1781863262648000000,1781863322648000000,0
workspaceModel.cachedValueWithParameters.from.cache.count,1781863262648000000,1781863322648000000,5116
workspaceModel.workspaceFileIndexData.init.ms,1781863262648000000,1781863322648000000,0
workspaceModel.update.unloaded.entities.ms,1781863262648000000,1781863322648000000,0
StreamlinedBlobStorage.totalLiveRecordsCapacityBytes,1781863262648000000,1781863322648000000,10920
FileChannelInterruptsRetryer.totalRetriedAttempts,1781863262648000000,1781863322648000000,0
FilePageCache.maxCacheSizeInBytes,1781863262648000000,1781863322648000000,629153792
FilePageCache.totalPageDisposalsUs,1781863262648000000,1781863322648000000,6
StreamlinedBlobStorage.recordsRelocated,1781863262648000000,1781863322648000000,0
StorageLockContext.competingThreads.avg,1781863262648000000,1781863322648000000,0.0
StreamlinedBlobStorage.recordsDeleted,1781863262648000000,1781863322648000000,0
DirectByteBufferAllocator.totalSizeOfBuffersAllocatedInBytes,1781863262648000000,1781863322648000000,172023808
MappedFileStorage.totalTimeSpentOnMappingUs,1781863262648000000,1781863322648000000,66631
FilePageCache.pageLoadsAboveSizeThreshold,1781863262648000000,1781863322648000000,0
StreamlinedBlobStorage.totalLiveRecordsPayloadBytes,1781863262648000000,1781863322648000000,7486
DirectByteBufferAllocator.totalSizeOfBuffersCachedInBytes,1781863262648000000,1781863322648000000,41959424
FilePageCache.disposedBuffers,1781863262648000000,1781863322648000000,0
FilePageCache.capacityInBytes,1781863262648000000,1781863322648000000,629145600
StorageLockContext.competingThreads.90P,1781863262648000000,1781863322648000000,0
DirectByteBufferAllocator.misses,1781863262648000000,1781863322648000000,1
MappedFileStorage.totalBytesMapped,1781863262648000000,1781863322648000000,198443008
StreamlinedBlobStorage.recordsAllocated,1781863262648000000,1781863322648000000,156
FilePageCache.uncachedFileAccess,1781863262648000000,1781863322648000000,26
FilePageCache.maxRegisteredFiles,1781863262648000000,1781863322648000000,1652
FilePageCache.pageFastCacheHits,1781863262648000000,1781863322648000000,45149
DirectByteBufferAllocator.hits,1781863262648000000,1781863322648000000,0
FilePageCache.totalPageLoadsUs,1781863262648000000,1781863322648000000,6371
DirectByteBufferAllocator.reclaimed,1781863262648000000,1781863322648000000,0
FilePageCache.pageLoads,1781863262648000000,1781863322648000000,1
FilePageCache.pageHits,1781863262648000000,1781863322648000000,0
MappedFileStorage.totalPagesMapped,1781863262648000000,1781863322648000000,15
MappedFileStorage.storages,1781863262648000000,1781863322648000000,15
DirectByteBufferAllocator.disposed,1781863262648000000,1781863322648000000,0
StorageLockContext.competingThreads.max,1781863262648000000,1781863322648000000,0
cacheStateStorage.set.counter,1781863262648000000,1781863322648000000,0
cacheStateStorage.set.duration,1781863262648000000,1781863322648000000,0
cacheStateStorage.get.counter,1781863262648000000,1781863322648000000,2
cacheStateStorage.get.duration,1781863262648000000,1781863322648000000,28
compiler.ArtifactManagerBridge.getArtifactsByType.ms,1781863262648000000,1781863322648000000,0
compiler.ArtifactManagerBridge.addArtifact.ms,1781863262648000000,1781863322648000000,0
compiler.ArtifactVirtualFileListener.filePathChanged.ms,1781863262648000000,1781863322648000000,0
compiler.ArtifactManagerBridge.commit.ms,1781863262648000000,1781863322648000000,0
compiler.ArtifactManagerBridge.dropMappings.ms,1781863262648000000,1781863322648000000,0
compiler.ArtifactManagerBridge.getArtifacts.ms,1781863262648000000,1781863322648000000,0
compiler.ArtifactManagerBridge.findArtifact.ms,1781863262648000000,1781863322648000000,0
compiler.ArtifactManagerBridge.initBridges.ms,1781863262648000000,1781863322648000000,0
compiler.ArtifactVirtualFileListener.propertyChanged.ms,1781863262648000000,1781863322648000000,0
FlushQueue.waitingTimeAvgNs,1781863262648000000,1781863322648000000,8556848.961748634
FlushQueue.tasksExecuted,1781863262648000000,1781863322648000000,366
FlushQueue.waitingTimeMaxNs,1781863262648000000,1781863322648000000,114294783
AWTEventQueue.dispatchTimeTotalNS,1781863262648000000,1781863322648000000,1312706522
AWTEventQueue.dispatchTimeAvgNs,1781863262648000000,1781863322648000000,2936166.9440715886
ReadAction.executionsCount,1781863262648000000,1781863322648000000,45708
WriteAction.executionsCount,1781863262648000000,1781863322648000000,1
FlushQueue.queueSize90P,1781863262648000000,1781863322648000000,9
AWTEventQueue.eventsDispatched,1781863262648000000,1781863322648000000,447
NonBlockingReadAction.finalizedExecutionsCount,1781863262648000000,1781863322648000000,28
FlushQueue.waitingTime90PNs,1781863262648000000,1781863322648000000,26869759
FlushQueue.executionTimeMaxNs,1781863262648000000,1781863322648000000,35389439
NonBlockingReadAction.failedExecutionsCount,1781863262648000000,1781863322648000000,0
AWTEventQueue.dispatchTime90PNs,1781863262648000000,1781863322648000000,6619135
FlushQueue.executionTime90PNs,1781863262648000000,1781863322648000000,2310143
NonBlockingReadAction.failedExecutionTimeUs,1781863262648000000,1781863322648000000,0
NonBlockingReadAction.finalizedExecutionTimeUs,1781863262648000000,1781863322648000000,4758
AWTEventQueue.dispatchTimeMaxNs,1781863262648000000,1781863322648000000,107479039
FlushQueue.queueSizeMax,1781863262648000000,1781863322648000000,18
FlushQueue.executionTimeAvgNs,1781863262648000000,1781863322648000000,952177.1803278689
FlushQueue.queueSizeAvg,1781863262648000000,1781863322648000000,3.092896174863388
workspaceModel.moduleManagerBridge.build.module.graph.ms,1781863262648000000,1781863322648000000,0
workspaceModel.mutableEntityStorage.add.entity.ms,1781863262648000000,1781863322648000000,0
workspaceModel.mutableEntityStorage.changeLog.addReplaceEventForNewParent.ms,1781863262648000000,1781863322648000000,0
jps.facet.change.listener.init.bridge.ms,1781863262648000000,1781863322648000000,0
jps.facet.change.listener.process.change.events.ms,1781863262648000000,1781863322648000000,0
jps.global.initialize.library.bridges.ms,1781863262648000000,1781863322648000000,0
workspaceModel.moduleManagerBridge.set.unloadedModules.ms,1781863262648000000,1781863322648000000,0
jps.global.get.libraries.ms,1781863262648000000,1781863322648000000,0
workspaceModel.moduleBridge.update.option.ms,1781863262648000000,1781863322648000000,0
workspaceModel.moduleManagerBridge.create.module.instance.ms,1781863262648000000,1781863322648000000,0
workspaceModel.global.updates.count,1781863262648000000,1781863322648000000,0
workspaceModel.mutableEntityStorage.mutable.vfurl.index.ms,1781863262648000000,1781863322648000000,0
jps.save.changed.project.entities.ms,1781863262648000000,1781863322648000000,0
jps.load.project.to.empty.storage.ms,1781863262648000000,1781863322648000000,0
workspaceModel.mutableEntityStorage.put.entity.ms,1781863262648000000,1781863322648000000,0
jps.facet.change.listener.before.change.events.ms,1781863262648000000,1781863322648000000,0
jps.global.get.library.ms,1781863262648000000,1781863322648000000,0
workspaceModel.mutableEntityStorage.to.snapshot.ms,1781863262648000000,1781863322648000000,0
workspaceModel.mutableEntityStorage.entities.by.source.ms,1781863262648000000,1781863322648000000,0
workspaceModel.global.apply.state.to.project.builder.ms,1781863262648000000,1781863322648000000,0
jps.artifact.entities.serializer.save.entities.ms,1781863262648000000,1781863322648000000,0
workspaceModel.mutableEntityStorage.referrers.ms,1781863262648000000,1781863322648000000,0
jps.global.get.library.by.name.ms,1781863262648000000,1781863322648000000,0
jps.module.iml.entities.serializer.save.entities.ms,1781863262648000000,1781863322648000000,0
workspaceModel.global.updates.ms,1781863262648000000,1781863322648000000,0
workspaceModel.moduleManagerBridge.new.nonPersistent.module.ms,1781863262648000000,1781863322648000000,0
workspaceModel.moduleManagerBridge.load.all.modules.ms,1781863262648000000,1781863322648000000,0
workspaceModel.mutableEntityStorage.hasReferrers.ms,1781863262648000000,1781863322648000000,0
workspaceModel.save.cache.to.file.ms,1781863262648000000,1781863322648000000,0
workspaceModel.load.cache.from.file.ms,1781863262648000000,1781863322648000000,0
jps.module.iml.entities.serializer.load.entities.ms,1781863262648000000,1781863322648000000,0
jps.app.storage.content.reader.load.component.ms,1781863262648000000,1781863322648000000,0
workspaceModel.moduleBridge.facet.initialization.ms,1781863262648000000,1781863322648000000,0
jps.project.serializers.load.ms,1781863262648000000,1781863322648000000,0
workspaceModel.mutableEntityStorage.has.same.entities.ms,1781863262648000000,1781863322648000000,0
workspaceModel.delayed.project.synchronizer.sync.ms,1781863262648000000,1781863322648000000,0
workspaceModel.mutableEntityStorage.mutable.ext.mapping.ms,1781863262648000000,1781863322648000000,0
jps.reload.project.entities.ms,1781863262648000000,1781863322648000000,0
workspaceModel.sync.entities.ms,1781863262648000000,1781863322648000000,0
workspaceModel.mutableEntityStorage.apply.changes.from.ms,1781863262648000000,1781863322648000000,0
workspaceModel.mutableEntityStorage.remove.entity.ms,1781863262648000000,1781863322648000000,0
jps.global.handle.changed.events.ms,1781863262648000000,1781863322648000000,0
workspaceModel.moduleBridgeLoader.loading.modules.ms,1781863262648000000,1781863322648000000,0
jps.library.entities.serializer.save.entities.ms,1781863262648000000,1781863322648000000,0
jps.artifact.entities.serializer.load.entities.ms,1781863262648000000,1781863322648000000,0
jps.app.storage.content.writer.save.component.ms,1781863262648000000,1781863322648000000,0
workspaceModel.mutableEntityStorage.changeLog.addReplaceEventForNewChild.ms,1781863262648000000,1781863322648000000,0
workspaceModel.global.apply.state.to.project.ms,1781863262648000000,1781863322648000000,0
jps.storage.jps.conf.reader.load.component.ms,1781863262648000000,1781863322648000000,0
workspaceModel.mutableEntityStorage.resolve.ms,1781863262648000000,1781863322648000000,0
workspaceModel.load.cache.metadata.from.file.ms,1781863262648000000,1781863322648000000,0
workspaceModel.mutableEntityStorage.entities.ms,1781863262648000000,1781863322648000000,0
workspaceModel.moduleManagerBridge.load.module.ms,1781863262648000000,1781863322648000000,0
workspaceModel.moduleManagerBridge.newModule.ms,1781863262648000000,1781863322648000000,0
workspaceModel.mutableEntityStorage.changeLog.addReplaceEventForRemovedParent.ms,1781863262648000000,1781863322648000000,0
workspaceModel.mutableEntityStorage.instances.count,1781863262648000000,1781863322648000000,0
workspaceModel.orphan.listener.update.ms,1781863262648000000,1781863322648000000,0
jps.global.initialize.library.bridges.after.loading.ms,1781863262648000000,1781863322648000000,0
jps.project.serializers.save.ms,1781863262648000000,1781863322648000000,0
workspaceModel.mutableEntityStorage.collect.changes.ms,1781863262648000000,1781863322648000000,0
workspaceModel.mutableEntityStorage.changeLog.addReplaceEventForRemovedChild.ms,1781863262648000000,1781863322648000000,0
workspaceModel.moduleBridge.before.changed.ms,1781863262648000000,1781863322648000000,0
workspaceModel.moduleManagerBridge.get.modules.ms,1781863262648000000,1781863322648000000,0
workspaceModel.mutableEntityStorage.modify.entity.ms,1781863262648000000,1781863322648000000,0
jps.apply.loaded.storage.ms,1781863262648000000,1781863322648000000,0
jps.load.initial.state.ms,1781863262648000000,1781863322648000000,0
workspaceModel.mutableEntityStorage.replace.by.source.ms,1781863262648000000,1781863322648000000,0
jps.library.entities.serializer.load.entities.ms,1781863262648000000,1781863322648000000,0
jps.global.handle.before.change.events.ms,1781863262648000000,1781863322648000000,0
workspaceModel.do.save.caches.ms,1781863262648000000,1781863322648000000,0
jps.save.global.entities.ms,1781863262648000000,1781863322648000000,0
jps.module.dependency.index.workspace.model.listener.on.changed.ms,1781863262648000000,1781863322648000000,0
writeAction.count,1781863322648000000,1781863376752000000,12
writeAction.median.wait.ms,1781863322648000000,1781863376752000000,0
DiskQueryRelay.tasksRequested,1781863322648000000,1781863376752000000,25
DiskQueryRelay.taskExecutionTotalTimeUs,1781863322648000000,1781863376752000000,6701
writeAction.max.wait.ms,1781863322648000000,1781863376752000000,24
writeAction.wait.ms,1781863322648000000,1781863376752000000,7
parser.JAVA.size.bytes,1781863322648000000,1781863376752000000,2620
lexer.JAVA.time.ns,1781863322648000000,1781863376752000000,3752789
lexer.JAVA.size.bytes,1781863322648000000,1781863376752000000,2620
DiskQueryRelay.tasksExecuted,1781863322648000000,1781863376752000000,25
parser.JAVA.time.ns,1781863322648000000,1781863376752000000,45925576
DiskQueryRelay.taskWaitingTotalTimeUs,1781863322648000000,1781863376752000000,10854
LowMemory.gcLoad,1781863322648000000,1781863376752000000,0.004492807961871674
LowMemory.gcOverloaded,1781863322648000000,1781863376752000000,0
Indexing.writer_3.totalTimeSpentWritingMs,1781863322648000000,1781863376752000000,0
Indexes.stubs.lookups,1781863322648000000,1781863376752000000,1335
Indexing.cache.totalCacheMisses,1781863322648000000,1781863376752000000,1917
Indexes.stubs.lookupDurationAvgMs,1781863322648000000,1781863376752000000,0.9626587005227782
Indexes.stubs.lookupDurationMaxMs,1781863322648000000,1781863376752000000,56.0
Indexing.writer_0.totalTimeSpentWritingMs,1781863322648000000,1781863376752000000,0
Indexing.writer_1.totalTimeSpentWritingMs,1781863322648000000,1781863376752000000,0
Indexing.writesQueuedMin,1781863322648000000,1781863376752000000,0
Indexes.entries.lookupDurationMaxMs,1781863322648000000,1781863376752000000,30.0
Indexing.cache.totalCacheEvicted,1781863322648000000,1781863376752000000,2490
Indexing.writesQueuedMax,1781863322648000000,1781863376752000000,0
Indexes.stubs.lookupDuration90PMs,1781863322648000000,1781863376752000000,4.0
Indexes.allKeys.lookupDurationAvgMs,1781863322648000000,1781863376752000000,0.0
Indexes.allKeys.lookups,1781863322648000000,1781863376752000000,0
Indexing.totalTimeIndexersSleptMs,1781863322648000000,1781863376752000000,0
Indexes.allKeys.lookupDurationMaxMs,1781863322648000000,1781863376752000000,0.0
Indexes.entries.lookupDurationAvgMs,1781863322648000000,1781863376752000000,4.6
Indexing.writer_2.totalTimeSpentWritingMs,1781863322648000000,1781863376752000000,0
Indexes.allKeys.lookupDuration90PMs,1781863322648000000,1781863376752000000,0.0
Indexes.entries.lookups,1781863322648000000,1781863376752000000,20
Indexes.entries.lookupDuration90PMs,1781863322648000000,1781863376752000000,21.0
Indexing.cache.totalCacheAccesses,1781863322648000000,1781863376752000000,3798
Indexing.writesQueuedAvg,1781863322648000000,1781863376752000000,0.0
JVM.usedNativeBytes,1781863322648000000,1781863376752000000,463949696
JVM.maxThreadCount,1781863322648000000,1781863376752000000,136
JVM.maxHeapBytes,1781863322648000000,1781863376752000000,2147483648
MEM.ramPlusSwapMinusFileMappingsBytes,1781863322648000000,1781863376752000000,2163552256
JVM.GC.collections,1781863322648000000,1781863376752000000,6
MEM.ramMinusFileMappingsBytes,1781863322648000000,1781863376752000000,2163552256
JVM.totalTimeToSafepointsMs,1781863322648000000,1781863376752000000,1
MEM.ramBytes,1781863322648000000,1781863376752000000,2305470464
JVM.committedHeapBytes,1781863322648000000,1781863376752000000,648019968
MEM.fileMappingsRamBytes,1781863322648000000,1781863376752000000,129912832
JVM.GC.collectionTimesMs,1781863322648000000,1781863376752000000,530
JVM.totalDirectByteBuffersBytes,1781863322648000000,1781863376752000000,42078209
JVM.totalSafepointCount,1781863322648000000,1781863376752000000,6
JVM.totalBytesAllocated,1781863322648000000,1781863376752000000,576534888
JVM.totalCpuTimeMs,1781863322648000000,1781863376752000000,37840
JVM.newThreadsCount,1781863322648000000,1781863376752000000,41
JVM.threadCount,1781863322648000000,1781863376752000000,78
JVM.totalTimeAtSafepointsMs,1781863322648000000,1781863376752000000,531
OS.loadAverage,1781863322648000000,1781863376752000000,1.986328125
JVM.usedHeapBytes,1781863322648000000,1781863376752000000,470991792
workspaceModel.updates.ms,1781863322648000000,1781863376752000000,0
workspaceModel.cachedValue.total.get.count,1781863322648000000,1781863376752000000,36
workspaceModel.workspaceFileIndexData.getPackageName.ms,1781863322648000000,1781863376752000000,2
workspaceModel.workspaceFileIndexData.getFileInfo.ms,1781863322648000000,1781863376752000000,86
workspaceModel.workspaceFileIndexData.processFileSets.ms,1781863322648000000,1781863376752000000,0
workspaceModel.full.replace.project.model.ms,1781863322648000000,1781863376752000000,0
workspaceModel.workspaceFileIndexData.updateDirtyEntities.ms,1781863322648000000,1781863376752000000,0
workspaceModel.check.recursive.update.ms,1781863322648000000,1781863376752000000,0
workspaceModel.cachedValue.clear.count,1781863322648000000,1781863376752000000,0
workspaceModel.workspaceFileIndexData.onEntitiesChanged.ms,1781863322648000000,1781863376752000000,0
workspaceModel.workspaceFileIndexData.getDirectoriesByPackageName.ms,1781863322648000000,1781863376752000000,1
workspaceModel.on.changed.ms,1781863322648000000,1781863376752000000,0
workspaceModel.to.snapshot.ms,1781863322648000000,1781863376752000000,0
workspaceModel.cachedValue.calculated.count,1781863322648000000,1781863376752000000,2
workspaceModel.cachedValueWithParameters.total.get.count,1781863322648000000,1781863376752000000,1051
workspaceModel.workspaceFileIndexContributor.registerFileSets.ms,1781863322648000000,1781863376752000000,0
workspaceModel.updates.precise.ms,1781863322648000000,1781863376752000000,0
workspaceModel.loading.from.cache.ms,1781863322648000000,1781863376752000000,2
workspaceModel.entityStorageSnapshotImpl.instances.count,1781863322648000000,1781863376752000000,1
workspaceModel.cachedValueWithParameters.calculated.count,1781863322648000000,1781863376752000000,0
workspaceModel.workspaceFileIndexData.markDirty.ms,1781863322648000000,1781863376752000000,0
workspaceModel.workspaceFileIndexData.visitFileSets.ms,1781863322648000000,1781863376752000000,3
workspaceModel.workspaceFileIndexData.instances.count,1781863322648000000,1781863376752000000,0
workspaceModel.on.before.changed.ms,1781863322648000000,1781863376752000000,0
workspaceModel.pre.handlers.ms,1781863322648000000,1781863376752000000,0
workspaceModel.cachedValue.from.cache.count,1781863322648000000,1781863376752000000,34
workspaceModel.replace.project.model.ms,1781863322648000000,1781863376752000000,0
workspaceModel.loading.total.ms,1781863322648000000,1781863376752000000,3
workspaceModel.cachedValueWithParameters.clear.count,1781863322648000000,1781863376752000000,0
workspaceModel.init.bridges.ms,1781863322648000000,1781863376752000000,0
workspaceModel.collect.changes.ms,1781863322648000000,1781863376752000000,0
workspaceModel.initializing.ms,1781863322648000000,1781863376752000000,0
workspaceModel.updates.count,1781863322648000000,1781863376752000000,0
workspaceModel.cachedValueWithParameters.from.cache.count,1781863322648000000,1781863376752000000,1051
workspaceModel.workspaceFileIndexData.init.ms,1781863322648000000,1781863376752000000,0
workspaceModel.update.unloaded.entities.ms,1781863322648000000,1781863376752000000,0
FileChannelInterruptsRetryer.totalRetriedAttempts,1781863322648000000,1781863376752000000,0
FilePageCache.maxCacheSizeInBytes,1781863322648000000,1781863376752000000,629194752
FilePageCache.totalPageDisposalsUs,1781863322648000000,1781863376752000000,15746
StorageLockContext.competingThreads.avg,1781863322648000000,1781863376752000000,0.16822429906542055
DirectByteBufferAllocator.totalSizeOfBuffersAllocatedInBytes,1781863322648000000,1781863376752000000,42000384
FilePageCache.pageLoadsAboveSizeThreshold,1781863322648000000,1781863376752000000,27
DirectByteBufferAllocator.totalSizeOfBuffersCachedInBytes,1781863322648000000,1781863376752000000,83959808
FilePageCache.disposedBuffers,1781863322648000000,1781863376752000000,810
FilePageCache.capacityInBytes,1781863322648000000,1781863376752000000,629145600
StorageLockContext.competingThreads.90P,1781863322648000000,1781863376752000000,0
DirectByteBufferAllocator.misses,1781863322648000000,1781863376752000000,561
FilePageCache.uncachedFileAccess,1781863322648000000,1781863376752000000,518
FilePageCache.maxRegisteredFiles,1781863322648000000,1781863376752000000,1652
FilePageCache.pageFastCacheHits,1781863322648000000,1781863376752000000,14794
DirectByteBufferAllocator.hits,1781863322648000000,1781863376752000000,78
FilePageCache.totalPageLoadsUs,1781863322648000000,1781863376752000000,1303879
DirectByteBufferAllocator.reclaimed,1781863322648000000,1781863376752000000,125
FilePageCache.pageLoads,1781863322648000000,1781863376752000000,612
FilePageCache.pageHits,1781863322648000000,1781863376752000000,0
DirectByteBufferAllocator.disposed,1781863322648000000,1781863376752000000,685
StorageLockContext.competingThreads.max,1781863322648000000,1781863376752000000,11
cacheStateStorage.set.counter,1781863322648000000,1781863376752000000,22
cacheStateStorage.set.duration,1781863322648000000,1781863376752000000,14
cacheStateStorage.get.counter,1781863322648000000,1781863376752000000,2
cacheStateStorage.get.duration,1781863322648000000,1781863376752000000,74
compiler.ArtifactManagerBridge.getArtifactsByType.ms,1781863322648000000,1781863376752000000,0
compiler.ArtifactManagerBridge.addArtifact.ms,1781863322648000000,1781863376752000000,0
compiler.ArtifactVirtualFileListener.filePathChanged.ms,1781863322648000000,1781863376752000000,0
compiler.ArtifactManagerBridge.commit.ms,1781863322648000000,1781863376752000000,0
compiler.ArtifactManagerBridge.dropMappings.ms,1781863322648000000,1781863376752000000,0
compiler.ArtifactManagerBridge.getArtifacts.ms,1781863322648000000,1781863376752000000,0
compiler.ArtifactManagerBridge.findArtifact.ms,1781863322648000000,1781863376752000000,0
compiler.ArtifactManagerBridge.initBridges.ms,1781863322648000000,1781863376752000000,0
compiler.ArtifactVirtualFileListener.propertyChanged.ms,1781863322648000000,1781863376752000000,0
AWTEventQueue.dispatchTimeTotalNS,1781863322648000000,1781863376752000000,4438704691
NonBlockingReadAction.finalizedExecutionsCount,1781863322648000000,1781863376752000000,53
NonBlockingReadAction.failedExecutionsCount,1781863322648000000,1781863376752000000,0
NonBlockingReadAction.failedExecutionTimeUs,1781863322648000000,1781863376752000000,0
NonBlockingReadAction.finalizedExecutionTimeUs,1781863322648000000,1781863376752000000,22253
workspaceModel.moduleManagerBridge.build.module.graph.ms,1781863322648000000,1781863376752000000,0
workspaceModel.mutableEntityStorage.add.entity.ms,1781863322648000000,1781863376752000000,0
workspaceModel.mutableEntityStorage.changeLog.addReplaceEventForNewParent.ms,1781863322648000000,1781863376752000000,0
jps.facet.change.listener.init.bridge.ms,1781863322648000000,1781863376752000000,0
jps.facet.change.listener.process.change.events.ms,1781863322648000000,1781863376752000000,0
jps.global.initialize.library.bridges.ms,1781863322648000000,1781863376752000000,0
workspaceModel.moduleManagerBridge.set.unloadedModules.ms,1781863322648000000,1781863376752000000,0
jps.global.get.libraries.ms,1781863322648000000,1781863376752000000,0
workspaceModel.moduleBridge.update.option.ms,1781863322648000000,1781863376752000000,0
workspaceModel.moduleManagerBridge.create.module.instance.ms,1781863322648000000,1781863376752000000,0
workspaceModel.global.updates.count,1781863322648000000,1781863376752000000,0
workspaceModel.mutableEntityStorage.mutable.vfurl.index.ms,1781863322648000000,1781863376752000000,0
jps.save.changed.project.entities.ms,1781863322648000000,1781863376752000000,0
jps.load.project.to.empty.storage.ms,1781863322648000000,1781863376752000000,0
workspaceModel.mutableEntityStorage.put.entity.ms,1781863322648000000,1781863376752000000,0
jps.facet.change.listener.before.change.events.ms,1781863322648000000,1781863376752000000,0
jps.global.get.library.ms,1781863322648000000,1781863376752000000,0
workspaceModel.mutableEntityStorage.to.snapshot.ms,1781863322648000000,1781863376752000000,0
workspaceModel.mutableEntityStorage.entities.by.source.ms,1781863322648000000,1781863376752000000,0
workspaceModel.global.apply.state.to.project.builder.ms,1781863322648000000,1781863376752000000,0
jps.artifact.entities.serializer.save.entities.ms,1781863322648000000,1781863376752000000,0
workspaceModel.mutableEntityStorage.referrers.ms,1781863322648000000,1781863376752000000,0
jps.global.get.library.by.name.ms,1781863322648000000,1781863376752000000,0
jps.module.iml.entities.serializer.save.entities.ms,1781863322648000000,1781863376752000000,0
workspaceModel.global.updates.ms,1781863322648000000,1781863376752000000,0
workspaceModel.moduleManagerBridge.new.nonPersistent.module.ms,1781863322648000000,1781863376752000000,0
workspaceModel.moduleManagerBridge.load.all.modules.ms,1781863322648000000,1781863376752000000,0
workspaceModel.mutableEntityStorage.hasReferrers.ms,1781863322648000000,1781863376752000000,0
workspaceModel.save.cache.to.file.ms,1781863322648000000,1781863376752000000,0
workspaceModel.load.cache.from.file.ms,1781863322648000000,1781863376752000000,0
jps.module.iml.entities.serializer.load.entities.ms,1781863322648000000,1781863376752000000,0
jps.app.storage.content.reader.load.component.ms,1781863322648000000,1781863376752000000,0
workspaceModel.moduleBridge.facet.initialization.ms,1781863322648000000,1781863376752000000,0
jps.project.serializers.load.ms,1781863322648000000,1781863376752000000,0
workspaceModel.mutableEntityStorage.has.same.entities.ms,1781863322648000000,1781863376752000000,0
workspaceModel.delayed.project.synchronizer.sync.ms,1781863322648000000,1781863376752000000,0
workspaceModel.mutableEntityStorage.mutable.ext.mapping.ms,1781863322648000000,1781863376752000000,0
jps.reload.project.entities.ms,1781863322648000000,1781863376752000000,0
workspaceModel.sync.entities.ms,1781863322648000000,1781863376752000000,0
workspaceModel.mutableEntityStorage.apply.changes.from.ms,1781863322648000000,1781863376752000000,0
workspaceModel.mutableEntityStorage.remove.entity.ms,1781863322648000000,1781863376752000000,0
jps.global.handle.changed.events.ms,1781863322648000000,1781863376752000000,0
workspaceModel.moduleBridgeLoader.loading.modules.ms,1781863322648000000,1781863376752000000,0
jps.library.entities.serializer.save.entities.ms,1781863322648000000,1781863376752000000,0
jps.artifact.entities.serializer.load.entities.ms,1781863322648000000,1781863376752000000,0
jps.app.storage.content.writer.save.component.ms,1781863322648000000,1781863376752000000,5
workspaceModel.mutableEntityStorage.changeLog.addReplaceEventForNewChild.ms,1781863322648000000,1781863376752000000,0
workspaceModel.global.apply.state.to.project.ms,1781863322648000000,1781863376752000000,0
jps.storage.jps.conf.reader.load.component.ms,1781863322648000000,1781863376752000000,0
workspaceModel.mutableEntityStorage.resolve.ms,1781863322648000000,1781863376752000000,0
workspaceModel.load.cache.metadata.from.file.ms,1781863322648000000,1781863376752000000,0
workspaceModel.mutableEntityStorage.entities.ms,1781863322648000000,1781863376752000000,0
workspaceModel.moduleManagerBridge.load.module.ms,1781863322648000000,1781863376752000000,0
workspaceModel.moduleManagerBridge.newModule.ms,1781863322648000000,1781863376752000000,0
workspaceModel.mutableEntityStorage.changeLog.addReplaceEventForRemovedParent.ms,1781863322648000000,1781863376752000000,0
workspaceModel.mutableEntityStorage.instances.count,1781863322648000000,1781863376752000000,1
workspaceModel.orphan.listener.update.ms,1781863322648000000,1781863376752000000,0
jps.global.initialize.library.bridges.after.loading.ms,1781863322648000000,1781863376752000000,0
jps.project.serializers.save.ms,1781863322648000000,1781863376752000000,0
workspaceModel.mutableEntityStorage.collect.changes.ms,1781863322648000000,1781863376752000000,0
workspaceModel.mutableEntityStorage.changeLog.addReplaceEventForRemovedChild.ms,1781863322648000000,1781863376752000000,0
workspaceModel.moduleBridge.before.changed.ms,1781863322648000000,1781863376752000000,0
workspaceModel.moduleManagerBridge.get.modules.ms,1781863322648000000,1781863376752000000,0
workspaceModel.mutableEntityStorage.modify.entity.ms,1781863322648000000,1781863376752000000,0
jps.apply.loaded.storage.ms,1781863322648000000,1781863376752000000,0
jps.load.initial.state.ms,1781863322648000000,1781863376752000000,0
workspaceModel.mutableEntityStorage.replace.by.source.ms,1781863322648000000,1781863376752000000,0
jps.library.entities.serializer.load.entities.ms,1781863322648000000,1781863376752000000,0
jps.global.handle.before.change.events.ms,1781863322648000000,1781863376752000000,0
workspaceModel.do.save.caches.ms,1781863322648000000,1781863376752000000,0
jps.save.global.entities.ms,1781863322648000000,1781863376752000000,7
jps.module.dependency.index.workspace.model.listener.on.changed.ms,1781863322648000000,1781863376752000000,0
