# OpenTelemetry Metrics report: .csv, 4 fields: 
# <metric name>, <period start, nanoseconds>, <period end, nanoseconds>, <metric value>
# See CsvMetricsExporter for details.
# 
# NAME, PERIOD_START_NANOS, PERIOD_END_NANOS, VALUE
AWTEventQueue.dispatchTimeAvgNs,1781864801164000000,1781864861215000000,0.0
NonBlockingReadAction.finalizedExecutionsCount,1781864801164000000,1781864861215000000,57
ReadAction.executionsCount,1781864801164000000,1781864861215000000,3316
FlushQueue.executionTimeMaxNs,1781864801164000000,1781864861215000000,0
NonBlockingReadAction.failedExecutionTimeUs,1781864801164000000,1781864861215000000,0
AWTEventQueue.dispatchTimeMaxNs,1781864801164000000,1781864861215000000,0
AWTEventQueue.eventsDispatched,1781864801164000000,1781864861215000000,0
FlushQueue.queueSizeAvg,1781864801164000000,1781864861215000000,0.0
NonBlockingReadAction.finalizedExecutionTimeUs,1781864801164000000,1781864861215000000,775999
WriteAction.executionsCount,1781864801164000000,1781864861215000000,8
AWTEventQueue.dispatchTime90PNs,1781864801164000000,1781864861215000000,0
NonBlockingReadAction.failedExecutionsCount,1781864801164000000,1781864861215000000,0
AWTEventQueue.dispatchTimeTotalNS,1781864801164000000,1781864861215000000,16990146711
FlushQueue.queueSize90P,1781864801164000000,1781864861215000000,0
FlushQueue.waitingTimeAvgNs,1781864801164000000,1781864861215000000,0.0
FlushQueue.tasksExecuted,1781864801164000000,1781864861215000000,0
FlushQueue.executionTime90PNs,1781864801164000000,1781864861215000000,0
FlushQueue.executionTimeAvgNs,1781864801164000000,1781864861215000000,0.0
FlushQueue.waitingTime90PNs,1781864801164000000,1781864861215000000,0
FlushQueue.waitingTimeMaxNs,1781864801164000000,1781864861215000000,0
FlushQueue.queueSizeMax,1781864801164000000,1781864861215000000,0
cacheStateStorage.get.duration,1781864801164000000,1781864861215000000,199
cacheStateStorage.set.duration,1781864801164000000,1781864861215000000,48
cacheStateStorage.set.counter,1781864801164000000,1781864861215000000,4
cacheStateStorage.get.counter,1781864801164000000,1781864861215000000,31
compiler.ArtifactVirtualFileListener.filePathChanged.ms,1781864801164000000,1781864861215000000,0
compiler.ArtifactManagerBridge.findArtifact.ms,1781864801164000000,1781864861215000000,0
compiler.ArtifactManagerBridge.dropMappings.ms,1781864801164000000,1781864861215000000,0
compiler.ArtifactManagerBridge.getArtifactsByType.ms,1781864801164000000,1781864861215000000,10
compiler.ArtifactManagerBridge.initBridges.ms,1781864801164000000,1781864861215000000,1
compiler.ArtifactManagerBridge.addArtifact.ms,1781864801164000000,1781864861215000000,0
compiler.ArtifactManagerBridge.getArtifacts.ms,1781864801164000000,1781864861215000000,0
compiler.ArtifactManagerBridge.commit.ms,1781864801164000000,1781864861215000000,0
compiler.ArtifactVirtualFileListener.propertyChanged.ms,1781864801164000000,1781864861215000000,0
Indexes.entries.lookups,1781864801164000000,1781864861215000000,38
Indexes.entries.lookupDurationMaxMs,1781864801164000000,1781864861215000000,0.0
Indexes.entries.lookupDuration90PMs,1781864801164000000,1781864861215000000,0.0
Indexes.allKeys.lookups,1781864801164000000,1781864861215000000,2
Indexing.cache.totalCacheAccesses,1781864801164000000,1781864861215000000,5275
Indexes.allKeys.lookupDuration90PMs,1781864801164000000,1781864861215000000,0.0
Indexes.allKeys.lookupDurationAvgMs,1781864801164000000,1781864861215000000,0.0
Indexing.writesQueuedMax,1781864801164000000,1781864861215000000,0
Indexing.totalTimeIndexersSleptMs,1781864801164000000,1781864861215000000,0
Indexes.stubs.lookupDurationMaxMs,1781864801164000000,1781864861215000000,0.0
Indexing.cache.totalCacheEvicted,1781864801164000000,1781864861215000000,1332
Indexing.writer_0.totalTimeSpentWritingMs,1781864801164000000,1781864861215000000,0
Indexes.allKeys.lookupDurationMaxMs,1781864801164000000,1781864861215000000,0.0
Indexes.stubs.lookups,1781864801164000000,1781864861215000000,1767
Indexes.stubs.lookupDurationAvgMs,1781864801164000000,1781864861215000000,0.0
Indexing.cache.totalCacheMisses,1781864801164000000,1781864861215000000,1922
Indexing.writer_2.totalTimeSpentWritingMs,1781864801164000000,1781864861215000000,0
Indexes.stubs.lookupDuration90PMs,1781864801164000000,1781864861215000000,0.0
Indexing.writer_1.totalTimeSpentWritingMs,1781864801164000000,1781864861215000000,0
Indexes.entries.lookupDurationAvgMs,1781864801164000000,1781864861215000000,0.0
Indexing.writesQueuedMin,1781864801164000000,1781864861215000000,9223372036854775807
Indexing.writer_3.totalTimeSpentWritingMs,1781864801164000000,1781864861215000000,0
jps.global.get.libraries.ms,1781864801164000000,1781864861215000000,3
jps.facet.change.listener.init.bridge.ms,1781864801164000000,1781864861215000000,4
workspaceModel.mutableEntityStorage.resolve.ms,1781864801164000000,1781864861215000000,2
workspaceModel.load.cache.metadata.from.file.ms,1781864801164000000,1781864861215000000,38
workspaceModel.mutableEntityStorage.hasReferrers.ms,1781864801164000000,1781864861215000000,0
workspaceModel.mutableEntityStorage.mutable.vfurl.index.ms,1781864801164000000,1781864861215000000,1
jps.save.changed.project.entities.ms,1781864801164000000,1781864861215000000,2
workspaceModel.delayed.project.synchronizer.sync.ms,1781864801164000000,1781864861215000000,457
workspaceModel.save.cache.to.file.ms,1781864801164000000,1781864861215000000,152
workspaceModel.moduleManagerBridge.get.modules.ms,1781864801164000000,1781864861215000000,7
workspaceModel.mutableEntityStorage.modify.entity.ms,1781864801164000000,1781864861215000000,6
workspaceModel.moduleBridge.facet.initialization.ms,1781864801164000000,1781864861215000000,45
workspaceModel.mutableEntityStorage.instances.count,1781864801164000000,1781864861215000000,36
workspaceModel.sync.entities.ms,1781864801164000000,1781864861215000000,0
workspaceModel.moduleManagerBridge.build.module.graph.ms,1781864801164000000,1781864861215000000,5
workspaceModel.mutableEntityStorage.replace.by.source.ms,1781864801164000000,1781864861215000000,37
jps.load.project.to.empty.storage.ms,1781864801164000000,1781864861215000000,386
workspaceModel.load.cache.from.file.ms,1781864801164000000,1781864861215000000,600
jps.project.serializers.save.ms,1781864801164000000,1781864861215000000,1
workspaceModel.moduleManagerBridge.create.module.instance.ms,1781864801164000000,1781864861215000000,0
workspaceModel.mutableEntityStorage.changeLog.addReplaceEventForNewParent.ms,1781864801164000000,1781864861215000000,2
jps.app.storage.content.writer.save.component.ms,1781864801164000000,1781864861215000000,12
jps.project.serializers.load.ms,1781864801164000000,1781864861215000000,184
workspaceModel.mutableEntityStorage.to.snapshot.ms,1781864801164000000,1781864861215000000,11
workspaceModel.moduleManagerBridge.newModule.ms,1781864801164000000,1781864861215000000,0
jps.global.get.library.by.name.ms,1781864801164000000,1781864861215000000,0
jps.storage.jps.conf.reader.load.component.ms,1781864801164000000,1781864861215000000,24
workspaceModel.global.apply.state.to.project.ms,1781864801164000000,1781864861215000000,222
workspaceModel.mutableEntityStorage.has.same.entities.ms,1781864801164000000,1781864861215000000,0
jps.save.global.entities.ms,1781864801164000000,1781864861215000000,58
workspaceModel.moduleBridgeLoader.loading.modules.ms,1781864801164000000,1781864861215000000,524
jps.load.initial.state.ms,1781864801164000000,1781864861215000000,78
workspaceModel.orphan.listener.update.ms,1781864801164000000,1781864861215000000,6
jps.global.handle.before.change.events.ms,1781864801164000000,1781864861215000000,0
jps.module.iml.entities.serializer.save.entities.ms,1781864801164000000,1781864861215000000,0
workspaceModel.global.updates.count,1781864801164000000,1781864861215000000,1
jps.global.get.library.ms,1781864801164000000,1781864861215000000,0
jps.facet.change.listener.before.change.events.ms,1781864801164000000,1781864861215000000,0
workspaceModel.global.apply.state.to.project.builder.ms,1781864801164000000,1781864861215000000,5
jps.facet.change.listener.process.change.events.ms,1781864801164000000,1781864861215000000,9
workspaceModel.moduleManagerBridge.set.unloadedModules.ms,1781864801164000000,1781864861215000000,0
jps.global.initialize.library.bridges.ms,1781864801164000000,1781864861215000000,2
workspaceModel.mutableEntityStorage.add.entity.ms,1781864801164000000,1781864861215000000,165
workspaceModel.mutableEntityStorage.remove.entity.ms,1781864801164000000,1781864861215000000,0
jps.apply.loaded.storage.ms,1781864801164000000,1781864861215000000,63
jps.library.entities.serializer.save.entities.ms,1781864801164000000,1781864861215000000,0
jps.library.entities.serializer.load.entities.ms,1781864801164000000,1781864861215000000,1
jps.reload.project.entities.ms,1781864801164000000,1781864861215000000,6
workspaceModel.mutableEntityStorage.apply.changes.from.ms,1781864801164000000,1781864861215000000,30
jps.global.handle.changed.events.ms,1781864801164000000,1781864861215000000,0
workspaceModel.moduleBridge.update.option.ms,1781864801164000000,1781864861215000000,0
workspaceModel.mutableEntityStorage.changeLog.addReplaceEventForRemovedParent.ms,1781864801164000000,1781864861215000000,0
workspaceModel.moduleManagerBridge.load.module.ms,1781864801164000000,1781864861215000000,0
workspaceModel.mutableEntityStorage.changeLog.addReplaceEventForNewChild.ms,1781864801164000000,1781864861215000000,5
workspaceModel.mutableEntityStorage.entities.ms,1781864801164000000,1781864861215000000,1
jps.module.iml.entities.serializer.load.entities.ms,1781864801164000000,1781864861215000000,124
workspaceModel.global.updates.ms,1781864801164000000,1781864861215000000,18
workspaceModel.moduleManagerBridge.new.nonPersistent.module.ms,1781864801164000000,1781864861215000000,0
workspaceModel.mutableEntityStorage.collect.changes.ms,1781864801164000000,1781864861215000000,3
jps.artifact.entities.serializer.save.entities.ms,1781864801164000000,1781864861215000000,0
workspaceModel.mutableEntityStorage.entities.by.source.ms,1781864801164000000,1781864861215000000,1
jps.module.dependency.index.workspace.model.listener.on.changed.ms,1781864801164000000,1781864861215000000,2
jps.artifact.entities.serializer.load.entities.ms,1781864801164000000,1781864861215000000,0
workspaceModel.mutableEntityStorage.put.entity.ms,1781864801164000000,1781864861215000000,21
workspaceModel.do.save.caches.ms,1781864801164000000,1781864861215000000,174
workspaceModel.mutableEntityStorage.referrers.ms,1781864801164000000,1781864861215000000,0
jps.app.storage.content.reader.load.component.ms,1781864801164000000,1781864861215000000,7
workspaceModel.moduleManagerBridge.load.all.modules.ms,1781864801164000000,1781864861215000000,77
workspaceModel.moduleBridge.before.changed.ms,1781864801164000000,1781864861215000000,0
workspaceModel.mutableEntityStorage.mutable.ext.mapping.ms,1781864801164000000,1781864861215000000,3
workspaceModel.mutableEntityStorage.changeLog.addReplaceEventForRemovedChild.ms,1781864801164000000,1781864861215000000,0
jps.global.initialize.library.bridges.after.loading.ms,1781864801164000000,1781864861215000000,6
lexer.JAVA.time.ns,1781864801164000000,1781864861215000000,25151927
LowMemory.gcOverloaded,1781864801164000000,1781864861215000000,0
LowMemory.gcLoad,1781864801164000000,1781864861215000000,0.0035370399881871017
DiskQueryRelay.tasksRequested,1781864801164000000,1781864861215000000,1134
parser.JAVA.size.bytes,1781864801164000000,1781864861215000000,3362
parser.JAVA.time.ns,1781864801164000000,1781864861215000000,214096929
lexer.JAVA.size.bytes,1781864801164000000,1781864861215000000,3362
writeAction.max.wait.ms,1781864801164000000,1781864861215000000,8
writeAction.wait.ms,1781864801164000000,1781864861215000000,12
writeAction.count,1781864801164000000,1781864861215000000,8
DiskQueryRelay.taskExecutionTotalTimeUs,1781864801164000000,1781864861215000000,694788
writeAction.median.wait.ms,1781864801164000000,1781864861215000000,0
DiskQueryRelay.tasksExecuted,1781864801164000000,1781864861215000000,369
DiskQueryRelay.taskWaitingTotalTimeUs,1781864801164000000,1781864861215000000,1424490
JVM.committedHeapBytes,1781864801164000000,1781864861215000000,596639744
JVM.totalTimeToSafepointsMs,1781864801164000000,1781864861215000000,44
JVM.totalBytesAllocated,1781864801164000000,1781864861215000000,3202249064
JVM.maxThreadCount,1781864801164000000,1781864861215000000,129
OS.loadAverage,1781864801164000000,1781864861215000000,2.53515625
MEM.fileMappingsRamBytes,1781864801164000000,1781864861215000000,718499840
JVM.totalTimeAtSafepointsMs,1781864801164000000,1781864861215000000,1279
JVM.GC.collectionTimesMs,1781864801164000000,1781864861215000000,1238
JVM.totalSafepointCount,1781864801164000000,1781864861215000000,109
JVM.maxHeapBytes,1781864801164000000,1781864861215000000,2147483648
MEM.ramBytes,1781864801164000000,1781864861215000000,1946447872
JVM.usedHeapBytes,1781864801164000000,1781864861215000000,382628760
JVM.totalCpuTimeMs,1781864801164000000,1781864861215000000,156700
JVM.newThreadsCount,1781864801164000000,1781864861215000000,134
JVM.threadCount,1781864801164000000,1781864861215000000,127
JVM.usedNativeBytes,1781864801164000000,1781864861215000000,421081680
JVM.GC.collections,1781864801164000000,1781864861215000000,52
JVM.totalDirectByteBuffersBytes,1781864801164000000,1781864861215000000,1148929
MEM.ramPlusSwapMinusFileMappingsBytes,1781864801164000000,1781864861215000000,1215614976
MEM.ramMinusFileMappingsBytes,1781864801164000000,1781864861215000000,1215614976
workspaceModel.to.snapshot.ms,1781864801164000000,1781864861215000000,1
workspaceModel.cachedValueWithParameters.total.get.count,1781864801164000000,1781864861215000000,4385
workspaceModel.init.bridges.ms,1781864801164000000,1781864861215000000,11
workspaceModel.workspaceFileIndexData.processFileSets.ms,1781864801164000000,1781864861215000000,0
workspaceModel.workspaceFileIndexData.getFileInfo.ms,1781864801164000000,1781864861215000000,1105
workspaceModel.cachedValue.clear.count,1781864801164000000,1781864861215000000,0
workspaceModel.cachedValue.from.cache.count,1781864801164000000,1781864861215000000,115
workspaceModel.workspaceFileIndexData.visitFileSets.ms,1781864801164000000,1781864861215000000,0
workspaceModel.on.before.changed.ms,1781864801164000000,1781864861215000000,96
workspaceModel.update.unloaded.entities.ms,1781864801164000000,1781864861215000000,0
workspaceModel.workspaceFileIndexContributor.registerFileSets.ms,1781864801164000000,1781864861215000000,544
workspaceModel.on.changed.ms,1781864801164000000,1781864861215000000,58
workspaceModel.full.replace.project.model.ms,1781864801164000000,1781864861215000000,18
workspaceModel.initializing.ms,1781864801164000000,1781864861215000000,11
workspaceModel.workspaceFileIndexData.updateDirtyEntities.ms,1781864801164000000,1781864861215000000,0
workspaceModel.workspaceFileIndexData.instances.count,1781864801164000000,1781864861215000000,1
workspaceModel.updates.precise.ms,1781864801164000000,1781864861215000000,44
workspaceModel.pre.handlers.ms,1781864801164000000,1781864861215000000,3
workspaceModel.cachedValueWithParameters.calculated.count,1781864801164000000,1781864861215000000,3
workspaceModel.workspaceFileIndexData.getPackageName.ms,1781864801164000000,1781864861215000000,45
workspaceModel.loading.total.ms,1781864801164000000,1781864861215000000,588
workspaceModel.entityStorageSnapshotImpl.instances.count,1781864801164000000,1781864861215000000,22
workspaceModel.updates.count,1781864801164000000,1781864861215000000,3
workspaceModel.updates.ms,1781864801164000000,1781864861215000000,213
workspaceModel.loading.from.cache.ms,1781864801164000000,1781864861215000000,569
workspaceModel.replace.project.model.ms,1781864801164000000,1781864861215000000,0
workspaceModel.workspaceFileIndexData.markDirty.ms,1781864801164000000,1781864861215000000,0
workspaceModel.cachedValue.calculated.count,1781864801164000000,1781864861215000000,15
workspaceModel.cachedValueWithParameters.clear.count,1781864801164000000,1781864861215000000,0
workspaceModel.cachedValueWithParameters.from.cache.count,1781864801164000000,1781864861215000000,4382
workspaceModel.check.recursive.update.ms,1781864801164000000,1781864861215000000,2
workspaceModel.cachedValue.total.get.count,1781864801164000000,1781864861215000000,130
workspaceModel.workspaceFileIndexData.getDirectoriesByPackageName.ms,1781864801164000000,1781864861215000000,106
workspaceModel.workspaceFileIndexData.init.ms,1781864801164000000,1781864861215000000,284
workspaceModel.collect.changes.ms,1781864801164000000,1781864861215000000,0
workspaceModel.workspaceFileIndexData.onEntitiesChanged.ms,1781864801164000000,1781864861215000000,3
StreamlinedBlobStorage.totalLiveRecordsPayloadBytes,1781864801164000000,1781864861215000000,2934323
DirectByteBufferAllocator.disposed,1781864801164000000,1781864861215000000,603
FilePageCache.pageLoadsAboveSizeThreshold,1781864801164000000,1781864861215000000,36
MappedFileStorage.storages,1781864801164000000,1781864861215000000,12
FilePageCache.pageLoads,1781864801164000000,1781864861215000000,604
DirectByteBufferAllocator.totalSizeOfBuffersCachedInBytes,1781864801164000000,1781864861215000000,41959424
FileChannelInterruptsRetryer.totalRetriedAttempts,1781864801164000000,1781864861215000000,0
MappedFileStorage.totalBytesMapped,1781864801164000000,1781864861215000000,185860096
FilePageCache.totalPageLoadsUs,1781864801164000000,1781864861215000000,2444402
DirectByteBufferAllocator.totalSizeOfBuffersAllocatedInBytes,1781864801164000000,1781864861215000000,0
FilePageCache.capacityInBytes,1781864801164000000,1781864861215000000,629145600
FilePageCache.maxCacheSizeInBytes,1781864801164000000,1781864861215000000,629153792
FilePageCache.uncachedFileAccess,1781864801164000000,1781864861215000000,505
StreamlinedBlobStorage.recordsRelocated,1781864801164000000,1781864861215000000,0
MappedFileStorage.totalPagesMapped,1781864801164000000,1781864861215000000,12
DirectByteBufferAllocator.hits,1781864801164000000,1781864861215000000,37
StreamlinedBlobStorage.recordsDeleted,1781864801164000000,1781864861215000000,5
DirectByteBufferAllocator.reclaimed,1781864801164000000,1781864861215000000,79
FilePageCache.maxRegisteredFiles,1781864801164000000,1781864861215000000,1652
StorageLockContext.competingThreads.max,1781864801164000000,1781864861215000000,0
StreamlinedBlobStorage.recordsAllocated,1781864801164000000,1781864861215000000,60713
StreamlinedBlobStorage.totalLiveRecordsCapacityBytes,1781864801164000000,1781864861215000000,5402115
DirectByteBufferAllocator.misses,1781864801164000000,1781864861215000000,603
FilePageCache.disposedBuffers,1781864801164000000,1781864861215000000,640
MappedFileStorage.totalTimeSpentOnMappingUs,1781864801164000000,1781864861215000000,24245
FilePageCache.totalPageDisposalsUs,1781864801164000000,1781864861215000000,25662
FilePageCache.pageHits,1781864801164000000,1781864861215000000,0
StorageLockContext.competingThreads.avg,1781864801164000000,1781864861215000000,0.0
FilePageCache.pageFastCacheHits,1781864801164000000,1781864861215000000,14886
StorageLockContext.competingThreads.90P,1781864801164000000,1781864861215000000,0
VFS.contentStorage.recordsReadSize,1781864801164000000,1781864861215000000,191602
VFS.contentStorage.recordsStoredCompressed,1781864801164000000,1781864861215000000,0
VFS.invertedFileNameIndex.requests,1781864801164000000,1781864861215000000,8
VFS.cache.filesCreated,1781864801164000000,1781864861215000000,7255
VFS.contentStorage.recordsDecompressionTimeUs,1781864801164000000,1781864861215000000,1012
VFS.folderCaseSensitivityReads,1781864801164000000,1781864861215000000,0
FileNameCache.totalMisses,1781864801164000000,1781864861215000000,576
VFS.contentStorage.recordsDeduplicated,1781864801164000000,1781864861215000000,0
VFS.contentStorage.recordsUncompressedSize,1781864801164000000,1781864861215000000,0
VFS.fileChildByName,1781864801164000000,1781864861215000000,3000
FileNameCache.queries,1781864801164000000,1781864861215000000,38272
VFS.cache.segments,1781864801164000000,1781864861215000000,62.0
VFS.fileByIdCache.misses,1781864801164000000,1781864861215000000,244
VFS.contentStorage.recordsReadDecompressed,1781864801164000000,1781864861215000000,3
VFS.fileByIdCache.hits,1781864801164000000,1781864861215000000,0
VFS.cache.directoriesCreated,1781864801164000000,1781864861215000000,362
VFS.contentStorage.recordsStored,1781864801164000000,1781864861215000000,0
VFS.contentStorage.recordsRead,1781864801164000000,1781864861215000000,8
VFS.contentStorage.recordsStoredSize,1781864801164000000,1781864861215000000,0
VFS.rootsCount,1781864801164000000,1781864861215000000,12.0
VFS.cache.segmentsCreated,1781864801164000000,1781864861215000000,62
AWTEventQueue.dispatchTimeAvgNs,1781864861215000000,1781864921204000000,1183232.0
NonBlockingReadAction.finalizedExecutionsCount,1781864861215000000,1781864921204000000,3
ReadAction.executionsCount,1781864861215000000,1781864921204000000,275
FlushQueue.executionTimeMaxNs,1781864861215000000,1781864921204000000,0
NonBlockingReadAction.failedExecutionTimeUs,1781864861215000000,1781864921204000000,0
AWTEventQueue.dispatchTimeMaxNs,1781864861215000000,1781864921204000000,1957887
AWTEventQueue.eventsDispatched,1781864861215000000,1781864921204000000,2
FlushQueue.queueSizeAvg,1781864861215000000,1781864921204000000,0.0
NonBlockingReadAction.finalizedExecutionTimeUs,1781864861215000000,1781864921204000000,526
WriteAction.executionsCount,1781864861215000000,1781864921204000000,1
AWTEventQueue.dispatchTime90PNs,1781864861215000000,1781864921204000000,1957887
NonBlockingReadAction.failedExecutionsCount,1781864861215000000,1781864921204000000,0
AWTEventQueue.dispatchTimeTotalNS,1781864861215000000,1781864921204000000,1916104800
FlushQueue.queueSize90P,1781864861215000000,1781864921204000000,0
FlushQueue.waitingTimeAvgNs,1781864861215000000,1781864921204000000,0.0
FlushQueue.tasksExecuted,1781864861215000000,1781864921204000000,0
FlushQueue.executionTime90PNs,1781864861215000000,1781864921204000000,0
FlushQueue.executionTimeAvgNs,1781864861215000000,1781864921204000000,0.0
FlushQueue.waitingTime90PNs,1781864861215000000,1781864921204000000,0
FlushQueue.waitingTimeMaxNs,1781864861215000000,1781864921204000000,0
FlushQueue.queueSizeMax,1781864861215000000,1781864921204000000,0
cacheStateStorage.get.duration,1781864861215000000,1781864921204000000,0
cacheStateStorage.set.duration,1781864861215000000,1781864921204000000,0
cacheStateStorage.set.counter,1781864861215000000,1781864921204000000,0
cacheStateStorage.get.counter,1781864861215000000,1781864921204000000,0
compiler.ArtifactVirtualFileListener.filePathChanged.ms,1781864861215000000,1781864921204000000,0
compiler.ArtifactManagerBridge.findArtifact.ms,1781864861215000000,1781864921204000000,0
compiler.ArtifactManagerBridge.dropMappings.ms,1781864861215000000,1781864921204000000,0
compiler.ArtifactManagerBridge.getArtifactsByType.ms,1781864861215000000,1781864921204000000,0
compiler.ArtifactManagerBridge.initBridges.ms,1781864861215000000,1781864921204000000,0
compiler.ArtifactManagerBridge.addArtifact.ms,1781864861215000000,1781864921204000000,0
compiler.ArtifactManagerBridge.getArtifacts.ms,1781864861215000000,1781864921204000000,0
compiler.ArtifactManagerBridge.commit.ms,1781864861215000000,1781864921204000000,0
compiler.ArtifactVirtualFileListener.propertyChanged.ms,1781864861215000000,1781864921204000000,0
Indexes.entries.lookups,1781864861215000000,1781864921204000000,0
Indexes.entries.lookupDurationMaxMs,1781864861215000000,1781864921204000000,0.0
Indexes.entries.lookupDuration90PMs,1781864861215000000,1781864921204000000,0.0
Indexes.allKeys.lookups,1781864861215000000,1781864921204000000,0
Indexing.cache.totalCacheAccesses,1781864861215000000,1781864921204000000,0
Indexes.allKeys.lookupDuration90PMs,1781864861215000000,1781864921204000000,0.0
Indexes.allKeys.lookupDurationAvgMs,1781864861215000000,1781864921204000000,0.0
Indexing.writesQueuedMax,1781864861215000000,1781864921204000000,0
Indexing.totalTimeIndexersSleptMs,1781864861215000000,1781864921204000000,0
Indexes.stubs.lookupDurationMaxMs,1781864861215000000,1781864921204000000,0.0
Indexing.cache.totalCacheEvicted,1781864861215000000,1781864921204000000,0
Indexing.writer_0.totalTimeSpentWritingMs,1781864861215000000,1781864921204000000,0
Indexes.allKeys.lookupDurationMaxMs,1781864861215000000,1781864921204000000,0.0
Indexes.stubs.lookups,1781864861215000000,1781864921204000000,0
Indexes.stubs.lookupDurationAvgMs,1781864861215000000,1781864921204000000,0.0
Indexing.cache.totalCacheMisses,1781864861215000000,1781864921204000000,0
Indexing.writer_2.totalTimeSpentWritingMs,1781864861215000000,1781864921204000000,0
Indexes.stubs.lookupDuration90PMs,1781864861215000000,1781864921204000000,0.0
Indexing.writer_1.totalTimeSpentWritingMs,1781864861215000000,1781864921204000000,0
Indexes.entries.lookupDurationAvgMs,1781864861215000000,1781864921204000000,0.0
Indexing.writesQueuedMin,1781864861215000000,1781864921204000000,9223372036854775807
Indexing.writer_3.totalTimeSpentWritingMs,1781864861215000000,1781864921204000000,0
jps.global.get.libraries.ms,1781864861215000000,1781864921204000000,0
jps.facet.change.listener.init.bridge.ms,1781864861215000000,1781864921204000000,0
workspaceModel.mutableEntityStorage.resolve.ms,1781864861215000000,1781864921204000000,0
workspaceModel.load.cache.metadata.from.file.ms,1781864861215000000,1781864921204000000,0
workspaceModel.mutableEntityStorage.hasReferrers.ms,1781864861215000000,1781864921204000000,0
workspaceModel.mutableEntityStorage.mutable.vfurl.index.ms,1781864861215000000,1781864921204000000,0
jps.save.changed.project.entities.ms,1781864861215000000,1781864921204000000,0
workspaceModel.delayed.project.synchronizer.sync.ms,1781864861215000000,1781864921204000000,0
workspaceModel.save.cache.to.file.ms,1781864861215000000,1781864921204000000,0
workspaceModel.moduleManagerBridge.get.modules.ms,1781864861215000000,1781864921204000000,0
workspaceModel.mutableEntityStorage.modify.entity.ms,1781864861215000000,1781864921204000000,0
workspaceModel.moduleBridge.facet.initialization.ms,1781864861215000000,1781864921204000000,0
workspaceModel.mutableEntityStorage.instances.count,1781864861215000000,1781864921204000000,0
workspaceModel.sync.entities.ms,1781864861215000000,1781864921204000000,0
workspaceModel.moduleManagerBridge.build.module.graph.ms,1781864861215000000,1781864921204000000,0
workspaceModel.mutableEntityStorage.replace.by.source.ms,1781864861215000000,1781864921204000000,0
jps.load.project.to.empty.storage.ms,1781864861215000000,1781864921204000000,0
workspaceModel.load.cache.from.file.ms,1781864861215000000,1781864921204000000,0
jps.project.serializers.save.ms,1781864861215000000,1781864921204000000,0
workspaceModel.moduleManagerBridge.create.module.instance.ms,1781864861215000000,1781864921204000000,0
workspaceModel.mutableEntityStorage.changeLog.addReplaceEventForNewParent.ms,1781864861215000000,1781864921204000000,0
jps.app.storage.content.writer.save.component.ms,1781864861215000000,1781864921204000000,0
jps.project.serializers.load.ms,1781864861215000000,1781864921204000000,0
workspaceModel.mutableEntityStorage.to.snapshot.ms,1781864861215000000,1781864921204000000,0
workspaceModel.moduleManagerBridge.newModule.ms,1781864861215000000,1781864921204000000,0
jps.global.get.library.by.name.ms,1781864861215000000,1781864921204000000,0
jps.storage.jps.conf.reader.load.component.ms,1781864861215000000,1781864921204000000,0
workspaceModel.global.apply.state.to.project.ms,1781864861215000000,1781864921204000000,0
workspaceModel.mutableEntityStorage.has.same.entities.ms,1781864861215000000,1781864921204000000,0
jps.save.global.entities.ms,1781864861215000000,1781864921204000000,0
workspaceModel.moduleBridgeLoader.loading.modules.ms,1781864861215000000,1781864921204000000,0
jps.load.initial.state.ms,1781864861215000000,1781864921204000000,0
workspaceModel.orphan.listener.update.ms,1781864861215000000,1781864921204000000,0
jps.global.handle.before.change.events.ms,1781864861215000000,1781864921204000000,0
jps.module.iml.entities.serializer.save.entities.ms,1781864861215000000,1781864921204000000,0
workspaceModel.global.updates.count,1781864861215000000,1781864921204000000,0
jps.global.get.library.ms,1781864861215000000,1781864921204000000,0
jps.facet.change.listener.before.change.events.ms,1781864861215000000,1781864921204000000,0
workspaceModel.global.apply.state.to.project.builder.ms,1781864861215000000,1781864921204000000,0
jps.facet.change.listener.process.change.events.ms,1781864861215000000,1781864921204000000,0
workspaceModel.moduleManagerBridge.set.unloadedModules.ms,1781864861215000000,1781864921204000000,0
jps.global.initialize.library.bridges.ms,1781864861215000000,1781864921204000000,0
workspaceModel.mutableEntityStorage.add.entity.ms,1781864861215000000,1781864921204000000,0
workspaceModel.mutableEntityStorage.remove.entity.ms,1781864861215000000,1781864921204000000,0
jps.apply.loaded.storage.ms,1781864861215000000,1781864921204000000,0
jps.library.entities.serializer.save.entities.ms,1781864861215000000,1781864921204000000,0
jps.library.entities.serializer.load.entities.ms,1781864861215000000,1781864921204000000,0
jps.reload.project.entities.ms,1781864861215000000,1781864921204000000,0
workspaceModel.mutableEntityStorage.apply.changes.from.ms,1781864861215000000,1781864921204000000,0
jps.global.handle.changed.events.ms,1781864861215000000,1781864921204000000,0
workspaceModel.moduleBridge.update.option.ms,1781864861215000000,1781864921204000000,0
workspaceModel.mutableEntityStorage.changeLog.addReplaceEventForRemovedParent.ms,1781864861215000000,1781864921204000000,0
workspaceModel.moduleManagerBridge.load.module.ms,1781864861215000000,1781864921204000000,0
workspaceModel.mutableEntityStorage.changeLog.addReplaceEventForNewChild.ms,1781864861215000000,1781864921204000000,0
workspaceModel.mutableEntityStorage.entities.ms,1781864861215000000,1781864921204000000,0
jps.module.iml.entities.serializer.load.entities.ms,1781864861215000000,1781864921204000000,0
workspaceModel.global.updates.ms,1781864861215000000,1781864921204000000,0
workspaceModel.moduleManagerBridge.new.nonPersistent.module.ms,1781864861215000000,1781864921204000000,0
workspaceModel.mutableEntityStorage.collect.changes.ms,1781864861215000000,1781864921204000000,0
jps.artifact.entities.serializer.save.entities.ms,1781864861215000000,1781864921204000000,0
workspaceModel.mutableEntityStorage.entities.by.source.ms,1781864861215000000,1781864921204000000,0
jps.module.dependency.index.workspace.model.listener.on.changed.ms,1781864861215000000,1781864921204000000,0
jps.artifact.entities.serializer.load.entities.ms,1781864861215000000,1781864921204000000,0
workspaceModel.mutableEntityStorage.put.entity.ms,1781864861215000000,1781864921204000000,0
workspaceModel.do.save.caches.ms,1781864861215000000,1781864921204000000,0
workspaceModel.mutableEntityStorage.referrers.ms,1781864861215000000,1781864921204000000,0
jps.app.storage.content.reader.load.component.ms,1781864861215000000,1781864921204000000,0
workspaceModel.moduleManagerBridge.load.all.modules.ms,1781864861215000000,1781864921204000000,0
workspaceModel.moduleBridge.before.changed.ms,1781864861215000000,1781864921204000000,0
workspaceModel.mutableEntityStorage.mutable.ext.mapping.ms,1781864861215000000,1781864921204000000,0
workspaceModel.mutableEntityStorage.changeLog.addReplaceEventForRemovedChild.ms,1781864861215000000,1781864921204000000,0
jps.global.initialize.library.bridges.after.loading.ms,1781864861215000000,1781864921204000000,0
LowMemory.gcOverloaded,1781864861215000000,1781864921204000000,0
LowMemory.gcLoad,1781864861215000000,1781864921204000000,0.0018158154676449446
DiskQueryRelay.tasksRequested,1781864861215000000,1781864921204000000,8
writeAction.max.wait.ms,1781864861215000000,1781864921204000000,8
writeAction.wait.ms,1781864861215000000,1781864921204000000,0
writeAction.count,1781864861215000000,1781864921204000000,1
DiskQueryRelay.taskExecutionTotalTimeUs,1781864861215000000,1781864921204000000,4650
writeAction.median.wait.ms,1781864861215000000,1781864921204000000,0
DiskQueryRelay.tasksExecuted,1781864861215000000,1781864921204000000,8
DiskQueryRelay.taskWaitingTotalTimeUs,1781864861215000000,1781864921204000000,4804
JVM.committedHeapBytes,1781864861215000000,1781864921204000000,596639744
JVM.totalTimeToSafepointsMs,1781864861215000000,1781864921204000000,0
JVM.totalBytesAllocated,1781864861215000000,1781864921204000000,82457800
JVM.maxThreadCount,1781864861215000000,1781864921204000000,129
OS.loadAverage,1781864861215000000,1781864921204000000,5.23046875
MEM.fileMappingsRamBytes,1781864861215000000,1781864921204000000,721907712
JVM.totalTimeAtSafepointsMs,1781864861215000000,1781864921204000000,0
JVM.GC.collectionTimesMs,1781864861215000000,1781864921204000000,0
JVM.totalSafepointCount,1781864861215000000,1781864921204000000,0
JVM.maxHeapBytes,1781864861215000000,1781864921204000000,2147483648
MEM.ramBytes,1781864861215000000,1781864921204000000,1957584896
JVM.usedHeapBytes,1781864861215000000,1781864921204000000,469660568
JVM.totalCpuTimeMs,1781864861215000000,1781864921204000000,11240
JVM.newThreadsCount,1781864861215000000,1781864921204000000,15
JVM.threadCount,1781864861215000000,1781864921204000000,62
JVM.usedNativeBytes,1781864861215000000,1781864921204000000,428011176
JVM.GC.collections,1781864861215000000,1781864921204000000,0
JVM.totalDirectByteBuffersBytes,1781864861215000000,1781864921204000000,1148929
MEM.ramPlusSwapMinusFileMappingsBytes,1781864861215000000,1781864921204000000,1223344128
MEM.ramMinusFileMappingsBytes,1781864861215000000,1781864921204000000,1223344128
workspaceModel.to.snapshot.ms,1781864861215000000,1781864921204000000,0
workspaceModel.cachedValueWithParameters.total.get.count,1781864861215000000,1781864921204000000,0
workspaceModel.init.bridges.ms,1781864861215000000,1781864921204000000,0
workspaceModel.workspaceFileIndexData.processFileSets.ms,1781864861215000000,1781864921204000000,0
workspaceModel.workspaceFileIndexData.getFileInfo.ms,1781864861215000000,1781864921204000000,1
workspaceModel.cachedValue.clear.count,1781864861215000000,1781864921204000000,0
workspaceModel.cachedValue.from.cache.count,1781864861215000000,1781864921204000000,1
workspaceModel.workspaceFileIndexData.visitFileSets.ms,1781864861215000000,1781864921204000000,0
workspaceModel.on.before.changed.ms,1781864861215000000,1781864921204000000,0
workspaceModel.update.unloaded.entities.ms,1781864861215000000,1781864921204000000,0
workspaceModel.workspaceFileIndexContributor.registerFileSets.ms,1781864861215000000,1781864921204000000,0
workspaceModel.on.changed.ms,1781864861215000000,1781864921204000000,0
workspaceModel.full.replace.project.model.ms,1781864861215000000,1781864921204000000,0
workspaceModel.initializing.ms,1781864861215000000,1781864921204000000,0
workspaceModel.workspaceFileIndexData.updateDirtyEntities.ms,1781864861215000000,1781864921204000000,0
workspaceModel.workspaceFileIndexData.instances.count,1781864861215000000,1781864921204000000,0
workspaceModel.updates.precise.ms,1781864861215000000,1781864921204000000,0
workspaceModel.pre.handlers.ms,1781864861215000000,1781864921204000000,0
workspaceModel.cachedValueWithParameters.calculated.count,1781864861215000000,1781864921204000000,0
workspaceModel.workspaceFileIndexData.getPackageName.ms,1781864861215000000,1781864921204000000,0
workspaceModel.loading.total.ms,1781864861215000000,1781864921204000000,0
workspaceModel.entityStorageSnapshotImpl.instances.count,1781864861215000000,1781864921204000000,0
workspaceModel.updates.count,1781864861215000000,1781864921204000000,0
workspaceModel.updates.ms,1781864861215000000,1781864921204000000,0
workspaceModel.loading.from.cache.ms,1781864861215000000,1781864921204000000,0
workspaceModel.replace.project.model.ms,1781864861215000000,1781864921204000000,0
workspaceModel.workspaceFileIndexData.markDirty.ms,1781864861215000000,1781864921204000000,0
workspaceModel.cachedValue.calculated.count,1781864861215000000,1781864921204000000,0
workspaceModel.cachedValueWithParameters.clear.count,1781864861215000000,1781864921204000000,0
workspaceModel.cachedValueWithParameters.from.cache.count,1781864861215000000,1781864921204000000,0
workspaceModel.check.recursive.update.ms,1781864861215000000,1781864921204000000,0
workspaceModel.cachedValue.total.get.count,1781864861215000000,1781864921204000000,1
workspaceModel.workspaceFileIndexData.getDirectoriesByPackageName.ms,1781864861215000000,1781864921204000000,0
workspaceModel.workspaceFileIndexData.init.ms,1781864861215000000,1781864921204000000,0
workspaceModel.collect.changes.ms,1781864861215000000,1781864921204000000,0
workspaceModel.workspaceFileIndexData.onEntitiesChanged.ms,1781864861215000000,1781864921204000000,0
StreamlinedBlobStorage.totalLiveRecordsPayloadBytes,1781864861215000000,1781864921204000000,0
DirectByteBufferAllocator.disposed,1781864861215000000,1781864921204000000,0
FilePageCache.pageLoadsAboveSizeThreshold,1781864861215000000,1781864921204000000,0
MappedFileStorage.storages,1781864861215000000,1781864921204000000,12
FilePageCache.pageLoads,1781864861215000000,1781864921204000000,0
DirectByteBufferAllocator.totalSizeOfBuffersCachedInBytes,1781864861215000000,1781864921204000000,41959424
FileChannelInterruptsRetryer.totalRetriedAttempts,1781864861215000000,1781864921204000000,0
MappedFileStorage.totalBytesMapped,1781864861215000000,1781864921204000000,185860096
FilePageCache.totalPageLoadsUs,1781864861215000000,1781864921204000000,0
DirectByteBufferAllocator.totalSizeOfBuffersAllocatedInBytes,1781864861215000000,1781864921204000000,0
FilePageCache.capacityInBytes,1781864861215000000,1781864921204000000,629145600
FilePageCache.maxCacheSizeInBytes,1781864861215000000,1781864921204000000,629153792
FilePageCache.uncachedFileAccess,1781864861215000000,1781864921204000000,0
StreamlinedBlobStorage.recordsRelocated,1781864861215000000,1781864921204000000,0
MappedFileStorage.totalPagesMapped,1781864861215000000,1781864921204000000,12
DirectByteBufferAllocator.hits,1781864861215000000,1781864921204000000,0
StreamlinedBlobStorage.recordsDeleted,1781864861215000000,1781864921204000000,0
DirectByteBufferAllocator.reclaimed,1781864861215000000,1781864921204000000,0
FilePageCache.maxRegisteredFiles,1781864861215000000,1781864921204000000,1652
StorageLockContext.competingThreads.max,1781864861215000000,1781864921204000000,0
StreamlinedBlobStorage.recordsAllocated,1781864861215000000,1781864921204000000,0
StreamlinedBlobStorage.totalLiveRecordsCapacityBytes,1781864861215000000,1781864921204000000,0
DirectByteBufferAllocator.misses,1781864861215000000,1781864921204000000,0
FilePageCache.disposedBuffers,1781864861215000000,1781864921204000000,0
MappedFileStorage.totalTimeSpentOnMappingUs,1781864861215000000,1781864921204000000,24245
FilePageCache.totalPageDisposalsUs,1781864861215000000,1781864921204000000,0
FilePageCache.pageHits,1781864861215000000,1781864921204000000,0
StorageLockContext.competingThreads.avg,1781864861215000000,1781864921204000000,0.0
FilePageCache.pageFastCacheHits,1781864861215000000,1781864921204000000,0
StorageLockContext.competingThreads.90P,1781864861215000000,1781864921204000000,0
VFS.contentStorage.recordsReadSize,1781864861215000000,1781864921204000000,0
VFS.contentStorage.recordsStoredCompressed,1781864861215000000,1781864921204000000,0
VFS.invertedFileNameIndex.requests,1781864861215000000,1781864921204000000,0
VFS.cache.filesCreated,1781864861215000000,1781864921204000000,10
VFS.contentStorage.recordsDecompressionTimeUs,1781864861215000000,1781864921204000000,0
VFS.folderCaseSensitivityReads,1781864861215000000,1781864921204000000,0
FileNameCache.totalMisses,1781864861215000000,1781864921204000000,0
VFS.contentStorage.recordsDeduplicated,1781864861215000000,1781864921204000000,0
VFS.contentStorage.recordsUncompressedSize,1781864861215000000,1781864921204000000,0
VFS.fileChildByName,1781864861215000000,1781864921204000000,19
FileNameCache.queries,1781864861215000000,1781864921204000000,0
VFS.cache.segments,1781864861215000000,1781864921204000000,62.0
VFS.fileByIdCache.misses,1781864861215000000,1781864921204000000,0
VFS.contentStorage.recordsReadDecompressed,1781864861215000000,1781864921204000000,0
VFS.fileByIdCache.hits,1781864861215000000,1781864921204000000,0
VFS.cache.directoriesCreated,1781864861215000000,1781864921204000000,0
VFS.contentStorage.recordsStored,1781864861215000000,1781864921204000000,0
VFS.contentStorage.recordsRead,1781864861215000000,1781864921204000000,0
VFS.contentStorage.recordsStoredSize,1781864861215000000,1781864921204000000,0
VFS.rootsCount,1781864861215000000,1781864921204000000,12.0
VFS.cache.segmentsCreated,1781864861215000000,1781864921204000000,0
AWTEventQueue.dispatchTimeAvgNs,1781864921204000000,1781864981190000000,0.0
NonBlockingReadAction.finalizedExecutionsCount,1781864921204000000,1781864981190000000,31
ReadAction.executionsCount,1781864921204000000,1781864981190000000,3713
FlushQueue.executionTimeMaxNs,1781864921204000000,1781864981190000000,0
NonBlockingReadAction.failedExecutionTimeUs,1781864921204000000,1781864981190000000,3196
AWTEventQueue.dispatchTimeMaxNs,1781864921204000000,1781864981190000000,0
AWTEventQueue.eventsDispatched,1781864921204000000,1781864981190000000,0
FlushQueue.queueSizeAvg,1781864921204000000,1781864981190000000,0.0
NonBlockingReadAction.finalizedExecutionTimeUs,1781864921204000000,1781864981190000000,33007
WriteAction.executionsCount,1781864921204000000,1781864981190000000,2
AWTEventQueue.dispatchTime90PNs,1781864921204000000,1781864981190000000,0
NonBlockingReadAction.failedExecutionsCount,1781864921204000000,1781864981190000000,1
AWTEventQueue.dispatchTimeTotalNS,1781864921204000000,1781864981190000000,8360751462
FlushQueue.queueSize90P,1781864921204000000,1781864981190000000,0
FlushQueue.waitingTimeAvgNs,1781864921204000000,1781864981190000000,0.0
FlushQueue.tasksExecuted,1781864921204000000,1781864981190000000,0
FlushQueue.executionTime90PNs,1781864921204000000,1781864981190000000,0
FlushQueue.executionTimeAvgNs,1781864921204000000,1781864981190000000,0.0
FlushQueue.waitingTime90PNs,1781864921204000000,1781864981190000000,0
FlushQueue.waitingTimeMaxNs,1781864921204000000,1781864981190000000,0
FlushQueue.queueSizeMax,1781864921204000000,1781864981190000000,0
cacheStateStorage.get.duration,1781864921204000000,1781864981190000000,0
cacheStateStorage.set.duration,1781864921204000000,1781864981190000000,0
cacheStateStorage.set.counter,1781864921204000000,1781864981190000000,0
cacheStateStorage.get.counter,1781864921204000000,1781864981190000000,0
compiler.ArtifactVirtualFileListener.filePathChanged.ms,1781864921204000000,1781864981190000000,0
compiler.ArtifactManagerBridge.findArtifact.ms,1781864921204000000,1781864981190000000,0
compiler.ArtifactManagerBridge.dropMappings.ms,1781864921204000000,1781864981190000000,0
compiler.ArtifactManagerBridge.getArtifactsByType.ms,1781864921204000000,1781864981190000000,0
compiler.ArtifactManagerBridge.initBridges.ms,1781864921204000000,1781864981190000000,0
compiler.ArtifactManagerBridge.addArtifact.ms,1781864921204000000,1781864981190000000,0
compiler.ArtifactManagerBridge.getArtifacts.ms,1781864921204000000,1781864981190000000,0
compiler.ArtifactManagerBridge.commit.ms,1781864921204000000,1781864981190000000,0
compiler.ArtifactVirtualFileListener.propertyChanged.ms,1781864921204000000,1781864981190000000,0
Indexes.entries.lookups,1781864921204000000,1781864981190000000,27
Indexes.entries.lookupDurationMaxMs,1781864921204000000,1781864981190000000,0.0
Indexes.entries.lookupDuration90PMs,1781864921204000000,1781864981190000000,0.0
Indexes.allKeys.lookups,1781864921204000000,1781864981190000000,0
Indexing.cache.totalCacheAccesses,1781864921204000000,1781864981190000000,2416
Indexes.allKeys.lookupDuration90PMs,1781864921204000000,1781864981190000000,0.0
Indexes.allKeys.lookupDurationAvgMs,1781864921204000000,1781864981190000000,0.0
Indexing.writesQueuedMax,1781864921204000000,1781864981190000000,0
Indexing.totalTimeIndexersSleptMs,1781864921204000000,1781864981190000000,0
Indexes.stubs.lookupDurationMaxMs,1781864921204000000,1781864981190000000,0.0
Indexing.cache.totalCacheEvicted,1781864921204000000,1781864981190000000,593
Indexing.writer_0.totalTimeSpentWritingMs,1781864921204000000,1781864981190000000,0
Indexes.allKeys.lookupDurationMaxMs,1781864921204000000,1781864981190000000,0.0
Indexes.stubs.lookups,1781864921204000000,1781864981190000000,970
Indexes.stubs.lookupDurationAvgMs,1781864921204000000,1781864981190000000,0.0
Indexing.cache.totalCacheMisses,1781864921204000000,1781864981190000000,593
Indexing.writer_2.totalTimeSpentWritingMs,1781864921204000000,1781864981190000000,0
Indexes.stubs.lookupDuration90PMs,1781864921204000000,1781864981190000000,0.0
Indexing.writer_1.totalTimeSpentWritingMs,1781864921204000000,1781864981190000000,0
Indexes.entries.lookupDurationAvgMs,1781864921204000000,1781864981190000000,0.0
Indexing.writesQueuedMin,1781864921204000000,1781864981190000000,9223372036854775807
Indexing.writer_3.totalTimeSpentWritingMs,1781864921204000000,1781864981190000000,0
jps.global.get.libraries.ms,1781864921204000000,1781864981190000000,0
jps.facet.change.listener.init.bridge.ms,1781864921204000000,1781864981190000000,0
workspaceModel.mutableEntityStorage.resolve.ms,1781864921204000000,1781864981190000000,0
workspaceModel.load.cache.metadata.from.file.ms,1781864921204000000,1781864981190000000,0
workspaceModel.mutableEntityStorage.hasReferrers.ms,1781864921204000000,1781864981190000000,0
workspaceModel.mutableEntityStorage.mutable.vfurl.index.ms,1781864921204000000,1781864981190000000,0
jps.save.changed.project.entities.ms,1781864921204000000,1781864981190000000,0
workspaceModel.delayed.project.synchronizer.sync.ms,1781864921204000000,1781864981190000000,0
workspaceModel.save.cache.to.file.ms,1781864921204000000,1781864981190000000,0
workspaceModel.moduleManagerBridge.get.modules.ms,1781864921204000000,1781864981190000000,0
workspaceModel.mutableEntityStorage.modify.entity.ms,1781864921204000000,1781864981190000000,0
workspaceModel.moduleBridge.facet.initialization.ms,1781864921204000000,1781864981190000000,0
workspaceModel.mutableEntityStorage.instances.count,1781864921204000000,1781864981190000000,0
workspaceModel.sync.entities.ms,1781864921204000000,1781864981190000000,0
workspaceModel.moduleManagerBridge.build.module.graph.ms,1781864921204000000,1781864981190000000,0
workspaceModel.mutableEntityStorage.replace.by.source.ms,1781864921204000000,1781864981190000000,0
jps.load.project.to.empty.storage.ms,1781864921204000000,1781864981190000000,0
workspaceModel.load.cache.from.file.ms,1781864921204000000,1781864981190000000,0
jps.project.serializers.save.ms,1781864921204000000,1781864981190000000,0
workspaceModel.moduleManagerBridge.create.module.instance.ms,1781864921204000000,1781864981190000000,0
workspaceModel.mutableEntityStorage.changeLog.addReplaceEventForNewParent.ms,1781864921204000000,1781864981190000000,0
jps.app.storage.content.writer.save.component.ms,1781864921204000000,1781864981190000000,1
jps.project.serializers.load.ms,1781864921204000000,1781864981190000000,0
workspaceModel.mutableEntityStorage.to.snapshot.ms,1781864921204000000,1781864981190000000,0
workspaceModel.moduleManagerBridge.newModule.ms,1781864921204000000,1781864981190000000,0
jps.global.get.library.by.name.ms,1781864921204000000,1781864981190000000,0
jps.storage.jps.conf.reader.load.component.ms,1781864921204000000,1781864981190000000,0
workspaceModel.global.apply.state.to.project.ms,1781864921204000000,1781864981190000000,0
workspaceModel.mutableEntityStorage.has.same.entities.ms,1781864921204000000,1781864981190000000,0
jps.save.global.entities.ms,1781864921204000000,1781864981190000000,3
workspaceModel.moduleBridgeLoader.loading.modules.ms,1781864921204000000,1781864981190000000,0
jps.load.initial.state.ms,1781864921204000000,1781864981190000000,0
workspaceModel.orphan.listener.update.ms,1781864921204000000,1781864981190000000,0
jps.global.handle.before.change.events.ms,1781864921204000000,1781864981190000000,0
jps.module.iml.entities.serializer.save.entities.ms,1781864921204000000,1781864981190000000,0
workspaceModel.global.updates.count,1781864921204000000,1781864981190000000,0
jps.global.get.library.ms,1781864921204000000,1781864981190000000,0
jps.facet.change.listener.before.change.events.ms,1781864921204000000,1781864981190000000,0
workspaceModel.global.apply.state.to.project.builder.ms,1781864921204000000,1781864981190000000,0
jps.facet.change.listener.process.change.events.ms,1781864921204000000,1781864981190000000,0
workspaceModel.moduleManagerBridge.set.unloadedModules.ms,1781864921204000000,1781864981190000000,0
jps.global.initialize.library.bridges.ms,1781864921204000000,1781864981190000000,0
workspaceModel.mutableEntityStorage.add.entity.ms,1781864921204000000,1781864981190000000,0
workspaceModel.mutableEntityStorage.remove.entity.ms,1781864921204000000,1781864981190000000,0
jps.apply.loaded.storage.ms,1781864921204000000,1781864981190000000,0
jps.library.entities.serializer.save.entities.ms,1781864921204000000,1781864981190000000,0
jps.library.entities.serializer.load.entities.ms,1781864921204000000,1781864981190000000,0
jps.reload.project.entities.ms,1781864921204000000,1781864981190000000,0
workspaceModel.mutableEntityStorage.apply.changes.from.ms,1781864921204000000,1781864981190000000,0
jps.global.handle.changed.events.ms,1781864921204000000,1781864981190000000,0
workspaceModel.moduleBridge.update.option.ms,1781864921204000000,1781864981190000000,0
workspaceModel.mutableEntityStorage.changeLog.addReplaceEventForRemovedParent.ms,1781864921204000000,1781864981190000000,0
workspaceModel.moduleManagerBridge.load.module.ms,1781864921204000000,1781864981190000000,0
workspaceModel.mutableEntityStorage.changeLog.addReplaceEventForNewChild.ms,1781864921204000000,1781864981190000000,0
workspaceModel.mutableEntityStorage.entities.ms,1781864921204000000,1781864981190000000,0
jps.module.iml.entities.serializer.load.entities.ms,1781864921204000000,1781864981190000000,0
workspaceModel.global.updates.ms,1781864921204000000,1781864981190000000,0
workspaceModel.moduleManagerBridge.new.nonPersistent.module.ms,1781864921204000000,1781864981190000000,0
workspaceModel.mutableEntityStorage.collect.changes.ms,1781864921204000000,1781864981190000000,0
jps.artifact.entities.serializer.save.entities.ms,1781864921204000000,1781864981190000000,0
workspaceModel.mutableEntityStorage.entities.by.source.ms,1781864921204000000,1781864981190000000,0
jps.module.dependency.index.workspace.model.listener.on.changed.ms,1781864921204000000,1781864981190000000,0
jps.artifact.entities.serializer.load.entities.ms,1781864921204000000,1781864981190000000,0
workspaceModel.mutableEntityStorage.put.entity.ms,1781864921204000000,1781864981190000000,0
workspaceModel.do.save.caches.ms,1781864921204000000,1781864981190000000,0
workspaceModel.mutableEntityStorage.referrers.ms,1781864921204000000,1781864981190000000,0
jps.app.storage.content.reader.load.component.ms,1781864921204000000,1781864981190000000,0
workspaceModel.moduleManagerBridge.load.all.modules.ms,1781864921204000000,1781864981190000000,0
workspaceModel.moduleBridge.before.changed.ms,1781864921204000000,1781864981190000000,0
workspaceModel.mutableEntityStorage.mutable.ext.mapping.ms,1781864921204000000,1781864981190000000,0
workspaceModel.mutableEntityStorage.changeLog.addReplaceEventForRemovedChild.ms,1781864921204000000,1781864981190000000,0
jps.global.initialize.library.bridges.after.loading.ms,1781864921204000000,1781864981190000000,0
lexer.JAVA.time.ns,1781864921204000000,1781864981190000000,366276
LowMemory.gcOverloaded,1781864921204000000,1781864981190000000,0
LowMemory.gcLoad,1781864921204000000,1781864981190000000,9.322189547125217E-4
DiskQueryRelay.tasksRequested,1781864921204000000,1781864981190000000,10
parser.JAVA.size.bytes,1781864921204000000,1781864981190000000,508
parser.JAVA.time.ns,1781864921204000000,1781864981190000000,23164759
lexer.JAVA.size.bytes,1781864921204000000,1781864981190000000,508
writeAction.max.wait.ms,1781864921204000000,1781864981190000000,8
writeAction.wait.ms,1781864921204000000,1781864981190000000,1
writeAction.count,1781864921204000000,1781864981190000000,2
DiskQueryRelay.taskExecutionTotalTimeUs,1781864921204000000,1781864981190000000,11531
writeAction.median.wait.ms,1781864921204000000,1781864981190000000,0
DiskQueryRelay.tasksExecuted,1781864921204000000,1781864981190000000,10
DiskQueryRelay.taskWaitingTotalTimeUs,1781864921204000000,1781864981190000000,14080
JVM.committedHeapBytes,1781864921204000000,1781864981190000000,620756992
JVM.totalTimeToSafepointsMs,1781864921204000000,1781864981190000000,1
JVM.totalBytesAllocated,1781864921204000000,1781864981190000000,355441272
JVM.maxThreadCount,1781864921204000000,1781864981190000000,129
OS.loadAverage,1781864921204000000,1781864981190000000,3.8193359375
MEM.fileMappingsRamBytes,1781864921204000000,1781864981190000000,711028736
JVM.totalTimeAtSafepointsMs,1781864921204000000,1781864981190000000,141
JVM.GC.collectionTimesMs,1781864921204000000,1781864981190000000,133
JVM.totalSafepointCount,1781864921204000000,1781864981190000000,4
JVM.maxHeapBytes,1781864921204000000,1781864981190000000,2147483648
MEM.ramBytes,1781864921204000000,1781864981190000000,2018590720
JVM.usedHeapBytes,1781864921204000000,1781864981190000000,517915864
JVM.totalCpuTimeMs,1781864921204000000,1781864981190000000,41190
JVM.newThreadsCount,1781864921204000000,1781864981190000000,18
JVM.threadCount,1781864921204000000,1781864981190000000,72
JVM.usedNativeBytes,1781864921204000000,1781864981190000000,440624288
JVM.GC.collections,1781864921204000000,1781864981190000000,4
JVM.totalDirectByteBuffersBytes,1781864921204000000,1781864981190000000,16877569
MEM.ramPlusSwapMinusFileMappingsBytes,1781864921204000000,1781864981190000000,1294909440
MEM.ramMinusFileMappingsBytes,1781864921204000000,1781864981190000000,1294909440
workspaceModel.to.snapshot.ms,1781864921204000000,1781864981190000000,0
workspaceModel.cachedValueWithParameters.total.get.count,1781864921204000000,1781864981190000000,3595
workspaceModel.init.bridges.ms,1781864921204000000,1781864981190000000,0
workspaceModel.workspaceFileIndexData.processFileSets.ms,1781864921204000000,1781864981190000000,0
workspaceModel.workspaceFileIndexData.getFileInfo.ms,1781864921204000000,1781864981190000000,38
workspaceModel.cachedValue.clear.count,1781864921204000000,1781864981190000000,0
workspaceModel.cachedValue.from.cache.count,1781864921204000000,1781864981190000000,5
workspaceModel.workspaceFileIndexData.visitFileSets.ms,1781864921204000000,1781864981190000000,0
workspaceModel.on.before.changed.ms,1781864921204000000,1781864981190000000,0
workspaceModel.update.unloaded.entities.ms,1781864921204000000,1781864981190000000,0
workspaceModel.workspaceFileIndexContributor.registerFileSets.ms,1781864921204000000,1781864981190000000,0
workspaceModel.on.changed.ms,1781864921204000000,1781864981190000000,0
workspaceModel.full.replace.project.model.ms,1781864921204000000,1781864981190000000,0
workspaceModel.initializing.ms,1781864921204000000,1781864981190000000,0
workspaceModel.workspaceFileIndexData.updateDirtyEntities.ms,1781864921204000000,1781864981190000000,0
workspaceModel.workspaceFileIndexData.instances.count,1781864921204000000,1781864981190000000,0
workspaceModel.updates.precise.ms,1781864921204000000,1781864981190000000,0
workspaceModel.pre.handlers.ms,1781864921204000000,1781864981190000000,0
workspaceModel.cachedValueWithParameters.calculated.count,1781864921204000000,1781864981190000000,0
workspaceModel.workspaceFileIndexData.getPackageName.ms,1781864921204000000,1781864981190000000,6
workspaceModel.loading.total.ms,1781864921204000000,1781864981190000000,0
workspaceModel.entityStorageSnapshotImpl.instances.count,1781864921204000000,1781864981190000000,0
workspaceModel.updates.count,1781864921204000000,1781864981190000000,0
workspaceModel.updates.ms,1781864921204000000,1781864981190000000,0
workspaceModel.loading.from.cache.ms,1781864921204000000,1781864981190000000,0
workspaceModel.replace.project.model.ms,1781864921204000000,1781864981190000000,0
workspaceModel.workspaceFileIndexData.markDirty.ms,1781864921204000000,1781864981190000000,0
workspaceModel.cachedValue.calculated.count,1781864921204000000,1781864981190000000,0
workspaceModel.cachedValueWithParameters.clear.count,1781864921204000000,1781864981190000000,0
workspaceModel.cachedValueWithParameters.from.cache.count,1781864921204000000,1781864981190000000,3595
workspaceModel.check.recursive.update.ms,1781864921204000000,1781864981190000000,0
workspaceModel.cachedValue.total.get.count,1781864921204000000,1781864981190000000,5
workspaceModel.workspaceFileIndexData.getDirectoriesByPackageName.ms,1781864921204000000,1781864981190000000,6
workspaceModel.workspaceFileIndexData.init.ms,1781864921204000000,1781864981190000000,0
workspaceModel.collect.changes.ms,1781864921204000000,1781864981190000000,0
workspaceModel.workspaceFileIndexData.onEntitiesChanged.ms,1781864921204000000,1781864981190000000,0
StreamlinedBlobStorage.totalLiveRecordsPayloadBytes,1781864921204000000,1781864981190000000,0
DirectByteBufferAllocator.disposed,1781864921204000000,1781864981190000000,0
FilePageCache.pageLoadsAboveSizeThreshold,1781864921204000000,1781864981190000000,0
MappedFileStorage.storages,1781864921204000000,1781864981190000000,12
FilePageCache.pageLoads,1781864921204000000,1781864981190000000,15
DirectByteBufferAllocator.totalSizeOfBuffersCachedInBytes,1781864921204000000,1781864981190000000,41959424
FileChannelInterruptsRetryer.totalRetriedAttempts,1781864921204000000,1781864981190000000,0
MappedFileStorage.totalBytesMapped,1781864921204000000,1781864981190000000,185860096
FilePageCache.totalPageLoadsUs,1781864921204000000,1781864981190000000,127107
DirectByteBufferAllocator.totalSizeOfBuffersAllocatedInBytes,1781864921204000000,1781864981190000000,15728640
FilePageCache.capacityInBytes,1781864921204000000,1781864981190000000,629145600
FilePageCache.maxCacheSizeInBytes,1781864921204000000,1781864981190000000,629153792
FilePageCache.uncachedFileAccess,1781864921204000000,1781864981190000000,10
StreamlinedBlobStorage.recordsRelocated,1781864921204000000,1781864981190000000,0
MappedFileStorage.totalPagesMapped,1781864921204000000,1781864981190000000,12
DirectByteBufferAllocator.hits,1781864921204000000,1781864981190000000,0
StreamlinedBlobStorage.recordsDeleted,1781864921204000000,1781864981190000000,0
DirectByteBufferAllocator.reclaimed,1781864921204000000,1781864981190000000,0
FilePageCache.maxRegisteredFiles,1781864921204000000,1781864981190000000,1652
StorageLockContext.competingThreads.max,1781864921204000000,1781864981190000000,0
StreamlinedBlobStorage.recordsAllocated,1781864921204000000,1781864981190000000,0
StreamlinedBlobStorage.totalLiveRecordsCapacityBytes,1781864921204000000,1781864981190000000,0
DirectByteBufferAllocator.misses,1781864921204000000,1781864981190000000,15
FilePageCache.disposedBuffers,1781864921204000000,1781864981190000000,0
MappedFileStorage.totalTimeSpentOnMappingUs,1781864921204000000,1781864981190000000,24245
FilePageCache.totalPageDisposalsUs,1781864921204000000,1781864981190000000,77
FilePageCache.pageHits,1781864921204000000,1781864981190000000,0
StorageLockContext.competingThreads.avg,1781864921204000000,1781864981190000000,0.0
FilePageCache.pageFastCacheHits,1781864921204000000,1781864981190000000,467
StorageLockContext.competingThreads.90P,1781864921204000000,1781864981190000000,0
VFS.contentStorage.recordsReadSize,1781864921204000000,1781864981190000000,1556
VFS.contentStorage.recordsStoredCompressed,1781864921204000000,1781864981190000000,0
VFS.invertedFileNameIndex.requests,1781864921204000000,1781864981190000000,0
VFS.cache.filesCreated,1781864921204000000,1781864981190000000,3451
VFS.contentStorage.recordsDecompressionTimeUs,1781864921204000000,1781864981190000000,0
VFS.folderCaseSensitivityReads,1781864921204000000,1781864981190000000,0
FileNameCache.totalMisses,1781864921204000000,1781864981190000000,0
VFS.contentStorage.recordsDeduplicated,1781864921204000000,1781864981190000000,0
VFS.contentStorage.recordsUncompressedSize,1781864921204000000,1781864981190000000,0
VFS.fileChildByName,1781864921204000000,1781864981190000000,329
FileNameCache.queries,1781864921204000000,1781864981190000000,0
VFS.cache.segments,1781864921204000000,1781864981190000000,62.0
VFS.fileByIdCache.misses,1781864921204000000,1781864981190000000,150
VFS.contentStorage.recordsReadDecompressed,1781864921204000000,1781864981190000000,0
VFS.fileByIdCache.hits,1781864921204000000,1781864981190000000,0
VFS.cache.directoriesCreated,1781864921204000000,1781864981190000000,0
VFS.contentStorage.recordsStored,1781864921204000000,1781864981190000000,0
VFS.contentStorage.recordsRead,1781864921204000000,1781864981190000000,2
VFS.contentStorage.recordsStoredSize,1781864921204000000,1781864981190000000,0
VFS.rootsCount,1781864921204000000,1781864981190000000,12.0
VFS.cache.segmentsCreated,1781864921204000000,1781864981190000000,0
AWTEventQueue.dispatchTimeAvgNs,1781864981190000000,1781865041191000000,0.0
NonBlockingReadAction.finalizedExecutionsCount,1781864981190000000,1781865041191000000,43
ReadAction.executionsCount,1781864981190000000,1781865041191000000,2976
FlushQueue.executionTimeMaxNs,1781864981190000000,1781865041191000000,0
NonBlockingReadAction.failedExecutionTimeUs,1781864981190000000,1781865041191000000,0
AWTEventQueue.dispatchTimeMaxNs,1781864981190000000,1781865041191000000,0
AWTEventQueue.eventsDispatched,1781864981190000000,1781865041191000000,0
FlushQueue.queueSizeAvg,1781864981190000000,1781865041191000000,0.0
NonBlockingReadAction.finalizedExecutionTimeUs,1781864981190000000,1781865041191000000,7785
WriteAction.executionsCount,1781864981190000000,1781865041191000000,2
AWTEventQueue.dispatchTime90PNs,1781864981190000000,1781865041191000000,0
NonBlockingReadAction.failedExecutionsCount,1781864981190000000,1781865041191000000,0
AWTEventQueue.dispatchTimeTotalNS,1781864981190000000,1781865041191000000,9136827202
FlushQueue.queueSize90P,1781864981190000000,1781865041191000000,0
FlushQueue.waitingTimeAvgNs,1781864981190000000,1781865041191000000,0.0
FlushQueue.tasksExecuted,1781864981190000000,1781865041191000000,0
FlushQueue.executionTime90PNs,1781864981190000000,1781865041191000000,0
FlushQueue.executionTimeAvgNs,1781864981190000000,1781865041191000000,0.0
FlushQueue.waitingTime90PNs,1781864981190000000,1781865041191000000,0
FlushQueue.waitingTimeMaxNs,1781864981190000000,1781865041191000000,0
FlushQueue.queueSizeMax,1781864981190000000,1781865041191000000,0
cacheStateStorage.get.duration,1781864981190000000,1781865041191000000,0
cacheStateStorage.set.duration,1781864981190000000,1781865041191000000,0
cacheStateStorage.set.counter,1781864981190000000,1781865041191000000,0
cacheStateStorage.get.counter,1781864981190000000,1781865041191000000,0
compiler.ArtifactVirtualFileListener.filePathChanged.ms,1781864981190000000,1781865041191000000,0
compiler.ArtifactManagerBridge.findArtifact.ms,1781864981190000000,1781865041191000000,0
compiler.ArtifactManagerBridge.dropMappings.ms,1781864981190000000,1781865041191000000,0
compiler.ArtifactManagerBridge.getArtifactsByType.ms,1781864981190000000,1781865041191000000,0
compiler.ArtifactManagerBridge.initBridges.ms,1781864981190000000,1781865041191000000,0
compiler.ArtifactManagerBridge.addArtifact.ms,1781864981190000000,1781865041191000000,0
compiler.ArtifactManagerBridge.getArtifacts.ms,1781864981190000000,1781865041191000000,0
compiler.ArtifactManagerBridge.commit.ms,1781864981190000000,1781865041191000000,0
compiler.ArtifactVirtualFileListener.propertyChanged.ms,1781864981190000000,1781865041191000000,0
Indexes.entries.lookups,1781864981190000000,1781865041191000000,27
Indexes.entries.lookupDurationMaxMs,1781864981190000000,1781865041191000000,0.0
Indexes.entries.lookupDuration90PMs,1781864981190000000,1781865041191000000,0.0
Indexes.allKeys.lookups,1781864981190000000,1781865041191000000,1
Indexing.cache.totalCacheAccesses,1781864981190000000,1781865041191000000,2147
Indexes.allKeys.lookupDuration90PMs,1781864981190000000,1781865041191000000,0.0
Indexes.allKeys.lookupDurationAvgMs,1781864981190000000,1781865041191000000,0.0
Indexing.writesQueuedMax,1781864981190000000,1781865041191000000,0
Indexing.totalTimeIndexersSleptMs,1781864981190000000,1781865041191000000,0
Indexes.stubs.lookupDurationMaxMs,1781864981190000000,1781865041191000000,0.0
Indexing.cache.totalCacheEvicted,1781864981190000000,1781865041191000000,35
Indexing.writer_0.totalTimeSpentWritingMs,1781864981190000000,1781865041191000000,0
Indexes.allKeys.lookupDurationMaxMs,1781864981190000000,1781865041191000000,0.0
Indexes.stubs.lookups,1781864981190000000,1781865041191000000,933
Indexes.stubs.lookupDurationAvgMs,1781864981190000000,1781865041191000000,0.0
Indexing.cache.totalCacheMisses,1781864981190000000,1781865041191000000,475
Indexing.writer_2.totalTimeSpentWritingMs,1781864981190000000,1781865041191000000,0
Indexes.stubs.lookupDuration90PMs,1781864981190000000,1781865041191000000,0.0
Indexing.writer_1.totalTimeSpentWritingMs,1781864981190000000,1781865041191000000,0
Indexes.entries.lookupDurationAvgMs,1781864981190000000,1781865041191000000,0.0
Indexing.writesQueuedMin,1781864981190000000,1781865041191000000,9223372036854775807
Indexing.writer_3.totalTimeSpentWritingMs,1781864981190000000,1781865041191000000,0
jps.global.get.libraries.ms,1781864981190000000,1781865041191000000,0
jps.facet.change.listener.init.bridge.ms,1781864981190000000,1781865041191000000,0
workspaceModel.mutableEntityStorage.resolve.ms,1781864981190000000,1781865041191000000,0
workspaceModel.load.cache.metadata.from.file.ms,1781864981190000000,1781865041191000000,0
workspaceModel.mutableEntityStorage.hasReferrers.ms,1781864981190000000,1781865041191000000,0
workspaceModel.mutableEntityStorage.mutable.vfurl.index.ms,1781864981190000000,1781865041191000000,0
jps.save.changed.project.entities.ms,1781864981190000000,1781865041191000000,0
workspaceModel.delayed.project.synchronizer.sync.ms,1781864981190000000,1781865041191000000,0
workspaceModel.save.cache.to.file.ms,1781864981190000000,1781865041191000000,0
workspaceModel.moduleManagerBridge.get.modules.ms,1781864981190000000,1781865041191000000,0
workspaceModel.mutableEntityStorage.modify.entity.ms,1781864981190000000,1781865041191000000,0
workspaceModel.moduleBridge.facet.initialization.ms,1781864981190000000,1781865041191000000,0
workspaceModel.mutableEntityStorage.instances.count,1781864981190000000,1781865041191000000,0
workspaceModel.sync.entities.ms,1781864981190000000,1781865041191000000,0
workspaceModel.moduleManagerBridge.build.module.graph.ms,1781864981190000000,1781865041191000000,0
workspaceModel.mutableEntityStorage.replace.by.source.ms,1781864981190000000,1781865041191000000,0
jps.load.project.to.empty.storage.ms,1781864981190000000,1781865041191000000,0
workspaceModel.load.cache.from.file.ms,1781864981190000000,1781865041191000000,0
jps.project.serializers.save.ms,1781864981190000000,1781865041191000000,0
workspaceModel.moduleManagerBridge.create.module.instance.ms,1781864981190000000,1781865041191000000,0
workspaceModel.mutableEntityStorage.changeLog.addReplaceEventForNewParent.ms,1781864981190000000,1781865041191000000,0
jps.app.storage.content.writer.save.component.ms,1781864981190000000,1781865041191000000,2
jps.project.serializers.load.ms,1781864981190000000,1781865041191000000,0
workspaceModel.mutableEntityStorage.to.snapshot.ms,1781864981190000000,1781865041191000000,0
workspaceModel.moduleManagerBridge.newModule.ms,1781864981190000000,1781865041191000000,0
jps.global.get.library.by.name.ms,1781864981190000000,1781865041191000000,0
jps.storage.jps.conf.reader.load.component.ms,1781864981190000000,1781865041191000000,0
workspaceModel.global.apply.state.to.project.ms,1781864981190000000,1781865041191000000,0
workspaceModel.mutableEntityStorage.has.same.entities.ms,1781864981190000000,1781865041191000000,0
jps.save.global.entities.ms,1781864981190000000,1781865041191000000,6
workspaceModel.moduleBridgeLoader.loading.modules.ms,1781864981190000000,1781865041191000000,0
jps.load.initial.state.ms,1781864981190000000,1781865041191000000,0
workspaceModel.orphan.listener.update.ms,1781864981190000000,1781865041191000000,0
jps.global.handle.before.change.events.ms,1781864981190000000,1781865041191000000,0
jps.module.iml.entities.serializer.save.entities.ms,1781864981190000000,1781865041191000000,0
workspaceModel.global.updates.count,1781864981190000000,1781865041191000000,0
jps.global.get.library.ms,1781864981190000000,1781865041191000000,0
jps.facet.change.listener.before.change.events.ms,1781864981190000000,1781865041191000000,0
workspaceModel.global.apply.state.to.project.builder.ms,1781864981190000000,1781865041191000000,0
jps.facet.change.listener.process.change.events.ms,1781864981190000000,1781865041191000000,0
workspaceModel.moduleManagerBridge.set.unloadedModules.ms,1781864981190000000,1781865041191000000,0
jps.global.initialize.library.bridges.ms,1781864981190000000,1781865041191000000,0
workspaceModel.mutableEntityStorage.add.entity.ms,1781864981190000000,1781865041191000000,0
workspaceModel.mutableEntityStorage.remove.entity.ms,1781864981190000000,1781865041191000000,0
jps.apply.loaded.storage.ms,1781864981190000000,1781865041191000000,0
jps.library.entities.serializer.save.entities.ms,1781864981190000000,1781865041191000000,0
jps.library.entities.serializer.load.entities.ms,1781864981190000000,1781865041191000000,0
jps.reload.project.entities.ms,1781864981190000000,1781865041191000000,0
workspaceModel.mutableEntityStorage.apply.changes.from.ms,1781864981190000000,1781865041191000000,0
jps.global.handle.changed.events.ms,1781864981190000000,1781865041191000000,0
workspaceModel.moduleBridge.update.option.ms,1781864981190000000,1781865041191000000,0
workspaceModel.mutableEntityStorage.changeLog.addReplaceEventForRemovedParent.ms,1781864981190000000,1781865041191000000,0
workspaceModel.moduleManagerBridge.load.module.ms,1781864981190000000,1781865041191000000,0
workspaceModel.mutableEntityStorage.changeLog.addReplaceEventForNewChild.ms,1781864981190000000,1781865041191000000,0
workspaceModel.mutableEntityStorage.entities.ms,1781864981190000000,1781865041191000000,0
jps.module.iml.entities.serializer.load.entities.ms,1781864981190000000,1781865041191000000,0
workspaceModel.global.updates.ms,1781864981190000000,1781865041191000000,0
workspaceModel.moduleManagerBridge.new.nonPersistent.module.ms,1781864981190000000,1781865041191000000,0
workspaceModel.mutableEntityStorage.collect.changes.ms,1781864981190000000,1781865041191000000,0
jps.artifact.entities.serializer.save.entities.ms,1781864981190000000,1781865041191000000,0
workspaceModel.mutableEntityStorage.entities.by.source.ms,1781864981190000000,1781865041191000000,0
jps.module.dependency.index.workspace.model.listener.on.changed.ms,1781864981190000000,1781865041191000000,0
jps.artifact.entities.serializer.load.entities.ms,1781864981190000000,1781865041191000000,0
workspaceModel.mutableEntityStorage.put.entity.ms,1781864981190000000,1781865041191000000,0
workspaceModel.do.save.caches.ms,1781864981190000000,1781865041191000000,0
workspaceModel.mutableEntityStorage.referrers.ms,1781864981190000000,1781865041191000000,0
jps.app.storage.content.reader.load.component.ms,1781864981190000000,1781865041191000000,0
workspaceModel.moduleManagerBridge.load.all.modules.ms,1781864981190000000,1781865041191000000,0
workspaceModel.moduleBridge.before.changed.ms,1781864981190000000,1781865041191000000,0
workspaceModel.mutableEntityStorage.mutable.ext.mapping.ms,1781864981190000000,1781865041191000000,0
workspaceModel.mutableEntityStorage.changeLog.addReplaceEventForRemovedChild.ms,1781864981190000000,1781865041191000000,0
jps.global.initialize.library.bridges.after.loading.ms,1781864981190000000,1781865041191000000,0
lexer.JAVA.time.ns,1781864981190000000,1781865041191000000,830267
LowMemory.gcOverloaded,1781864981190000000,1781865041191000000,0
LowMemory.gcLoad,1781864981190000000,1781865041191000000,0.005466617669882629
DiskQueryRelay.tasksRequested,1781864981190000000,1781865041191000000,12
parser.JAVA.size.bytes,1781864981190000000,1781865041191000000,508
parser.JAVA.time.ns,1781864981190000000,1781865041191000000,43377355
lexer.JAVA.size.bytes,1781864981190000000,1781865041191000000,508
writeAction.max.wait.ms,1781864981190000000,1781865041191000000,8
writeAction.wait.ms,1781864981190000000,1781865041191000000,2
writeAction.count,1781864981190000000,1781865041191000000,2
DiskQueryRelay.taskExecutionTotalTimeUs,1781864981190000000,1781865041191000000,5635
writeAction.median.wait.ms,1781864981190000000,1781865041191000000,0
DiskQueryRelay.tasksExecuted,1781864981190000000,1781865041191000000,12
DiskQueryRelay.taskWaitingTotalTimeUs,1781864981190000000,1781865041191000000,18759
JVM.committedHeapBytes,1781864981190000000,1781865041191000000,625999872
JVM.totalTimeToSafepointsMs,1781864981190000000,1781865041191000000,12
JVM.totalBytesAllocated,1781864981190000000,1781865041191000000,221803872
JVM.maxThreadCount,1781864981190000000,1781865041191000000,129
OS.loadAverage,1781864981190000000,1781865041191000000,2.70556640625
MEM.fileMappingsRamBytes,1781864981190000000,1781865041191000000,701067264
JVM.totalTimeAtSafepointsMs,1781864981190000000,1781865041191000000,744
JVM.GC.collectionTimesMs,1781864981190000000,1781865041191000000,743
JVM.totalSafepointCount,1781864981190000000,1781865041191000000,4
JVM.maxHeapBytes,1781864981190000000,1781865041191000000,2147483648
MEM.ramBytes,1781864981190000000,1781865041191000000,2020319232
JVM.usedHeapBytes,1781864981190000000,1781865041191000000,397846192
JVM.totalCpuTimeMs,1781864981190000000,1781865041191000000,44340
JVM.newThreadsCount,1781864981190000000,1781865041191000000,29
JVM.threadCount,1781864981190000000,1781865041191000000,74
JVM.usedNativeBytes,1781864981190000000,1781865041191000000,440041408
JVM.GC.collections,1781864981190000000,1781865041191000000,4
JVM.totalDirectByteBuffersBytes,1781864981190000000,1781865041191000000,17952769
MEM.ramPlusSwapMinusFileMappingsBytes,1781864981190000000,1781865041191000000,1307881472
MEM.ramMinusFileMappingsBytes,1781864981190000000,1781865041191000000,1307881472
workspaceModel.to.snapshot.ms,1781864981190000000,1781865041191000000,0
workspaceModel.cachedValueWithParameters.total.get.count,1781864981190000000,1781865041191000000,3593
workspaceModel.init.bridges.ms,1781864981190000000,1781865041191000000,0
workspaceModel.workspaceFileIndexData.processFileSets.ms,1781864981190000000,1781865041191000000,0
workspaceModel.workspaceFileIndexData.getFileInfo.ms,1781864981190000000,1781865041191000000,43
workspaceModel.cachedValue.clear.count,1781864981190000000,1781865041191000000,0
workspaceModel.cachedValue.from.cache.count,1781864981190000000,1781865041191000000,9
workspaceModel.workspaceFileIndexData.visitFileSets.ms,1781864981190000000,1781865041191000000,0
workspaceModel.on.before.changed.ms,1781864981190000000,1781865041191000000,0
workspaceModel.update.unloaded.entities.ms,1781864981190000000,1781865041191000000,0
workspaceModel.workspaceFileIndexContributor.registerFileSets.ms,1781864981190000000,1781865041191000000,0
workspaceModel.on.changed.ms,1781864981190000000,1781865041191000000,0
workspaceModel.full.replace.project.model.ms,1781864981190000000,1781865041191000000,0
workspaceModel.initializing.ms,1781864981190000000,1781865041191000000,0
workspaceModel.workspaceFileIndexData.updateDirtyEntities.ms,1781864981190000000,1781865041191000000,0
workspaceModel.workspaceFileIndexData.instances.count,1781864981190000000,1781865041191000000,0
workspaceModel.updates.precise.ms,1781864981190000000,1781865041191000000,0
workspaceModel.pre.handlers.ms,1781864981190000000,1781865041191000000,0
workspaceModel.cachedValueWithParameters.calculated.count,1781864981190000000,1781865041191000000,0
workspaceModel.workspaceFileIndexData.getPackageName.ms,1781864981190000000,1781865041191000000,4
workspaceModel.loading.total.ms,1781864981190000000,1781865041191000000,0
workspaceModel.entityStorageSnapshotImpl.instances.count,1781864981190000000,1781865041191000000,0
workspaceModel.updates.count,1781864981190000000,1781865041191000000,0
workspaceModel.updates.ms,1781864981190000000,1781865041191000000,0
workspaceModel.loading.from.cache.ms,1781864981190000000,1781865041191000000,0
workspaceModel.replace.project.model.ms,1781864981190000000,1781865041191000000,0
workspaceModel.workspaceFileIndexData.markDirty.ms,1781864981190000000,1781865041191000000,0
workspaceModel.cachedValue.calculated.count,1781864981190000000,1781865041191000000,0
workspaceModel.cachedValueWithParameters.clear.count,1781864981190000000,1781865041191000000,0
workspaceModel.cachedValueWithParameters.from.cache.count,1781864981190000000,1781865041191000000,3593
workspaceModel.check.recursive.update.ms,1781864981190000000,1781865041191000000,0
workspaceModel.cachedValue.total.get.count,1781864981190000000,1781865041191000000,9
workspaceModel.workspaceFileIndexData.getDirectoriesByPackageName.ms,1781864981190000000,1781865041191000000,1
workspaceModel.workspaceFileIndexData.init.ms,1781864981190000000,1781865041191000000,0
workspaceModel.collect.changes.ms,1781864981190000000,1781865041191000000,0
workspaceModel.workspaceFileIndexData.onEntitiesChanged.ms,1781864981190000000,1781865041191000000,0
StreamlinedBlobStorage.totalLiveRecordsPayloadBytes,1781864981190000000,1781865041191000000,3
DirectByteBufferAllocator.disposed,1781864981190000000,1781865041191000000,15
FilePageCache.pageLoadsAboveSizeThreshold,1781864981190000000,1781865041191000000,0
MappedFileStorage.storages,1781864981190000000,1781865041191000000,12
FilePageCache.pageLoads,1781864981190000000,1781865041191000000,19
DirectByteBufferAllocator.totalSizeOfBuffersCachedInBytes,1781864981190000000,1781865041191000000,57688064
FileChannelInterruptsRetryer.totalRetriedAttempts,1781864981190000000,1781865041191000000,0
MappedFileStorage.totalBytesMapped,1781864981190000000,1781865041191000000,185860096
FilePageCache.totalPageLoadsUs,1781864981190000000,1781865041191000000,210175
DirectByteBufferAllocator.totalSizeOfBuffersAllocatedInBytes,1781864981190000000,1781865041191000000,16801792
FilePageCache.capacityInBytes,1781864981190000000,1781865041191000000,629145600
FilePageCache.maxCacheSizeInBytes,1781864981190000000,1781865041191000000,629153792
FilePageCache.uncachedFileAccess,1781864981190000000,1781865041191000000,16
StreamlinedBlobStorage.recordsRelocated,1781864981190000000,1781865041191000000,0
MappedFileStorage.totalPagesMapped,1781864981190000000,1781865041191000000,12
DirectByteBufferAllocator.hits,1781864981190000000,1781865041191000000,0
StreamlinedBlobStorage.recordsDeleted,1781864981190000000,1781865041191000000,0
DirectByteBufferAllocator.reclaimed,1781864981190000000,1781865041191000000,15
FilePageCache.maxRegisteredFiles,1781864981190000000,1781865041191000000,1652
StorageLockContext.competingThreads.max,1781864981190000000,1781865041191000000,0
StreamlinedBlobStorage.recordsAllocated,1781864981190000000,1781865041191000000,0
StreamlinedBlobStorage.totalLiveRecordsCapacityBytes,1781864981190000000,1781865041191000000,0
DirectByteBufferAllocator.misses,1781864981190000000,1781865041191000000,19
FilePageCache.disposedBuffers,1781864981190000000,1781865041191000000,15
MappedFileStorage.totalTimeSpentOnMappingUs,1781864981190000000,1781865041191000000,24245
FilePageCache.totalPageDisposalsUs,1781864981190000000,1781865041191000000,80
FilePageCache.pageHits,1781864981190000000,1781865041191000000,0
StorageLockContext.competingThreads.avg,1781864981190000000,1781865041191000000,0.0
FilePageCache.pageFastCacheHits,1781864981190000000,1781865041191000000,208
StorageLockContext.competingThreads.90P,1781864981190000000,1781865041191000000,0
VFS.contentStorage.recordsReadSize,1781864981190000000,1781865041191000000,1556
VFS.contentStorage.recordsStoredCompressed,1781864981190000000,1781865041191000000,0
VFS.invertedFileNameIndex.requests,1781864981190000000,1781865041191000000,0
VFS.cache.filesCreated,1781864981190000000,1781865041191000000,3426
VFS.contentStorage.recordsDecompressionTimeUs,1781864981190000000,1781865041191000000,0
VFS.folderCaseSensitivityReads,1781864981190000000,1781865041191000000,0
FileNameCache.totalMisses,1781864981190000000,1781865041191000000,0
VFS.contentStorage.recordsDeduplicated,1781864981190000000,1781865041191000000,0
VFS.contentStorage.recordsUncompressedSize,1781864981190000000,1781865041191000000,0
VFS.fileChildByName,1781864981190000000,1781865041191000000,262
FileNameCache.queries,1781864981190000000,1781865041191000000,0
VFS.cache.segments,1781864981190000000,1781865041191000000,62.0
VFS.fileByIdCache.misses,1781864981190000000,1781865041191000000,139
VFS.contentStorage.recordsReadDecompressed,1781864981190000000,1781865041191000000,0
VFS.fileByIdCache.hits,1781864981190000000,1781865041191000000,1
VFS.cache.directoriesCreated,1781864981190000000,1781865041191000000,0
VFS.contentStorage.recordsStored,1781864981190000000,1781865041191000000,0
VFS.contentStorage.recordsRead,1781864981190000000,1781865041191000000,2
VFS.contentStorage.recordsStoredSize,1781864981190000000,1781865041191000000,0
VFS.rootsCount,1781864981190000000,1781865041191000000,12.0
VFS.cache.segmentsCreated,1781864981190000000,1781865041191000000,0
AWTEventQueue.dispatchTimeAvgNs,1781865041191000000,1781865070884000000,0.0
NonBlockingReadAction.finalizedExecutionsCount,1781865041191000000,1781865070884000000,30
ReadAction.executionsCount,1781865041191000000,1781865070884000000,1986
FlushQueue.executionTimeMaxNs,1781865041191000000,1781865070884000000,0
NonBlockingReadAction.failedExecutionTimeUs,1781865041191000000,1781865070884000000,0
AWTEventQueue.dispatchTimeMaxNs,1781865041191000000,1781865070884000000,0
AWTEventQueue.eventsDispatched,1781865041191000000,1781865070884000000,0
FlushQueue.queueSizeAvg,1781865041191000000,1781865070884000000,0.0
NonBlockingReadAction.finalizedExecutionTimeUs,1781865041191000000,1781865070884000000,2276
WriteAction.executionsCount,1781865041191000000,1781865070884000000,2
AWTEventQueue.dispatchTime90PNs,1781865041191000000,1781865070884000000,0
NonBlockingReadAction.failedExecutionsCount,1781865041191000000,1781865070884000000,0
AWTEventQueue.dispatchTimeTotalNS,1781865041191000000,1781865070884000000,588871019
FlushQueue.queueSize90P,1781865041191000000,1781865070884000000,0
FlushQueue.waitingTimeAvgNs,1781865041191000000,1781865070884000000,0.0
FlushQueue.tasksExecuted,1781865041191000000,1781865070884000000,0
FlushQueue.executionTime90PNs,1781865041191000000,1781865070884000000,0
FlushQueue.executionTimeAvgNs,1781865041191000000,1781865070884000000,0.0
FlushQueue.waitingTime90PNs,1781865041191000000,1781865070884000000,0
FlushQueue.waitingTimeMaxNs,1781865041191000000,1781865070884000000,0
FlushQueue.queueSizeMax,1781865041191000000,1781865070884000000,0
cacheStateStorage.get.duration,1781865041191000000,1781865070884000000,0
cacheStateStorage.set.duration,1781865041191000000,1781865070884000000,0
cacheStateStorage.set.counter,1781865041191000000,1781865070884000000,0
cacheStateStorage.get.counter,1781865041191000000,1781865070884000000,0
compiler.ArtifactVirtualFileListener.filePathChanged.ms,1781865041191000000,1781865070884000000,0
compiler.ArtifactManagerBridge.findArtifact.ms,1781865041191000000,1781865070884000000,0
compiler.ArtifactManagerBridge.dropMappings.ms,1781865041191000000,1781865070884000000,0
compiler.ArtifactManagerBridge.getArtifactsByType.ms,1781865041191000000,1781865070884000000,0
compiler.ArtifactManagerBridge.initBridges.ms,1781865041191000000,1781865070884000000,0
compiler.ArtifactManagerBridge.addArtifact.ms,1781865041191000000,1781865070884000000,0
compiler.ArtifactManagerBridge.getArtifacts.ms,1781865041191000000,1781865070884000000,0
compiler.ArtifactManagerBridge.commit.ms,1781865041191000000,1781865070884000000,0
compiler.ArtifactVirtualFileListener.propertyChanged.ms,1781865041191000000,1781865070884000000,0
Indexes.entries.lookups,1781865041191000000,1781865070884000000,21
Indexes.entries.lookupDurationMaxMs,1781865041191000000,1781865070884000000,0.0
Indexes.entries.lookupDuration90PMs,1781865041191000000,1781865070884000000,0.0
Indexes.allKeys.lookups,1781865041191000000,1781865070884000000,1
Indexing.cache.totalCacheAccesses,1781865041191000000,1781865070884000000,2037
Indexes.allKeys.lookupDuration90PMs,1781865041191000000,1781865070884000000,0.0
Indexes.allKeys.lookupDurationAvgMs,1781865041191000000,1781865070884000000,0.0
Indexing.writesQueuedMax,1781865041191000000,1781865070884000000,0
Indexing.totalTimeIndexersSleptMs,1781865041191000000,1781865070884000000,0
Indexes.stubs.lookupDurationMaxMs,1781865041191000000,1781865070884000000,0.0
Indexing.cache.totalCacheEvicted,1781865041191000000,1781865070884000000,1452
Indexing.writer_0.totalTimeSpentWritingMs,1781865041191000000,1781865070884000000,0
Indexes.allKeys.lookupDurationMaxMs,1781865041191000000,1781865070884000000,0.0
Indexes.stubs.lookups,1781865041191000000,1781865070884000000,996
Indexes.stubs.lookupDurationAvgMs,1781865041191000000,1781865070884000000,0.0
Indexing.cache.totalCacheMisses,1781865041191000000,1781865070884000000,422
Indexing.writer_2.totalTimeSpentWritingMs,1781865041191000000,1781865070884000000,0
Indexes.stubs.lookupDuration90PMs,1781865041191000000,1781865070884000000,0.0
Indexing.writer_1.totalTimeSpentWritingMs,1781865041191000000,1781865070884000000,0
Indexes.entries.lookupDurationAvgMs,1781865041191000000,1781865070884000000,0.0
Indexing.writesQueuedMin,1781865041191000000,1781865070884000000,9223372036854775807
Indexing.writer_3.totalTimeSpentWritingMs,1781865041191000000,1781865070884000000,0
jps.global.get.libraries.ms,1781865041191000000,1781865070884000000,0
jps.facet.change.listener.init.bridge.ms,1781865041191000000,1781865070884000000,0
workspaceModel.mutableEntityStorage.resolve.ms,1781865041191000000,1781865070884000000,0
workspaceModel.load.cache.metadata.from.file.ms,1781865041191000000,1781865070884000000,0
workspaceModel.mutableEntityStorage.hasReferrers.ms,1781865041191000000,1781865070884000000,0
workspaceModel.mutableEntityStorage.mutable.vfurl.index.ms,1781865041191000000,1781865070884000000,0
jps.save.changed.project.entities.ms,1781865041191000000,1781865070884000000,0
workspaceModel.delayed.project.synchronizer.sync.ms,1781865041191000000,1781865070884000000,0
workspaceModel.save.cache.to.file.ms,1781865041191000000,1781865070884000000,0
workspaceModel.moduleManagerBridge.get.modules.ms,1781865041191000000,1781865070884000000,0
workspaceModel.mutableEntityStorage.modify.entity.ms,1781865041191000000,1781865070884000000,0
workspaceModel.moduleBridge.facet.initialization.ms,1781865041191000000,1781865070884000000,0
workspaceModel.mutableEntityStorage.instances.count,1781865041191000000,1781865070884000000,0
workspaceModel.sync.entities.ms,1781865041191000000,1781865070884000000,0
workspaceModel.moduleManagerBridge.build.module.graph.ms,1781865041191000000,1781865070884000000,0
workspaceModel.mutableEntityStorage.replace.by.source.ms,1781865041191000000,1781865070884000000,0
jps.load.project.to.empty.storage.ms,1781865041191000000,1781865070884000000,0
workspaceModel.load.cache.from.file.ms,1781865041191000000,1781865070884000000,0
jps.project.serializers.save.ms,1781865041191000000,1781865070884000000,0
workspaceModel.moduleManagerBridge.create.module.instance.ms,1781865041191000000,1781865070884000000,0
workspaceModel.mutableEntityStorage.changeLog.addReplaceEventForNewParent.ms,1781865041191000000,1781865070884000000,0
jps.app.storage.content.writer.save.component.ms,1781865041191000000,1781865070884000000,0
jps.project.serializers.load.ms,1781865041191000000,1781865070884000000,0
workspaceModel.mutableEntityStorage.to.snapshot.ms,1781865041191000000,1781865070884000000,0
workspaceModel.moduleManagerBridge.newModule.ms,1781865041191000000,1781865070884000000,0
jps.global.get.library.by.name.ms,1781865041191000000,1781865070884000000,0
jps.storage.jps.conf.reader.load.component.ms,1781865041191000000,1781865070884000000,0
workspaceModel.global.apply.state.to.project.ms,1781865041191000000,1781865070884000000,0
workspaceModel.mutableEntityStorage.has.same.entities.ms,1781865041191000000,1781865070884000000,0
jps.save.global.entities.ms,1781865041191000000,1781865070884000000,0
workspaceModel.moduleBridgeLoader.loading.modules.ms,1781865041191000000,1781865070884000000,0
jps.load.initial.state.ms,1781865041191000000,1781865070884000000,0
workspaceModel.orphan.listener.update.ms,1781865041191000000,1781865070884000000,0
jps.global.handle.before.change.events.ms,1781865041191000000,1781865070884000000,0
jps.module.iml.entities.serializer.save.entities.ms,1781865041191000000,1781865070884000000,0
workspaceModel.global.updates.count,1781865041191000000,1781865070884000000,0
jps.global.get.library.ms,1781865041191000000,1781865070884000000,0
jps.facet.change.listener.before.change.events.ms,1781865041191000000,1781865070884000000,0
workspaceModel.global.apply.state.to.project.builder.ms,1781865041191000000,1781865070884000000,0
jps.facet.change.listener.process.change.events.ms,1781865041191000000,1781865070884000000,0
workspaceModel.moduleManagerBridge.set.unloadedModules.ms,1781865041191000000,1781865070884000000,0
jps.global.initialize.library.bridges.ms,1781865041191000000,1781865070884000000,0
workspaceModel.mutableEntityStorage.add.entity.ms,1781865041191000000,1781865070884000000,0
workspaceModel.mutableEntityStorage.remove.entity.ms,1781865041191000000,1781865070884000000,0
jps.apply.loaded.storage.ms,1781865041191000000,1781865070884000000,0
jps.library.entities.serializer.save.entities.ms,1781865041191000000,1781865070884000000,0
jps.library.entities.serializer.load.entities.ms,1781865041191000000,1781865070884000000,0
jps.reload.project.entities.ms,1781865041191000000,1781865070884000000,0
workspaceModel.mutableEntityStorage.apply.changes.from.ms,1781865041191000000,1781865070884000000,0
jps.global.handle.changed.events.ms,1781865041191000000,1781865070884000000,0
workspaceModel.moduleBridge.update.option.ms,1781865041191000000,1781865070884000000,0
workspaceModel.mutableEntityStorage.changeLog.addReplaceEventForRemovedParent.ms,1781865041191000000,1781865070884000000,0
workspaceModel.moduleManagerBridge.load.module.ms,1781865041191000000,1781865070884000000,0
workspaceModel.mutableEntityStorage.changeLog.addReplaceEventForNewChild.ms,1781865041191000000,1781865070884000000,0
workspaceModel.mutableEntityStorage.entities.ms,1781865041191000000,1781865070884000000,0
jps.module.iml.entities.serializer.load.entities.ms,1781865041191000000,1781865070884000000,0
workspaceModel.global.updates.ms,1781865041191000000,1781865070884000000,0
workspaceModel.moduleManagerBridge.new.nonPersistent.module.ms,1781865041191000000,1781865070884000000,0
workspaceModel.mutableEntityStorage.collect.changes.ms,1781865041191000000,1781865070884000000,0
jps.artifact.entities.serializer.save.entities.ms,1781865041191000000,1781865070884000000,0
workspaceModel.mutableEntityStorage.entities.by.source.ms,1781865041191000000,1781865070884000000,0
jps.module.dependency.index.workspace.model.listener.on.changed.ms,1781865041191000000,1781865070884000000,0
jps.artifact.entities.serializer.load.entities.ms,1781865041191000000,1781865070884000000,0
workspaceModel.mutableEntityStorage.put.entity.ms,1781865041191000000,1781865070884000000,0
workspaceModel.do.save.caches.ms,1781865041191000000,1781865070884000000,0
workspaceModel.mutableEntityStorage.referrers.ms,1781865041191000000,1781865070884000000,0
jps.app.storage.content.reader.load.component.ms,1781865041191000000,1781865070884000000,0
workspaceModel.moduleManagerBridge.load.all.modules.ms,1781865041191000000,1781865070884000000,0
workspaceModel.moduleBridge.before.changed.ms,1781865041191000000,1781865070884000000,0
workspaceModel.mutableEntityStorage.mutable.ext.mapping.ms,1781865041191000000,1781865070884000000,0
workspaceModel.mutableEntityStorage.changeLog.addReplaceEventForRemovedChild.ms,1781865041191000000,1781865070884000000,0
jps.global.initialize.library.bridges.after.loading.ms,1781865041191000000,1781865070884000000,0
lexer.JAVA.time.ns,1781865041191000000,1781865070884000000,277988
LowMemory.gcOverloaded,1781865041191000000,1781865070884000000,0
LowMemory.gcLoad,1781865041191000000,1781865070884000000,0.003916872158825476
DiskQueryRelay.tasksRequested,1781865041191000000,1781865070884000000,10
parser.JAVA.size.bytes,1781865041191000000,1781865070884000000,508
parser.JAVA.time.ns,1781865041191000000,1781865070884000000,9034117
lexer.JAVA.size.bytes,1781865041191000000,1781865070884000000,508
writeAction.max.wait.ms,1781865041191000000,1781865070884000000,8
writeAction.wait.ms,1781865041191000000,1781865070884000000,0
writeAction.count,1781865041191000000,1781865070884000000,2
DiskQueryRelay.taskExecutionTotalTimeUs,1781865041191000000,1781865070884000000,5266
writeAction.median.wait.ms,1781865041191000000,1781865070884000000,0
DiskQueryRelay.tasksExecuted,1781865041191000000,1781865070884000000,10
DiskQueryRelay.taskWaitingTotalTimeUs,1781865041191000000,1781865070884000000,5336
JVM.committedHeapBytes,1781865041191000000,1781865070884000000,625999872
JVM.totalTimeToSafepointsMs,1781865041191000000,1781865070884000000,0
JVM.totalBytesAllocated,1781865041191000000,1781865070884000000,58412856
JVM.maxThreadCount,1781865041191000000,1781865070884000000,129
OS.loadAverage,1781865041191000000,1781865070884000000,2.00537109375
MEM.fileMappingsRamBytes,1781865041191000000,1781865070884000000,700198912
JVM.totalTimeAtSafepointsMs,1781865041191000000,1781865070884000000,0
JVM.GC.collectionTimesMs,1781865041191000000,1781865070884000000,0
JVM.totalSafepointCount,1781865041191000000,1781865070884000000,0
JVM.maxHeapBytes,1781865041191000000,1781865070884000000,2147483648
MEM.ramBytes,1781865041191000000,1781865070884000000,2021285888
JVM.usedHeapBytes,1781865041191000000,1781865070884000000,459712176
JVM.totalCpuTimeMs,1781865041191000000,1781865070884000000,4690
JVM.newThreadsCount,1781865041191000000,1781865070884000000,8
JVM.threadCount,1781865041191000000,1781865070884000000,76
JVM.usedNativeBytes,1781865041191000000,1781865070884000000,442938496
JVM.GC.collections,1781865041191000000,1781865070884000000,0
JVM.totalDirectByteBuffersBytes,1781865041191000000,1781865070884000000,17952769
MEM.ramPlusSwapMinusFileMappingsBytes,1781865041191000000,1781865070884000000,1309716480
MEM.ramMinusFileMappingsBytes,1781865041191000000,1781865070884000000,1309716480
workspaceModel.to.snapshot.ms,1781865041191000000,1781865070884000000,0
workspaceModel.cachedValueWithParameters.total.get.count,1781865041191000000,1781865070884000000,3087
workspaceModel.init.bridges.ms,1781865041191000000,1781865070884000000,0
workspaceModel.workspaceFileIndexData.processFileSets.ms,1781865041191000000,1781865070884000000,0
workspaceModel.workspaceFileIndexData.getFileInfo.ms,1781865041191000000,1781865070884000000,9
workspaceModel.cachedValue.clear.count,1781865041191000000,1781865070884000000,0
workspaceModel.cachedValue.from.cache.count,1781865041191000000,1781865070884000000,12
workspaceModel.workspaceFileIndexData.visitFileSets.ms,1781865041191000000,1781865070884000000,0
workspaceModel.on.before.changed.ms,1781865041191000000,1781865070884000000,0
workspaceModel.update.unloaded.entities.ms,1781865041191000000,1781865070884000000,0
workspaceModel.workspaceFileIndexContributor.registerFileSets.ms,1781865041191000000,1781865070884000000,0
workspaceModel.on.changed.ms,1781865041191000000,1781865070884000000,0
workspaceModel.full.replace.project.model.ms,1781865041191000000,1781865070884000000,0
workspaceModel.initializing.ms,1781865041191000000,1781865070884000000,0
workspaceModel.workspaceFileIndexData.updateDirtyEntities.ms,1781865041191000000,1781865070884000000,0
workspaceModel.workspaceFileIndexData.instances.count,1781865041191000000,1781865070884000000,0
workspaceModel.updates.precise.ms,1781865041191000000,1781865070884000000,0
workspaceModel.pre.handlers.ms,1781865041191000000,1781865070884000000,0
workspaceModel.cachedValueWithParameters.calculated.count,1781865041191000000,1781865070884000000,0
workspaceModel.workspaceFileIndexData.getPackageName.ms,1781865041191000000,1781865070884000000,1
workspaceModel.loading.total.ms,1781865041191000000,1781865070884000000,0
workspaceModel.entityStorageSnapshotImpl.instances.count,1781865041191000000,1781865070884000000,0
workspaceModel.updates.count,1781865041191000000,1781865070884000000,0
workspaceModel.updates.ms,1781865041191000000,1781865070884000000,0
workspaceModel.loading.from.cache.ms,1781865041191000000,1781865070884000000,0
workspaceModel.replace.project.model.ms,1781865041191000000,1781865070884000000,0
workspaceModel.workspaceFileIndexData.markDirty.ms,1781865041191000000,1781865070884000000,0
workspaceModel.cachedValue.calculated.count,1781865041191000000,1781865070884000000,0
workspaceModel.cachedValueWithParameters.clear.count,1781865041191000000,1781865070884000000,0
workspaceModel.cachedValueWithParameters.from.cache.count,1781865041191000000,1781865070884000000,3087
workspaceModel.check.recursive.update.ms,1781865041191000000,1781865070884000000,0
workspaceModel.cachedValue.total.get.count,1781865041191000000,1781865070884000000,12
workspaceModel.workspaceFileIndexData.getDirectoriesByPackageName.ms,1781865041191000000,1781865070884000000,0
workspaceModel.workspaceFileIndexData.init.ms,1781865041191000000,1781865070884000000,0
workspaceModel.collect.changes.ms,1781865041191000000,1781865070884000000,0
workspaceModel.workspaceFileIndexData.onEntitiesChanged.ms,1781865041191000000,1781865070884000000,0
DirectByteBufferAllocator.disposed,1781865041191000000,1781865070884000000,0
FilePageCache.pageLoadsAboveSizeThreshold,1781865041191000000,1781865070884000000,0
MappedFileStorage.storages,1781865041191000000,1781865070884000000,0
FilePageCache.pageLoads,1781865041191000000,1781865070884000000,0
DirectByteBufferAllocator.totalSizeOfBuffersCachedInBytes,1781865041191000000,1781865070884000000,74489856
FileChannelInterruptsRetryer.totalRetriedAttempts,1781865041191000000,1781865070884000000,0
MappedFileStorage.totalBytesMapped,1781865041191000000,1781865070884000000,0
FilePageCache.totalPageLoadsUs,1781865041191000000,1781865070884000000,0
DirectByteBufferAllocator.totalSizeOfBuffersAllocatedInBytes,1781865041191000000,1781865070884000000,16801792
FilePageCache.capacityInBytes,1781865041191000000,1781865070884000000,629145600
FilePageCache.maxCacheSizeInBytes,1781865041191000000,1781865070884000000,629153792
FilePageCache.uncachedFileAccess,1781865041191000000,1781865070884000000,0
MappedFileStorage.totalPagesMapped,1781865041191000000,1781865070884000000,0
DirectByteBufferAllocator.hits,1781865041191000000,1781865070884000000,0
DirectByteBufferAllocator.reclaimed,1781865041191000000,1781865070884000000,19
FilePageCache.maxRegisteredFiles,1781865041191000000,1781865070884000000,1652
StorageLockContext.competingThreads.max,1781865041191000000,1781865070884000000,0
DirectByteBufferAllocator.misses,1781865041191000000,1781865070884000000,0
FilePageCache.disposedBuffers,1781865041191000000,1781865070884000000,19
MappedFileStorage.totalTimeSpentOnMappingUs,1781865041191000000,1781865070884000000,24245
FilePageCache.totalPageDisposalsUs,1781865041191000000,1781865070884000000,0
FilePageCache.pageHits,1781865041191000000,1781865070884000000,0
StorageLockContext.competingThreads.avg,1781865041191000000,1781865070884000000,0.0
FilePageCache.pageFastCacheHits,1781865041191000000,1781865070884000000,3
StorageLockContext.competingThreads.90P,1781865041191000000,1781865070884000000,0
VFS.invertedFileNameIndex.requests,1781865041191000000,1781865070884000000,0
VFS.folderCaseSensitivityReads,1781865041191000000,1781865070884000000,0
VFS.fileChildByName,1781865041191000000,1781865070884000000,275
VFS.fileByIdCache.misses,1781865041191000000,1781865070884000000,109
VFS.fileByIdCache.hits,1781865041191000000,1781865070884000000,0
VFS.rootsCount,1781865041191000000,1781865070884000000,0.0
