# OpenTelemetry Metrics report: .csv, 4 fields: 
# <metric name>, <period start, nanoseconds>, <period end, nanoseconds>, <metric value>
# See CsvMetricsExporter for details.
# 
# NAME, PERIOD_START_NANOS, PERIOD_END_NANOS, VALUE
compiler.ArtifactManagerBridge.commit.ms,1781869116940000000,1781869176985000000,0
compiler.ArtifactVirtualFileListener.filePathChanged.ms,1781869116940000000,1781869176985000000,0
compiler.ArtifactManagerBridge.dropMappings.ms,1781869116940000000,1781869176985000000,0
compiler.ArtifactManagerBridge.getArtifacts.ms,1781869116940000000,1781869176985000000,0
compiler.ArtifactManagerBridge.getArtifactsByType.ms,1781869116940000000,1781869176985000000,8
compiler.ArtifactManagerBridge.initBridges.ms,1781869116940000000,1781869176985000000,1
compiler.ArtifactManagerBridge.addArtifact.ms,1781869116940000000,1781869176985000000,0
compiler.ArtifactManagerBridge.findArtifact.ms,1781869116940000000,1781869176985000000,0
compiler.ArtifactVirtualFileListener.propertyChanged.ms,1781869116940000000,1781869176985000000,0
workspaceModel.workspaceFileIndexContributor.registerFileSets.ms,1781869116940000000,1781869176985000000,991
workspaceModel.workspaceFileIndexData.visitFileSets.ms,1781869116940000000,1781869176985000000,89
workspaceModel.cachedValue.from.cache.count,1781869116940000000,1781869176985000000,91
workspaceModel.workspaceFileIndexData.markDirty.ms,1781869116940000000,1781869176985000000,0
workspaceModel.workspaceFileIndexData.processFileSets.ms,1781869116940000000,1781869176985000000,0
workspaceModel.workspaceFileIndexData.getFileInfo.ms,1781869116940000000,1781869176985000000,1538
workspaceModel.init.bridges.ms,1781869116940000000,1781869176985000000,28
workspaceModel.cachedValueWithParameters.total.get.count,1781869116940000000,1781869176985000000,7090
workspaceModel.cachedValue.total.get.count,1781869116940000000,1781869176985000000,107
workspaceModel.pre.handlers.ms,1781869116940000000,1781869176985000000,1
workspaceModel.cachedValue.calculated.count,1781869116940000000,1781869176985000000,16
workspaceModel.replace.project.model.ms,1781869116940000000,1781869176985000000,0
workspaceModel.check.recursive.update.ms,1781869116940000000,1781869176985000000,1
workspaceModel.workspaceFileIndexData.getDirectoriesByPackageName.ms,1781869116940000000,1781869176985000000,127
workspaceModel.workspaceFileIndexData.getPackageName.ms,1781869116940000000,1781869176985000000,18
workspaceModel.cachedValueWithParameters.from.cache.count,1781869116940000000,1781869176985000000,7086
workspaceModel.cachedValueWithParameters.calculated.count,1781869116940000000,1781869176985000000,4
workspaceModel.workspaceFileIndexData.instances.count,1781869116940000000,1781869176985000000,1
workspaceModel.full.replace.project.model.ms,1781869116940000000,1781869176985000000,9
workspaceModel.cachedValue.clear.count,1781869116940000000,1781869176985000000,0
workspaceModel.updates.count,1781869116940000000,1781869176985000000,3
workspaceModel.workspaceFileIndexData.init.ms,1781869116940000000,1781869176985000000,516
workspaceModel.collect.changes.ms,1781869116940000000,1781869176985000000,0
workspaceModel.cachedValueWithParameters.clear.count,1781869116940000000,1781869176985000000,0
workspaceModel.workspaceFileIndexData.updateDirtyEntities.ms,1781869116940000000,1781869176985000000,0
workspaceModel.initializing.ms,1781869116940000000,1781869176985000000,28
workspaceModel.workspaceFileIndexData.onEntitiesChanged.ms,1781869116940000000,1781869176985000000,4
workspaceModel.to.snapshot.ms,1781869116940000000,1781869176985000000,1
workspaceModel.update.unloaded.entities.ms,1781869116940000000,1781869176985000000,0
workspaceModel.on.changed.ms,1781869116940000000,1781869176985000000,78
workspaceModel.entityStorageSnapshotImpl.instances.count,1781869116940000000,1781869176985000000,22
workspaceModel.loading.from.cache.ms,1781869116940000000,1781869176985000000,661
workspaceModel.on.before.changed.ms,1781869116940000000,1781869176985000000,153
workspaceModel.updates.ms,1781869116940000000,1781869176985000000,349
workspaceModel.updates.precise.ms,1781869116940000000,1781869176985000000,79
workspaceModel.loading.total.ms,1781869116940000000,1781869176985000000,692
lexer.JAVA.time.ns,1781869116940000000,1781869176985000000,19260362
LowMemory.gcLoad,1781869116940000000,1781869176985000000,0.0013693979199401087
DiskQueryRelay.taskExecutionTotalTimeUs,1781869116940000000,1781869176985000000,920298
parser.JAVA.time.ns,1781869116940000000,1781869176985000000,227451526
writeAction.median.wait.ms,1781869116940000000,1781869176985000000,0
lexer.JAVA.size.bytes,1781869116940000000,1781869176985000000,3328
writeAction.wait.ms,1781869116940000000,1781869176985000000,214
DiskQueryRelay.tasksExecuted,1781869116940000000,1781869176985000000,344
DiskQueryRelay.tasksRequested,1781869116940000000,1781869176985000000,795
writeAction.max.wait.ms,1781869116940000000,1781869176985000000,130
LowMemory.gcOverloaded,1781869116940000000,1781869176985000000,0
parser.JAVA.size.bytes,1781869116940000000,1781869176985000000,3328
writeAction.count,1781869116940000000,1781869176985000000,6
DiskQueryRelay.taskWaitingTotalTimeUs,1781869116940000000,1781869176985000000,4474843
FileNameCache.totalMisses,1781869116940000000,1781869176985000000,28032
VFS.contentStorage.recordsReadDecompressed,1781869116940000000,1781869176985000000,3
VFS.contentStorage.recordsUncompressedSize,1781869116940000000,1781869176985000000,0
FileNameCache.queries,1781869116940000000,1781869176985000000,425920
VFS.contentStorage.recordsStored,1781869116940000000,1781869176985000000,0
VFS.cache.segments,1781869116940000000,1781869176985000000,89.0
VFS.contentStorage.recordsDeduplicated,1781869116940000000,1781869176985000000,0
VFS.fileByIdCache.hits,1781869116940000000,1781869176985000000,0
VFS.contentStorage.recordsStoredSize,1781869116940000000,1781869176985000000,0
VFS.contentStorage.recordsStoredCompressed,1781869116940000000,1781869176985000000,0
VFS.invertedFileNameIndex.requests,1781869116940000000,1781869176985000000,6
VFS.cache.segmentsCreated,1781869116940000000,1781869176985000000,90
VFS.contentStorage.recordsDecompressionTimeUs,1781869116940000000,1781869176985000000,643
VFS.fileChildByName,1781869116940000000,1781869176985000000,3041
VFS.fileByIdCache.misses,1781869116940000000,1781869176985000000,222
VFS.folderCaseSensitivityReads,1781869116940000000,1781869176985000000,0
VFS.rootsCount,1781869116940000000,1781869176985000000,12.0
VFS.cache.filesCreated,1781869116940000000,1781869176985000000,7219
VFS.contentStorage.recordsReadSize,1781869116940000000,1781869176985000000,191602
VFS.cache.directoriesCreated,1781869116940000000,1781869176985000000,1415
VFS.contentStorage.recordsRead,1781869116940000000,1781869176985000000,8
cacheStateStorage.set.duration,1781869116940000000,1781869176985000000,44
cacheStateStorage.get.counter,1781869116940000000,1781869176985000000,31
cacheStateStorage.get.duration,1781869116940000000,1781869176985000000,202
cacheStateStorage.set.counter,1781869116940000000,1781869176985000000,3
FlushQueue.executionTimeAvgNs,1781869116940000000,1781869176985000000,5515781.465303927
NonBlockingReadAction.finalizedExecutionTimeUs,1781869116940000000,1781869176985000000,920526
FlushQueue.queueSizeAvg,1781869116940000000,1781869176985000000,76.67240451855837
FlushQueue.waitingTime90PNs,1781869116940000000,1781869176985000000,1736441855
FlushQueue.tasksExecuted,1781869116940000000,1781869176985000000,1859
WriteAction.executionsCount,1781869116940000000,1781869176985000000,6
AWTEventQueue.dispatchTimeAvgNs,1781869116940000000,1781869176985000000,1.369374160831335E7
FlushQueue.waitingTimeMaxNs,1781869116940000000,1781869176985000000,2902458367
AWTEventQueue.dispatchTime90PNs,1781869116940000000,1781869176985000000,20185087
NonBlockingReadAction.finalizedExecutionsCount,1781869116940000000,1781869176985000000,45
FlushQueue.executionTimeMaxNs,1781869116940000000,1781869176985000000,1107296255
AWTEventQueue.dispatchTimeTotalNS,1781869116940000000,1781869176985000000,17127009164
FlushQueue.executionTime90PNs,1781869116940000000,1781869176985000000,1957887
FlushQueue.queueSizeMax,1781869116940000000,1781869176985000000,309
NonBlockingReadAction.failedExecutionsCount,1781869116940000000,1781869176985000000,0
AWTEventQueue.eventsDispatched,1781869116940000000,1781869176985000000,1251
AWTEventQueue.dispatchTimeMaxNs,1781869116940000000,1781869176985000000,1115684863
NonBlockingReadAction.failedExecutionTimeUs,1781869116940000000,1781869176985000000,0
FlushQueue.waitingTimeAvgNs,1781869116940000000,1781869176985000000,6.398987124690694E8
ReadAction.executionsCount,1781869116940000000,1781869176985000000,33283
FlushQueue.queueSize90P,1781869116940000000,1781869176985000000,196
StreamlinedBlobStorage.recordsDeleted,1781869116940000000,1781869176985000000,5
MappedFileStorage.totalTimeSpentOnMappingUs,1781869116940000000,1781869176985000000,26310
FilePageCache.pageLoads,1781869116940000000,1781869176985000000,637
MappedFileStorage.storages,1781869116940000000,1781869176985000000,12
DirectByteBufferAllocator.hits,1781869116940000000,1781869176985000000,9
FilePageCache.disposedBuffers,1781869116940000000,1781869176985000000,612
StreamlinedBlobStorage.recordsAllocated,1781869116940000000,1781869176985000000,60777
FilePageCache.maxCacheSizeInBytes,1781869116940000000,1781869176985000000,629153792
StreamlinedBlobStorage.totalLiveRecordsCapacityBytes,1781869116940000000,1781869176985000000,5406595
FilePageCache.pageHits,1781869116940000000,1781869176985000000,0
FileChannelInterruptsRetryer.totalRetriedAttempts,1781869116940000000,1781869176985000000,0
MappedFileStorage.totalBytesMapped,1781869116940000000,1781869176985000000,185860096
FilePageCache.capacityInBytes,1781869116940000000,1781869176985000000,629145600
FilePageCache.maxRegisteredFiles,1781869116940000000,1781869176985000000,1652
DirectByteBufferAllocator.reclaimed,1781869116940000000,1781869176985000000,51
StorageLockContext.competingThreads.90P,1781869116940000000,1781869176985000000,0
MappedFileStorage.totalPagesMapped,1781869116940000000,1781869176985000000,12
DirectByteBufferAllocator.totalSizeOfBuffersAllocatedInBytes,1781869116940000000,1781869176985000000,34603008
FilePageCache.totalPageDisposalsUs,1781869116940000000,1781869176985000000,15010
DirectByteBufferAllocator.totalSizeOfBuffersCachedInBytes,1781869116940000000,1781869176985000000,41959424
FilePageCache.pageFastCacheHits,1781869116940000000,1781869176985000000,14914
StorageLockContext.competingThreads.avg,1781869116940000000,1781869176985000000,0.1810344827586207
FilePageCache.totalPageLoadsUs,1781869116940000000,1781869176985000000,1524035
StorageLockContext.competingThreads.max,1781869116940000000,1781869176985000000,11
DirectByteBufferAllocator.disposed,1781869116940000000,1781869176985000000,603
FilePageCache.pageLoadsAboveSizeThreshold,1781869116940000000,1781869176985000000,8
StreamlinedBlobStorage.totalLiveRecordsPayloadBytes,1781869116940000000,1781869176985000000,2934879
FilePageCache.uncachedFileAccess,1781869116940000000,1781869176985000000,509
StreamlinedBlobStorage.recordsRelocated,1781869116940000000,1781869176985000000,0
DirectByteBufferAllocator.misses,1781869116940000000,1781869176985000000,636
Indexes.entries.lookupDurationMaxMs,1781869116940000000,1781869176985000000,72.0
Indexing.writer_3.totalTimeSpentWritingMs,1781869116940000000,1781869176985000000,0
Indexes.stubs.lookupDuration90PMs,1781869116940000000,1781869176985000000,3.0
Indexing.writesQueuedAvg,1781869116940000000,1781869176985000000,0.0
Indexes.entries.lookupDurationAvgMs,1781869116940000000,1781869176985000000,5.431818181818182
Indexing.writer_1.totalTimeSpentWritingMs,1781869116940000000,1781869176985000000,0
Indexing.writer_2.totalTimeSpentWritingMs,1781869116940000000,1781869176985000000,0
Indexes.entries.lookupDuration90PMs,1781869116940000000,1781869176985000000,12.0
Indexing.totalTimeIndexersSleptMs,1781869116940000000,1781869176985000000,0
Indexes.stubs.lookupDurationMaxMs,1781869116940000000,1781869176985000000,279.0
Indexes.allKeys.lookups,1781869116940000000,1781869176985000000,1
Indexing.writesQueuedMin,1781869116940000000,1781869176985000000,0
Indexes.stubs.lookups,1781869116940000000,1781869176985000000,1298
Indexes.allKeys.lookupDurationMaxMs,1781869116940000000,1781869176985000000,1.0
Indexing.cache.totalCacheMisses,1781869116940000000,1781869176985000000,1919
Indexes.entries.lookups,1781869116940000000,1781869176985000000,44
Indexing.cache.totalCacheAccesses,1781869116940000000,1781869176985000000,4473
Indexing.cache.totalCacheEvicted,1781869116940000000,1781869176985000000,1333
Indexing.writer_0.totalTimeSpentWritingMs,1781869116940000000,1781869176985000000,0
Indexes.allKeys.lookupDurationAvgMs,1781869116940000000,1781869176985000000,1.0
Indexes.allKeys.lookupDuration90PMs,1781869116940000000,1781869176985000000,1.0
Indexes.stubs.lookupDurationAvgMs,1781869116940000000,1781869176985000000,1.1261467889908257
Indexing.writesQueuedMax,1781869116940000000,1781869176985000000,0
JVM.totalSafepointCount,1781869116940000000,1781869176985000000,93
JVM.maxThreadCount,1781869116940000000,1781869176985000000,134
JVM.threadCount,1781869116940000000,1781869176985000000,133
MEM.ramMinusFileMappingsBytes,1781869116940000000,1781869176985000000,1474764800
MEM.ramBytes,1781869116940000000,1781869176985000000,2188484608
JVM.totalTimeAtSafepointsMs,1781869116940000000,1781869176985000000,934
JVM.GC.collectionTimesMs,1781869116940000000,1781869176985000000,902
JVM.maxHeapBytes,1781869116940000000,1781869176985000000,2147483648
JVM.totalDirectByteBuffersBytes,1781869116940000000,1781869176985000000,35776513
MEM.fileMappingsRamBytes,1781869116940000000,1781869176985000000,702332928
JVM.totalCpuTimeMs,1781869116940000000,1781869176985000000,153190
JVM.GC.collections,1781869116940000000,1781869176985000000,48
JVM.usedHeapBytes,1781869116940000000,1781869176985000000,705724080
JVM.totalTimeToSafepointsMs,1781869116940000000,1781869176985000000,55
MEM.ramPlusSwapMinusFileMappingsBytes,1781869116940000000,1781869176985000000,1474764800
JVM.newThreadsCount,1781869116940000000,1781869176985000000,139
OS.loadAverage,1781869116940000000,1781869176985000000,2.42236328125
JVM.committedHeapBytes,1781869116940000000,1781869176985000000,757071872
JVM.totalBytesAllocated,1781869116940000000,1781869176985000000,3174805264
JVM.usedNativeBytes,1781869116940000000,1781869176985000000,409248816
jps.global.initialize.library.bridges.ms,1781869116940000000,1781869176985000000,5
workspaceModel.mutableEntityStorage.changeLog.addReplaceEventForRemovedParent.ms,1781869116940000000,1781869176985000000,0
jps.save.changed.project.entities.ms,1781869116940000000,1781869176985000000,0
jps.global.handle.before.change.events.ms,1781869116940000000,1781869176985000000,0
jps.artifact.entities.serializer.load.entities.ms,1781869116940000000,1781869176985000000,0
workspaceModel.load.cache.from.file.ms,1781869116940000000,1781869176985000000,658
workspaceModel.global.updates.ms,1781869116940000000,1781869176985000000,26
workspaceModel.mutableEntityStorage.resolve.ms,1781869116940000000,1781869176985000000,0
jps.project.serializers.save.ms,1781869116940000000,1781869176985000000,0
jps.library.entities.serializer.save.entities.ms,1781869116940000000,1781869176985000000,0
workspaceModel.mutableEntityStorage.has.same.entities.ms,1781869116940000000,1781869176985000000,0
workspaceModel.global.apply.state.to.project.ms,1781869116940000000,1781869176985000000,366
jps.reload.project.entities.ms,1781869116940000000,1781869176985000000,0
workspaceModel.mutableEntityStorage.modify.entity.ms,1781869116940000000,1781869176985000000,6
workspaceModel.mutableEntityStorage.entities.ms,1781869116940000000,1781869176985000000,1
workspaceModel.mutableEntityStorage.put.entity.ms,1781869116940000000,1781869176985000000,34
jps.module.iml.entities.serializer.save.entities.ms,1781869116940000000,1781869176985000000,0
workspaceModel.moduleManagerBridge.create.module.instance.ms,1781869116940000000,1781869176985000000,0
jps.global.get.library.by.name.ms,1781869116940000000,1781869176985000000,0
workspaceModel.mutableEntityStorage.changeLog.addReplaceEventForRemovedChild.ms,1781869116940000000,1781869176985000000,0
jps.global.handle.changed.events.ms,1781869116940000000,1781869176985000000,0
workspaceModel.mutableEntityStorage.replace.by.source.ms,1781869116940000000,1781869176985000000,73
workspaceModel.mutableEntityStorage.changeLog.addReplaceEventForNewChild.ms,1781869116940000000,1781869176985000000,2
workspaceModel.sync.entities.ms,1781869116940000000,1781869176985000000,0
workspaceModel.mutableEntityStorage.mutable.ext.mapping.ms,1781869116940000000,1781869176985000000,5
jps.load.initial.state.ms,1781869116940000000,1781869176985000000,69
jps.app.storage.content.reader.load.component.ms,1781869116940000000,1781869176985000000,9
jps.global.get.library.ms,1781869116940000000,1781869176985000000,0
workspaceModel.global.updates.count,1781869116940000000,1781869176985000000,1
jps.facet.change.listener.init.bridge.ms,1781869116940000000,1781869176985000000,15
jps.apply.loaded.storage.ms,1781869116940000000,1781869176985000000,134
workspaceModel.mutableEntityStorage.changeLog.addReplaceEventForNewParent.ms,1781869116940000000,1781869176985000000,2
jps.module.dependency.index.workspace.model.listener.on.changed.ms,1781869116940000000,1781869176985000000,1
workspaceModel.mutableEntityStorage.referrers.ms,1781869116940000000,1781869176985000000,0
jps.project.serializers.load.ms,1781869116940000000,1781869176985000000,168
workspaceModel.mutableEntityStorage.collect.changes.ms,1781869116940000000,1781869176985000000,2
workspaceModel.mutableEntityStorage.instances.count,1781869116940000000,1781869176985000000,33
jps.facet.change.listener.process.change.events.ms,1781869116940000000,1781869176985000000,12
workspaceModel.mutableEntityStorage.entities.by.source.ms,1781869116940000000,1781869176985000000,3
workspaceModel.moduleManagerBridge.load.all.modules.ms,1781869116940000000,1781869176985000000,139
workspaceModel.moduleManagerBridge.set.unloadedModules.ms,1781869116940000000,1781869176985000000,0
workspaceModel.mutableEntityStorage.to.snapshot.ms,1781869116940000000,1781869176985000000,7
jps.load.project.to.empty.storage.ms,1781869116940000000,1781869176985000000,377
workspaceModel.mutableEntityStorage.hasReferrers.ms,1781869116940000000,1781869176985000000,0
jps.module.iml.entities.serializer.load.entities.ms,1781869116940000000,1781869176985000000,85
workspaceModel.mutableEntityStorage.mutable.vfurl.index.ms,1781869116940000000,1781869176985000000,0
workspaceModel.mutableEntityStorage.add.entity.ms,1781869116940000000,1781869176985000000,106
workspaceModel.global.apply.state.to.project.builder.ms,1781869116940000000,1781869176985000000,16
jps.artifact.entities.serializer.save.entities.ms,1781869116940000000,1781869176985000000,0
jps.library.entities.serializer.load.entities.ms,1781869116940000000,1781869176985000000,0
workspaceModel.moduleBridge.facet.initialization.ms,1781869116940000000,1781869176985000000,55
jps.global.initialize.library.bridges.after.loading.ms,1781869116940000000,1781869176985000000,4
workspaceModel.mutableEntityStorage.apply.changes.from.ms,1781869116940000000,1781869176985000000,62
workspaceModel.moduleBridgeLoader.loading.modules.ms,1781869116940000000,1781869176985000000,738
workspaceModel.moduleManagerBridge.new.nonPersistent.module.ms,1781869116940000000,1781869176985000000,0
workspaceModel.orphan.listener.update.ms,1781869116940000000,1781869176985000000,11
jps.global.get.libraries.ms,1781869116940000000,1781869176985000000,3
workspaceModel.moduleManagerBridge.load.module.ms,1781869116940000000,1781869176985000000,0
workspaceModel.save.cache.to.file.ms,1781869116940000000,1781869176985000000,113
jps.save.global.entities.ms,1781869116940000000,1781869176985000000,0
workspaceModel.moduleManagerBridge.get.modules.ms,1781869116940000000,1781869176985000000,1
workspaceModel.delayed.project.synchronizer.sync.ms,1781869116940000000,1781869176985000000,522
workspaceModel.moduleBridge.update.option.ms,1781869116940000000,1781869176985000000,0
workspaceModel.moduleBridge.before.changed.ms,1781869116940000000,1781869176985000000,0
workspaceModel.mutableEntityStorage.remove.entity.ms,1781869116940000000,1781869176985000000,0
workspaceModel.moduleManagerBridge.build.module.graph.ms,1781869116940000000,1781869176985000000,4
jps.storage.jps.conf.reader.load.component.ms,1781869116940000000,1781869176985000000,18
workspaceModel.moduleManagerBridge.newModule.ms,1781869116940000000,1781869176985000000,0
workspaceModel.load.cache.metadata.from.file.ms,1781869116940000000,1781869176985000000,47
jps.facet.change.listener.before.change.events.ms,1781869116940000000,1781869176985000000,0
workspaceModel.do.save.caches.ms,1781869116940000000,1781869176985000000,145
compiler.ArtifactManagerBridge.commit.ms,1781869176985000000,1781869236984000000,0
compiler.ArtifactVirtualFileListener.filePathChanged.ms,1781869176985000000,1781869236984000000,0
compiler.ArtifactManagerBridge.dropMappings.ms,1781869176985000000,1781869236984000000,0
compiler.ArtifactManagerBridge.getArtifacts.ms,1781869176985000000,1781869236984000000,0
compiler.ArtifactManagerBridge.getArtifactsByType.ms,1781869176985000000,1781869236984000000,0
compiler.ArtifactManagerBridge.initBridges.ms,1781869176985000000,1781869236984000000,0
compiler.ArtifactManagerBridge.addArtifact.ms,1781869176985000000,1781869236984000000,0
compiler.ArtifactManagerBridge.findArtifact.ms,1781869176985000000,1781869236984000000,0
compiler.ArtifactVirtualFileListener.propertyChanged.ms,1781869176985000000,1781869236984000000,0
workspaceModel.workspaceFileIndexContributor.registerFileSets.ms,1781869176985000000,1781869236984000000,0
workspaceModel.workspaceFileIndexData.visitFileSets.ms,1781869176985000000,1781869236984000000,0
workspaceModel.cachedValue.from.cache.count,1781869176985000000,1781869236984000000,1
workspaceModel.workspaceFileIndexData.markDirty.ms,1781869176985000000,1781869236984000000,0
workspaceModel.workspaceFileIndexData.processFileSets.ms,1781869176985000000,1781869236984000000,0
workspaceModel.workspaceFileIndexData.getFileInfo.ms,1781869176985000000,1781869236984000000,0
workspaceModel.init.bridges.ms,1781869176985000000,1781869236984000000,0
workspaceModel.cachedValueWithParameters.total.get.count,1781869176985000000,1781869236984000000,0
workspaceModel.cachedValue.total.get.count,1781869176985000000,1781869236984000000,1
workspaceModel.pre.handlers.ms,1781869176985000000,1781869236984000000,0
workspaceModel.cachedValue.calculated.count,1781869176985000000,1781869236984000000,0
workspaceModel.replace.project.model.ms,1781869176985000000,1781869236984000000,0
workspaceModel.check.recursive.update.ms,1781869176985000000,1781869236984000000,0
workspaceModel.workspaceFileIndexData.getDirectoriesByPackageName.ms,1781869176985000000,1781869236984000000,0
workspaceModel.workspaceFileIndexData.getPackageName.ms,1781869176985000000,1781869236984000000,0
workspaceModel.cachedValueWithParameters.from.cache.count,1781869176985000000,1781869236984000000,0
workspaceModel.cachedValueWithParameters.calculated.count,1781869176985000000,1781869236984000000,0
workspaceModel.workspaceFileIndexData.instances.count,1781869176985000000,1781869236984000000,0
workspaceModel.full.replace.project.model.ms,1781869176985000000,1781869236984000000,0
workspaceModel.cachedValue.clear.count,1781869176985000000,1781869236984000000,0
workspaceModel.updates.count,1781869176985000000,1781869236984000000,0
workspaceModel.workspaceFileIndexData.init.ms,1781869176985000000,1781869236984000000,0
workspaceModel.collect.changes.ms,1781869176985000000,1781869236984000000,0
workspaceModel.cachedValueWithParameters.clear.count,1781869176985000000,1781869236984000000,0
workspaceModel.workspaceFileIndexData.updateDirtyEntities.ms,1781869176985000000,1781869236984000000,0
workspaceModel.initializing.ms,1781869176985000000,1781869236984000000,0
workspaceModel.workspaceFileIndexData.onEntitiesChanged.ms,1781869176985000000,1781869236984000000,0
workspaceModel.to.snapshot.ms,1781869176985000000,1781869236984000000,0
workspaceModel.update.unloaded.entities.ms,1781869176985000000,1781869236984000000,0
workspaceModel.on.changed.ms,1781869176985000000,1781869236984000000,0
workspaceModel.entityStorageSnapshotImpl.instances.count,1781869176985000000,1781869236984000000,0
workspaceModel.loading.from.cache.ms,1781869176985000000,1781869236984000000,0
workspaceModel.on.before.changed.ms,1781869176985000000,1781869236984000000,0
workspaceModel.updates.ms,1781869176985000000,1781869236984000000,0
workspaceModel.updates.precise.ms,1781869176985000000,1781869236984000000,0
workspaceModel.loading.total.ms,1781869176985000000,1781869236984000000,0
LowMemory.gcLoad,1781869176985000000,1781869236984000000,7.030332763756838E-4
DiskQueryRelay.taskExecutionTotalTimeUs,1781869176985000000,1781869236984000000,0
writeAction.median.wait.ms,1781869176985000000,1781869236984000000,0
writeAction.wait.ms,1781869176985000000,1781869236984000000,0
DiskQueryRelay.tasksExecuted,1781869176985000000,1781869236984000000,0
DiskQueryRelay.tasksRequested,1781869176985000000,1781869236984000000,0
writeAction.max.wait.ms,1781869176985000000,1781869236984000000,130
LowMemory.gcOverloaded,1781869176985000000,1781869236984000000,0
writeAction.count,1781869176985000000,1781869236984000000,0
DiskQueryRelay.taskWaitingTotalTimeUs,1781869176985000000,1781869236984000000,0
FileNameCache.totalMisses,1781869176985000000,1781869236984000000,0
VFS.contentStorage.recordsReadDecompressed,1781869176985000000,1781869236984000000,0
VFS.contentStorage.recordsUncompressedSize,1781869176985000000,1781869236984000000,0
FileNameCache.queries,1781869176985000000,1781869236984000000,0
VFS.contentStorage.recordsStored,1781869176985000000,1781869236984000000,0
VFS.cache.segments,1781869176985000000,1781869236984000000,89.0
VFS.contentStorage.recordsDeduplicated,1781869176985000000,1781869236984000000,0
VFS.fileByIdCache.hits,1781869176985000000,1781869236984000000,0
VFS.contentStorage.recordsStoredSize,1781869176985000000,1781869236984000000,0
VFS.contentStorage.recordsStoredCompressed,1781869176985000000,1781869236984000000,0
VFS.invertedFileNameIndex.requests,1781869176985000000,1781869236984000000,0
VFS.cache.segmentsCreated,1781869176985000000,1781869236984000000,0
VFS.contentStorage.recordsDecompressionTimeUs,1781869176985000000,1781869236984000000,0
VFS.fileChildByName,1781869176985000000,1781869236984000000,0
VFS.fileByIdCache.misses,1781869176985000000,1781869236984000000,0
VFS.folderCaseSensitivityReads,1781869176985000000,1781869236984000000,0
VFS.rootsCount,1781869176985000000,1781869236984000000,12.0
VFS.cache.filesCreated,1781869176985000000,1781869236984000000,0
VFS.contentStorage.recordsReadSize,1781869176985000000,1781869236984000000,0
VFS.cache.directoriesCreated,1781869176985000000,1781869236984000000,0
VFS.contentStorage.recordsRead,1781869176985000000,1781869236984000000,0
cacheStateStorage.set.duration,1781869176985000000,1781869236984000000,0
cacheStateStorage.get.counter,1781869176985000000,1781869236984000000,0
cacheStateStorage.get.duration,1781869176985000000,1781869236984000000,0
cacheStateStorage.set.counter,1781869176985000000,1781869236984000000,0
FlushQueue.executionTimeAvgNs,1781869176985000000,1781869236984000000,613916.4444444445
NonBlockingReadAction.finalizedExecutionTimeUs,1781869176985000000,1781869236984000000,0
FlushQueue.queueSizeAvg,1781869176985000000,1781869236984000000,0.0
FlushQueue.waitingTime90PNs,1781869176985000000,1781869236984000000,679935
FlushQueue.tasksExecuted,1781869176985000000,1781869236984000000,9
WriteAction.executionsCount,1781869176985000000,1781869236984000000,0
AWTEventQueue.dispatchTimeAvgNs,1781869176985000000,1781869236984000000,404911.3469387755
FlushQueue.waitingTimeMaxNs,1781869176985000000,1781869236984000000,679935
AWTEventQueue.dispatchTime90PNs,1781869176985000000,1781869236984000000,684031
NonBlockingReadAction.finalizedExecutionsCount,1781869176985000000,1781869236984000000,0
FlushQueue.executionTimeMaxNs,1781869176985000000,1781869236984000000,1400831
AWTEventQueue.dispatchTimeTotalNS,1781869176985000000,1781869236984000000,79370831
FlushQueue.executionTime90PNs,1781869176985000000,1781869236984000000,1400831
FlushQueue.queueSizeMax,1781869176985000000,1781869236984000000,0
NonBlockingReadAction.failedExecutionsCount,1781869176985000000,1781869236984000000,0
AWTEventQueue.eventsDispatched,1781869176985000000,1781869236984000000,196
AWTEventQueue.dispatchTimeMaxNs,1781869176985000000,1781869236984000000,2703359
NonBlockingReadAction.failedExecutionTimeUs,1781869176985000000,1781869236984000000,0
FlushQueue.waitingTimeAvgNs,1781869176985000000,1781869236984000000,385735.1111111111
ReadAction.executionsCount,1781869176985000000,1781869236984000000,4
FlushQueue.queueSize90P,1781869176985000000,1781869236984000000,0
StreamlinedBlobStorage.recordsDeleted,1781869176985000000,1781869236984000000,0
MappedFileStorage.totalTimeSpentOnMappingUs,1781869176985000000,1781869236984000000,26310
FilePageCache.pageLoads,1781869176985000000,1781869236984000000,0
MappedFileStorage.storages,1781869176985000000,1781869236984000000,12
DirectByteBufferAllocator.hits,1781869176985000000,1781869236984000000,0
FilePageCache.disposedBuffers,1781869176985000000,1781869236984000000,0
StreamlinedBlobStorage.recordsAllocated,1781869176985000000,1781869236984000000,0
FilePageCache.maxCacheSizeInBytes,1781869176985000000,1781869236984000000,629153792
StreamlinedBlobStorage.totalLiveRecordsCapacityBytes,1781869176985000000,1781869236984000000,0
FilePageCache.pageHits,1781869176985000000,1781869236984000000,0
FileChannelInterruptsRetryer.totalRetriedAttempts,1781869176985000000,1781869236984000000,0
MappedFileStorage.totalBytesMapped,1781869176985000000,1781869236984000000,185860096
FilePageCache.capacityInBytes,1781869176985000000,1781869236984000000,629145600
FilePageCache.maxRegisteredFiles,1781869176985000000,1781869236984000000,1652
DirectByteBufferAllocator.reclaimed,1781869176985000000,1781869236984000000,0
StorageLockContext.competingThreads.90P,1781869176985000000,1781869236984000000,0
MappedFileStorage.totalPagesMapped,1781869176985000000,1781869236984000000,12
DirectByteBufferAllocator.totalSizeOfBuffersAllocatedInBytes,1781869176985000000,1781869236984000000,34603008
FilePageCache.totalPageDisposalsUs,1781869176985000000,1781869236984000000,0
DirectByteBufferAllocator.totalSizeOfBuffersCachedInBytes,1781869176985000000,1781869236984000000,41959424
FilePageCache.pageFastCacheHits,1781869176985000000,1781869236984000000,0
StorageLockContext.competingThreads.avg,1781869176985000000,1781869236984000000,0.0
FilePageCache.totalPageLoadsUs,1781869176985000000,1781869236984000000,0
StorageLockContext.competingThreads.max,1781869176985000000,1781869236984000000,0
DirectByteBufferAllocator.disposed,1781869176985000000,1781869236984000000,0
FilePageCache.pageLoadsAboveSizeThreshold,1781869176985000000,1781869236984000000,0
StreamlinedBlobStorage.totalLiveRecordsPayloadBytes,1781869176985000000,1781869236984000000,0
FilePageCache.uncachedFileAccess,1781869176985000000,1781869236984000000,0
StreamlinedBlobStorage.recordsRelocated,1781869176985000000,1781869236984000000,0
DirectByteBufferAllocator.misses,1781869176985000000,1781869236984000000,0
Indexes.entries.lookupDurationMaxMs,1781869176985000000,1781869236984000000,0.0
Indexing.writer_3.totalTimeSpentWritingMs,1781869176985000000,1781869236984000000,0
Indexes.stubs.lookupDuration90PMs,1781869176985000000,1781869236984000000,0.0
Indexing.writesQueuedAvg,1781869176985000000,1781869236984000000,0.0
Indexes.entries.lookupDurationAvgMs,1781869176985000000,1781869236984000000,0.0
Indexing.writer_1.totalTimeSpentWritingMs,1781869176985000000,1781869236984000000,0
Indexing.writer_2.totalTimeSpentWritingMs,1781869176985000000,1781869236984000000,0
Indexes.entries.lookupDuration90PMs,1781869176985000000,1781869236984000000,0.0
Indexing.totalTimeIndexersSleptMs,1781869176985000000,1781869236984000000,0
Indexes.stubs.lookupDurationMaxMs,1781869176985000000,1781869236984000000,0.0
Indexes.allKeys.lookups,1781869176985000000,1781869236984000000,0
Indexing.writesQueuedMin,1781869176985000000,1781869236984000000,0
Indexes.stubs.lookups,1781869176985000000,1781869236984000000,0
Indexes.allKeys.lookupDurationMaxMs,1781869176985000000,1781869236984000000,0.0
Indexing.cache.totalCacheMisses,1781869176985000000,1781869236984000000,0
Indexes.entries.lookups,1781869176985000000,1781869236984000000,0
Indexing.cache.totalCacheAccesses,1781869176985000000,1781869236984000000,0
Indexing.cache.totalCacheEvicted,1781869176985000000,1781869236984000000,0
Indexing.writer_0.totalTimeSpentWritingMs,1781869176985000000,1781869236984000000,0
Indexes.allKeys.lookupDurationAvgMs,1781869176985000000,1781869236984000000,0.0
Indexes.allKeys.lookupDuration90PMs,1781869176985000000,1781869236984000000,0.0
Indexes.stubs.lookupDurationAvgMs,1781869176985000000,1781869236984000000,0.0
Indexing.writesQueuedMax,1781869176985000000,1781869236984000000,0
JVM.totalSafepointCount,1781869176985000000,1781869236984000000,1
JVM.maxThreadCount,1781869176985000000,1781869236984000000,134
JVM.threadCount,1781869176985000000,1781869236984000000,57
MEM.ramMinusFileMappingsBytes,1781869176985000000,1781869236984000000,1539190784
MEM.ramBytes,1781869176985000000,1781869236984000000,2253565952
JVM.totalTimeAtSafepointsMs,1781869176985000000,1781869236984000000,48
JVM.GC.collectionTimesMs,1781869176985000000,1781869236984000000,47
JVM.maxHeapBytes,1781869176985000000,1781869236984000000,2147483648
JVM.totalDirectByteBuffersBytes,1781869176985000000,1781869236984000000,35776513
MEM.fileMappingsRamBytes,1781869176985000000,1781869236984000000,702988288
JVM.totalCpuTimeMs,1781869176985000000,1781869236984000000,4200
JVM.GC.collections,1781869176985000000,1781869236984000000,1
JVM.usedHeapBytes,1781869176985000000,1781869236984000000,402161328
JVM.totalTimeToSafepointsMs,1781869176985000000,1781869236984000000,0
MEM.ramPlusSwapMinusFileMappingsBytes,1781869176985000000,1781869236984000000,1539190784
JVM.newThreadsCount,1781869176985000000,1781869236984000000,2
OS.loadAverage,1781869176985000000,1781869236984000000,1.31884765625
JVM.committedHeapBytes,1781869176985000000,1781869236984000000,827326464
JVM.totalBytesAllocated,1781869176985000000,1781869236984000000,49424152
JVM.usedNativeBytes,1781869176985000000,1781869236984000000,414138912
jps.global.initialize.library.bridges.ms,1781869176985000000,1781869236984000000,0
workspaceModel.mutableEntityStorage.changeLog.addReplaceEventForRemovedParent.ms,1781869176985000000,1781869236984000000,0
jps.save.changed.project.entities.ms,1781869176985000000,1781869236984000000,0
jps.global.handle.before.change.events.ms,1781869176985000000,1781869236984000000,0
jps.artifact.entities.serializer.load.entities.ms,1781869176985000000,1781869236984000000,0
workspaceModel.load.cache.from.file.ms,1781869176985000000,1781869236984000000,0
workspaceModel.global.updates.ms,1781869176985000000,1781869236984000000,0
workspaceModel.mutableEntityStorage.resolve.ms,1781869176985000000,1781869236984000000,0
jps.project.serializers.save.ms,1781869176985000000,1781869236984000000,0
jps.library.entities.serializer.save.entities.ms,1781869176985000000,1781869236984000000,0
workspaceModel.mutableEntityStorage.has.same.entities.ms,1781869176985000000,1781869236984000000,0
workspaceModel.global.apply.state.to.project.ms,1781869176985000000,1781869236984000000,0
jps.reload.project.entities.ms,1781869176985000000,1781869236984000000,0
workspaceModel.mutableEntityStorage.modify.entity.ms,1781869176985000000,1781869236984000000,0
workspaceModel.mutableEntityStorage.entities.ms,1781869176985000000,1781869236984000000,0
workspaceModel.mutableEntityStorage.put.entity.ms,1781869176985000000,1781869236984000000,0
jps.module.iml.entities.serializer.save.entities.ms,1781869176985000000,1781869236984000000,0
workspaceModel.moduleManagerBridge.create.module.instance.ms,1781869176985000000,1781869236984000000,0
jps.global.get.library.by.name.ms,1781869176985000000,1781869236984000000,0
workspaceModel.mutableEntityStorage.changeLog.addReplaceEventForRemovedChild.ms,1781869176985000000,1781869236984000000,0
jps.global.handle.changed.events.ms,1781869176985000000,1781869236984000000,0
workspaceModel.mutableEntityStorage.replace.by.source.ms,1781869176985000000,1781869236984000000,0
workspaceModel.mutableEntityStorage.changeLog.addReplaceEventForNewChild.ms,1781869176985000000,1781869236984000000,0
workspaceModel.sync.entities.ms,1781869176985000000,1781869236984000000,0
workspaceModel.mutableEntityStorage.mutable.ext.mapping.ms,1781869176985000000,1781869236984000000,0
jps.load.initial.state.ms,1781869176985000000,1781869236984000000,0
jps.app.storage.content.reader.load.component.ms,1781869176985000000,1781869236984000000,0
jps.global.get.library.ms,1781869176985000000,1781869236984000000,0
workspaceModel.global.updates.count,1781869176985000000,1781869236984000000,0
jps.facet.change.listener.init.bridge.ms,1781869176985000000,1781869236984000000,0
jps.apply.loaded.storage.ms,1781869176985000000,1781869236984000000,0
workspaceModel.mutableEntityStorage.changeLog.addReplaceEventForNewParent.ms,1781869176985000000,1781869236984000000,0
jps.module.dependency.index.workspace.model.listener.on.changed.ms,1781869176985000000,1781869236984000000,0
workspaceModel.mutableEntityStorage.referrers.ms,1781869176985000000,1781869236984000000,0
jps.project.serializers.load.ms,1781869176985000000,1781869236984000000,0
workspaceModel.mutableEntityStorage.collect.changes.ms,1781869176985000000,1781869236984000000,0
workspaceModel.mutableEntityStorage.instances.count,1781869176985000000,1781869236984000000,0
jps.facet.change.listener.process.change.events.ms,1781869176985000000,1781869236984000000,0
workspaceModel.mutableEntityStorage.entities.by.source.ms,1781869176985000000,1781869236984000000,0
workspaceModel.moduleManagerBridge.load.all.modules.ms,1781869176985000000,1781869236984000000,0
workspaceModel.moduleManagerBridge.set.unloadedModules.ms,1781869176985000000,1781869236984000000,0
workspaceModel.mutableEntityStorage.to.snapshot.ms,1781869176985000000,1781869236984000000,0
jps.load.project.to.empty.storage.ms,1781869176985000000,1781869236984000000,0
workspaceModel.mutableEntityStorage.hasReferrers.ms,1781869176985000000,1781869236984000000,0
jps.module.iml.entities.serializer.load.entities.ms,1781869176985000000,1781869236984000000,0
workspaceModel.mutableEntityStorage.mutable.vfurl.index.ms,1781869176985000000,1781869236984000000,0
workspaceModel.mutableEntityStorage.add.entity.ms,1781869176985000000,1781869236984000000,0
workspaceModel.global.apply.state.to.project.builder.ms,1781869176985000000,1781869236984000000,0
jps.artifact.entities.serializer.save.entities.ms,1781869176985000000,1781869236984000000,0
jps.library.entities.serializer.load.entities.ms,1781869176985000000,1781869236984000000,0
workspaceModel.moduleBridge.facet.initialization.ms,1781869176985000000,1781869236984000000,0
jps.global.initialize.library.bridges.after.loading.ms,1781869176985000000,1781869236984000000,0
workspaceModel.mutableEntityStorage.apply.changes.from.ms,1781869176985000000,1781869236984000000,0
workspaceModel.moduleBridgeLoader.loading.modules.ms,1781869176985000000,1781869236984000000,0
workspaceModel.moduleManagerBridge.new.nonPersistent.module.ms,1781869176985000000,1781869236984000000,0
workspaceModel.orphan.listener.update.ms,1781869176985000000,1781869236984000000,0
jps.global.get.libraries.ms,1781869176985000000,1781869236984000000,0
workspaceModel.moduleManagerBridge.load.module.ms,1781869176985000000,1781869236984000000,0
workspaceModel.save.cache.to.file.ms,1781869176985000000,1781869236984000000,0
jps.save.global.entities.ms,1781869176985000000,1781869236984000000,0
workspaceModel.moduleManagerBridge.get.modules.ms,1781869176985000000,1781869236984000000,0
workspaceModel.delayed.project.synchronizer.sync.ms,1781869176985000000,1781869236984000000,0
workspaceModel.moduleBridge.update.option.ms,1781869176985000000,1781869236984000000,0
workspaceModel.moduleBridge.before.changed.ms,1781869176985000000,1781869236984000000,0
workspaceModel.mutableEntityStorage.remove.entity.ms,1781869176985000000,1781869236984000000,0
workspaceModel.moduleManagerBridge.build.module.graph.ms,1781869176985000000,1781869236984000000,0
jps.storage.jps.conf.reader.load.component.ms,1781869176985000000,1781869236984000000,0
workspaceModel.moduleManagerBridge.newModule.ms,1781869176985000000,1781869236984000000,0
workspaceModel.load.cache.metadata.from.file.ms,1781869176985000000,1781869236984000000,0
jps.facet.change.listener.before.change.events.ms,1781869176985000000,1781869236984000000,0
workspaceModel.do.save.caches.ms,1781869176985000000,1781869236984000000,0
compiler.ArtifactManagerBridge.commit.ms,1781869236984000000,1781869296984000000,0
compiler.ArtifactVirtualFileListener.filePathChanged.ms,1781869236984000000,1781869296984000000,0
compiler.ArtifactManagerBridge.dropMappings.ms,1781869236984000000,1781869296984000000,0
compiler.ArtifactManagerBridge.getArtifacts.ms,1781869236984000000,1781869296984000000,0
compiler.ArtifactManagerBridge.getArtifactsByType.ms,1781869236984000000,1781869296984000000,0
compiler.ArtifactManagerBridge.initBridges.ms,1781869236984000000,1781869296984000000,0
compiler.ArtifactManagerBridge.addArtifact.ms,1781869236984000000,1781869296984000000,0
compiler.ArtifactManagerBridge.findArtifact.ms,1781869236984000000,1781869296984000000,0
compiler.ArtifactVirtualFileListener.propertyChanged.ms,1781869236984000000,1781869296984000000,0
workspaceModel.workspaceFileIndexContributor.registerFileSets.ms,1781869236984000000,1781869296984000000,0
workspaceModel.workspaceFileIndexData.visitFileSets.ms,1781869236984000000,1781869296984000000,0
workspaceModel.cachedValue.from.cache.count,1781869236984000000,1781869296984000000,1
workspaceModel.workspaceFileIndexData.markDirty.ms,1781869236984000000,1781869296984000000,0
workspaceModel.workspaceFileIndexData.processFileSets.ms,1781869236984000000,1781869296984000000,0
workspaceModel.workspaceFileIndexData.getFileInfo.ms,1781869236984000000,1781869296984000000,4
workspaceModel.init.bridges.ms,1781869236984000000,1781869296984000000,0
workspaceModel.cachedValueWithParameters.total.get.count,1781869236984000000,1781869296984000000,0
workspaceModel.cachedValue.total.get.count,1781869236984000000,1781869296984000000,1
workspaceModel.pre.handlers.ms,1781869236984000000,1781869296984000000,0
workspaceModel.cachedValue.calculated.count,1781869236984000000,1781869296984000000,0
workspaceModel.replace.project.model.ms,1781869236984000000,1781869296984000000,0
workspaceModel.check.recursive.update.ms,1781869236984000000,1781869296984000000,0
workspaceModel.workspaceFileIndexData.getDirectoriesByPackageName.ms,1781869236984000000,1781869296984000000,1
workspaceModel.workspaceFileIndexData.getPackageName.ms,1781869236984000000,1781869296984000000,1
workspaceModel.cachedValueWithParameters.from.cache.count,1781869236984000000,1781869296984000000,0
workspaceModel.cachedValueWithParameters.calculated.count,1781869236984000000,1781869296984000000,0
workspaceModel.workspaceFileIndexData.instances.count,1781869236984000000,1781869296984000000,0
workspaceModel.full.replace.project.model.ms,1781869236984000000,1781869296984000000,0
workspaceModel.cachedValue.clear.count,1781869236984000000,1781869296984000000,0
workspaceModel.updates.count,1781869236984000000,1781869296984000000,0
workspaceModel.workspaceFileIndexData.init.ms,1781869236984000000,1781869296984000000,0
workspaceModel.collect.changes.ms,1781869236984000000,1781869296984000000,0
workspaceModel.cachedValueWithParameters.clear.count,1781869236984000000,1781869296984000000,0
workspaceModel.workspaceFileIndexData.updateDirtyEntities.ms,1781869236984000000,1781869296984000000,0
workspaceModel.initializing.ms,1781869236984000000,1781869296984000000,0
workspaceModel.workspaceFileIndexData.onEntitiesChanged.ms,1781869236984000000,1781869296984000000,0
workspaceModel.to.snapshot.ms,1781869236984000000,1781869296984000000,0
workspaceModel.update.unloaded.entities.ms,1781869236984000000,1781869296984000000,0
workspaceModel.on.changed.ms,1781869236984000000,1781869296984000000,0
workspaceModel.entityStorageSnapshotImpl.instances.count,1781869236984000000,1781869296984000000,0
workspaceModel.loading.from.cache.ms,1781869236984000000,1781869296984000000,0
workspaceModel.on.before.changed.ms,1781869236984000000,1781869296984000000,0
workspaceModel.updates.ms,1781869236984000000,1781869296984000000,0
workspaceModel.updates.precise.ms,1781869236984000000,1781869296984000000,0
workspaceModel.loading.total.ms,1781869236984000000,1781869296984000000,0
lexer.JAVA.time.ns,1781869236984000000,1781869296984000000,48550284
LowMemory.gcLoad,1781869236984000000,1781869296984000000,3.6092926715789456E-4
DiskQueryRelay.taskExecutionTotalTimeUs,1781869236984000000,1781869296984000000,23191
parser.JAVA.time.ns,1781869236984000000,1781869296984000000,50754609
writeAction.median.wait.ms,1781869236984000000,1781869296984000000,100
lexer.JAVA.size.bytes,1781869236984000000,1781869296984000000,7045
writeAction.wait.ms,1781869236984000000,1781869296984000000,3
DiskQueryRelay.tasksExecuted,1781869236984000000,1781869296984000000,47
DiskQueryRelay.tasksRequested,1781869236984000000,1781869296984000000,47
writeAction.max.wait.ms,1781869236984000000,1781869296984000000,130
LowMemory.gcOverloaded,1781869236984000000,1781869296984000000,0
parser.JAVA.size.bytes,1781869236984000000,1781869296984000000,7045
writeAction.count,1781869236984000000,1781869296984000000,3
DiskQueryRelay.taskWaitingTotalTimeUs,1781869236984000000,1781869296984000000,24154
FileNameCache.totalMisses,1781869236984000000,1781869296984000000,0
VFS.contentStorage.recordsReadDecompressed,1781869236984000000,1781869296984000000,0
VFS.contentStorage.recordsUncompressedSize,1781869236984000000,1781869296984000000,6062
FileNameCache.queries,1781869236984000000,1781869296984000000,9408
VFS.contentStorage.recordsStored,1781869236984000000,1781869296984000000,1
VFS.cache.segments,1781869236984000000,1781869296984000000,89.0
VFS.contentStorage.recordsDeduplicated,1781869236984000000,1781869296984000000,0
VFS.fileByIdCache.hits,1781869236984000000,1781869296984000000,0
VFS.contentStorage.recordsStoredSize,1781869236984000000,1781869296984000000,6062
VFS.contentStorage.recordsStoredCompressed,1781869236984000000,1781869296984000000,0
VFS.invertedFileNameIndex.requests,1781869236984000000,1781869296984000000,2
VFS.cache.segmentsCreated,1781869236984000000,1781869296984000000,0
VFS.contentStorage.recordsDecompressionTimeUs,1781869236984000000,1781869296984000000,0
VFS.fileChildByName,1781869236984000000,1781869296984000000,1332
VFS.fileByIdCache.misses,1781869236984000000,1781869296984000000,4
VFS.folderCaseSensitivityReads,1781869236984000000,1781869296984000000,0
VFS.rootsCount,1781869236984000000,1781869296984000000,12.0
VFS.cache.filesCreated,1781869236984000000,1781869296984000000,445
VFS.contentStorage.recordsReadSize,1781869236984000000,1781869296984000000,0
VFS.cache.directoriesCreated,1781869236984000000,1781869296984000000,0
VFS.contentStorage.recordsRead,1781869236984000000,1781869296984000000,0
cacheStateStorage.set.duration,1781869236984000000,1781869296984000000,0
cacheStateStorage.get.counter,1781869236984000000,1781869296984000000,0
cacheStateStorage.get.duration,1781869236984000000,1781869296984000000,0
cacheStateStorage.set.counter,1781869236984000000,1781869296984000000,0
FlushQueue.executionTimeAvgNs,1781869236984000000,1781869296984000000,520264.1187925998
NonBlockingReadAction.finalizedExecutionTimeUs,1781869236984000000,1781869296984000000,198405
FlushQueue.queueSizeAvg,1781869236984000000,1781869296984000000,6.660175267770205
FlushQueue.waitingTime90PNs,1781869236984000000,1781869296984000000,46661631
FlushQueue.tasksExecuted,1781869236984000000,1781869296984000000,1027
WriteAction.executionsCount,1781869236984000000,1781869296984000000,3
AWTEventQueue.dispatchTimeAvgNs,1781869236984000000,1781869296984000000,1640342.504537205
FlushQueue.waitingTimeMaxNs,1781869236984000000,1781869296984000000,125304831
AWTEventQueue.dispatchTime90PNs,1781869236984000000,1781869296984000000,2506751
NonBlockingReadAction.finalizedExecutionsCount,1781869236984000000,1781869296984000000,13
FlushQueue.executionTimeMaxNs,1781869236984000000,1781869296984000000,153092095
AWTEventQueue.dispatchTimeTotalNS,1781869236984000000,1781869296984000000,1807769318
FlushQueue.executionTime90PNs,1781869236984000000,1781869296984000000,614399
FlushQueue.queueSizeMax,1781869236984000000,1781869296984000000,35
NonBlockingReadAction.failedExecutionsCount,1781869236984000000,1781869296984000000,0
AWTEventQueue.eventsDispatched,1781869236984000000,1781869296984000000,1102
AWTEventQueue.dispatchTimeMaxNs,1781869236984000000,1781869296984000000,133169151
NonBlockingReadAction.failedExecutionTimeUs,1781869236984000000,1781869296984000000,0
FlushQueue.waitingTimeAvgNs,1781869236984000000,1781869296984000000,1.2313407696202531E7
ReadAction.executionsCount,1781869236984000000,1781869296984000000,1359
FlushQueue.queueSize90P,1781869236984000000,1781869296984000000,17
StreamlinedBlobStorage.recordsDeleted,1781869236984000000,1781869296984000000,0
MappedFileStorage.totalTimeSpentOnMappingUs,1781869236984000000,1781869296984000000,26310
FilePageCache.pageLoads,1781869236984000000,1781869296984000000,5
MappedFileStorage.storages,1781869236984000000,1781869296984000000,12
DirectByteBufferAllocator.hits,1781869236984000000,1781869296984000000,0
FilePageCache.disposedBuffers,1781869236984000000,1781869296984000000,0
StreamlinedBlobStorage.recordsAllocated,1781869236984000000,1781869296984000000,0
FilePageCache.maxCacheSizeInBytes,1781869236984000000,1781869296984000000,629153792
StreamlinedBlobStorage.totalLiveRecordsCapacityBytes,1781869236984000000,1781869296984000000,0
FilePageCache.pageHits,1781869236984000000,1781869296984000000,0
FileChannelInterruptsRetryer.totalRetriedAttempts,1781869236984000000,1781869296984000000,0
MappedFileStorage.totalBytesMapped,1781869236984000000,1781869296984000000,185860096
FilePageCache.capacityInBytes,1781869236984000000,1781869296984000000,629145600
FilePageCache.maxRegisteredFiles,1781869236984000000,1781869296984000000,1652
DirectByteBufferAllocator.reclaimed,1781869236984000000,1781869296984000000,0
StorageLockContext.competingThreads.90P,1781869236984000000,1781869296984000000,0
MappedFileStorage.totalPagesMapped,1781869236984000000,1781869296984000000,12
DirectByteBufferAllocator.totalSizeOfBuffersAllocatedInBytes,1781869236984000000,1781869296984000000,39845888
FilePageCache.totalPageDisposalsUs,1781869236984000000,1781869296984000000,18
DirectByteBufferAllocator.totalSizeOfBuffersCachedInBytes,1781869236984000000,1781869296984000000,41959424
FilePageCache.pageFastCacheHits,1781869236984000000,1781869296984000000,6
StorageLockContext.competingThreads.avg,1781869236984000000,1781869296984000000,0.0
FilePageCache.totalPageLoadsUs,1781869236984000000,1781869296984000000,7813
StorageLockContext.competingThreads.max,1781869236984000000,1781869296984000000,0
DirectByteBufferAllocator.disposed,1781869236984000000,1781869296984000000,0
FilePageCache.pageLoadsAboveSizeThreshold,1781869236984000000,1781869296984000000,0
StreamlinedBlobStorage.totalLiveRecordsPayloadBytes,1781869236984000000,1781869296984000000,0
FilePageCache.uncachedFileAccess,1781869236984000000,1781869296984000000,5
StreamlinedBlobStorage.recordsRelocated,1781869236984000000,1781869296984000000,0
DirectByteBufferAllocator.misses,1781869236984000000,1781869296984000000,5
Indexes.entries.lookupDurationMaxMs,1781869236984000000,1781869296984000000,1.0
Indexing.writer_3.totalTimeSpentWritingMs,1781869236984000000,1781869296984000000,0
Indexes.stubs.lookupDuration90PMs,1781869236984000000,1781869296984000000,2.0
Indexing.writesQueuedAvg,1781869236984000000,1781869296984000000,0.0
Indexes.entries.lookupDurationAvgMs,1781869236984000000,1781869296984000000,1.0
Indexing.writer_1.totalTimeSpentWritingMs,1781869236984000000,1781869296984000000,0
Indexing.writer_2.totalTimeSpentWritingMs,1781869236984000000,1781869296984000000,0
Indexes.entries.lookupDuration90PMs,1781869236984000000,1781869296984000000,1.0
Indexing.totalTimeIndexersSleptMs,1781869236984000000,1781869296984000000,0
Indexes.stubs.lookupDurationMaxMs,1781869236984000000,1781869296984000000,6.0
Indexes.allKeys.lookups,1781869236984000000,1781869296984000000,0
Indexing.writesQueuedMin,1781869236984000000,1781869296984000000,0
Indexes.stubs.lookups,1781869236984000000,1781869296984000000,33
Indexes.allKeys.lookupDurationMaxMs,1781869236984000000,1781869296984000000,0.0
Indexing.cache.totalCacheMisses,1781869236984000000,1781869296984000000,17
Indexes.entries.lookups,1781869236984000000,1781869296984000000,1
Indexing.cache.totalCacheAccesses,1781869236984000000,1781869296984000000,52
Indexing.cache.totalCacheEvicted,1781869236984000000,1781869296984000000,1
Indexing.writer_0.totalTimeSpentWritingMs,1781869236984000000,1781869296984000000,0
Indexes.allKeys.lookupDurationAvgMs,1781869236984000000,1781869296984000000,0.0
Indexes.allKeys.lookupDuration90PMs,1781869236984000000,1781869296984000000,0.0
Indexes.stubs.lookupDurationAvgMs,1781869236984000000,1781869296984000000,0.6363636363636364
Indexing.writesQueuedMax,1781869236984000000,1781869296984000000,0
JVM.totalSafepointCount,1781869236984000000,1781869296984000000,0
JVM.maxThreadCount,1781869236984000000,1781869296984000000,134
JVM.threadCount,1781869236984000000,1781869296984000000,70
MEM.ramMinusFileMappingsBytes,1781869236984000000,1781869296984000000,1567469568
MEM.ramBytes,1781869236984000000,1781869296984000000,2297835520
JVM.totalTimeAtSafepointsMs,1781869236984000000,1781869296984000000,0
JVM.GC.collectionTimesMs,1781869236984000000,1781869296984000000,0
JVM.maxHeapBytes,1781869236984000000,1781869296984000000,2147483648
JVM.totalDirectByteBuffersBytes,1781869236984000000,1781869296984000000,41019393
MEM.fileMappingsRamBytes,1781869236984000000,1781869296984000000,718979072
JVM.totalCpuTimeMs,1781869236984000000,1781869296984000000,9220
JVM.GC.collections,1781869236984000000,1781869296984000000,0
JVM.usedHeapBytes,1781869236984000000,1781869296984000000,519601840
JVM.totalTimeToSafepointsMs,1781869236984000000,1781869296984000000,0
MEM.ramPlusSwapMinusFileMappingsBytes,1781869236984000000,1781869296984000000,1567469568
JVM.newThreadsCount,1781869236984000000,1781869296984000000,20
OS.loadAverage,1781869236984000000,1781869296984000000,0.59521484375
JVM.committedHeapBytes,1781869236984000000,1781869296984000000,827326464
JVM.totalBytesAllocated,1781869236984000000,1781869296984000000,112521928
JVM.usedNativeBytes,1781869236984000000,1781869296984000000,431525168
jps.global.initialize.library.bridges.ms,1781869236984000000,1781869296984000000,0
workspaceModel.mutableEntityStorage.changeLog.addReplaceEventForRemovedParent.ms,1781869236984000000,1781869296984000000,0
jps.save.changed.project.entities.ms,1781869236984000000,1781869296984000000,0
jps.global.handle.before.change.events.ms,1781869236984000000,1781869296984000000,0
jps.artifact.entities.serializer.load.entities.ms,1781869236984000000,1781869296984000000,0
workspaceModel.load.cache.from.file.ms,1781869236984000000,1781869296984000000,0
workspaceModel.global.updates.ms,1781869236984000000,1781869296984000000,0
workspaceModel.mutableEntityStorage.resolve.ms,1781869236984000000,1781869296984000000,0
jps.project.serializers.save.ms,1781869236984000000,1781869296984000000,0
jps.library.entities.serializer.save.entities.ms,1781869236984000000,1781869296984000000,0
workspaceModel.mutableEntityStorage.has.same.entities.ms,1781869236984000000,1781869296984000000,0
workspaceModel.global.apply.state.to.project.ms,1781869236984000000,1781869296984000000,0
jps.reload.project.entities.ms,1781869236984000000,1781869296984000000,0
workspaceModel.mutableEntityStorage.modify.entity.ms,1781869236984000000,1781869296984000000,0
workspaceModel.mutableEntityStorage.entities.ms,1781869236984000000,1781869296984000000,0
workspaceModel.mutableEntityStorage.put.entity.ms,1781869236984000000,1781869296984000000,0
jps.module.iml.entities.serializer.save.entities.ms,1781869236984000000,1781869296984000000,0
workspaceModel.moduleManagerBridge.create.module.instance.ms,1781869236984000000,1781869296984000000,0
jps.global.get.library.by.name.ms,1781869236984000000,1781869296984000000,0
workspaceModel.mutableEntityStorage.changeLog.addReplaceEventForRemovedChild.ms,1781869236984000000,1781869296984000000,0
jps.global.handle.changed.events.ms,1781869236984000000,1781869296984000000,0
workspaceModel.mutableEntityStorage.replace.by.source.ms,1781869236984000000,1781869296984000000,0
workspaceModel.mutableEntityStorage.changeLog.addReplaceEventForNewChild.ms,1781869236984000000,1781869296984000000,0
workspaceModel.sync.entities.ms,1781869236984000000,1781869296984000000,0
workspaceModel.mutableEntityStorage.mutable.ext.mapping.ms,1781869236984000000,1781869296984000000,0
jps.load.initial.state.ms,1781869236984000000,1781869296984000000,0
jps.app.storage.content.reader.load.component.ms,1781869236984000000,1781869296984000000,0
jps.global.get.library.ms,1781869236984000000,1781869296984000000,0
workspaceModel.global.updates.count,1781869236984000000,1781869296984000000,0
jps.facet.change.listener.init.bridge.ms,1781869236984000000,1781869296984000000,0
jps.apply.loaded.storage.ms,1781869236984000000,1781869296984000000,0
workspaceModel.mutableEntityStorage.changeLog.addReplaceEventForNewParent.ms,1781869236984000000,1781869296984000000,0
jps.module.dependency.index.workspace.model.listener.on.changed.ms,1781869236984000000,1781869296984000000,0
workspaceModel.mutableEntityStorage.referrers.ms,1781869236984000000,1781869296984000000,0
jps.project.serializers.load.ms,1781869236984000000,1781869296984000000,0
workspaceModel.mutableEntityStorage.collect.changes.ms,1781869236984000000,1781869296984000000,0
workspaceModel.mutableEntityStorage.instances.count,1781869236984000000,1781869296984000000,0
jps.facet.change.listener.process.change.events.ms,1781869236984000000,1781869296984000000,0
workspaceModel.mutableEntityStorage.entities.by.source.ms,1781869236984000000,1781869296984000000,0
workspaceModel.moduleManagerBridge.load.all.modules.ms,1781869236984000000,1781869296984000000,0
workspaceModel.moduleManagerBridge.set.unloadedModules.ms,1781869236984000000,1781869296984000000,0
workspaceModel.mutableEntityStorage.to.snapshot.ms,1781869236984000000,1781869296984000000,0
jps.load.project.to.empty.storage.ms,1781869236984000000,1781869296984000000,0
workspaceModel.mutableEntityStorage.hasReferrers.ms,1781869236984000000,1781869296984000000,0
jps.module.iml.entities.serializer.load.entities.ms,1781869236984000000,1781869296984000000,0
workspaceModel.mutableEntityStorage.mutable.vfurl.index.ms,1781869236984000000,1781869296984000000,0
workspaceModel.mutableEntityStorage.add.entity.ms,1781869236984000000,1781869296984000000,0
workspaceModel.global.apply.state.to.project.builder.ms,1781869236984000000,1781869296984000000,0
jps.artifact.entities.serializer.save.entities.ms,1781869236984000000,1781869296984000000,0
jps.library.entities.serializer.load.entities.ms,1781869236984000000,1781869296984000000,0
workspaceModel.moduleBridge.facet.initialization.ms,1781869236984000000,1781869296984000000,0
jps.global.initialize.library.bridges.after.loading.ms,1781869236984000000,1781869296984000000,0
workspaceModel.mutableEntityStorage.apply.changes.from.ms,1781869236984000000,1781869296984000000,0
workspaceModel.moduleBridgeLoader.loading.modules.ms,1781869236984000000,1781869296984000000,0
workspaceModel.moduleManagerBridge.new.nonPersistent.module.ms,1781869236984000000,1781869296984000000,0
workspaceModel.orphan.listener.update.ms,1781869236984000000,1781869296984000000,0
jps.global.get.libraries.ms,1781869236984000000,1781869296984000000,0
workspaceModel.moduleManagerBridge.load.module.ms,1781869236984000000,1781869296984000000,0
workspaceModel.save.cache.to.file.ms,1781869236984000000,1781869296984000000,0
jps.save.global.entities.ms,1781869236984000000,1781869296984000000,0
workspaceModel.moduleManagerBridge.get.modules.ms,1781869236984000000,1781869296984000000,0
workspaceModel.delayed.project.synchronizer.sync.ms,1781869236984000000,1781869296984000000,0
workspaceModel.moduleBridge.update.option.ms,1781869236984000000,1781869296984000000,0
workspaceModel.moduleBridge.before.changed.ms,1781869236984000000,1781869296984000000,0
workspaceModel.mutableEntityStorage.remove.entity.ms,1781869236984000000,1781869296984000000,0
workspaceModel.moduleManagerBridge.build.module.graph.ms,1781869236984000000,1781869296984000000,0
jps.storage.jps.conf.reader.load.component.ms,1781869236984000000,1781869296984000000,0
workspaceModel.moduleManagerBridge.newModule.ms,1781869236984000000,1781869296984000000,0
workspaceModel.load.cache.metadata.from.file.ms,1781869236984000000,1781869296984000000,0
jps.facet.change.listener.before.change.events.ms,1781869236984000000,1781869296984000000,0
workspaceModel.do.save.caches.ms,1781869236984000000,1781869296984000000,0
compiler.ArtifactManagerBridge.commit.ms,1781869296984000000,1781869356984000000,0
compiler.ArtifactVirtualFileListener.filePathChanged.ms,1781869296984000000,1781869356984000000,0
compiler.ArtifactManagerBridge.dropMappings.ms,1781869296984000000,1781869356984000000,0
compiler.ArtifactManagerBridge.getArtifacts.ms,1781869296984000000,1781869356984000000,0
compiler.ArtifactManagerBridge.getArtifactsByType.ms,1781869296984000000,1781869356984000000,0
compiler.ArtifactManagerBridge.initBridges.ms,1781869296984000000,1781869356984000000,0
compiler.ArtifactManagerBridge.addArtifact.ms,1781869296984000000,1781869356984000000,0
compiler.ArtifactManagerBridge.findArtifact.ms,1781869296984000000,1781869356984000000,0
compiler.ArtifactVirtualFileListener.propertyChanged.ms,1781869296984000000,1781869356984000000,0
workspaceModel.workspaceFileIndexContributor.registerFileSets.ms,1781869296984000000,1781869356984000000,0
workspaceModel.workspaceFileIndexData.visitFileSets.ms,1781869296984000000,1781869356984000000,0
workspaceModel.cachedValue.from.cache.count,1781869296984000000,1781869356984000000,6
workspaceModel.workspaceFileIndexData.markDirty.ms,1781869296984000000,1781869356984000000,0
workspaceModel.workspaceFileIndexData.processFileSets.ms,1781869296984000000,1781869356984000000,0
workspaceModel.workspaceFileIndexData.getFileInfo.ms,1781869296984000000,1781869356984000000,1
workspaceModel.init.bridges.ms,1781869296984000000,1781869356984000000,0
workspaceModel.cachedValueWithParameters.total.get.count,1781869296984000000,1781869356984000000,0
workspaceModel.cachedValue.total.get.count,1781869296984000000,1781869356984000000,7
workspaceModel.pre.handlers.ms,1781869296984000000,1781869356984000000,0
workspaceModel.cachedValue.calculated.count,1781869296984000000,1781869356984000000,1
workspaceModel.replace.project.model.ms,1781869296984000000,1781869356984000000,0
workspaceModel.check.recursive.update.ms,1781869296984000000,1781869356984000000,0
workspaceModel.workspaceFileIndexData.getDirectoriesByPackageName.ms,1781869296984000000,1781869356984000000,0
workspaceModel.workspaceFileIndexData.getPackageName.ms,1781869296984000000,1781869356984000000,0
workspaceModel.cachedValueWithParameters.from.cache.count,1781869296984000000,1781869356984000000,0
workspaceModel.cachedValueWithParameters.calculated.count,1781869296984000000,1781869356984000000,0
workspaceModel.workspaceFileIndexData.instances.count,1781869296984000000,1781869356984000000,0
workspaceModel.full.replace.project.model.ms,1781869296984000000,1781869356984000000,0
workspaceModel.cachedValue.clear.count,1781869296984000000,1781869356984000000,0
workspaceModel.updates.count,1781869296984000000,1781869356984000000,0
workspaceModel.workspaceFileIndexData.init.ms,1781869296984000000,1781869356984000000,0
workspaceModel.collect.changes.ms,1781869296984000000,1781869356984000000,0
workspaceModel.cachedValueWithParameters.clear.count,1781869296984000000,1781869356984000000,0
workspaceModel.workspaceFileIndexData.updateDirtyEntities.ms,1781869296984000000,1781869356984000000,0
workspaceModel.initializing.ms,1781869296984000000,1781869356984000000,0
workspaceModel.workspaceFileIndexData.onEntitiesChanged.ms,1781869296984000000,1781869356984000000,0
workspaceModel.to.snapshot.ms,1781869296984000000,1781869356984000000,0
workspaceModel.update.unloaded.entities.ms,1781869296984000000,1781869356984000000,0
workspaceModel.on.changed.ms,1781869296984000000,1781869356984000000,0
workspaceModel.entityStorageSnapshotImpl.instances.count,1781869296984000000,1781869356984000000,0
workspaceModel.loading.from.cache.ms,1781869296984000000,1781869356984000000,0
workspaceModel.on.before.changed.ms,1781869296984000000,1781869356984000000,0
workspaceModel.updates.ms,1781869296984000000,1781869356984000000,0
workspaceModel.updates.precise.ms,1781869296984000000,1781869356984000000,0
workspaceModel.loading.total.ms,1781869296984000000,1781869356984000000,0
LowMemory.gcLoad,1781869296984000000,1781869356984000000,0.001967859837182915
DiskQueryRelay.taskExecutionTotalTimeUs,1781869296984000000,1781869356984000000,2687
writeAction.median.wait.ms,1781869296984000000,1781869356984000000,100
writeAction.wait.ms,1781869296984000000,1781869356984000000,0
DiskQueryRelay.tasksExecuted,1781869296984000000,1781869356984000000,7
DiskQueryRelay.tasksRequested,1781869296984000000,1781869356984000000,7
writeAction.max.wait.ms,1781869296984000000,1781869356984000000,130
LowMemory.gcOverloaded,1781869296984000000,1781869356984000000,0
writeAction.count,1781869296984000000,1781869356984000000,0
DiskQueryRelay.taskWaitingTotalTimeUs,1781869296984000000,1781869356984000000,2756
FileNameCache.totalMisses,1781869296984000000,1781869356984000000,0
VFS.contentStorage.recordsReadDecompressed,1781869296984000000,1781869356984000000,0
VFS.contentStorage.recordsUncompressedSize,1781869296984000000,1781869356984000000,0
FileNameCache.queries,1781869296984000000,1781869356984000000,8640
VFS.contentStorage.recordsStored,1781869296984000000,1781869356984000000,0
VFS.cache.segments,1781869296984000000,1781869356984000000,89.0
VFS.contentStorage.recordsDeduplicated,1781869296984000000,1781869356984000000,0
VFS.fileByIdCache.hits,1781869296984000000,1781869356984000000,0
VFS.contentStorage.recordsStoredSize,1781869296984000000,1781869356984000000,0
VFS.contentStorage.recordsStoredCompressed,1781869296984000000,1781869356984000000,0
VFS.invertedFileNameIndex.requests,1781869296984000000,1781869356984000000,0
VFS.cache.segmentsCreated,1781869296984000000,1781869356984000000,0
VFS.contentStorage.recordsDecompressionTimeUs,1781869296984000000,1781869356984000000,0
VFS.fileChildByName,1781869296984000000,1781869356984000000,1489
VFS.fileByIdCache.misses,1781869296984000000,1781869356984000000,0
VFS.folderCaseSensitivityReads,1781869296984000000,1781869356984000000,0
VFS.rootsCount,1781869296984000000,1781869356984000000,12.0
VFS.cache.filesCreated,1781869296984000000,1781869356984000000,18
VFS.contentStorage.recordsReadSize,1781869296984000000,1781869356984000000,0
VFS.cache.directoriesCreated,1781869296984000000,1781869356984000000,0
VFS.contentStorage.recordsRead,1781869296984000000,1781869356984000000,0
cacheStateStorage.set.duration,1781869296984000000,1781869356984000000,37
cacheStateStorage.get.counter,1781869296984000000,1781869356984000000,2
cacheStateStorage.get.duration,1781869296984000000,1781869356984000000,20
cacheStateStorage.set.counter,1781869296984000000,1781869356984000000,1
FlushQueue.executionTimeAvgNs,1781869296984000000,1781869356984000000,231022.19471698115
NonBlockingReadAction.finalizedExecutionTimeUs,1781869296984000000,1781869356984000000,42504
FlushQueue.queueSizeAvg,1781869296984000000,1781869356984000000,3.790943396226415
FlushQueue.waitingTime90PNs,1781869296984000000,1781869356984000000,12124159
FlushQueue.tasksExecuted,1781869296984000000,1781869356984000000,1325
WriteAction.executionsCount,1781869296984000000,1781869356984000000,0
AWTEventQueue.dispatchTimeAvgNs,1781869296984000000,1781869356984000000,1059379.9905437352
FlushQueue.waitingTimeMaxNs,1781869296984000000,1781869356984000000,47972351
AWTEventQueue.dispatchTime90PNs,1781869296984000000,1781869356984000000,2326527
NonBlockingReadAction.finalizedExecutionsCount,1781869296984000000,1781869356984000000,61
FlushQueue.executionTimeMaxNs,1781869296984000000,1781869356984000000,48234495
AWTEventQueue.dispatchTimeTotalNS,1781869296984000000,1781869356984000000,1822774467
FlushQueue.executionTime90PNs,1781869296984000000,1781869356984000000,425983
FlushQueue.queueSizeMax,1781869296984000000,1781869356984000000,28
NonBlockingReadAction.failedExecutionsCount,1781869296984000000,1781869356984000000,0
AWTEventQueue.eventsDispatched,1781869296984000000,1781869356984000000,1692
AWTEventQueue.dispatchTimeMaxNs,1781869296984000000,1781869356984000000,48758783
NonBlockingReadAction.failedExecutionTimeUs,1781869296984000000,1781869356984000000,0
FlushQueue.waitingTimeAvgNs,1781869296984000000,1781869356984000000,3515338.566037736
ReadAction.executionsCount,1781869296984000000,1781869356984000000,1233
FlushQueue.queueSize90P,1781869296984000000,1781869356984000000,11
StreamlinedBlobStorage.recordsDeleted,1781869296984000000,1781869356984000000,0
MappedFileStorage.totalTimeSpentOnMappingUs,1781869296984000000,1781869356984000000,26310
FilePageCache.pageLoads,1781869296984000000,1781869356984000000,0
MappedFileStorage.storages,1781869296984000000,1781869356984000000,12
DirectByteBufferAllocator.hits,1781869296984000000,1781869356984000000,0
FilePageCache.disposedBuffers,1781869296984000000,1781869356984000000,38
StreamlinedBlobStorage.recordsAllocated,1781869296984000000,1781869356984000000,0
FilePageCache.maxCacheSizeInBytes,1781869296984000000,1781869356984000000,629153792
StreamlinedBlobStorage.totalLiveRecordsCapacityBytes,1781869296984000000,1781869356984000000,0
FilePageCache.pageHits,1781869296984000000,1781869356984000000,0
FileChannelInterruptsRetryer.totalRetriedAttempts,1781869296984000000,1781869356984000000,0
MappedFileStorage.totalBytesMapped,1781869296984000000,1781869356984000000,185860096
FilePageCache.capacityInBytes,1781869296984000000,1781869356984000000,629145600
FilePageCache.maxRegisteredFiles,1781869296984000000,1781869356984000000,1652
DirectByteBufferAllocator.reclaimed,1781869296984000000,1781869356984000000,38
StorageLockContext.competingThreads.90P,1781869296984000000,1781869356984000000,0
MappedFileStorage.totalPagesMapped,1781869296984000000,1781869356984000000,12
DirectByteBufferAllocator.totalSizeOfBuffersAllocatedInBytes,1781869296984000000,1781869356984000000,0
FilePageCache.totalPageDisposalsUs,1781869296984000000,1781869356984000000,0
DirectByteBufferAllocator.totalSizeOfBuffersCachedInBytes,1781869296984000000,1781869356984000000,81805312
FilePageCache.pageFastCacheHits,1781869296984000000,1781869356984000000,0
StorageLockContext.competingThreads.avg,1781869296984000000,1781869356984000000,0.0
FilePageCache.totalPageLoadsUs,1781869296984000000,1781869356984000000,0
StorageLockContext.competingThreads.max,1781869296984000000,1781869356984000000,0
DirectByteBufferAllocator.disposed,1781869296984000000,1781869356984000000,38
FilePageCache.pageLoadsAboveSizeThreshold,1781869296984000000,1781869356984000000,0
StreamlinedBlobStorage.totalLiveRecordsPayloadBytes,1781869296984000000,1781869356984000000,0
FilePageCache.uncachedFileAccess,1781869296984000000,1781869356984000000,0
StreamlinedBlobStorage.recordsRelocated,1781869296984000000,1781869356984000000,0
DirectByteBufferAllocator.misses,1781869296984000000,1781869356984000000,0
Indexes.entries.lookupDurationMaxMs,1781869296984000000,1781869356984000000,0.0
Indexing.writer_3.totalTimeSpentWritingMs,1781869296984000000,1781869356984000000,0
Indexes.stubs.lookupDuration90PMs,1781869296984000000,1781869356984000000,0.0
Indexing.writesQueuedAvg,1781869296984000000,1781869356984000000,0.0
Indexes.entries.lookupDurationAvgMs,1781869296984000000,1781869356984000000,0.0
Indexing.writer_1.totalTimeSpentWritingMs,1781869296984000000,1781869356984000000,0
Indexing.writer_2.totalTimeSpentWritingMs,1781869296984000000,1781869356984000000,0
Indexes.entries.lookupDuration90PMs,1781869296984000000,1781869356984000000,0.0
Indexing.totalTimeIndexersSleptMs,1781869296984000000,1781869356984000000,0
Indexes.stubs.lookupDurationMaxMs,1781869296984000000,1781869356984000000,0.0
Indexes.allKeys.lookups,1781869296984000000,1781869356984000000,1
Indexing.writesQueuedMin,1781869296984000000,1781869356984000000,0
Indexes.stubs.lookups,1781869296984000000,1781869356984000000,53
Indexes.allKeys.lookupDurationMaxMs,1781869296984000000,1781869356984000000,0.0
Indexing.cache.totalCacheMisses,1781869296984000000,1781869356984000000,6
Indexes.entries.lookups,1781869296984000000,1781869356984000000,2
Indexing.cache.totalCacheAccesses,1781869296984000000,1781869356984000000,64
Indexing.cache.totalCacheEvicted,1781869296984000000,1781869356984000000,20
Indexing.writer_0.totalTimeSpentWritingMs,1781869296984000000,1781869356984000000,0
Indexes.allKeys.lookupDurationAvgMs,1781869296984000000,1781869356984000000,0.0
Indexes.allKeys.lookupDuration90PMs,1781869296984000000,1781869356984000000,0.0
Indexes.stubs.lookupDurationAvgMs,1781869296984000000,1781869356984000000,0.0
Indexing.writesQueuedMax,1781869296984000000,1781869356984000000,0
JVM.totalSafepointCount,1781869296984000000,1781869356984000000,4
JVM.maxThreadCount,1781869296984000000,1781869356984000000,134
JVM.threadCount,1781869296984000000,1781869356984000000,70
MEM.ramMinusFileMappingsBytes,1781869296984000000,1781869356984000000,1320620032
MEM.ramBytes,1781869296984000000,1781869356984000000,2052820992
JVM.totalTimeAtSafepointsMs,1781869296984000000,1781869356984000000,246
JVM.GC.collectionTimesMs,1781869296984000000,1781869356984000000,246
JVM.maxHeapBytes,1781869296984000000,1781869356984000000,2147483648
JVM.totalDirectByteBuffersBytes,1781869296984000000,1781869356984000000,1173505
MEM.fileMappingsRamBytes,1781869296984000000,1781869356984000000,720814080
JVM.totalCpuTimeMs,1781869296984000000,1781869356984000000,12840
JVM.GC.collections,1781869296984000000,1781869356984000000,4
JVM.usedHeapBytes,1781869296984000000,1781869356984000000,376915264
JVM.totalTimeToSafepointsMs,1781869296984000000,1781869356984000000,1
MEM.ramPlusSwapMinusFileMappingsBytes,1781869296984000000,1781869356984000000,1320620032
JVM.newThreadsCount,1781869296984000000,1781869356984000000,16
OS.loadAverage,1781869296984000000,1781869356984000000,0.77197265625
JVM.committedHeapBytes,1781869296984000000,1781869356984000000,613416960
JVM.totalBytesAllocated,1781869296984000000,1781869356984000000,133935224
JVM.usedNativeBytes,1781869296984000000,1781869356984000000,429001888
jps.global.initialize.library.bridges.ms,1781869296984000000,1781869356984000000,0
workspaceModel.mutableEntityStorage.changeLog.addReplaceEventForRemovedParent.ms,1781869296984000000,1781869356984000000,0
jps.save.changed.project.entities.ms,1781869296984000000,1781869356984000000,2
jps.global.handle.before.change.events.ms,1781869296984000000,1781869356984000000,0
jps.artifact.entities.serializer.load.entities.ms,1781869296984000000,1781869356984000000,0
jps.app.storage.content.writer.save.component.ms,1781869296984000000,1781869356984000000,4
workspaceModel.load.cache.from.file.ms,1781869296984000000,1781869356984000000,0
workspaceModel.global.updates.ms,1781869296984000000,1781869356984000000,0
workspaceModel.mutableEntityStorage.resolve.ms,1781869296984000000,1781869356984000000,0
jps.project.serializers.save.ms,1781869296984000000,1781869356984000000,2
jps.library.entities.serializer.save.entities.ms,1781869296984000000,1781869356984000000,0
workspaceModel.mutableEntityStorage.has.same.entities.ms,1781869296984000000,1781869356984000000,0
workspaceModel.global.apply.state.to.project.ms,1781869296984000000,1781869356984000000,0
jps.reload.project.entities.ms,1781869296984000000,1781869356984000000,0
workspaceModel.mutableEntityStorage.modify.entity.ms,1781869296984000000,1781869356984000000,0
workspaceModel.mutableEntityStorage.entities.ms,1781869296984000000,1781869356984000000,0
workspaceModel.mutableEntityStorage.put.entity.ms,1781869296984000000,1781869356984000000,0
jps.module.iml.entities.serializer.save.entities.ms,1781869296984000000,1781869356984000000,0
workspaceModel.moduleManagerBridge.create.module.instance.ms,1781869296984000000,1781869356984000000,0
jps.global.get.library.by.name.ms,1781869296984000000,1781869356984000000,0
workspaceModel.mutableEntityStorage.changeLog.addReplaceEventForRemovedChild.ms,1781869296984000000,1781869356984000000,0
jps.global.handle.changed.events.ms,1781869296984000000,1781869356984000000,0
workspaceModel.mutableEntityStorage.replace.by.source.ms,1781869296984000000,1781869356984000000,0
workspaceModel.mutableEntityStorage.changeLog.addReplaceEventForNewChild.ms,1781869296984000000,1781869356984000000,0
workspaceModel.sync.entities.ms,1781869296984000000,1781869356984000000,0
workspaceModel.mutableEntityStorage.mutable.ext.mapping.ms,1781869296984000000,1781869356984000000,0
jps.load.initial.state.ms,1781869296984000000,1781869356984000000,0
jps.app.storage.content.reader.load.component.ms,1781869296984000000,1781869356984000000,0
jps.global.get.library.ms,1781869296984000000,1781869356984000000,0
workspaceModel.global.updates.count,1781869296984000000,1781869356984000000,0
jps.facet.change.listener.init.bridge.ms,1781869296984000000,1781869356984000000,0
jps.apply.loaded.storage.ms,1781869296984000000,1781869356984000000,0
workspaceModel.mutableEntityStorage.changeLog.addReplaceEventForNewParent.ms,1781869296984000000,1781869356984000000,0
jps.module.dependency.index.workspace.model.listener.on.changed.ms,1781869296984000000,1781869356984000000,0
workspaceModel.mutableEntityStorage.referrers.ms,1781869296984000000,1781869356984000000,0
jps.project.serializers.load.ms,1781869296984000000,1781869356984000000,0
workspaceModel.mutableEntityStorage.collect.changes.ms,1781869296984000000,1781869356984000000,0
workspaceModel.mutableEntityStorage.instances.count,1781869296984000000,1781869356984000000,0
jps.facet.change.listener.process.change.events.ms,1781869296984000000,1781869356984000000,0
workspaceModel.mutableEntityStorage.entities.by.source.ms,1781869296984000000,1781869356984000000,0
workspaceModel.moduleManagerBridge.load.all.modules.ms,1781869296984000000,1781869356984000000,0
workspaceModel.moduleManagerBridge.set.unloadedModules.ms,1781869296984000000,1781869356984000000,0
workspaceModel.mutableEntityStorage.to.snapshot.ms,1781869296984000000,1781869356984000000,0
jps.load.project.to.empty.storage.ms,1781869296984000000,1781869356984000000,0
workspaceModel.mutableEntityStorage.hasReferrers.ms,1781869296984000000,1781869356984000000,0
jps.module.iml.entities.serializer.load.entities.ms,1781869296984000000,1781869356984000000,0
workspaceModel.mutableEntityStorage.mutable.vfurl.index.ms,1781869296984000000,1781869356984000000,0
workspaceModel.mutableEntityStorage.add.entity.ms,1781869296984000000,1781869356984000000,0
workspaceModel.global.apply.state.to.project.builder.ms,1781869296984000000,1781869356984000000,0
jps.artifact.entities.serializer.save.entities.ms,1781869296984000000,1781869356984000000,0
jps.library.entities.serializer.load.entities.ms,1781869296984000000,1781869356984000000,0
workspaceModel.moduleBridge.facet.initialization.ms,1781869296984000000,1781869356984000000,0
jps.global.initialize.library.bridges.after.loading.ms,1781869296984000000,1781869356984000000,0
workspaceModel.mutableEntityStorage.apply.changes.from.ms,1781869296984000000,1781869356984000000,0
workspaceModel.moduleBridgeLoader.loading.modules.ms,1781869296984000000,1781869356984000000,0
workspaceModel.moduleManagerBridge.new.nonPersistent.module.ms,1781869296984000000,1781869356984000000,0
workspaceModel.orphan.listener.update.ms,1781869296984000000,1781869356984000000,0
jps.global.get.libraries.ms,1781869296984000000,1781869356984000000,0
workspaceModel.moduleManagerBridge.load.module.ms,1781869296984000000,1781869356984000000,0
workspaceModel.save.cache.to.file.ms,1781869296984000000,1781869356984000000,0
jps.save.global.entities.ms,1781869296984000000,1781869356984000000,47
workspaceModel.moduleManagerBridge.get.modules.ms,1781869296984000000,1781869356984000000,0
workspaceModel.delayed.project.synchronizer.sync.ms,1781869296984000000,1781869356984000000,0
workspaceModel.moduleBridge.update.option.ms,1781869296984000000,1781869356984000000,0
workspaceModel.moduleBridge.before.changed.ms,1781869296984000000,1781869356984000000,0
workspaceModel.mutableEntityStorage.remove.entity.ms,1781869296984000000,1781869356984000000,0
workspaceModel.moduleManagerBridge.build.module.graph.ms,1781869296984000000,1781869356984000000,0
jps.storage.jps.conf.reader.load.component.ms,1781869296984000000,1781869356984000000,0
workspaceModel.moduleManagerBridge.newModule.ms,1781869296984000000,1781869356984000000,0
workspaceModel.load.cache.metadata.from.file.ms,1781869296984000000,1781869356984000000,0
jps.facet.change.listener.before.change.events.ms,1781869296984000000,1781869356984000000,0
workspaceModel.do.save.caches.ms,1781869296984000000,1781869356984000000,0
compiler.ArtifactManagerBridge.commit.ms,1781869356984000000,1781869416984000000,0
compiler.ArtifactVirtualFileListener.filePathChanged.ms,1781869356984000000,1781869416984000000,0
compiler.ArtifactManagerBridge.dropMappings.ms,1781869356984000000,1781869416984000000,0
compiler.ArtifactManagerBridge.getArtifacts.ms,1781869356984000000,1781869416984000000,0
compiler.ArtifactManagerBridge.getArtifactsByType.ms,1781869356984000000,1781869416984000000,0
compiler.ArtifactManagerBridge.initBridges.ms,1781869356984000000,1781869416984000000,0
compiler.ArtifactManagerBridge.addArtifact.ms,1781869356984000000,1781869416984000000,0
compiler.ArtifactManagerBridge.findArtifact.ms,1781869356984000000,1781869416984000000,0
compiler.ArtifactVirtualFileListener.propertyChanged.ms,1781869356984000000,1781869416984000000,0
workspaceModel.workspaceFileIndexContributor.registerFileSets.ms,1781869356984000000,1781869416984000000,0
workspaceModel.workspaceFileIndexData.visitFileSets.ms,1781869356984000000,1781869416984000000,0
workspaceModel.cachedValue.from.cache.count,1781869356984000000,1781869416984000000,2
workspaceModel.workspaceFileIndexData.markDirty.ms,1781869356984000000,1781869416984000000,0
workspaceModel.workspaceFileIndexData.processFileSets.ms,1781869356984000000,1781869416984000000,0
workspaceModel.workspaceFileIndexData.getFileInfo.ms,1781869356984000000,1781869416984000000,3
workspaceModel.init.bridges.ms,1781869356984000000,1781869416984000000,0
workspaceModel.cachedValueWithParameters.total.get.count,1781869356984000000,1781869416984000000,0
workspaceModel.cachedValue.total.get.count,1781869356984000000,1781869416984000000,2
workspaceModel.pre.handlers.ms,1781869356984000000,1781869416984000000,0
workspaceModel.cachedValue.calculated.count,1781869356984000000,1781869416984000000,0
workspaceModel.replace.project.model.ms,1781869356984000000,1781869416984000000,0
workspaceModel.check.recursive.update.ms,1781869356984000000,1781869416984000000,0
workspaceModel.workspaceFileIndexData.getDirectoriesByPackageName.ms,1781869356984000000,1781869416984000000,0
workspaceModel.workspaceFileIndexData.getPackageName.ms,1781869356984000000,1781869416984000000,0
workspaceModel.cachedValueWithParameters.from.cache.count,1781869356984000000,1781869416984000000,0
workspaceModel.cachedValueWithParameters.calculated.count,1781869356984000000,1781869416984000000,0
workspaceModel.workspaceFileIndexData.instances.count,1781869356984000000,1781869416984000000,0
workspaceModel.full.replace.project.model.ms,1781869356984000000,1781869416984000000,0
workspaceModel.cachedValue.clear.count,1781869356984000000,1781869416984000000,0
workspaceModel.updates.count,1781869356984000000,1781869416984000000,0
workspaceModel.workspaceFileIndexData.init.ms,1781869356984000000,1781869416984000000,0
workspaceModel.collect.changes.ms,1781869356984000000,1781869416984000000,0
workspaceModel.cachedValueWithParameters.clear.count,1781869356984000000,1781869416984000000,0
workspaceModel.workspaceFileIndexData.updateDirtyEntities.ms,1781869356984000000,1781869416984000000,0
workspaceModel.initializing.ms,1781869356984000000,1781869416984000000,0
workspaceModel.workspaceFileIndexData.onEntitiesChanged.ms,1781869356984000000,1781869416984000000,0
workspaceModel.to.snapshot.ms,1781869356984000000,1781869416984000000,0
workspaceModel.update.unloaded.entities.ms,1781869356984000000,1781869416984000000,0
workspaceModel.on.changed.ms,1781869356984000000,1781869416984000000,0
workspaceModel.entityStorageSnapshotImpl.instances.count,1781869356984000000,1781869416984000000,0
workspaceModel.loading.from.cache.ms,1781869356984000000,1781869416984000000,0
workspaceModel.on.before.changed.ms,1781869356984000000,1781869416984000000,0
workspaceModel.updates.ms,1781869356984000000,1781869416984000000,0
workspaceModel.updates.precise.ms,1781869356984000000,1781869416984000000,0
workspaceModel.loading.total.ms,1781869356984000000,1781869416984000000,0
LowMemory.gcLoad,1781869356984000000,1781869416984000000,0.0010102655749829816
DiskQueryRelay.taskExecutionTotalTimeUs,1781869356984000000,1781869416984000000,240
writeAction.median.wait.ms,1781869356984000000,1781869416984000000,100
writeAction.wait.ms,1781869356984000000,1781869416984000000,0
DiskQueryRelay.tasksExecuted,1781869356984000000,1781869416984000000,1
DiskQueryRelay.tasksRequested,1781869356984000000,1781869416984000000,1
writeAction.max.wait.ms,1781869356984000000,1781869416984000000,130
LowMemory.gcOverloaded,1781869356984000000,1781869416984000000,0
writeAction.count,1781869356984000000,1781869416984000000,1
DiskQueryRelay.taskWaitingTotalTimeUs,1781869356984000000,1781869416984000000,245
FileNameCache.totalMisses,1781869356984000000,1781869416984000000,0
VFS.contentStorage.recordsReadDecompressed,1781869356984000000,1781869416984000000,0
VFS.contentStorage.recordsUncompressedSize,1781869356984000000,1781869416984000000,0
FileNameCache.queries,1781869356984000000,1781869416984000000,20224
VFS.contentStorage.recordsStored,1781869356984000000,1781869416984000000,0
VFS.cache.segments,1781869356984000000,1781869416984000000,89.0
VFS.contentStorage.recordsDeduplicated,1781869356984000000,1781869416984000000,0
VFS.fileByIdCache.hits,1781869356984000000,1781869416984000000,0
VFS.contentStorage.recordsStoredSize,1781869356984000000,1781869416984000000,0
VFS.contentStorage.recordsStoredCompressed,1781869356984000000,1781869416984000000,0
VFS.invertedFileNameIndex.requests,1781869356984000000,1781869416984000000,0
VFS.cache.segmentsCreated,1781869356984000000,1781869416984000000,0
VFS.contentStorage.recordsDecompressionTimeUs,1781869356984000000,1781869416984000000,0
VFS.fileChildByName,1781869356984000000,1781869416984000000,3218
VFS.fileByIdCache.misses,1781869356984000000,1781869416984000000,0
VFS.folderCaseSensitivityReads,1781869356984000000,1781869416984000000,0
VFS.rootsCount,1781869356984000000,1781869416984000000,12.0
VFS.cache.filesCreated,1781869356984000000,1781869416984000000,0
VFS.contentStorage.recordsReadSize,1781869356984000000,1781869416984000000,0
VFS.cache.directoriesCreated,1781869356984000000,1781869416984000000,0
VFS.contentStorage.recordsRead,1781869356984000000,1781869416984000000,0
cacheStateStorage.set.duration,1781869356984000000,1781869416984000000,0
cacheStateStorage.get.counter,1781869356984000000,1781869416984000000,0
cacheStateStorage.get.duration,1781869356984000000,1781869416984000000,0
cacheStateStorage.set.counter,1781869356984000000,1781869416984000000,0
FlushQueue.executionTimeAvgNs,1781869356984000000,1781869416984000000,251948.36026490066
NonBlockingReadAction.finalizedExecutionTimeUs,1781869356984000000,1781869416984000000,43547
FlushQueue.queueSizeAvg,1781869356984000000,1781869416984000000,3.5933774834437084
FlushQueue.waitingTime90PNs,1781869356984000000,1781869416984000000,20447231
FlushQueue.tasksExecuted,1781869356984000000,1781869416984000000,755
WriteAction.executionsCount,1781869356984000000,1781869416984000000,1
AWTEventQueue.dispatchTimeAvgNs,1781869356984000000,1781869416984000000,1509883.3554735547
FlushQueue.waitingTimeMaxNs,1781869356984000000,1781869416984000000,65273855
AWTEventQueue.dispatchTime90PNs,1781869356984000000,1781869416984000000,2375679
NonBlockingReadAction.finalizedExecutionsCount,1781869356984000000,1781869416984000000,15
FlushQueue.executionTimeMaxNs,1781869356984000000,1781869416984000000,12648447
AWTEventQueue.dispatchTimeTotalNS,1781869356984000000,1781869416984000000,1227547674
FlushQueue.executionTime90PNs,1781869356984000000,1781869416984000000,522239
FlushQueue.queueSizeMax,1781869356984000000,1781869416984000000,21
NonBlockingReadAction.failedExecutionsCount,1781869356984000000,1781869416984000000,0
AWTEventQueue.eventsDispatched,1781869356984000000,1781869416984000000,813
AWTEventQueue.dispatchTimeMaxNs,1781869356984000000,1781869416984000000,78643199
NonBlockingReadAction.failedExecutionTimeUs,1781869356984000000,1781869416984000000,0
FlushQueue.waitingTimeAvgNs,1781869356984000000,1781869416984000000,5104744.317880794
ReadAction.executionsCount,1781869356984000000,1781869416984000000,1295
FlushQueue.queueSize90P,1781869356984000000,1781869416984000000,9
StreamlinedBlobStorage.recordsDeleted,1781869356984000000,1781869416984000000,0
MappedFileStorage.totalTimeSpentOnMappingUs,1781869356984000000,1781869416984000000,26310
FilePageCache.pageLoads,1781869356984000000,1781869416984000000,5
MappedFileStorage.storages,1781869356984000000,1781869416984000000,12
DirectByteBufferAllocator.hits,1781869356984000000,1781869416984000000,0
FilePageCache.disposedBuffers,1781869356984000000,1781869416984000000,0
StreamlinedBlobStorage.recordsAllocated,1781869356984000000,1781869416984000000,0
FilePageCache.maxCacheSizeInBytes,1781869356984000000,1781869416984000000,629153792
StreamlinedBlobStorage.totalLiveRecordsCapacityBytes,1781869356984000000,1781869416984000000,0
FilePageCache.pageHits,1781869356984000000,1781869416984000000,0
FileChannelInterruptsRetryer.totalRetriedAttempts,1781869356984000000,1781869416984000000,0
MappedFileStorage.totalBytesMapped,1781869356984000000,1781869416984000000,185860096
FilePageCache.capacityInBytes,1781869356984000000,1781869416984000000,629145600
FilePageCache.maxRegisteredFiles,1781869356984000000,1781869416984000000,1652
DirectByteBufferAllocator.reclaimed,1781869356984000000,1781869416984000000,0
StorageLockContext.competingThreads.90P,1781869356984000000,1781869416984000000,0
MappedFileStorage.totalPagesMapped,1781869356984000000,1781869416984000000,12
DirectByteBufferAllocator.totalSizeOfBuffersAllocatedInBytes,1781869356984000000,1781869416984000000,5242880
FilePageCache.totalPageDisposalsUs,1781869356984000000,1781869416984000000,1
DirectByteBufferAllocator.totalSizeOfBuffersCachedInBytes,1781869356984000000,1781869416984000000,81805312
FilePageCache.pageFastCacheHits,1781869356984000000,1781869416984000000,1
StorageLockContext.competingThreads.avg,1781869356984000000,1781869416984000000,0.0
FilePageCache.totalPageLoadsUs,1781869356984000000,1781869416984000000,2619
StorageLockContext.competingThreads.max,1781869356984000000,1781869416984000000,0
DirectByteBufferAllocator.disposed,1781869356984000000,1781869416984000000,0
FilePageCache.pageLoadsAboveSizeThreshold,1781869356984000000,1781869416984000000,0
StreamlinedBlobStorage.totalLiveRecordsPayloadBytes,1781869356984000000,1781869416984000000,0
FilePageCache.uncachedFileAccess,1781869356984000000,1781869416984000000,4
StreamlinedBlobStorage.recordsRelocated,1781869356984000000,1781869416984000000,0
DirectByteBufferAllocator.misses,1781869356984000000,1781869416984000000,5
Indexes.entries.lookupDurationMaxMs,1781869356984000000,1781869416984000000,1.0
Indexing.writer_3.totalTimeSpentWritingMs,1781869356984000000,1781869416984000000,0
Indexes.stubs.lookupDuration90PMs,1781869356984000000,1781869416984000000,0.0
Indexing.writesQueuedAvg,1781869356984000000,1781869416984000000,0.0
Indexes.entries.lookupDurationAvgMs,1781869356984000000,1781869416984000000,0.0030303030303030303
Indexing.writer_1.totalTimeSpentWritingMs,1781869356984000000,1781869416984000000,0
Indexing.writer_2.totalTimeSpentWritingMs,1781869356984000000,1781869416984000000,0
Indexes.entries.lookupDuration90PMs,1781869356984000000,1781869416984000000,0.0
Indexing.totalTimeIndexersSleptMs,1781869356984000000,1781869416984000000,0
Indexes.stubs.lookupDurationMaxMs,1781869356984000000,1781869416984000000,1.0
Indexes.allKeys.lookups,1781869356984000000,1781869416984000000,0
Indexing.writesQueuedMin,1781869356984000000,1781869416984000000,0
Indexes.stubs.lookups,1781869356984000000,1781869416984000000,358
Indexes.allKeys.lookupDurationMaxMs,1781869356984000000,1781869416984000000,0.0
Indexing.cache.totalCacheMisses,1781869356984000000,1781869416984000000,12
Indexes.entries.lookups,1781869356984000000,1781869416984000000,330
Indexing.cache.totalCacheAccesses,1781869356984000000,1781869416984000000,2013
Indexing.cache.totalCacheEvicted,1781869356984000000,1781869416984000000,7
Indexing.writer_0.totalTimeSpentWritingMs,1781869356984000000,1781869416984000000,0
Indexes.allKeys.lookupDurationAvgMs,1781869356984000000,1781869416984000000,0.0
Indexes.allKeys.lookupDuration90PMs,1781869356984000000,1781869416984000000,0.0
Indexes.stubs.lookupDurationAvgMs,1781869356984000000,1781869416984000000,0.025139664804469275
Indexing.writesQueuedMax,1781869356984000000,1781869416984000000,0
JVM.totalSafepointCount,1781869356984000000,1781869416984000000,0
JVM.maxThreadCount,1781869356984000000,1781869416984000000,134
JVM.threadCount,1781869356984000000,1781869416984000000,63
MEM.ramMinusFileMappingsBytes,1781869356984000000,1781869416984000000,1330860032
MEM.ramBytes,1781869356984000000,1781869416984000000,2067124224
JVM.totalTimeAtSafepointsMs,1781869356984000000,1781869416984000000,0
JVM.GC.collectionTimesMs,1781869356984000000,1781869416984000000,0
JVM.maxHeapBytes,1781869356984000000,1781869416984000000,2147483648
JVM.totalDirectByteBuffersBytes,1781869356984000000,1781869416984000000,6416385
MEM.fileMappingsRamBytes,1781869356984000000,1781869416984000000,724877312
JVM.totalCpuTimeMs,1781869356984000000,1781869416984000000,6700
JVM.GC.collections,1781869356984000000,1781869416984000000,0
JVM.usedHeapBytes,1781869356984000000,1781869416984000000,457655616
JVM.totalTimeToSafepointsMs,1781869356984000000,1781869416984000000,0
MEM.ramPlusSwapMinusFileMappingsBytes,1781869356984000000,1781869416984000000,1330860032
JVM.newThreadsCount,1781869356984000000,1781869416984000000,13
OS.loadAverage,1781869356984000000,1781869416984000000,0.650390625
JVM.committedHeapBytes,1781869356984000000,1781869416984000000,613416960
JVM.totalBytesAllocated,1781869356984000000,1781869416984000000,77486848
JVM.usedNativeBytes,1781869356984000000,1781869416984000000,437152712
jps.global.initialize.library.bridges.ms,1781869356984000000,1781869416984000000,0
workspaceModel.mutableEntityStorage.changeLog.addReplaceEventForRemovedParent.ms,1781869356984000000,1781869416984000000,0
jps.save.changed.project.entities.ms,1781869356984000000,1781869416984000000,0
jps.global.handle.before.change.events.ms,1781869356984000000,1781869416984000000,0
jps.artifact.entities.serializer.load.entities.ms,1781869356984000000,1781869416984000000,0
jps.app.storage.content.writer.save.component.ms,1781869356984000000,1781869416984000000,0
workspaceModel.load.cache.from.file.ms,1781869356984000000,1781869416984000000,0
workspaceModel.global.updates.ms,1781869356984000000,1781869416984000000,0
workspaceModel.mutableEntityStorage.resolve.ms,1781869356984000000,1781869416984000000,0
jps.project.serializers.save.ms,1781869356984000000,1781869416984000000,0
jps.library.entities.serializer.save.entities.ms,1781869356984000000,1781869416984000000,0
workspaceModel.mutableEntityStorage.has.same.entities.ms,1781869356984000000,1781869416984000000,0
workspaceModel.global.apply.state.to.project.ms,1781869356984000000,1781869416984000000,0
jps.reload.project.entities.ms,1781869356984000000,1781869416984000000,0
workspaceModel.mutableEntityStorage.modify.entity.ms,1781869356984000000,1781869416984000000,0
workspaceModel.mutableEntityStorage.entities.ms,1781869356984000000,1781869416984000000,0
workspaceModel.mutableEntityStorage.put.entity.ms,1781869356984000000,1781869416984000000,0
jps.module.iml.entities.serializer.save.entities.ms,1781869356984000000,1781869416984000000,0
workspaceModel.moduleManagerBridge.create.module.instance.ms,1781869356984000000,1781869416984000000,0
jps.global.get.library.by.name.ms,1781869356984000000,1781869416984000000,0
workspaceModel.mutableEntityStorage.changeLog.addReplaceEventForRemovedChild.ms,1781869356984000000,1781869416984000000,0
jps.global.handle.changed.events.ms,1781869356984000000,1781869416984000000,0
workspaceModel.mutableEntityStorage.replace.by.source.ms,1781869356984000000,1781869416984000000,0
workspaceModel.mutableEntityStorage.changeLog.addReplaceEventForNewChild.ms,1781869356984000000,1781869416984000000,0
workspaceModel.sync.entities.ms,1781869356984000000,1781869416984000000,0
workspaceModel.mutableEntityStorage.mutable.ext.mapping.ms,1781869356984000000,1781869416984000000,0
jps.load.initial.state.ms,1781869356984000000,1781869416984000000,0
jps.app.storage.content.reader.load.component.ms,1781869356984000000,1781869416984000000,0
jps.global.get.library.ms,1781869356984000000,1781869416984000000,0
workspaceModel.global.updates.count,1781869356984000000,1781869416984000000,0
jps.facet.change.listener.init.bridge.ms,1781869356984000000,1781869416984000000,0
jps.apply.loaded.storage.ms,1781869356984000000,1781869416984000000,0
workspaceModel.mutableEntityStorage.changeLog.addReplaceEventForNewParent.ms,1781869356984000000,1781869416984000000,0
jps.module.dependency.index.workspace.model.listener.on.changed.ms,1781869356984000000,1781869416984000000,0
workspaceModel.mutableEntityStorage.referrers.ms,1781869356984000000,1781869416984000000,0
jps.project.serializers.load.ms,1781869356984000000,1781869416984000000,0
workspaceModel.mutableEntityStorage.collect.changes.ms,1781869356984000000,1781869416984000000,0
workspaceModel.mutableEntityStorage.instances.count,1781869356984000000,1781869416984000000,0
jps.facet.change.listener.process.change.events.ms,1781869356984000000,1781869416984000000,0
workspaceModel.mutableEntityStorage.entities.by.source.ms,1781869356984000000,1781869416984000000,0
workspaceModel.moduleManagerBridge.load.all.modules.ms,1781869356984000000,1781869416984000000,0
workspaceModel.moduleManagerBridge.set.unloadedModules.ms,1781869356984000000,1781869416984000000,0
workspaceModel.mutableEntityStorage.to.snapshot.ms,1781869356984000000,1781869416984000000,0
jps.load.project.to.empty.storage.ms,1781869356984000000,1781869416984000000,0
workspaceModel.mutableEntityStorage.hasReferrers.ms,1781869356984000000,1781869416984000000,0
jps.module.iml.entities.serializer.load.entities.ms,1781869356984000000,1781869416984000000,0
workspaceModel.mutableEntityStorage.mutable.vfurl.index.ms,1781869356984000000,1781869416984000000,0
workspaceModel.mutableEntityStorage.add.entity.ms,1781869356984000000,1781869416984000000,0
workspaceModel.global.apply.state.to.project.builder.ms,1781869356984000000,1781869416984000000,0
jps.artifact.entities.serializer.save.entities.ms,1781869356984000000,1781869416984000000,0
jps.library.entities.serializer.load.entities.ms,1781869356984000000,1781869416984000000,0
workspaceModel.moduleBridge.facet.initialization.ms,1781869356984000000,1781869416984000000,0
jps.global.initialize.library.bridges.after.loading.ms,1781869356984000000,1781869416984000000,0
workspaceModel.mutableEntityStorage.apply.changes.from.ms,1781869356984000000,1781869416984000000,0
workspaceModel.moduleBridgeLoader.loading.modules.ms,1781869356984000000,1781869416984000000,0
workspaceModel.moduleManagerBridge.new.nonPersistent.module.ms,1781869356984000000,1781869416984000000,0
workspaceModel.orphan.listener.update.ms,1781869356984000000,1781869416984000000,0
jps.global.get.libraries.ms,1781869356984000000,1781869416984000000,0
workspaceModel.moduleManagerBridge.load.module.ms,1781869356984000000,1781869416984000000,0
workspaceModel.save.cache.to.file.ms,1781869356984000000,1781869416984000000,0
jps.save.global.entities.ms,1781869356984000000,1781869416984000000,0
workspaceModel.moduleManagerBridge.get.modules.ms,1781869356984000000,1781869416984000000,0
workspaceModel.delayed.project.synchronizer.sync.ms,1781869356984000000,1781869416984000000,0
workspaceModel.moduleBridge.update.option.ms,1781869356984000000,1781869416984000000,0
workspaceModel.moduleBridge.before.changed.ms,1781869356984000000,1781869416984000000,0
workspaceModel.mutableEntityStorage.remove.entity.ms,1781869356984000000,1781869416984000000,0
workspaceModel.moduleManagerBridge.build.module.graph.ms,1781869356984000000,1781869416984000000,0
jps.storage.jps.conf.reader.load.component.ms,1781869356984000000,1781869416984000000,0
workspaceModel.moduleManagerBridge.newModule.ms,1781869356984000000,1781869416984000000,0
workspaceModel.load.cache.metadata.from.file.ms,1781869356984000000,1781869416984000000,0
jps.facet.change.listener.before.change.events.ms,1781869356984000000,1781869416984000000,0
workspaceModel.do.save.caches.ms,1781869356984000000,1781869416984000000,0
compiler.ArtifactManagerBridge.commit.ms,1781869416984000000,1781869476984000000,0
compiler.ArtifactVirtualFileListener.filePathChanged.ms,1781869416984000000,1781869476984000000,0
compiler.ArtifactManagerBridge.dropMappings.ms,1781869416984000000,1781869476984000000,0
compiler.ArtifactManagerBridge.getArtifacts.ms,1781869416984000000,1781869476984000000,2
compiler.ArtifactManagerBridge.getArtifactsByType.ms,1781869416984000000,1781869476984000000,0
compiler.ArtifactManagerBridge.initBridges.ms,1781869416984000000,1781869476984000000,0
compiler.ArtifactManagerBridge.addArtifact.ms,1781869416984000000,1781869476984000000,0
compiler.ArtifactManagerBridge.findArtifact.ms,1781869416984000000,1781869476984000000,0
compiler.ArtifactVirtualFileListener.propertyChanged.ms,1781869416984000000,1781869476984000000,0
workspaceModel.workspaceFileIndexContributor.registerFileSets.ms,1781869416984000000,1781869476984000000,0
workspaceModel.workspaceFileIndexData.visitFileSets.ms,1781869416984000000,1781869476984000000,4
workspaceModel.cachedValue.from.cache.count,1781869416984000000,1781869476984000000,8
workspaceModel.workspaceFileIndexData.markDirty.ms,1781869416984000000,1781869476984000000,0
workspaceModel.workspaceFileIndexData.processFileSets.ms,1781869416984000000,1781869476984000000,0
workspaceModel.workspaceFileIndexData.getFileInfo.ms,1781869416984000000,1781869476984000000,22
workspaceModel.init.bridges.ms,1781869416984000000,1781869476984000000,0
workspaceModel.cachedValueWithParameters.total.get.count,1781869416984000000,1781869476984000000,0
workspaceModel.cachedValue.total.get.count,1781869416984000000,1781869476984000000,8
workspaceModel.pre.handlers.ms,1781869416984000000,1781869476984000000,0
workspaceModel.cachedValue.calculated.count,1781869416984000000,1781869476984000000,0
workspaceModel.replace.project.model.ms,1781869416984000000,1781869476984000000,0
workspaceModel.check.recursive.update.ms,1781869416984000000,1781869476984000000,0
workspaceModel.workspaceFileIndexData.getDirectoriesByPackageName.ms,1781869416984000000,1781869476984000000,0
workspaceModel.workspaceFileIndexData.getPackageName.ms,1781869416984000000,1781869476984000000,0
workspaceModel.cachedValueWithParameters.from.cache.count,1781869416984000000,1781869476984000000,0
workspaceModel.cachedValueWithParameters.calculated.count,1781869416984000000,1781869476984000000,0
workspaceModel.workspaceFileIndexData.instances.count,1781869416984000000,1781869476984000000,0
workspaceModel.full.replace.project.model.ms,1781869416984000000,1781869476984000000,0
workspaceModel.cachedValue.clear.count,1781869416984000000,1781869476984000000,0
workspaceModel.updates.count,1781869416984000000,1781869476984000000,0
workspaceModel.workspaceFileIndexData.init.ms,1781869416984000000,1781869476984000000,0
workspaceModel.collect.changes.ms,1781869416984000000,1781869476984000000,0
workspaceModel.cachedValueWithParameters.clear.count,1781869416984000000,1781869476984000000,0
workspaceModel.workspaceFileIndexData.updateDirtyEntities.ms,1781869416984000000,1781869476984000000,0
workspaceModel.initializing.ms,1781869416984000000,1781869476984000000,0
workspaceModel.workspaceFileIndexData.onEntitiesChanged.ms,1781869416984000000,1781869476984000000,0
workspaceModel.to.snapshot.ms,1781869416984000000,1781869476984000000,0
workspaceModel.update.unloaded.entities.ms,1781869416984000000,1781869476984000000,0
workspaceModel.on.changed.ms,1781869416984000000,1781869476984000000,0
workspaceModel.entityStorageSnapshotImpl.instances.count,1781869416984000000,1781869476984000000,0
workspaceModel.loading.from.cache.ms,1781869416984000000,1781869476984000000,0
workspaceModel.on.before.changed.ms,1781869416984000000,1781869476984000000,0
workspaceModel.updates.ms,1781869416984000000,1781869476984000000,0
workspaceModel.updates.precise.ms,1781869416984000000,1781869476984000000,0
workspaceModel.loading.total.ms,1781869416984000000,1781869476984000000,0
lexer.JAVA.time.ns,1781869416984000000,1781869476984000000,101502
LowMemory.gcLoad,1781869416984000000,1781869476984000000,0.0022406700867612333
DiskQueryRelay.taskExecutionTotalTimeUs,1781869416984000000,1781869476984000000,33631
writeAction.median.wait.ms,1781869416984000000,1781869476984000000,200
lexer.JAVA.size.bytes,1781869416984000000,1781869476984000000,256
writeAction.wait.ms,1781869416984000000,1781869476984000000,1
DiskQueryRelay.tasksExecuted,1781869416984000000,1781869476984000000,44
DiskQueryRelay.tasksRequested,1781869416984000000,1781869476984000000,44
writeAction.max.wait.ms,1781869416984000000,1781869476984000000,130
LowMemory.gcOverloaded,1781869416984000000,1781869476984000000,0
writeAction.count,1781869416984000000,1781869476984000000,4
DiskQueryRelay.taskWaitingTotalTimeUs,1781869416984000000,1781869476984000000,44515
FileNameCache.totalMisses,1781869416984000000,1781869476984000000,0
VFS.contentStorage.recordsReadDecompressed,1781869416984000000,1781869476984000000,0
VFS.contentStorage.recordsUncompressedSize,1781869416984000000,1781869476984000000,38945
FileNameCache.queries,1781869416984000000,1781869476984000000,36544
VFS.contentStorage.recordsStored,1781869416984000000,1781869476984000000,27
VFS.cache.segments,1781869416984000000,1781869476984000000,89.0
VFS.contentStorage.recordsDeduplicated,1781869416984000000,1781869476984000000,0
VFS.fileByIdCache.hits,1781869416984000000,1781869476984000000,0
VFS.contentStorage.recordsStoredSize,1781869416984000000,1781869476984000000,38945
VFS.contentStorage.recordsStoredCompressed,1781869416984000000,1781869476984000000,0
VFS.invertedFileNameIndex.requests,1781869416984000000,1781869476984000000,0
VFS.cache.segmentsCreated,1781869416984000000,1781869476984000000,0
VFS.contentStorage.recordsDecompressionTimeUs,1781869416984000000,1781869476984000000,0
VFS.fileChildByName,1781869416984000000,1781869476984000000,5613
VFS.fileByIdCache.misses,1781869416984000000,1781869476984000000,1
VFS.folderCaseSensitivityReads,1781869416984000000,1781869476984000000,3
VFS.rootsCount,1781869416984000000,1781869476984000000,13.0
VFS.cache.filesCreated,1781869416984000000,1781869476984000000,28760
VFS.contentStorage.recordsReadSize,1781869416984000000,1781869476984000000,0
VFS.cache.directoriesCreated,1781869416984000000,1781869476984000000,10
VFS.contentStorage.recordsRead,1781869416984000000,1781869476984000000,0
cacheStateStorage.set.duration,1781869416984000000,1781869476984000000,15
cacheStateStorage.get.counter,1781869416984000000,1781869476984000000,0
cacheStateStorage.get.duration,1781869416984000000,1781869476984000000,0
cacheStateStorage.set.counter,1781869416984000000,1781869476984000000,10
FlushQueue.executionTimeAvgNs,1781869416984000000,1781869476984000000,240190.97183098592
NonBlockingReadAction.finalizedExecutionTimeUs,1781869416984000000,1781869476984000000,55389
FlushQueue.queueSizeAvg,1781869416984000000,1781869476984000000,2.7940140845070425
FlushQueue.waitingTime90PNs,1781869416984000000,1781869476984000000,5668863
FlushQueue.tasksExecuted,1781869416984000000,1781869476984000000,1704
WriteAction.executionsCount,1781869416984000000,1781869476984000000,4
AWTEventQueue.dispatchTimeAvgNs,1781869416984000000,1781869476984000000,1251239.454183267
FlushQueue.waitingTimeMaxNs,1781869416984000000,1781869476984000000,207618047
AWTEventQueue.dispatchTime90PNs,1781869416984000000,1781869476984000000,1925119
NonBlockingReadAction.finalizedExecutionsCount,1781869416984000000,1781869476984000000,58
FlushQueue.executionTimeMaxNs,1781869416984000000,1781869476984000000,50855935
AWTEventQueue.dispatchTimeTotalNS,1781869416984000000,1781869476984000000,2515114851
FlushQueue.executionTime90PNs,1781869416984000000,1781869476984000000,448511
FlushQueue.queueSizeMax,1781869416984000000,1781869476984000000,21
NonBlockingReadAction.failedExecutionsCount,1781869416984000000,1781869476984000000,0
AWTEventQueue.eventsDispatched,1781869416984000000,1781869476984000000,2008
AWTEventQueue.dispatchTimeMaxNs,1781869416984000000,1781869476984000000,204472319
NonBlockingReadAction.failedExecutionTimeUs,1781869416984000000,1781869476984000000,0
FlushQueue.waitingTimeAvgNs,1781869416984000000,1781869476984000000,3243208.8591549294
ReadAction.executionsCount,1781869416984000000,1781869476984000000,32896
FlushQueue.queueSize90P,1781869416984000000,1781869476984000000,9
StreamlinedBlobStorage.recordsDeleted,1781869416984000000,1781869476984000000,0
MappedFileStorage.totalTimeSpentOnMappingUs,1781869416984000000,1781869476984000000,26310
FilePageCache.pageLoads,1781869416984000000,1781869476984000000,9
MappedFileStorage.storages,1781869416984000000,1781869476984000000,12
DirectByteBufferAllocator.hits,1781869416984000000,1781869476984000000,0
FilePageCache.disposedBuffers,1781869416984000000,1781869476984000000,14
StreamlinedBlobStorage.recordsAllocated,1781869416984000000,1781869476984000000,10
FilePageCache.maxCacheSizeInBytes,1781869416984000000,1781869476984000000,629153792
StreamlinedBlobStorage.totalLiveRecordsCapacityBytes,1781869416984000000,1781869476984000000,700
FilePageCache.pageHits,1781869416984000000,1781869476984000000,0
FileChannelInterruptsRetryer.totalRetriedAttempts,1781869416984000000,1781869476984000000,0
MappedFileStorage.totalBytesMapped,1781869416984000000,1781869476984000000,185860096
FilePageCache.capacityInBytes,1781869416984000000,1781869476984000000,629145600
FilePageCache.maxRegisteredFiles,1781869416984000000,1781869476984000000,1652
DirectByteBufferAllocator.reclaimed,1781869416984000000,1781869476984000000,14
StorageLockContext.competingThreads.90P,1781869416984000000,1781869476984000000,0
MappedFileStorage.totalPagesMapped,1781869416984000000,1781869476984000000,12
DirectByteBufferAllocator.totalSizeOfBuffersAllocatedInBytes,1781869416984000000,1781869476984000000,0
FilePageCache.totalPageDisposalsUs,1781869416984000000,1781869476984000000,8
DirectByteBufferAllocator.totalSizeOfBuffersCachedInBytes,1781869416984000000,1781869476984000000,93364224
FilePageCache.pageFastCacheHits,1781869416984000000,1781869476984000000,55
StorageLockContext.competingThreads.avg,1781869416984000000,1781869476984000000,0.0
FilePageCache.totalPageLoadsUs,1781869416984000000,1781869476984000000,8335
StorageLockContext.competingThreads.max,1781869416984000000,1781869476984000000,0
DirectByteBufferAllocator.disposed,1781869416984000000,1781869476984000000,14
FilePageCache.pageLoadsAboveSizeThreshold,1781869416984000000,1781869476984000000,0
StreamlinedBlobStorage.totalLiveRecordsPayloadBytes,1781869416984000000,1781869476984000000,99
FilePageCache.uncachedFileAccess,1781869416984000000,1781869476984000000,10
StreamlinedBlobStorage.recordsRelocated,1781869416984000000,1781869476984000000,0
DirectByteBufferAllocator.misses,1781869416984000000,1781869476984000000,9
Indexes.entries.lookupDurationMaxMs,1781869416984000000,1781869476984000000,4.0
Indexing.writer_3.totalTimeSpentWritingMs,1781869416984000000,1781869476984000000,0
Indexes.stubs.lookupDuration90PMs,1781869416984000000,1781869476984000000,0.0
Indexing.writesQueuedAvg,1781869416984000000,1781869476984000000,0.0
Indexes.entries.lookupDurationAvgMs,1781869416984000000,1781869476984000000,0.18
Indexing.writer_1.totalTimeSpentWritingMs,1781869416984000000,1781869476984000000,0
Indexing.writer_2.totalTimeSpentWritingMs,1781869416984000000,1781869476984000000,0
Indexes.entries.lookupDuration90PMs,1781869416984000000,1781869476984000000,1.0
Indexing.totalTimeIndexersSleptMs,1781869416984000000,1781869476984000000,0
Indexes.stubs.lookupDurationMaxMs,1781869416984000000,1781869476984000000,3.0
Indexes.allKeys.lookups,1781869416984000000,1781869476984000000,2
Indexing.writesQueuedMin,1781869416984000000,1781869476984000000,0
Indexes.stubs.lookups,1781869416984000000,1781869476984000000,105
Indexes.allKeys.lookupDurationMaxMs,1781869416984000000,1781869476984000000,0.0
Indexing.cache.totalCacheMisses,1781869416984000000,1781869476984000000,49
Indexes.entries.lookups,1781869416984000000,1781869476984000000,50
Indexing.cache.totalCacheAccesses,1781869416984000000,1781869476984000000,400
Indexing.cache.totalCacheEvicted,1781869416984000000,1781869476984000000,39
Indexing.writer_0.totalTimeSpentWritingMs,1781869416984000000,1781869476984000000,0
Indexes.allKeys.lookupDurationAvgMs,1781869416984000000,1781869476984000000,0.0
Indexes.allKeys.lookupDuration90PMs,1781869416984000000,1781869476984000000,0.0
Indexes.stubs.lookupDurationAvgMs,1781869416984000000,1781869476984000000,0.09523809523809523
Indexing.writesQueuedMax,1781869416984000000,1781869476984000000,0
JVM.totalSafepointCount,1781869416984000000,1781869476984000000,4
JVM.maxThreadCount,1781869416984000000,1781869476984000000,134
JVM.threadCount,1781869416984000000,1781869476984000000,64
MEM.ramMinusFileMappingsBytes,1781869416984000000,1781869476984000000,1391357952
MEM.ramBytes,1781869416984000000,1781869476984000000,2162479104
JVM.totalTimeAtSafepointsMs,1781869416984000000,1781869476984000000,220
JVM.GC.collectionTimesMs,1781869416984000000,1781869476984000000,219
JVM.maxHeapBytes,1781869416984000000,1781869476984000000,2147483648
JVM.totalDirectByteBuffersBytes,1781869416984000000,1781869476984000000,1173505
MEM.fileMappingsRamBytes,1781869416984000000,1781869476984000000,759742464
JVM.totalCpuTimeMs,1781869416984000000,1781869476984000000,17590
JVM.GC.collections,1781869416984000000,1781869476984000000,4
JVM.usedHeapBytes,1781869416984000000,1781869476984000000,419672096
JVM.totalTimeToSafepointsMs,1781869416984000000,1781869476984000000,1
MEM.ramPlusSwapMinusFileMappingsBytes,1781869416984000000,1781869476984000000,1391357952
JVM.newThreadsCount,1781869416984000000,1781869476984000000,5
OS.loadAverage,1781869416984000000,1781869476984000000,1.82861328125
JVM.committedHeapBytes,1781869416984000000,1781869476984000000,657457152
JVM.totalBytesAllocated,1781869416984000000,1781869476984000000,236309520
JVM.usedNativeBytes,1781869416984000000,1781869476984000000,453825368
jps.global.initialize.library.bridges.ms,1781869416984000000,1781869476984000000,0
workspaceModel.mutableEntityStorage.changeLog.addReplaceEventForRemovedParent.ms,1781869416984000000,1781869476984000000,0
jps.save.changed.project.entities.ms,1781869416984000000,1781869476984000000,0
jps.global.handle.before.change.events.ms,1781869416984000000,1781869476984000000,0
jps.artifact.entities.serializer.load.entities.ms,1781869416984000000,1781869476984000000,0
jps.app.storage.content.writer.save.component.ms,1781869416984000000,1781869476984000000,3
workspaceModel.load.cache.from.file.ms,1781869416984000000,1781869476984000000,0
workspaceModel.global.updates.ms,1781869416984000000,1781869476984000000,0
workspaceModel.mutableEntityStorage.resolve.ms,1781869416984000000,1781869476984000000,0
jps.project.serializers.save.ms,1781869416984000000,1781869476984000000,0
jps.library.entities.serializer.save.entities.ms,1781869416984000000,1781869476984000000,0
workspaceModel.mutableEntityStorage.has.same.entities.ms,1781869416984000000,1781869476984000000,0
workspaceModel.global.apply.state.to.project.ms,1781869416984000000,1781869476984000000,0
jps.reload.project.entities.ms,1781869416984000000,1781869476984000000,0
workspaceModel.mutableEntityStorage.modify.entity.ms,1781869416984000000,1781869476984000000,0
workspaceModel.mutableEntityStorage.entities.ms,1781869416984000000,1781869476984000000,0
workspaceModel.mutableEntityStorage.put.entity.ms,1781869416984000000,1781869476984000000,0
jps.module.iml.entities.serializer.save.entities.ms,1781869416984000000,1781869476984000000,0
workspaceModel.moduleManagerBridge.create.module.instance.ms,1781869416984000000,1781869476984000000,0
jps.global.get.library.by.name.ms,1781869416984000000,1781869476984000000,0
workspaceModel.mutableEntityStorage.changeLog.addReplaceEventForRemovedChild.ms,1781869416984000000,1781869476984000000,0
jps.global.handle.changed.events.ms,1781869416984000000,1781869476984000000,0
workspaceModel.mutableEntityStorage.replace.by.source.ms,1781869416984000000,1781869476984000000,0
workspaceModel.mutableEntityStorage.changeLog.addReplaceEventForNewChild.ms,1781869416984000000,1781869476984000000,0
workspaceModel.sync.entities.ms,1781869416984000000,1781869476984000000,0
workspaceModel.mutableEntityStorage.mutable.ext.mapping.ms,1781869416984000000,1781869476984000000,0
jps.load.initial.state.ms,1781869416984000000,1781869476984000000,0
jps.app.storage.content.reader.load.component.ms,1781869416984000000,1781869476984000000,0
jps.global.get.library.ms,1781869416984000000,1781869476984000000,0
workspaceModel.global.updates.count,1781869416984000000,1781869476984000000,0
jps.facet.change.listener.init.bridge.ms,1781869416984000000,1781869476984000000,0
jps.apply.loaded.storage.ms,1781869416984000000,1781869476984000000,0
workspaceModel.mutableEntityStorage.changeLog.addReplaceEventForNewParent.ms,1781869416984000000,1781869476984000000,0
jps.module.dependency.index.workspace.model.listener.on.changed.ms,1781869416984000000,1781869476984000000,0
workspaceModel.mutableEntityStorage.referrers.ms,1781869416984000000,1781869476984000000,0
jps.project.serializers.load.ms,1781869416984000000,1781869476984000000,0
workspaceModel.mutableEntityStorage.collect.changes.ms,1781869416984000000,1781869476984000000,0
workspaceModel.mutableEntityStorage.instances.count,1781869416984000000,1781869476984000000,0
jps.facet.change.listener.process.change.events.ms,1781869416984000000,1781869476984000000,0
workspaceModel.mutableEntityStorage.entities.by.source.ms,1781869416984000000,1781869476984000000,0
workspaceModel.moduleManagerBridge.load.all.modules.ms,1781869416984000000,1781869476984000000,0
workspaceModel.moduleManagerBridge.set.unloadedModules.ms,1781869416984000000,1781869476984000000,0
workspaceModel.mutableEntityStorage.to.snapshot.ms,1781869416984000000,1781869476984000000,0
jps.load.project.to.empty.storage.ms,1781869416984000000,1781869476984000000,0
workspaceModel.mutableEntityStorage.hasReferrers.ms,1781869416984000000,1781869476984000000,0
jps.module.iml.entities.serializer.load.entities.ms,1781869416984000000,1781869476984000000,0
workspaceModel.mutableEntityStorage.mutable.vfurl.index.ms,1781869416984000000,1781869476984000000,0
workspaceModel.mutableEntityStorage.add.entity.ms,1781869416984000000,1781869476984000000,0
workspaceModel.global.apply.state.to.project.builder.ms,1781869416984000000,1781869476984000000,0
jps.artifact.entities.serializer.save.entities.ms,1781869416984000000,1781869476984000000,0
jps.library.entities.serializer.load.entities.ms,1781869416984000000,1781869476984000000,0
workspaceModel.moduleBridge.facet.initialization.ms,1781869416984000000,1781869476984000000,0
jps.global.initialize.library.bridges.after.loading.ms,1781869416984000000,1781869476984000000,0
workspaceModel.mutableEntityStorage.apply.changes.from.ms,1781869416984000000,1781869476984000000,0
workspaceModel.moduleBridgeLoader.loading.modules.ms,1781869416984000000,1781869476984000000,0
workspaceModel.moduleManagerBridge.new.nonPersistent.module.ms,1781869416984000000,1781869476984000000,0
workspaceModel.orphan.listener.update.ms,1781869416984000000,1781869476984000000,0
jps.global.get.libraries.ms,1781869416984000000,1781869476984000000,0
workspaceModel.moduleManagerBridge.load.module.ms,1781869416984000000,1781869476984000000,0
workspaceModel.save.cache.to.file.ms,1781869416984000000,1781869476984000000,0
jps.save.global.entities.ms,1781869416984000000,1781869476984000000,5
workspaceModel.moduleManagerBridge.get.modules.ms,1781869416984000000,1781869476984000000,0
workspaceModel.delayed.project.synchronizer.sync.ms,1781869416984000000,1781869476984000000,0
workspaceModel.moduleBridge.update.option.ms,1781869416984000000,1781869476984000000,0
workspaceModel.moduleBridge.before.changed.ms,1781869416984000000,1781869476984000000,0
workspaceModel.mutableEntityStorage.remove.entity.ms,1781869416984000000,1781869476984000000,0
workspaceModel.moduleManagerBridge.build.module.graph.ms,1781869416984000000,1781869476984000000,0
jps.storage.jps.conf.reader.load.component.ms,1781869416984000000,1781869476984000000,0
workspaceModel.moduleManagerBridge.newModule.ms,1781869416984000000,1781869476984000000,0
workspaceModel.load.cache.metadata.from.file.ms,1781869416984000000,1781869476984000000,0
jps.facet.change.listener.before.change.events.ms,1781869416984000000,1781869476984000000,0
workspaceModel.do.save.caches.ms,1781869416984000000,1781869476984000000,0
compiler.ArtifactManagerBridge.commit.ms,1781869476984000000,1781869536984000000,0
compiler.ArtifactVirtualFileListener.filePathChanged.ms,1781869476984000000,1781869536984000000,0
compiler.ArtifactManagerBridge.dropMappings.ms,1781869476984000000,1781869536984000000,0
compiler.ArtifactManagerBridge.getArtifacts.ms,1781869476984000000,1781869536984000000,0
compiler.ArtifactManagerBridge.getArtifactsByType.ms,1781869476984000000,1781869536984000000,0
compiler.ArtifactManagerBridge.initBridges.ms,1781869476984000000,1781869536984000000,0
compiler.ArtifactManagerBridge.addArtifact.ms,1781869476984000000,1781869536984000000,0
compiler.ArtifactManagerBridge.findArtifact.ms,1781869476984000000,1781869536984000000,0
compiler.ArtifactVirtualFileListener.propertyChanged.ms,1781869476984000000,1781869536984000000,0
workspaceModel.workspaceFileIndexContributor.registerFileSets.ms,1781869476984000000,1781869536984000000,0
workspaceModel.workspaceFileIndexData.visitFileSets.ms,1781869476984000000,1781869536984000000,0
workspaceModel.cachedValue.from.cache.count,1781869476984000000,1781869536984000000,0
workspaceModel.workspaceFileIndexData.markDirty.ms,1781869476984000000,1781869536984000000,0
workspaceModel.workspaceFileIndexData.processFileSets.ms,1781869476984000000,1781869536984000000,0
workspaceModel.workspaceFileIndexData.getFileInfo.ms,1781869476984000000,1781869536984000000,0
workspaceModel.init.bridges.ms,1781869476984000000,1781869536984000000,0
workspaceModel.cachedValueWithParameters.total.get.count,1781869476984000000,1781869536984000000,0
workspaceModel.cachedValue.total.get.count,1781869476984000000,1781869536984000000,0
workspaceModel.pre.handlers.ms,1781869476984000000,1781869536984000000,0
workspaceModel.cachedValue.calculated.count,1781869476984000000,1781869536984000000,0
workspaceModel.replace.project.model.ms,1781869476984000000,1781869536984000000,0
workspaceModel.check.recursive.update.ms,1781869476984000000,1781869536984000000,0
workspaceModel.workspaceFileIndexData.getDirectoriesByPackageName.ms,1781869476984000000,1781869536984000000,0
workspaceModel.workspaceFileIndexData.getPackageName.ms,1781869476984000000,1781869536984000000,0
workspaceModel.cachedValueWithParameters.from.cache.count,1781869476984000000,1781869536984000000,0
workspaceModel.cachedValueWithParameters.calculated.count,1781869476984000000,1781869536984000000,0
workspaceModel.workspaceFileIndexData.instances.count,1781869476984000000,1781869536984000000,0
workspaceModel.full.replace.project.model.ms,1781869476984000000,1781869536984000000,0
workspaceModel.cachedValue.clear.count,1781869476984000000,1781869536984000000,0
workspaceModel.updates.count,1781869476984000000,1781869536984000000,0
workspaceModel.workspaceFileIndexData.init.ms,1781869476984000000,1781869536984000000,0
workspaceModel.collect.changes.ms,1781869476984000000,1781869536984000000,0
workspaceModel.cachedValueWithParameters.clear.count,1781869476984000000,1781869536984000000,0
workspaceModel.workspaceFileIndexData.updateDirtyEntities.ms,1781869476984000000,1781869536984000000,0
workspaceModel.initializing.ms,1781869476984000000,1781869536984000000,0
workspaceModel.workspaceFileIndexData.onEntitiesChanged.ms,1781869476984000000,1781869536984000000,0
workspaceModel.to.snapshot.ms,1781869476984000000,1781869536984000000,0
workspaceModel.update.unloaded.entities.ms,1781869476984000000,1781869536984000000,0
workspaceModel.on.changed.ms,1781869476984000000,1781869536984000000,0
workspaceModel.entityStorageSnapshotImpl.instances.count,1781869476984000000,1781869536984000000,0
workspaceModel.loading.from.cache.ms,1781869476984000000,1781869536984000000,0
workspaceModel.on.before.changed.ms,1781869476984000000,1781869536984000000,0
workspaceModel.updates.ms,1781869476984000000,1781869536984000000,0
workspaceModel.updates.precise.ms,1781869476984000000,1781869536984000000,0
workspaceModel.loading.total.ms,1781869476984000000,1781869536984000000,0
LowMemory.gcLoad,1781869476984000000,1781869536984000000,0.0011503216899784684
DiskQueryRelay.taskExecutionTotalTimeUs,1781869476984000000,1781869536984000000,2196
writeAction.median.wait.ms,1781869476984000000,1781869536984000000,200
writeAction.wait.ms,1781869476984000000,1781869536984000000,0
DiskQueryRelay.tasksExecuted,1781869476984000000,1781869536984000000,7
DiskQueryRelay.tasksRequested,1781869476984000000,1781869536984000000,7
writeAction.max.wait.ms,1781869476984000000,1781869536984000000,130
LowMemory.gcOverloaded,1781869476984000000,1781869536984000000,0
writeAction.count,1781869476984000000,1781869536984000000,0
DiskQueryRelay.taskWaitingTotalTimeUs,1781869476984000000,1781869536984000000,2255
FileNameCache.totalMisses,1781869476984000000,1781869536984000000,0
VFS.contentStorage.recordsReadDecompressed,1781869476984000000,1781869536984000000,0
VFS.contentStorage.recordsUncompressedSize,1781869476984000000,1781869536984000000,0
FileNameCache.queries,1781869476984000000,1781869536984000000,0
VFS.contentStorage.recordsStored,1781869476984000000,1781869536984000000,0
VFS.cache.segments,1781869476984000000,1781869536984000000,89.0
VFS.contentStorage.recordsDeduplicated,1781869476984000000,1781869536984000000,0
VFS.fileByIdCache.hits,1781869476984000000,1781869536984000000,0
VFS.contentStorage.recordsStoredSize,1781869476984000000,1781869536984000000,0
VFS.contentStorage.recordsStoredCompressed,1781869476984000000,1781869536984000000,0
VFS.invertedFileNameIndex.requests,1781869476984000000,1781869536984000000,0
VFS.cache.segmentsCreated,1781869476984000000,1781869536984000000,0
VFS.contentStorage.recordsDecompressionTimeUs,1781869476984000000,1781869536984000000,0
VFS.fileChildByName,1781869476984000000,1781869536984000000,0
VFS.fileByIdCache.misses,1781869476984000000,1781869536984000000,0
VFS.folderCaseSensitivityReads,1781869476984000000,1781869536984000000,0
VFS.rootsCount,1781869476984000000,1781869536984000000,13.0
VFS.cache.filesCreated,1781869476984000000,1781869536984000000,18
VFS.contentStorage.recordsReadSize,1781869476984000000,1781869536984000000,0
VFS.cache.directoriesCreated,1781869476984000000,1781869536984000000,0
VFS.contentStorage.recordsRead,1781869476984000000,1781869536984000000,0
cacheStateStorage.set.duration,1781869476984000000,1781869536984000000,0
cacheStateStorage.get.counter,1781869476984000000,1781869536984000000,0
cacheStateStorage.get.duration,1781869476984000000,1781869536984000000,0
cacheStateStorage.set.counter,1781869476984000000,1781869536984000000,0
FlushQueue.executionTimeAvgNs,1781869476984000000,1781869536984000000,214994.2857142857
NonBlockingReadAction.finalizedExecutionTimeUs,1781869476984000000,1781869536984000000,0
FlushQueue.queueSizeAvg,1781869476984000000,1781869536984000000,0.21428571428571427
FlushQueue.waitingTime90PNs,1781869476984000000,1781869536984000000,618495
FlushQueue.tasksExecuted,1781869476984000000,1781869536984000000,14
WriteAction.executionsCount,1781869476984000000,1781869536984000000,0
AWTEventQueue.dispatchTimeAvgNs,1781869476984000000,1781869536984000000,361540.52173913043
FlushQueue.waitingTimeMaxNs,1781869476984000000,1781869536984000000,638975
AWTEventQueue.dispatchTime90PNs,1781869476984000000,1781869536984000000,638975
NonBlockingReadAction.finalizedExecutionsCount,1781869476984000000,1781869536984000000,0
FlushQueue.executionTimeMaxNs,1781869476984000000,1781869536984000000,602111
AWTEventQueue.dispatchTimeTotalNS,1781869476984000000,1781869536984000000,33268729
FlushQueue.executionTime90PNs,1781869476984000000,1781869536984000000,399359
FlushQueue.queueSizeMax,1781869476984000000,1781869536984000000,1
NonBlockingReadAction.failedExecutionsCount,1781869476984000000,1781869536984000000,0
AWTEventQueue.eventsDispatched,1781869476984000000,1781869536984000000,92
AWTEventQueue.dispatchTimeMaxNs,1781869476984000000,1781869536984000000,1073151
NonBlockingReadAction.failedExecutionTimeUs,1781869476984000000,1781869536984000000,0
FlushQueue.waitingTimeAvgNs,1781869476984000000,1781869536984000000,402541.71428571426
ReadAction.executionsCount,1781869476984000000,1781869536984000000,25
FlushQueue.queueSize90P,1781869476984000000,1781869536984000000,1
StreamlinedBlobStorage.recordsDeleted,1781869476984000000,1781869536984000000,0
MappedFileStorage.totalTimeSpentOnMappingUs,1781869476984000000,1781869536984000000,26310
FilePageCache.pageLoads,1781869476984000000,1781869536984000000,0
MappedFileStorage.storages,1781869476984000000,1781869536984000000,12
DirectByteBufferAllocator.hits,1781869476984000000,1781869536984000000,0
FilePageCache.disposedBuffers,1781869476984000000,1781869536984000000,0
StreamlinedBlobStorage.recordsAllocated,1781869476984000000,1781869536984000000,0
FilePageCache.maxCacheSizeInBytes,1781869476984000000,1781869536984000000,629153792
StreamlinedBlobStorage.totalLiveRecordsCapacityBytes,1781869476984000000,1781869536984000000,0
FilePageCache.pageHits,1781869476984000000,1781869536984000000,0
FileChannelInterruptsRetryer.totalRetriedAttempts,1781869476984000000,1781869536984000000,0
MappedFileStorage.totalBytesMapped,1781869476984000000,1781869536984000000,185860096
FilePageCache.capacityInBytes,1781869476984000000,1781869536984000000,629145600
FilePageCache.maxRegisteredFiles,1781869476984000000,1781869536984000000,1652
DirectByteBufferAllocator.reclaimed,1781869476984000000,1781869536984000000,0
StorageLockContext.competingThreads.90P,1781869476984000000,1781869536984000000,0
MappedFileStorage.totalPagesMapped,1781869476984000000,1781869536984000000,12
DirectByteBufferAllocator.totalSizeOfBuffersAllocatedInBytes,1781869476984000000,1781869536984000000,0
FilePageCache.totalPageDisposalsUs,1781869476984000000,1781869536984000000,0
DirectByteBufferAllocator.totalSizeOfBuffersCachedInBytes,1781869476984000000,1781869536984000000,93364224
FilePageCache.pageFastCacheHits,1781869476984000000,1781869536984000000,0
StorageLockContext.competingThreads.avg,1781869476984000000,1781869536984000000,0.0
FilePageCache.totalPageLoadsUs,1781869476984000000,1781869536984000000,0
StorageLockContext.competingThreads.max,1781869476984000000,1781869536984000000,0
DirectByteBufferAllocator.disposed,1781869476984000000,1781869536984000000,0
FilePageCache.pageLoadsAboveSizeThreshold,1781869476984000000,1781869536984000000,0
StreamlinedBlobStorage.totalLiveRecordsPayloadBytes,1781869476984000000,1781869536984000000,0
FilePageCache.uncachedFileAccess,1781869476984000000,1781869536984000000,0
StreamlinedBlobStorage.recordsRelocated,1781869476984000000,1781869536984000000,0
DirectByteBufferAllocator.misses,1781869476984000000,1781869536984000000,0
Indexes.entries.lookupDurationMaxMs,1781869476984000000,1781869536984000000,0.0
Indexing.writer_3.totalTimeSpentWritingMs,1781869476984000000,1781869536984000000,0
Indexes.stubs.lookupDuration90PMs,1781869476984000000,1781869536984000000,0.0
Indexing.writesQueuedAvg,1781869476984000000,1781869536984000000,0.0
Indexes.entries.lookupDurationAvgMs,1781869476984000000,1781869536984000000,0.0
Indexing.writer_1.totalTimeSpentWritingMs,1781869476984000000,1781869536984000000,0
Indexing.writer_2.totalTimeSpentWritingMs,1781869476984000000,1781869536984000000,0
Indexes.entries.lookupDuration90PMs,1781869476984000000,1781869536984000000,0.0
Indexing.totalTimeIndexersSleptMs,1781869476984000000,1781869536984000000,0
Indexes.stubs.lookupDurationMaxMs,1781869476984000000,1781869536984000000,0.0
Indexes.allKeys.lookups,1781869476984000000,1781869536984000000,0
Indexing.writesQueuedMin,1781869476984000000,1781869536984000000,0
Indexes.stubs.lookups,1781869476984000000,1781869536984000000,0
Indexes.allKeys.lookupDurationMaxMs,1781869476984000000,1781869536984000000,0.0
Indexing.cache.totalCacheMisses,1781869476984000000,1781869536984000000,0
Indexes.entries.lookups,1781869476984000000,1781869536984000000,0
Indexing.cache.totalCacheAccesses,1781869476984000000,1781869536984000000,0
Indexing.cache.totalCacheEvicted,1781869476984000000,1781869536984000000,0
Indexing.writer_0.totalTimeSpentWritingMs,1781869476984000000,1781869536984000000,0
Indexes.allKeys.lookupDurationAvgMs,1781869476984000000,1781869536984000000,0.0
Indexes.allKeys.lookupDuration90PMs,1781869476984000000,1781869536984000000,0.0
Indexes.stubs.lookupDurationAvgMs,1781869476984000000,1781869536984000000,0.0
Indexing.writesQueuedMax,1781869476984000000,1781869536984000000,0
JVM.totalSafepointCount,1781869476984000000,1781869536984000000,0
JVM.maxThreadCount,1781869476984000000,1781869536984000000,134
JVM.threadCount,1781869476984000000,1781869536984000000,51
MEM.ramMinusFileMappingsBytes,1781869476984000000,1781869536984000000,1397178368
MEM.ramBytes,1781869476984000000,1781869536984000000,2168299520
JVM.totalTimeAtSafepointsMs,1781869476984000000,1781869536984000000,0
JVM.GC.collectionTimesMs,1781869476984000000,1781869536984000000,0
JVM.maxHeapBytes,1781869476984000000,1781869536984000000,2147483648
JVM.totalDirectByteBuffersBytes,1781869476984000000,1781869536984000000,1173505
MEM.fileMappingsRamBytes,1781869476984000000,1781869536984000000,759742464
JVM.totalCpuTimeMs,1781869476984000000,1781869536984000000,2360
JVM.GC.collections,1781869476984000000,1781869536984000000,0
JVM.usedHeapBytes,1781869476984000000,1781869536984000000,438546464
JVM.totalTimeToSafepointsMs,1781869476984000000,1781869536984000000,0
MEM.ramPlusSwapMinusFileMappingsBytes,1781869476984000000,1781869536984000000,1397178368
JVM.newThreadsCount,1781869476984000000,1781869536984000000,0
OS.loadAverage,1781869476984000000,1781869536984000000,2.6162109375
JVM.committedHeapBytes,1781869476984000000,1781869536984000000,657457152
JVM.totalBytesAllocated,1781869476984000000,1781869536984000000,19221584
JVM.usedNativeBytes,1781869476984000000,1781869536984000000,454694552
jps.global.initialize.library.bridges.ms,1781869476984000000,1781869536984000000,0
workspaceModel.mutableEntityStorage.changeLog.addReplaceEventForRemovedParent.ms,1781869476984000000,1781869536984000000,0
jps.save.changed.project.entities.ms,1781869476984000000,1781869536984000000,0
jps.global.handle.before.change.events.ms,1781869476984000000,1781869536984000000,0
jps.artifact.entities.serializer.load.entities.ms,1781869476984000000,1781869536984000000,0
jps.app.storage.content.writer.save.component.ms,1781869476984000000,1781869536984000000,0
workspaceModel.load.cache.from.file.ms,1781869476984000000,1781869536984000000,0
workspaceModel.global.updates.ms,1781869476984000000,1781869536984000000,0
workspaceModel.mutableEntityStorage.resolve.ms,1781869476984000000,1781869536984000000,0
jps.project.serializers.save.ms,1781869476984000000,1781869536984000000,0
jps.library.entities.serializer.save.entities.ms,1781869476984000000,1781869536984000000,0
workspaceModel.mutableEntityStorage.has.same.entities.ms,1781869476984000000,1781869536984000000,0
workspaceModel.global.apply.state.to.project.ms,1781869476984000000,1781869536984000000,0
jps.reload.project.entities.ms,1781869476984000000,1781869536984000000,0
workspaceModel.mutableEntityStorage.modify.entity.ms,1781869476984000000,1781869536984000000,0
workspaceModel.mutableEntityStorage.entities.ms,1781869476984000000,1781869536984000000,0
workspaceModel.mutableEntityStorage.put.entity.ms,1781869476984000000,1781869536984000000,0
jps.module.iml.entities.serializer.save.entities.ms,1781869476984000000,1781869536984000000,0
workspaceModel.moduleManagerBridge.create.module.instance.ms,1781869476984000000,1781869536984000000,0
jps.global.get.library.by.name.ms,1781869476984000000,1781869536984000000,0
workspaceModel.mutableEntityStorage.changeLog.addReplaceEventForRemovedChild.ms,1781869476984000000,1781869536984000000,0
jps.global.handle.changed.events.ms,1781869476984000000,1781869536984000000,0
workspaceModel.mutableEntityStorage.replace.by.source.ms,1781869476984000000,1781869536984000000,0
workspaceModel.mutableEntityStorage.changeLog.addReplaceEventForNewChild.ms,1781869476984000000,1781869536984000000,0
workspaceModel.sync.entities.ms,1781869476984000000,1781869536984000000,0
workspaceModel.mutableEntityStorage.mutable.ext.mapping.ms,1781869476984000000,1781869536984000000,0
jps.load.initial.state.ms,1781869476984000000,1781869536984000000,0
jps.app.storage.content.reader.load.component.ms,1781869476984000000,1781869536984000000,0
jps.global.get.library.ms,1781869476984000000,1781869536984000000,0
workspaceModel.global.updates.count,1781869476984000000,1781869536984000000,0
jps.facet.change.listener.init.bridge.ms,1781869476984000000,1781869536984000000,0
jps.apply.loaded.storage.ms,1781869476984000000,1781869536984000000,0
workspaceModel.mutableEntityStorage.changeLog.addReplaceEventForNewParent.ms,1781869476984000000,1781869536984000000,0
jps.module.dependency.index.workspace.model.listener.on.changed.ms,1781869476984000000,1781869536984000000,0
workspaceModel.mutableEntityStorage.referrers.ms,1781869476984000000,1781869536984000000,0
jps.project.serializers.load.ms,1781869476984000000,1781869536984000000,0
workspaceModel.mutableEntityStorage.collect.changes.ms,1781869476984000000,1781869536984000000,0
workspaceModel.mutableEntityStorage.instances.count,1781869476984000000,1781869536984000000,0
jps.facet.change.listener.process.change.events.ms,1781869476984000000,1781869536984000000,0
workspaceModel.mutableEntityStorage.entities.by.source.ms,1781869476984000000,1781869536984000000,0
workspaceModel.moduleManagerBridge.load.all.modules.ms,1781869476984000000,1781869536984000000,0
workspaceModel.moduleManagerBridge.set.unloadedModules.ms,1781869476984000000,1781869536984000000,0
workspaceModel.mutableEntityStorage.to.snapshot.ms,1781869476984000000,1781869536984000000,0
jps.load.project.to.empty.storage.ms,1781869476984000000,1781869536984000000,0
workspaceModel.mutableEntityStorage.hasReferrers.ms,1781869476984000000,1781869536984000000,0
jps.module.iml.entities.serializer.load.entities.ms,1781869476984000000,1781869536984000000,0
workspaceModel.mutableEntityStorage.mutable.vfurl.index.ms,1781869476984000000,1781869536984000000,0
workspaceModel.mutableEntityStorage.add.entity.ms,1781869476984000000,1781869536984000000,0
workspaceModel.global.apply.state.to.project.builder.ms,1781869476984000000,1781869536984000000,0
jps.artifact.entities.serializer.save.entities.ms,1781869476984000000,1781869536984000000,0
jps.library.entities.serializer.load.entities.ms,1781869476984000000,1781869536984000000,0
workspaceModel.moduleBridge.facet.initialization.ms,1781869476984000000,1781869536984000000,0
jps.global.initialize.library.bridges.after.loading.ms,1781869476984000000,1781869536984000000,0
workspaceModel.mutableEntityStorage.apply.changes.from.ms,1781869476984000000,1781869536984000000,0
workspaceModel.moduleBridgeLoader.loading.modules.ms,1781869476984000000,1781869536984000000,0
workspaceModel.moduleManagerBridge.new.nonPersistent.module.ms,1781869476984000000,1781869536984000000,0
workspaceModel.orphan.listener.update.ms,1781869476984000000,1781869536984000000,0
jps.global.get.libraries.ms,1781869476984000000,1781869536984000000,0
workspaceModel.moduleManagerBridge.load.module.ms,1781869476984000000,1781869536984000000,0
workspaceModel.save.cache.to.file.ms,1781869476984000000,1781869536984000000,0
jps.save.global.entities.ms,1781869476984000000,1781869536984000000,0
workspaceModel.moduleManagerBridge.get.modules.ms,1781869476984000000,1781869536984000000,0
workspaceModel.delayed.project.synchronizer.sync.ms,1781869476984000000,1781869536984000000,0
workspaceModel.moduleBridge.update.option.ms,1781869476984000000,1781869536984000000,0
workspaceModel.moduleBridge.before.changed.ms,1781869476984000000,1781869536984000000,0
workspaceModel.mutableEntityStorage.remove.entity.ms,1781869476984000000,1781869536984000000,0
workspaceModel.moduleManagerBridge.build.module.graph.ms,1781869476984000000,1781869536984000000,0
jps.storage.jps.conf.reader.load.component.ms,1781869476984000000,1781869536984000000,0
workspaceModel.moduleManagerBridge.newModule.ms,1781869476984000000,1781869536984000000,0
workspaceModel.load.cache.metadata.from.file.ms,1781869476984000000,1781869536984000000,0
jps.facet.change.listener.before.change.events.ms,1781869476984000000,1781869536984000000,0
workspaceModel.do.save.caches.ms,1781869476984000000,1781869536984000000,0
compiler.ArtifactManagerBridge.commit.ms,1781869536984000000,1781869596984000000,0
compiler.ArtifactVirtualFileListener.filePathChanged.ms,1781869536984000000,1781869596984000000,0
compiler.ArtifactManagerBridge.dropMappings.ms,1781869536984000000,1781869596984000000,0
compiler.ArtifactManagerBridge.getArtifacts.ms,1781869536984000000,1781869596984000000,0
compiler.ArtifactManagerBridge.getArtifactsByType.ms,1781869536984000000,1781869596984000000,0
compiler.ArtifactManagerBridge.initBridges.ms,1781869536984000000,1781869596984000000,0
compiler.ArtifactManagerBridge.addArtifact.ms,1781869536984000000,1781869596984000000,0
compiler.ArtifactManagerBridge.findArtifact.ms,1781869536984000000,1781869596984000000,0
compiler.ArtifactVirtualFileListener.propertyChanged.ms,1781869536984000000,1781869596984000000,0
workspaceModel.workspaceFileIndexContributor.registerFileSets.ms,1781869536984000000,1781869596984000000,0
workspaceModel.workspaceFileIndexData.visitFileSets.ms,1781869536984000000,1781869596984000000,0
workspaceModel.cachedValue.from.cache.count,1781869536984000000,1781869596984000000,0
workspaceModel.workspaceFileIndexData.markDirty.ms,1781869536984000000,1781869596984000000,0
workspaceModel.workspaceFileIndexData.processFileSets.ms,1781869536984000000,1781869596984000000,0
workspaceModel.workspaceFileIndexData.getFileInfo.ms,1781869536984000000,1781869596984000000,1
workspaceModel.init.bridges.ms,1781869536984000000,1781869596984000000,0
workspaceModel.cachedValueWithParameters.total.get.count,1781869536984000000,1781869596984000000,0
workspaceModel.cachedValue.total.get.count,1781869536984000000,1781869596984000000,0
workspaceModel.pre.handlers.ms,1781869536984000000,1781869596984000000,0
workspaceModel.cachedValue.calculated.count,1781869536984000000,1781869596984000000,0
workspaceModel.replace.project.model.ms,1781869536984000000,1781869596984000000,0
workspaceModel.check.recursive.update.ms,1781869536984000000,1781869596984000000,0
workspaceModel.workspaceFileIndexData.getDirectoriesByPackageName.ms,1781869536984000000,1781869596984000000,0
workspaceModel.workspaceFileIndexData.getPackageName.ms,1781869536984000000,1781869596984000000,0
workspaceModel.cachedValueWithParameters.from.cache.count,1781869536984000000,1781869596984000000,0
workspaceModel.cachedValueWithParameters.calculated.count,1781869536984000000,1781869596984000000,0
workspaceModel.workspaceFileIndexData.instances.count,1781869536984000000,1781869596984000000,0
workspaceModel.full.replace.project.model.ms,1781869536984000000,1781869596984000000,0
workspaceModel.cachedValue.clear.count,1781869536984000000,1781869596984000000,0
workspaceModel.updates.count,1781869536984000000,1781869596984000000,0
workspaceModel.workspaceFileIndexData.init.ms,1781869536984000000,1781869596984000000,0
workspaceModel.collect.changes.ms,1781869536984000000,1781869596984000000,0
workspaceModel.cachedValueWithParameters.clear.count,1781869536984000000,1781869596984000000,0
workspaceModel.workspaceFileIndexData.updateDirtyEntities.ms,1781869536984000000,1781869596984000000,0
workspaceModel.initializing.ms,1781869536984000000,1781869596984000000,0
workspaceModel.workspaceFileIndexData.onEntitiesChanged.ms,1781869536984000000,1781869596984000000,0
workspaceModel.to.snapshot.ms,1781869536984000000,1781869596984000000,0
workspaceModel.update.unloaded.entities.ms,1781869536984000000,1781869596984000000,0
workspaceModel.on.changed.ms,1781869536984000000,1781869596984000000,0
workspaceModel.entityStorageSnapshotImpl.instances.count,1781869536984000000,1781869596984000000,0
workspaceModel.loading.from.cache.ms,1781869536984000000,1781869596984000000,0
workspaceModel.on.before.changed.ms,1781869536984000000,1781869596984000000,0
workspaceModel.updates.ms,1781869536984000000,1781869596984000000,0
workspaceModel.updates.precise.ms,1781869536984000000,1781869596984000000,0
workspaceModel.loading.total.ms,1781869536984000000,1781869596984000000,0
LowMemory.gcLoad,1781869536984000000,1781869596984000000,5.905751618626181E-4
DiskQueryRelay.taskExecutionTotalTimeUs,1781869536984000000,1781869596984000000,1446
writeAction.median.wait.ms,1781869536984000000,1781869596984000000,200
writeAction.wait.ms,1781869536984000000,1781869596984000000,0
DiskQueryRelay.tasksExecuted,1781869536984000000,1781869596984000000,8
DiskQueryRelay.tasksRequested,1781869536984000000,1781869596984000000,8
writeAction.max.wait.ms,1781869536984000000,1781869596984000000,130
LowMemory.gcOverloaded,1781869536984000000,1781869596984000000,0
writeAction.count,1781869536984000000,1781869596984000000,1
DiskQueryRelay.taskWaitingTotalTimeUs,1781869536984000000,1781869596984000000,1483
FileNameCache.totalMisses,1781869536984000000,1781869596984000000,0
VFS.contentStorage.recordsReadDecompressed,1781869536984000000,1781869596984000000,0
VFS.contentStorage.recordsUncompressedSize,1781869536984000000,1781869596984000000,0
FileNameCache.queries,1781869536984000000,1781869596984000000,9280
VFS.contentStorage.recordsStored,1781869536984000000,1781869596984000000,0
VFS.cache.segments,1781869536984000000,1781869596984000000,89.0
VFS.contentStorage.recordsDeduplicated,1781869536984000000,1781869596984000000,0
VFS.fileByIdCache.hits,1781869536984000000,1781869596984000000,0
VFS.contentStorage.recordsStoredSize,1781869536984000000,1781869596984000000,0
VFS.contentStorage.recordsStoredCompressed,1781869536984000000,1781869596984000000,0
VFS.invertedFileNameIndex.requests,1781869536984000000,1781869596984000000,0
VFS.cache.segmentsCreated,1781869536984000000,1781869596984000000,0
VFS.contentStorage.recordsDecompressionTimeUs,1781869536984000000,1781869596984000000,0
VFS.fileChildByName,1781869536984000000,1781869596984000000,1534
VFS.fileByIdCache.misses,1781869536984000000,1781869596984000000,0
VFS.folderCaseSensitivityReads,1781869536984000000,1781869596984000000,0
VFS.rootsCount,1781869536984000000,1781869596984000000,13.0
VFS.cache.filesCreated,1781869536984000000,1781869596984000000,18
VFS.contentStorage.recordsReadSize,1781869536984000000,1781869596984000000,0
VFS.cache.directoriesCreated,1781869536984000000,1781869596984000000,0
VFS.contentStorage.recordsRead,1781869536984000000,1781869596984000000,0
cacheStateStorage.set.duration,1781869536984000000,1781869596984000000,0
cacheStateStorage.get.counter,1781869536984000000,1781869596984000000,0
cacheStateStorage.get.duration,1781869536984000000,1781869596984000000,0
cacheStateStorage.set.counter,1781869536984000000,1781869596984000000,0
FlushQueue.executionTimeAvgNs,1781869536984000000,1781869596984000000,389231.82811540825
NonBlockingReadAction.finalizedExecutionTimeUs,1781869536984000000,1781869596984000000,432
FlushQueue.queueSizeAvg,1781869536984000000,1781869596984000000,4.692449355432781
FlushQueue.waitingTime90PNs,1781869536984000000,1781869596984000000,5799935
FlushQueue.tasksExecuted,1781869536984000000,1781869596984000000,1629
WriteAction.executionsCount,1781869536984000000,1781869596984000000,1
AWTEventQueue.dispatchTimeAvgNs,1781869536984000000,1781869596984000000,1041750.0696864112
FlushQueue.waitingTimeMaxNs,1781869536984000000,1781869596984000000,287309823
AWTEventQueue.dispatchTime90PNs,1781869536984000000,1781869596984000000,2326527
NonBlockingReadAction.finalizedExecutionsCount,1781869536984000000,1781869596984000000,3
FlushQueue.executionTimeMaxNs,1781869536984000000,1781869596984000000,287309823
AWTEventQueue.dispatchTimeTotalNS,1781869536984000000,1781869596984000000,2989229213
FlushQueue.executionTime90PNs,1781869536984000000,1781869596984000000,544767
FlushQueue.queueSizeMax,1781869536984000000,1781869596984000000,23
NonBlockingReadAction.failedExecutionsCount,1781869536984000000,1781869596984000000,0
AWTEventQueue.eventsDispatched,1781869536984000000,1781869596984000000,2870
AWTEventQueue.dispatchTimeMaxNs,1781869536984000000,1781869596984000000,287309823
NonBlockingReadAction.failedExecutionTimeUs,1781869536984000000,1781869596984000000,0
FlushQueue.waitingTimeAvgNs,1781869536984000000,1781869596984000000,2771693.9938612645
ReadAction.executionsCount,1781869536984000000,1781869596984000000,2107
FlushQueue.queueSize90P,1781869536984000000,1781869596984000000,11
StreamlinedBlobStorage.recordsDeleted,1781869536984000000,1781869596984000000,0
MappedFileStorage.totalTimeSpentOnMappingUs,1781869536984000000,1781869596984000000,26310
FilePageCache.pageLoads,1781869536984000000,1781869596984000000,0
MappedFileStorage.storages,1781869536984000000,1781869596984000000,12
DirectByteBufferAllocator.hits,1781869536984000000,1781869596984000000,0
FilePageCache.disposedBuffers,1781869536984000000,1781869596984000000,0
StreamlinedBlobStorage.recordsAllocated,1781869536984000000,1781869596984000000,0
FilePageCache.maxCacheSizeInBytes,1781869536984000000,1781869596984000000,629153792
StreamlinedBlobStorage.totalLiveRecordsCapacityBytes,1781869536984000000,1781869596984000000,0
FilePageCache.pageHits,1781869536984000000,1781869596984000000,0
FileChannelInterruptsRetryer.totalRetriedAttempts,1781869536984000000,1781869596984000000,0
MappedFileStorage.totalBytesMapped,1781869536984000000,1781869596984000000,185860096
FilePageCache.capacityInBytes,1781869536984000000,1781869596984000000,629145600
FilePageCache.maxRegisteredFiles,1781869536984000000,1781869596984000000,1652
DirectByteBufferAllocator.reclaimed,1781869536984000000,1781869596984000000,0
StorageLockContext.competingThreads.90P,1781869536984000000,1781869596984000000,0
MappedFileStorage.totalPagesMapped,1781869536984000000,1781869596984000000,12
DirectByteBufferAllocator.totalSizeOfBuffersAllocatedInBytes,1781869536984000000,1781869596984000000,0
FilePageCache.totalPageDisposalsUs,1781869536984000000,1781869596984000000,0
DirectByteBufferAllocator.totalSizeOfBuffersCachedInBytes,1781869536984000000,1781869596984000000,93364224
FilePageCache.pageFastCacheHits,1781869536984000000,1781869596984000000,0
StorageLockContext.competingThreads.avg,1781869536984000000,1781869596984000000,0.0
FilePageCache.totalPageLoadsUs,1781869536984000000,1781869596984000000,0
StorageLockContext.competingThreads.max,1781869536984000000,1781869596984000000,0
DirectByteBufferAllocator.disposed,1781869536984000000,1781869596984000000,0
FilePageCache.pageLoadsAboveSizeThreshold,1781869536984000000,1781869596984000000,0
StreamlinedBlobStorage.totalLiveRecordsPayloadBytes,1781869536984000000,1781869596984000000,0
FilePageCache.uncachedFileAccess,1781869536984000000,1781869596984000000,0
StreamlinedBlobStorage.recordsRelocated,1781869536984000000,1781869596984000000,0
DirectByteBufferAllocator.misses,1781869536984000000,1781869596984000000,0
Indexes.entries.lookupDurationMaxMs,1781869536984000000,1781869596984000000,0.0
Indexing.writer_3.totalTimeSpentWritingMs,1781869536984000000,1781869596984000000,0
Indexes.stubs.lookupDuration90PMs,1781869536984000000,1781869596984000000,0.0
Indexing.writesQueuedAvg,1781869536984000000,1781869596984000000,0.0
Indexes.entries.lookupDurationAvgMs,1781869536984000000,1781869596984000000,0.0
Indexing.writer_1.totalTimeSpentWritingMs,1781869536984000000,1781869596984000000,0
Indexing.writer_2.totalTimeSpentWritingMs,1781869536984000000,1781869596984000000,0
Indexes.entries.lookupDuration90PMs,1781869536984000000,1781869596984000000,0.0
Indexing.totalTimeIndexersSleptMs,1781869536984000000,1781869596984000000,0
Indexes.stubs.lookupDurationMaxMs,1781869536984000000,1781869596984000000,0.0
Indexes.allKeys.lookups,1781869536984000000,1781869596984000000,0
Indexing.writesQueuedMin,1781869536984000000,1781869596984000000,0
Indexes.stubs.lookups,1781869536984000000,1781869596984000000,0
Indexes.allKeys.lookupDurationMaxMs,1781869536984000000,1781869596984000000,0.0
Indexing.cache.totalCacheMisses,1781869536984000000,1781869596984000000,0
Indexes.entries.lookups,1781869536984000000,1781869596984000000,0
Indexing.cache.totalCacheAccesses,1781869536984000000,1781869596984000000,0
Indexing.cache.totalCacheEvicted,1781869536984000000,1781869596984000000,0
Indexing.writer_0.totalTimeSpentWritingMs,1781869536984000000,1781869596984000000,0
Indexes.allKeys.lookupDurationAvgMs,1781869536984000000,1781869596984000000,0.0
Indexes.allKeys.lookupDuration90PMs,1781869536984000000,1781869596984000000,0.0
Indexes.stubs.lookupDurationAvgMs,1781869536984000000,1781869596984000000,0.0
Indexing.writesQueuedMax,1781869536984000000,1781869596984000000,0
JVM.totalSafepointCount,1781869536984000000,1781869596984000000,3
JVM.maxThreadCount,1781869536984000000,1781869596984000000,134
JVM.threadCount,1781869536984000000,1781869596984000000,63
MEM.ramMinusFileMappingsBytes,1781869536984000000,1781869596984000000,1448165376
MEM.ramBytes,1781869536984000000,1781869596984000000,2222825472
JVM.totalTimeAtSafepointsMs,1781869536984000000,1781869596984000000,24
JVM.GC.collectionTimesMs,1781869536984000000,1781869596984000000,24
JVM.maxHeapBytes,1781869536984000000,1781869596984000000,2147483648
JVM.totalDirectByteBuffersBytes,1781869536984000000,1781869596984000000,1173505
MEM.fileMappingsRamBytes,1781869536984000000,1781869596984000000,763281408
JVM.totalCpuTimeMs,1781869536984000000,1781869596984000000,14920
JVM.GC.collections,1781869536984000000,1781869596984000000,3
JVM.usedHeapBytes,1781869536984000000,1781869596984000000,481441464
JVM.totalTimeToSafepointsMs,1781869536984000000,1781869596984000000,0
MEM.ramPlusSwapMinusFileMappingsBytes,1781869536984000000,1781869596984000000,1448165376
JVM.newThreadsCount,1781869536984000000,1781869596984000000,31
OS.loadAverage,1781869536984000000,1781869596984000000,1.64013671875
JVM.committedHeapBytes,1781869536984000000,1781869596984000000,683671552
JVM.totalBytesAllocated,1781869536984000000,1781869596984000000,229615848
JVM.usedNativeBytes,1781869536984000000,1781869596984000000,463395992
jps.global.initialize.library.bridges.ms,1781869536984000000,1781869596984000000,0
workspaceModel.mutableEntityStorage.changeLog.addReplaceEventForRemovedParent.ms,1781869536984000000,1781869596984000000,0
jps.save.changed.project.entities.ms,1781869536984000000,1781869596984000000,0
jps.global.handle.before.change.events.ms,1781869536984000000,1781869596984000000,0
jps.artifact.entities.serializer.load.entities.ms,1781869536984000000,1781869596984000000,0
jps.app.storage.content.writer.save.component.ms,1781869536984000000,1781869596984000000,0
workspaceModel.load.cache.from.file.ms,1781869536984000000,1781869596984000000,0
workspaceModel.global.updates.ms,1781869536984000000,1781869596984000000,0
workspaceModel.mutableEntityStorage.resolve.ms,1781869536984000000,1781869596984000000,0
jps.project.serializers.save.ms,1781869536984000000,1781869596984000000,0
jps.library.entities.serializer.save.entities.ms,1781869536984000000,1781869596984000000,0
workspaceModel.mutableEntityStorage.has.same.entities.ms,1781869536984000000,1781869596984000000,0
workspaceModel.global.apply.state.to.project.ms,1781869536984000000,1781869596984000000,0
jps.reload.project.entities.ms,1781869536984000000,1781869596984000000,0
workspaceModel.mutableEntityStorage.modify.entity.ms,1781869536984000000,1781869596984000000,0
workspaceModel.mutableEntityStorage.entities.ms,1781869536984000000,1781869596984000000,0
workspaceModel.mutableEntityStorage.put.entity.ms,1781869536984000000,1781869596984000000,0
jps.module.iml.entities.serializer.save.entities.ms,1781869536984000000,1781869596984000000,0
workspaceModel.moduleManagerBridge.create.module.instance.ms,1781869536984000000,1781869596984000000,0
jps.global.get.library.by.name.ms,1781869536984000000,1781869596984000000,0
workspaceModel.mutableEntityStorage.changeLog.addReplaceEventForRemovedChild.ms,1781869536984000000,1781869596984000000,0
jps.global.handle.changed.events.ms,1781869536984000000,1781869596984000000,0
workspaceModel.mutableEntityStorage.replace.by.source.ms,1781869536984000000,1781869596984000000,0
workspaceModel.mutableEntityStorage.changeLog.addReplaceEventForNewChild.ms,1781869536984000000,1781869596984000000,0
workspaceModel.sync.entities.ms,1781869536984000000,1781869596984000000,0
workspaceModel.mutableEntityStorage.mutable.ext.mapping.ms,1781869536984000000,1781869596984000000,0
jps.load.initial.state.ms,1781869536984000000,1781869596984000000,0
jps.app.storage.content.reader.load.component.ms,1781869536984000000,1781869596984000000,0
jps.global.get.library.ms,1781869536984000000,1781869596984000000,0
workspaceModel.global.updates.count,1781869536984000000,1781869596984000000,0
jps.facet.change.listener.init.bridge.ms,1781869536984000000,1781869596984000000,0
jps.apply.loaded.storage.ms,1781869536984000000,1781869596984000000,0
workspaceModel.mutableEntityStorage.changeLog.addReplaceEventForNewParent.ms,1781869536984000000,1781869596984000000,0
jps.module.dependency.index.workspace.model.listener.on.changed.ms,1781869536984000000,1781869596984000000,0
workspaceModel.mutableEntityStorage.referrers.ms,1781869536984000000,1781869596984000000,0
jps.project.serializers.load.ms,1781869536984000000,1781869596984000000,0
workspaceModel.mutableEntityStorage.collect.changes.ms,1781869536984000000,1781869596984000000,0
workspaceModel.mutableEntityStorage.instances.count,1781869536984000000,1781869596984000000,0
jps.facet.change.listener.process.change.events.ms,1781869536984000000,1781869596984000000,0
workspaceModel.mutableEntityStorage.entities.by.source.ms,1781869536984000000,1781869596984000000,0
workspaceModel.moduleManagerBridge.load.all.modules.ms,1781869536984000000,1781869596984000000,0
workspaceModel.moduleManagerBridge.set.unloadedModules.ms,1781869536984000000,1781869596984000000,0
workspaceModel.mutableEntityStorage.to.snapshot.ms,1781869536984000000,1781869596984000000,0
jps.load.project.to.empty.storage.ms,1781869536984000000,1781869596984000000,0
workspaceModel.mutableEntityStorage.hasReferrers.ms,1781869536984000000,1781869596984000000,0
jps.module.iml.entities.serializer.load.entities.ms,1781869536984000000,1781869596984000000,0
workspaceModel.mutableEntityStorage.mutable.vfurl.index.ms,1781869536984000000,1781869596984000000,0
workspaceModel.mutableEntityStorage.add.entity.ms,1781869536984000000,1781869596984000000,0
workspaceModel.global.apply.state.to.project.builder.ms,1781869536984000000,1781869596984000000,0
jps.artifact.entities.serializer.save.entities.ms,1781869536984000000,1781869596984000000,0
jps.library.entities.serializer.load.entities.ms,1781869536984000000,1781869596984000000,0
workspaceModel.moduleBridge.facet.initialization.ms,1781869536984000000,1781869596984000000,0
jps.global.initialize.library.bridges.after.loading.ms,1781869536984000000,1781869596984000000,0
workspaceModel.mutableEntityStorage.apply.changes.from.ms,1781869536984000000,1781869596984000000,0
workspaceModel.moduleBridgeLoader.loading.modules.ms,1781869536984000000,1781869596984000000,0
workspaceModel.moduleManagerBridge.new.nonPersistent.module.ms,1781869536984000000,1781869596984000000,0
workspaceModel.orphan.listener.update.ms,1781869536984000000,1781869596984000000,0
jps.global.get.libraries.ms,1781869536984000000,1781869596984000000,0
workspaceModel.moduleManagerBridge.load.module.ms,1781869536984000000,1781869596984000000,0
workspaceModel.save.cache.to.file.ms,1781869536984000000,1781869596984000000,0
jps.save.global.entities.ms,1781869536984000000,1781869596984000000,0
workspaceModel.moduleManagerBridge.get.modules.ms,1781869536984000000,1781869596984000000,0
workspaceModel.delayed.project.synchronizer.sync.ms,1781869536984000000,1781869596984000000,0
workspaceModel.moduleBridge.update.option.ms,1781869536984000000,1781869596984000000,0
workspaceModel.moduleBridge.before.changed.ms,1781869536984000000,1781869596984000000,0
workspaceModel.mutableEntityStorage.remove.entity.ms,1781869536984000000,1781869596984000000,0
workspaceModel.moduleManagerBridge.build.module.graph.ms,1781869536984000000,1781869596984000000,0
jps.storage.jps.conf.reader.load.component.ms,1781869536984000000,1781869596984000000,0
workspaceModel.moduleManagerBridge.newModule.ms,1781869536984000000,1781869596984000000,0
workspaceModel.load.cache.metadata.from.file.ms,1781869536984000000,1781869596984000000,0
jps.facet.change.listener.before.change.events.ms,1781869536984000000,1781869596984000000,0
workspaceModel.do.save.caches.ms,1781869536984000000,1781869596984000000,0
compiler.ArtifactManagerBridge.commit.ms,1781869596984000000,1781869656984000000,0
compiler.ArtifactVirtualFileListener.filePathChanged.ms,1781869596984000000,1781869656984000000,0
compiler.ArtifactManagerBridge.dropMappings.ms,1781869596984000000,1781869656984000000,0
compiler.ArtifactManagerBridge.getArtifacts.ms,1781869596984000000,1781869656984000000,0
compiler.ArtifactManagerBridge.getArtifactsByType.ms,1781869596984000000,1781869656984000000,0
compiler.ArtifactManagerBridge.initBridges.ms,1781869596984000000,1781869656984000000,0
compiler.ArtifactManagerBridge.addArtifact.ms,1781869596984000000,1781869656984000000,0
compiler.ArtifactManagerBridge.findArtifact.ms,1781869596984000000,1781869656984000000,0
compiler.ArtifactVirtualFileListener.propertyChanged.ms,1781869596984000000,1781869656984000000,0
workspaceModel.workspaceFileIndexContributor.registerFileSets.ms,1781869596984000000,1781869656984000000,0
workspaceModel.workspaceFileIndexData.visitFileSets.ms,1781869596984000000,1781869656984000000,0
workspaceModel.cachedValue.from.cache.count,1781869596984000000,1781869656984000000,2
workspaceModel.workspaceFileIndexData.markDirty.ms,1781869596984000000,1781869656984000000,0
workspaceModel.workspaceFileIndexData.processFileSets.ms,1781869596984000000,1781869656984000000,0
workspaceModel.workspaceFileIndexData.getFileInfo.ms,1781869596984000000,1781869656984000000,1
workspaceModel.init.bridges.ms,1781869596984000000,1781869656984000000,0
workspaceModel.cachedValueWithParameters.total.get.count,1781869596984000000,1781869656984000000,0
workspaceModel.cachedValue.total.get.count,1781869596984000000,1781869656984000000,2
workspaceModel.pre.handlers.ms,1781869596984000000,1781869656984000000,0
workspaceModel.cachedValue.calculated.count,1781869596984000000,1781869656984000000,0
workspaceModel.replace.project.model.ms,1781869596984000000,1781869656984000000,0
workspaceModel.check.recursive.update.ms,1781869596984000000,1781869656984000000,0
workspaceModel.workspaceFileIndexData.getDirectoriesByPackageName.ms,1781869596984000000,1781869656984000000,0
workspaceModel.workspaceFileIndexData.getPackageName.ms,1781869596984000000,1781869656984000000,0
workspaceModel.cachedValueWithParameters.from.cache.count,1781869596984000000,1781869656984000000,0
workspaceModel.cachedValueWithParameters.calculated.count,1781869596984000000,1781869656984000000,0
workspaceModel.workspaceFileIndexData.instances.count,1781869596984000000,1781869656984000000,0
workspaceModel.full.replace.project.model.ms,1781869596984000000,1781869656984000000,0
workspaceModel.cachedValue.clear.count,1781869596984000000,1781869656984000000,0
workspaceModel.updates.count,1781869596984000000,1781869656984000000,0
workspaceModel.workspaceFileIndexData.init.ms,1781869596984000000,1781869656984000000,0
workspaceModel.collect.changes.ms,1781869596984000000,1781869656984000000,0
workspaceModel.cachedValueWithParameters.clear.count,1781869596984000000,1781869656984000000,0
workspaceModel.workspaceFileIndexData.updateDirtyEntities.ms,1781869596984000000,1781869656984000000,0
workspaceModel.initializing.ms,1781869596984000000,1781869656984000000,0
workspaceModel.workspaceFileIndexData.onEntitiesChanged.ms,1781869596984000000,1781869656984000000,0
workspaceModel.to.snapshot.ms,1781869596984000000,1781869656984000000,0
workspaceModel.update.unloaded.entities.ms,1781869596984000000,1781869656984000000,0
workspaceModel.on.changed.ms,1781869596984000000,1781869656984000000,0
workspaceModel.entityStorageSnapshotImpl.instances.count,1781869596984000000,1781869656984000000,0
workspaceModel.loading.from.cache.ms,1781869596984000000,1781869656984000000,0
workspaceModel.on.before.changed.ms,1781869596984000000,1781869656984000000,0
workspaceModel.updates.ms,1781869596984000000,1781869656984000000,0
workspaceModel.updates.precise.ms,1781869596984000000,1781869656984000000,0
workspaceModel.loading.total.ms,1781869596984000000,1781869656984000000,0
LowMemory.gcLoad,1781869596984000000,1781869656984000000,0.0022966308563277557
DiskQueryRelay.taskExecutionTotalTimeUs,1781869596984000000,1781869656984000000,555
writeAction.median.wait.ms,1781869596984000000,1781869656984000000,200
writeAction.wait.ms,1781869596984000000,1781869656984000000,0
DiskQueryRelay.tasksExecuted,1781869596984000000,1781869656984000000,1
DiskQueryRelay.tasksRequested,1781869596984000000,1781869656984000000,1
writeAction.max.wait.ms,1781869596984000000,1781869656984000000,130
LowMemory.gcOverloaded,1781869596984000000,1781869656984000000,0
writeAction.count,1781869596984000000,1781869656984000000,1
DiskQueryRelay.taskWaitingTotalTimeUs,1781869596984000000,1781869656984000000,587
FileNameCache.totalMisses,1781869596984000000,1781869656984000000,0
VFS.contentStorage.recordsReadDecompressed,1781869596984000000,1781869656984000000,0
VFS.contentStorage.recordsUncompressedSize,1781869596984000000,1781869656984000000,0
FileNameCache.queries,1781869596984000000,1781869656984000000,64
VFS.contentStorage.recordsStored,1781869596984000000,1781869656984000000,0
VFS.cache.segments,1781869596984000000,1781869656984000000,89.0
VFS.contentStorage.recordsDeduplicated,1781869596984000000,1781869656984000000,0
VFS.fileByIdCache.hits,1781869596984000000,1781869656984000000,0
VFS.contentStorage.recordsStoredSize,1781869596984000000,1781869656984000000,0
VFS.contentStorage.recordsStoredCompressed,1781869596984000000,1781869656984000000,0
VFS.invertedFileNameIndex.requests,1781869596984000000,1781869656984000000,0
VFS.cache.segmentsCreated,1781869596984000000,1781869656984000000,0
VFS.contentStorage.recordsDecompressionTimeUs,1781869596984000000,1781869656984000000,0
VFS.fileChildByName,1781869596984000000,1781869656984000000,64
VFS.fileByIdCache.misses,1781869596984000000,1781869656984000000,0
VFS.folderCaseSensitivityReads,1781869596984000000,1781869656984000000,0
VFS.rootsCount,1781869596984000000,1781869656984000000,13.0
VFS.cache.filesCreated,1781869596984000000,1781869656984000000,0
VFS.contentStorage.recordsReadSize,1781869596984000000,1781869656984000000,0
VFS.cache.directoriesCreated,1781869596984000000,1781869656984000000,0
VFS.contentStorage.recordsRead,1781869596984000000,1781869656984000000,0
cacheStateStorage.set.duration,1781869596984000000,1781869656984000000,0
cacheStateStorage.get.counter,1781869596984000000,1781869656984000000,0
cacheStateStorage.get.duration,1781869596984000000,1781869656984000000,0
cacheStateStorage.set.counter,1781869596984000000,1781869656984000000,0
FlushQueue.executionTimeAvgNs,1781869596984000000,1781869656984000000,164999.87121699937
NonBlockingReadAction.finalizedExecutionTimeUs,1781869596984000000,1781869656984000000,2613
FlushQueue.queueSizeAvg,1781869596984000000,1781869656984000000,2.9613650998068257
FlushQueue.waitingTime90PNs,1781869596984000000,1781869656984000000,3375103
FlushQueue.tasksExecuted,1781869596984000000,1781869656984000000,1553
WriteAction.executionsCount,1781869596984000000,1781869656984000000,1
AWTEventQueue.dispatchTimeAvgNs,1781869596984000000,1781869656984000000,805507.4861313868
FlushQueue.waitingTimeMaxNs,1781869596984000000,1781869656984000000,200278015
AWTEventQueue.dispatchTime90PNs,1781869596984000000,1781869656984000000,1654783
NonBlockingReadAction.finalizedExecutionsCount,1781869596984000000,1781869656984000000,12
FlushQueue.executionTimeMaxNs,1781869596984000000,1781869656984000000,17956863
AWTEventQueue.dispatchTimeTotalNS,1781869596984000000,1781869656984000000,2207255034
FlushQueue.executionTime90PNs,1781869596984000000,1781869656984000000,296959
FlushQueue.queueSizeMax,1781869596984000000,1781869656984000000,14
NonBlockingReadAction.failedExecutionsCount,1781869596984000000,1781869656984000000,0
AWTEventQueue.eventsDispatched,1781869596984000000,1781869656984000000,2740
AWTEventQueue.dispatchTimeMaxNs,1781869596984000000,1781869656984000000,200278015
NonBlockingReadAction.failedExecutionTimeUs,1781869596984000000,1781869656984000000,0
FlushQueue.waitingTimeAvgNs,1781869596984000000,1781869656984000000,2198279.1500321957
ReadAction.executionsCount,1781869596984000000,1781869656984000000,1431
FlushQueue.queueSize90P,1781869596984000000,1781869656984000000,9
StreamlinedBlobStorage.recordsDeleted,1781869596984000000,1781869656984000000,0
MappedFileStorage.totalTimeSpentOnMappingUs,1781869596984000000,1781869656984000000,26310
FilePageCache.pageLoads,1781869596984000000,1781869656984000000,0
MappedFileStorage.storages,1781869596984000000,1781869656984000000,12
DirectByteBufferAllocator.hits,1781869596984000000,1781869656984000000,0
FilePageCache.disposedBuffers,1781869596984000000,1781869656984000000,0
StreamlinedBlobStorage.recordsAllocated,1781869596984000000,1781869656984000000,0
FilePageCache.maxCacheSizeInBytes,1781869596984000000,1781869656984000000,629153792
StreamlinedBlobStorage.totalLiveRecordsCapacityBytes,1781869596984000000,1781869656984000000,0
FilePageCache.pageHits,1781869596984000000,1781869656984000000,0
FileChannelInterruptsRetryer.totalRetriedAttempts,1781869596984000000,1781869656984000000,0
MappedFileStorage.totalBytesMapped,1781869596984000000,1781869656984000000,185860096
FilePageCache.capacityInBytes,1781869596984000000,1781869656984000000,629145600
FilePageCache.maxRegisteredFiles,1781869596984000000,1781869656984000000,1652
DirectByteBufferAllocator.reclaimed,1781869596984000000,1781869656984000000,0
StorageLockContext.competingThreads.90P,1781869596984000000,1781869656984000000,0
MappedFileStorage.totalPagesMapped,1781869596984000000,1781869656984000000,12
DirectByteBufferAllocator.totalSizeOfBuffersAllocatedInBytes,1781869596984000000,1781869656984000000,0
FilePageCache.totalPageDisposalsUs,1781869596984000000,1781869656984000000,0
DirectByteBufferAllocator.totalSizeOfBuffersCachedInBytes,1781869596984000000,1781869656984000000,93364224
FilePageCache.pageFastCacheHits,1781869596984000000,1781869656984000000,0
StorageLockContext.competingThreads.avg,1781869596984000000,1781869656984000000,0.008333333333333333
FilePageCache.totalPageLoadsUs,1781869596984000000,1781869656984000000,0
StorageLockContext.competingThreads.max,1781869596984000000,1781869656984000000,1
DirectByteBufferAllocator.disposed,1781869596984000000,1781869656984000000,0
FilePageCache.pageLoadsAboveSizeThreshold,1781869596984000000,1781869656984000000,0
StreamlinedBlobStorage.totalLiveRecordsPayloadBytes,1781869596984000000,1781869656984000000,0
FilePageCache.uncachedFileAccess,1781869596984000000,1781869656984000000,0
StreamlinedBlobStorage.recordsRelocated,1781869596984000000,1781869656984000000,0
DirectByteBufferAllocator.misses,1781869596984000000,1781869656984000000,0
Indexes.entries.lookupDurationMaxMs,1781869596984000000,1781869656984000000,0.0
Indexing.writer_3.totalTimeSpentWritingMs,1781869596984000000,1781869656984000000,0
Indexes.stubs.lookupDuration90PMs,1781869596984000000,1781869656984000000,0.0
Indexing.writesQueuedAvg,1781869596984000000,1781869656984000000,0.0
Indexes.entries.lookupDurationAvgMs,1781869596984000000,1781869656984000000,0.0
Indexing.writer_1.totalTimeSpentWritingMs,1781869596984000000,1781869656984000000,0
Indexing.writer_2.totalTimeSpentWritingMs,1781869596984000000,1781869656984000000,0
Indexes.entries.lookupDuration90PMs,1781869596984000000,1781869656984000000,0.0
Indexing.totalTimeIndexersSleptMs,1781869596984000000,1781869656984000000,0
Indexes.stubs.lookupDurationMaxMs,1781869596984000000,1781869656984000000,0.0
Indexes.allKeys.lookups,1781869596984000000,1781869656984000000,0
Indexing.writesQueuedMin,1781869596984000000,1781869656984000000,0
Indexes.stubs.lookups,1781869596984000000,1781869656984000000,0
Indexes.allKeys.lookupDurationMaxMs,1781869596984000000,1781869656984000000,0.0
Indexing.cache.totalCacheMisses,1781869596984000000,1781869656984000000,0
Indexes.entries.lookups,1781869596984000000,1781869656984000000,0
Indexing.cache.totalCacheAccesses,1781869596984000000,1781869656984000000,0
Indexing.cache.totalCacheEvicted,1781869596984000000,1781869656984000000,0
Indexing.writer_0.totalTimeSpentWritingMs,1781869596984000000,1781869656984000000,0
Indexes.allKeys.lookupDurationAvgMs,1781869596984000000,1781869656984000000,0.0
Indexes.allKeys.lookupDuration90PMs,1781869596984000000,1781869656984000000,0.0
Indexes.stubs.lookupDurationAvgMs,1781869596984000000,1781869656984000000,0.0
Indexing.writesQueuedMax,1781869596984000000,1781869656984000000,0
JVM.totalSafepointCount,1781869596984000000,1781869656984000000,4
JVM.maxThreadCount,1781869596984000000,1781869656984000000,134
JVM.threadCount,1781869596984000000,1781869656984000000,62
MEM.ramMinusFileMappingsBytes,1781869596984000000,1781869656984000000,1424285696
MEM.ramBytes,1781869596984000000,1781869656984000000,2199076864
JVM.totalTimeAtSafepointsMs,1781869596984000000,1781869656984000000,214
JVM.GC.collectionTimesMs,1781869596984000000,1781869656984000000,215
JVM.maxHeapBytes,1781869596984000000,1781869656984000000,2147483648
JVM.totalDirectByteBuffersBytes,1781869596984000000,1781869656984000000,1173505
MEM.fileMappingsRamBytes,1781869596984000000,1781869656984000000,763281408
JVM.totalCpuTimeMs,1781869596984000000,1781869656984000000,10800
JVM.GC.collections,1781869596984000000,1781869656984000000,4
JVM.usedHeapBytes,1781869596984000000,1781869656984000000,416700112
JVM.totalTimeToSafepointsMs,1781869596984000000,1781869656984000000,0
MEM.ramPlusSwapMinusFileMappingsBytes,1781869596984000000,1781869656984000000,1424285696
JVM.newThreadsCount,1781869596984000000,1781869656984000000,0
OS.loadAverage,1781869596984000000,1781869656984000000,0.9091796875
JVM.committedHeapBytes,1781869596984000000,1781869656984000000,670040064
JVM.totalBytesAllocated,1781869596984000000,1781869656984000000,148852192
JVM.usedNativeBytes,1781869596984000000,1781869656984000000,460492040
jps.global.initialize.library.bridges.ms,1781869596984000000,1781869656984000000,0
workspaceModel.mutableEntityStorage.changeLog.addReplaceEventForRemovedParent.ms,1781869596984000000,1781869656984000000,0
jps.save.changed.project.entities.ms,1781869596984000000,1781869656984000000,0
jps.global.handle.before.change.events.ms,1781869596984000000,1781869656984000000,0
jps.artifact.entities.serializer.load.entities.ms,1781869596984000000,1781869656984000000,0
jps.app.storage.content.writer.save.component.ms,1781869596984000000,1781869656984000000,0
workspaceModel.load.cache.from.file.ms,1781869596984000000,1781869656984000000,0
workspaceModel.global.updates.ms,1781869596984000000,1781869656984000000,0
workspaceModel.mutableEntityStorage.resolve.ms,1781869596984000000,1781869656984000000,0
jps.project.serializers.save.ms,1781869596984000000,1781869656984000000,0
jps.library.entities.serializer.save.entities.ms,1781869596984000000,1781869656984000000,0
workspaceModel.mutableEntityStorage.has.same.entities.ms,1781869596984000000,1781869656984000000,0
workspaceModel.global.apply.state.to.project.ms,1781869596984000000,1781869656984000000,0
jps.reload.project.entities.ms,1781869596984000000,1781869656984000000,0
workspaceModel.mutableEntityStorage.modify.entity.ms,1781869596984000000,1781869656984000000,0
workspaceModel.mutableEntityStorage.entities.ms,1781869596984000000,1781869656984000000,0
workspaceModel.mutableEntityStorage.put.entity.ms,1781869596984000000,1781869656984000000,0
jps.module.iml.entities.serializer.save.entities.ms,1781869596984000000,1781869656984000000,0
workspaceModel.moduleManagerBridge.create.module.instance.ms,1781869596984000000,1781869656984000000,0
jps.global.get.library.by.name.ms,1781869596984000000,1781869656984000000,0
workspaceModel.mutableEntityStorage.changeLog.addReplaceEventForRemovedChild.ms,1781869596984000000,1781869656984000000,0
jps.global.handle.changed.events.ms,1781869596984000000,1781869656984000000,0
workspaceModel.mutableEntityStorage.replace.by.source.ms,1781869596984000000,1781869656984000000,0
workspaceModel.mutableEntityStorage.changeLog.addReplaceEventForNewChild.ms,1781869596984000000,1781869656984000000,0
workspaceModel.sync.entities.ms,1781869596984000000,1781869656984000000,0
workspaceModel.mutableEntityStorage.mutable.ext.mapping.ms,1781869596984000000,1781869656984000000,0
jps.load.initial.state.ms,1781869596984000000,1781869656984000000,0
jps.app.storage.content.reader.load.component.ms,1781869596984000000,1781869656984000000,0
jps.global.get.library.ms,1781869596984000000,1781869656984000000,0
workspaceModel.global.updates.count,1781869596984000000,1781869656984000000,0
jps.facet.change.listener.init.bridge.ms,1781869596984000000,1781869656984000000,0
jps.apply.loaded.storage.ms,1781869596984000000,1781869656984000000,0
workspaceModel.mutableEntityStorage.changeLog.addReplaceEventForNewParent.ms,1781869596984000000,1781869656984000000,0
jps.module.dependency.index.workspace.model.listener.on.changed.ms,1781869596984000000,1781869656984000000,0
workspaceModel.mutableEntityStorage.referrers.ms,1781869596984000000,1781869656984000000,0
jps.project.serializers.load.ms,1781869596984000000,1781869656984000000,0
workspaceModel.mutableEntityStorage.collect.changes.ms,1781869596984000000,1781869656984000000,0
workspaceModel.mutableEntityStorage.instances.count,1781869596984000000,1781869656984000000,0
jps.facet.change.listener.process.change.events.ms,1781869596984000000,1781869656984000000,0
workspaceModel.mutableEntityStorage.entities.by.source.ms,1781869596984000000,1781869656984000000,0
workspaceModel.moduleManagerBridge.load.all.modules.ms,1781869596984000000,1781869656984000000,0
workspaceModel.moduleManagerBridge.set.unloadedModules.ms,1781869596984000000,1781869656984000000,0
workspaceModel.mutableEntityStorage.to.snapshot.ms,1781869596984000000,1781869656984000000,0
jps.load.project.to.empty.storage.ms,1781869596984000000,1781869656984000000,0
workspaceModel.mutableEntityStorage.hasReferrers.ms,1781869596984000000,1781869656984000000,0
jps.module.iml.entities.serializer.load.entities.ms,1781869596984000000,1781869656984000000,0
workspaceModel.mutableEntityStorage.mutable.vfurl.index.ms,1781869596984000000,1781869656984000000,0
workspaceModel.mutableEntityStorage.add.entity.ms,1781869596984000000,1781869656984000000,0
workspaceModel.global.apply.state.to.project.builder.ms,1781869596984000000,1781869656984000000,0
jps.artifact.entities.serializer.save.entities.ms,1781869596984000000,1781869656984000000,0
jps.library.entities.serializer.load.entities.ms,1781869596984000000,1781869656984000000,0
workspaceModel.moduleBridge.facet.initialization.ms,1781869596984000000,1781869656984000000,0
jps.global.initialize.library.bridges.after.loading.ms,1781869596984000000,1781869656984000000,0
workspaceModel.mutableEntityStorage.apply.changes.from.ms,1781869596984000000,1781869656984000000,0
workspaceModel.moduleBridgeLoader.loading.modules.ms,1781869596984000000,1781869656984000000,0
workspaceModel.moduleManagerBridge.new.nonPersistent.module.ms,1781869596984000000,1781869656984000000,0
workspaceModel.orphan.listener.update.ms,1781869596984000000,1781869656984000000,0
jps.global.get.libraries.ms,1781869596984000000,1781869656984000000,0
workspaceModel.moduleManagerBridge.load.module.ms,1781869596984000000,1781869656984000000,0
workspaceModel.save.cache.to.file.ms,1781869596984000000,1781869656984000000,0
jps.save.global.entities.ms,1781869596984000000,1781869656984000000,2
workspaceModel.moduleManagerBridge.get.modules.ms,1781869596984000000,1781869656984000000,0
workspaceModel.delayed.project.synchronizer.sync.ms,1781869596984000000,1781869656984000000,0
workspaceModel.moduleBridge.update.option.ms,1781869596984000000,1781869656984000000,0
workspaceModel.moduleBridge.before.changed.ms,1781869596984000000,1781869656984000000,0
workspaceModel.mutableEntityStorage.remove.entity.ms,1781869596984000000,1781869656984000000,0
workspaceModel.moduleManagerBridge.build.module.graph.ms,1781869596984000000,1781869656984000000,0
jps.storage.jps.conf.reader.load.component.ms,1781869596984000000,1781869656984000000,0
workspaceModel.moduleManagerBridge.newModule.ms,1781869596984000000,1781869656984000000,0
workspaceModel.load.cache.metadata.from.file.ms,1781869596984000000,1781869656984000000,0
jps.facet.change.listener.before.change.events.ms,1781869596984000000,1781869656984000000,0
workspaceModel.do.save.caches.ms,1781869596984000000,1781869656984000000,0
compiler.ArtifactManagerBridge.commit.ms,1781869656984000000,1781869668883000000,0
compiler.ArtifactVirtualFileListener.filePathChanged.ms,1781869656984000000,1781869668883000000,0
compiler.ArtifactManagerBridge.dropMappings.ms,1781869656984000000,1781869668883000000,0
compiler.ArtifactManagerBridge.getArtifacts.ms,1781869656984000000,1781869668883000000,0
compiler.ArtifactManagerBridge.getArtifactsByType.ms,1781869656984000000,1781869668883000000,0
compiler.ArtifactManagerBridge.initBridges.ms,1781869656984000000,1781869668883000000,0
compiler.ArtifactManagerBridge.addArtifact.ms,1781869656984000000,1781869668883000000,0
compiler.ArtifactManagerBridge.findArtifact.ms,1781869656984000000,1781869668883000000,0
compiler.ArtifactVirtualFileListener.propertyChanged.ms,1781869656984000000,1781869668883000000,0
workspaceModel.workspaceFileIndexContributor.registerFileSets.ms,1781869656984000000,1781869668883000000,0
workspaceModel.workspaceFileIndexData.visitFileSets.ms,1781869656984000000,1781869668883000000,0
workspaceModel.cachedValue.from.cache.count,1781869656984000000,1781869668883000000,0
workspaceModel.workspaceFileIndexData.markDirty.ms,1781869656984000000,1781869668883000000,0
workspaceModel.workspaceFileIndexData.processFileSets.ms,1781869656984000000,1781869668883000000,0
workspaceModel.workspaceFileIndexData.getFileInfo.ms,1781869656984000000,1781869668883000000,0
workspaceModel.init.bridges.ms,1781869656984000000,1781869668883000000,0
workspaceModel.cachedValueWithParameters.total.get.count,1781869656984000000,1781869668883000000,0
workspaceModel.cachedValue.total.get.count,1781869656984000000,1781869668883000000,0
workspaceModel.pre.handlers.ms,1781869656984000000,1781869668883000000,0
workspaceModel.cachedValue.calculated.count,1781869656984000000,1781869668883000000,0
workspaceModel.replace.project.model.ms,1781869656984000000,1781869668883000000,0
workspaceModel.check.recursive.update.ms,1781869656984000000,1781869668883000000,0
workspaceModel.workspaceFileIndexData.getDirectoriesByPackageName.ms,1781869656984000000,1781869668883000000,0
workspaceModel.workspaceFileIndexData.getPackageName.ms,1781869656984000000,1781869668883000000,0
workspaceModel.cachedValueWithParameters.from.cache.count,1781869656984000000,1781869668883000000,0
workspaceModel.cachedValueWithParameters.calculated.count,1781869656984000000,1781869668883000000,0
workspaceModel.workspaceFileIndexData.instances.count,1781869656984000000,1781869668883000000,0
workspaceModel.full.replace.project.model.ms,1781869656984000000,1781869668883000000,0
workspaceModel.cachedValue.clear.count,1781869656984000000,1781869668883000000,0
workspaceModel.updates.count,1781869656984000000,1781869668883000000,0
workspaceModel.workspaceFileIndexData.init.ms,1781869656984000000,1781869668883000000,0
workspaceModel.collect.changes.ms,1781869656984000000,1781869668883000000,0
workspaceModel.cachedValueWithParameters.clear.count,1781869656984000000,1781869668883000000,0
workspaceModel.workspaceFileIndexData.updateDirtyEntities.ms,1781869656984000000,1781869668883000000,0
workspaceModel.initializing.ms,1781869656984000000,1781869668883000000,0
workspaceModel.workspaceFileIndexData.onEntitiesChanged.ms,1781869656984000000,1781869668883000000,0
workspaceModel.to.snapshot.ms,1781869656984000000,1781869668883000000,0
workspaceModel.update.unloaded.entities.ms,1781869656984000000,1781869668883000000,0
workspaceModel.on.changed.ms,1781869656984000000,1781869668883000000,0
workspaceModel.entityStorageSnapshotImpl.instances.count,1781869656984000000,1781869668883000000,0
workspaceModel.loading.from.cache.ms,1781869656984000000,1781869668883000000,0
workspaceModel.on.before.changed.ms,1781869656984000000,1781869668883000000,0
workspaceModel.updates.ms,1781869656984000000,1781869668883000000,0
workspaceModel.updates.precise.ms,1781869656984000000,1781869668883000000,0
workspaceModel.loading.total.ms,1781869656984000000,1781869668883000000,0
LowMemory.gcLoad,1781869656984000000,1781869668883000000,0.0019440344481985667
DiskQueryRelay.taskExecutionTotalTimeUs,1781869656984000000,1781869668883000000,0
writeAction.median.wait.ms,1781869656984000000,1781869668883000000,200
writeAction.wait.ms,1781869656984000000,1781869668883000000,0
DiskQueryRelay.tasksExecuted,1781869656984000000,1781869668883000000,0
DiskQueryRelay.tasksRequested,1781869656984000000,1781869668883000000,0
writeAction.max.wait.ms,1781869656984000000,1781869668883000000,130
LowMemory.gcOverloaded,1781869656984000000,1781869668883000000,0
writeAction.count,1781869656984000000,1781869668883000000,0
DiskQueryRelay.taskWaitingTotalTimeUs,1781869656984000000,1781869668883000000,0
VFS.fileByIdCache.hits,1781869656984000000,1781869668883000000,0
VFS.invertedFileNameIndex.requests,1781869656984000000,1781869668883000000,0
VFS.fileChildByName,1781869656984000000,1781869668883000000,5
VFS.fileByIdCache.misses,1781869656984000000,1781869668883000000,0
VFS.folderCaseSensitivityReads,1781869656984000000,1781869668883000000,0
VFS.rootsCount,1781869656984000000,1781869668883000000,0.0
cacheStateStorage.set.duration,1781869656984000000,1781869668883000000,0
cacheStateStorage.get.counter,1781869656984000000,1781869668883000000,0
cacheStateStorage.get.duration,1781869656984000000,1781869668883000000,0
cacheStateStorage.set.counter,1781869656984000000,1781869668883000000,0
FlushQueue.executionTimeAvgNs,1781869656984000000,1781869668883000000,138064.29365079364
NonBlockingReadAction.finalizedExecutionTimeUs,1781869656984000000,1781869668883000000,0
FlushQueue.queueSizeAvg,1781869656984000000,1781869668883000000,8.738095238095237
FlushQueue.waitingTime90PNs,1781869656984000000,1781869668883000000,2850815
FlushQueue.tasksExecuted,1781869656984000000,1781869668883000000,126
WriteAction.executionsCount,1781869656984000000,1781869668883000000,0
AWTEventQueue.dispatchTimeAvgNs,1781869656984000000,1781869668883000000,1181851.4285714286
FlushQueue.waitingTimeMaxNs,1781869656984000000,1781869668883000000,4653055
AWTEventQueue.dispatchTime90PNs,1781869656984000000,1781869668883000000,4554751
NonBlockingReadAction.finalizedExecutionsCount,1781869656984000000,1781869668883000000,0
FlushQueue.executionTimeMaxNs,1781869656984000000,1781869668883000000,2850815
AWTEventQueue.dispatchTimeTotalNS,1781869656984000000,1781869668883000000,41351293
FlushQueue.executionTime90PNs,1781869656984000000,1781869668883000000,313343
FlushQueue.queueSizeMax,1781869656984000000,1781869668883000000,26
NonBlockingReadAction.failedExecutionsCount,1781869656984000000,1781869668883000000,0
AWTEventQueue.eventsDispatched,1781869656984000000,1781869668883000000,35
AWTEventQueue.dispatchTimeMaxNs,1781869656984000000,1781869668883000000,12845055
NonBlockingReadAction.failedExecutionTimeUs,1781869656984000000,1781869668883000000,0
FlushQueue.waitingTimeAvgNs,1781869656984000000,1781869668883000000,1352403.6825396826
ReadAction.executionsCount,1781869656984000000,1781869668883000000,65
FlushQueue.queueSize90P,1781869656984000000,1781869668883000000,19
MappedFileStorage.totalTimeSpentOnMappingUs,1781869656984000000,1781869668883000000,26310
FilePageCache.pageLoads,1781869656984000000,1781869668883000000,0
MappedFileStorage.storages,1781869656984000000,1781869668883000000,0
DirectByteBufferAllocator.hits,1781869656984000000,1781869668883000000,0
FilePageCache.disposedBuffers,1781869656984000000,1781869668883000000,0
FilePageCache.maxCacheSizeInBytes,1781869656984000000,1781869668883000000,629153792
FilePageCache.pageHits,1781869656984000000,1781869668883000000,0
FileChannelInterruptsRetryer.totalRetriedAttempts,1781869656984000000,1781869668883000000,0
MappedFileStorage.totalBytesMapped,1781869656984000000,1781869668883000000,0
FilePageCache.capacityInBytes,1781869656984000000,1781869668883000000,629145600
FilePageCache.maxRegisteredFiles,1781869656984000000,1781869668883000000,1652
DirectByteBufferAllocator.reclaimed,1781869656984000000,1781869668883000000,0
StorageLockContext.competingThreads.90P,1781869656984000000,1781869668883000000,0
MappedFileStorage.totalPagesMapped,1781869656984000000,1781869668883000000,0
DirectByteBufferAllocator.totalSizeOfBuffersAllocatedInBytes,1781869656984000000,1781869668883000000,0
FilePageCache.totalPageDisposalsUs,1781869656984000000,1781869668883000000,0
DirectByteBufferAllocator.totalSizeOfBuffersCachedInBytes,1781869656984000000,1781869668883000000,93364224
FilePageCache.pageFastCacheHits,1781869656984000000,1781869668883000000,0
StorageLockContext.competingThreads.avg,1781869656984000000,1781869668883000000,0.0
FilePageCache.totalPageLoadsUs,1781869656984000000,1781869668883000000,0
StorageLockContext.competingThreads.max,1781869656984000000,1781869668883000000,0
DirectByteBufferAllocator.disposed,1781869656984000000,1781869668883000000,0
FilePageCache.pageLoadsAboveSizeThreshold,1781869656984000000,1781869668883000000,0
FilePageCache.uncachedFileAccess,1781869656984000000,1781869668883000000,0
DirectByteBufferAllocator.misses,1781869656984000000,1781869668883000000,0
Indexes.entries.lookupDurationMaxMs,1781869656984000000,1781869668883000000,0.0
Indexing.writer_3.totalTimeSpentWritingMs,1781869656984000000,1781869668883000000,0
Indexes.stubs.lookupDuration90PMs,1781869656984000000,1781869668883000000,0.0
Indexing.writesQueuedAvg,1781869656984000000,1781869668883000000,0.0
Indexes.entries.lookupDurationAvgMs,1781869656984000000,1781869668883000000,0.0
Indexing.writer_1.totalTimeSpentWritingMs,1781869656984000000,1781869668883000000,0
Indexing.writer_2.totalTimeSpentWritingMs,1781869656984000000,1781869668883000000,0
Indexes.entries.lookupDuration90PMs,1781869656984000000,1781869668883000000,0.0
Indexing.totalTimeIndexersSleptMs,1781869656984000000,1781869668883000000,0
Indexes.stubs.lookupDurationMaxMs,1781869656984000000,1781869668883000000,0.0
Indexes.allKeys.lookups,1781869656984000000,1781869668883000000,0
Indexing.writesQueuedMin,1781869656984000000,1781869668883000000,0
Indexes.stubs.lookups,1781869656984000000,1781869668883000000,0
Indexes.allKeys.lookupDurationMaxMs,1781869656984000000,1781869668883000000,0.0
Indexing.cache.totalCacheMisses,1781869656984000000,1781869668883000000,0
Indexes.entries.lookups,1781869656984000000,1781869668883000000,0
Indexing.cache.totalCacheAccesses,1781869656984000000,1781869668883000000,0
Indexing.cache.totalCacheEvicted,1781869656984000000,1781869668883000000,603
Indexing.writer_0.totalTimeSpentWritingMs,1781869656984000000,1781869668883000000,0
Indexes.allKeys.lookupDurationAvgMs,1781869656984000000,1781869668883000000,0.0
Indexes.allKeys.lookupDuration90PMs,1781869656984000000,1781869668883000000,0.0
Indexes.stubs.lookupDurationAvgMs,1781869656984000000,1781869668883000000,0.0
Indexing.writesQueuedMax,1781869656984000000,1781869668883000000,0
JVM.totalSafepointCount,1781869656984000000,1781869668883000000,0
JVM.maxThreadCount,1781869656984000000,1781869668883000000,134
JVM.threadCount,1781869656984000000,1781869668883000000,63
MEM.ramMinusFileMappingsBytes,1781869656984000000,1781869668883000000,1429004288
MEM.ramBytes,1781869656984000000,1781869668883000000,2203058176
JVM.totalTimeAtSafepointsMs,1781869656984000000,1781869668883000000,0
JVM.GC.collectionTimesMs,1781869656984000000,1781869668883000000,0
JVM.maxHeapBytes,1781869656984000000,1781869668883000000,2147483648
JVM.totalDirectByteBuffersBytes,1781869656984000000,1781869668883000000,1173505
MEM.fileMappingsRamBytes,1781869656984000000,1781869668883000000,762544128
JVM.totalCpuTimeMs,1781869656984000000,1781869668883000000,810
JVM.GC.collections,1781869656984000000,1781869668883000000,0
JVM.usedHeapBytes,1781869656984000000,1781869668883000000,434525904
JVM.totalTimeToSafepointsMs,1781869656984000000,1781869668883000000,0
MEM.ramPlusSwapMinusFileMappingsBytes,1781869656984000000,1781869668883000000,1429004288
JVM.newThreadsCount,1781869656984000000,1781869668883000000,5
OS.loadAverage,1781869656984000000,1781869668883000000,0.84912109375
JVM.committedHeapBytes,1781869656984000000,1781869668883000000,670040064
JVM.totalBytesAllocated,1781869656984000000,1781869668883000000,17085360
JVM.usedNativeBytes,1781869656984000000,1781869668883000000,461392312
jps.global.initialize.library.bridges.ms,1781869656984000000,1781869668883000000,0
workspaceModel.mutableEntityStorage.changeLog.addReplaceEventForRemovedParent.ms,1781869656984000000,1781869668883000000,0
jps.save.changed.project.entities.ms,1781869656984000000,1781869668883000000,0
jps.global.handle.before.change.events.ms,1781869656984000000,1781869668883000000,0
jps.artifact.entities.serializer.load.entities.ms,1781869656984000000,1781869668883000000,0
jps.app.storage.content.writer.save.component.ms,1781869656984000000,1781869668883000000,0
workspaceModel.load.cache.from.file.ms,1781869656984000000,1781869668883000000,0
workspaceModel.global.updates.ms,1781869656984000000,1781869668883000000,0
workspaceModel.mutableEntityStorage.resolve.ms,1781869656984000000,1781869668883000000,0
jps.project.serializers.save.ms,1781869656984000000,1781869668883000000,0
jps.library.entities.serializer.save.entities.ms,1781869656984000000,1781869668883000000,0
workspaceModel.mutableEntityStorage.has.same.entities.ms,1781869656984000000,1781869668883000000,0
workspaceModel.global.apply.state.to.project.ms,1781869656984000000,1781869668883000000,0
jps.reload.project.entities.ms,1781869656984000000,1781869668883000000,0
workspaceModel.mutableEntityStorage.modify.entity.ms,1781869656984000000,1781869668883000000,0
workspaceModel.mutableEntityStorage.entities.ms,1781869656984000000,1781869668883000000,0
workspaceModel.mutableEntityStorage.put.entity.ms,1781869656984000000,1781869668883000000,0
jps.module.iml.entities.serializer.save.entities.ms,1781869656984000000,1781869668883000000,0
workspaceModel.moduleManagerBridge.create.module.instance.ms,1781869656984000000,1781869668883000000,0
jps.global.get.library.by.name.ms,1781869656984000000,1781869668883000000,0
workspaceModel.mutableEntityStorage.changeLog.addReplaceEventForRemovedChild.ms,1781869656984000000,1781869668883000000,0
jps.global.handle.changed.events.ms,1781869656984000000,1781869668883000000,0
workspaceModel.mutableEntityStorage.replace.by.source.ms,1781869656984000000,1781869668883000000,0
workspaceModel.mutableEntityStorage.changeLog.addReplaceEventForNewChild.ms,1781869656984000000,1781869668883000000,0
workspaceModel.sync.entities.ms,1781869656984000000,1781869668883000000,0
workspaceModel.mutableEntityStorage.mutable.ext.mapping.ms,1781869656984000000,1781869668883000000,0
jps.load.initial.state.ms,1781869656984000000,1781869668883000000,0
jps.app.storage.content.reader.load.component.ms,1781869656984000000,1781869668883000000,0
jps.global.get.library.ms,1781869656984000000,1781869668883000000,0
workspaceModel.global.updates.count,1781869656984000000,1781869668883000000,0
jps.facet.change.listener.init.bridge.ms,1781869656984000000,1781869668883000000,0
jps.apply.loaded.storage.ms,1781869656984000000,1781869668883000000,0
workspaceModel.mutableEntityStorage.changeLog.addReplaceEventForNewParent.ms,1781869656984000000,1781869668883000000,0
jps.module.dependency.index.workspace.model.listener.on.changed.ms,1781869656984000000,1781869668883000000,0
workspaceModel.mutableEntityStorage.referrers.ms,1781869656984000000,1781869668883000000,0
jps.project.serializers.load.ms,1781869656984000000,1781869668883000000,0
workspaceModel.mutableEntityStorage.collect.changes.ms,1781869656984000000,1781869668883000000,0
workspaceModel.mutableEntityStorage.instances.count,1781869656984000000,1781869668883000000,0
jps.facet.change.listener.process.change.events.ms,1781869656984000000,1781869668883000000,0
workspaceModel.mutableEntityStorage.entities.by.source.ms,1781869656984000000,1781869668883000000,0
workspaceModel.moduleManagerBridge.load.all.modules.ms,1781869656984000000,1781869668883000000,0
workspaceModel.moduleManagerBridge.set.unloadedModules.ms,1781869656984000000,1781869668883000000,0
workspaceModel.mutableEntityStorage.to.snapshot.ms,1781869656984000000,1781869668883000000,0
jps.load.project.to.empty.storage.ms,1781869656984000000,1781869668883000000,0
workspaceModel.mutableEntityStorage.hasReferrers.ms,1781869656984000000,1781869668883000000,0
jps.module.iml.entities.serializer.load.entities.ms,1781869656984000000,1781869668883000000,0
workspaceModel.mutableEntityStorage.mutable.vfurl.index.ms,1781869656984000000,1781869668883000000,0
workspaceModel.mutableEntityStorage.add.entity.ms,1781869656984000000,1781869668883000000,0
workspaceModel.global.apply.state.to.project.builder.ms,1781869656984000000,1781869668883000000,0
jps.artifact.entities.serializer.save.entities.ms,1781869656984000000,1781869668883000000,0
jps.library.entities.serializer.load.entities.ms,1781869656984000000,1781869668883000000,0
workspaceModel.moduleBridge.facet.initialization.ms,1781869656984000000,1781869668883000000,0
jps.global.initialize.library.bridges.after.loading.ms,1781869656984000000,1781869668883000000,0
workspaceModel.mutableEntityStorage.apply.changes.from.ms,1781869656984000000,1781869668883000000,0
workspaceModel.moduleBridgeLoader.loading.modules.ms,1781869656984000000,1781869668883000000,0
workspaceModel.moduleManagerBridge.new.nonPersistent.module.ms,1781869656984000000,1781869668883000000,0
workspaceModel.orphan.listener.update.ms,1781869656984000000,1781869668883000000,0
jps.global.get.libraries.ms,1781869656984000000,1781869668883000000,0
workspaceModel.moduleManagerBridge.load.module.ms,1781869656984000000,1781869668883000000,0
workspaceModel.save.cache.to.file.ms,1781869656984000000,1781869668883000000,0
jps.save.global.entities.ms,1781869656984000000,1781869668883000000,0
workspaceModel.moduleManagerBridge.get.modules.ms,1781869656984000000,1781869668883000000,0
workspaceModel.delayed.project.synchronizer.sync.ms,1781869656984000000,1781869668883000000,0
workspaceModel.moduleBridge.update.option.ms,1781869656984000000,1781869668883000000,0
workspaceModel.moduleBridge.before.changed.ms,1781869656984000000,1781869668883000000,0
workspaceModel.mutableEntityStorage.remove.entity.ms,1781869656984000000,1781869668883000000,0
workspaceModel.moduleManagerBridge.build.module.graph.ms,1781869656984000000,1781869668883000000,0
jps.storage.jps.conf.reader.load.component.ms,1781869656984000000,1781869668883000000,0
workspaceModel.moduleManagerBridge.newModule.ms,1781869656984000000,1781869668883000000,0
workspaceModel.load.cache.metadata.from.file.ms,1781869656984000000,1781869668883000000,0
jps.facet.change.listener.before.change.events.ms,1781869656984000000,1781869668883000000,0
workspaceModel.do.save.caches.ms,1781869656984000000,1781869668883000000,0
