# OpenTelemetry Metrics report: .csv, 4 fields: 
# <metric name>, <period start, nanoseconds>, <period end, nanoseconds>, <metric value>
# See CsvMetricsExporter for details.
# 
# NAME, PERIOD_START_NANOS, PERIOD_END_NANOS, VALUE
workspaceModel.cachedValue.clear.count,1781869745701000000,1781869805944000000,0
workspaceModel.cachedValue.from.cache.count,1781869745701000000,1781869805944000000,48
workspaceModel.updates.precise.ms,1781869745701000000,1781869805944000000,65
workspaceModel.check.recursive.update.ms,1781869745701000000,1781869805944000000,0
workspaceModel.cachedValueWithParameters.total.get.count,1781869745701000000,1781869805944000000,0
workspaceModel.updates.ms,1781869745701000000,1781869805944000000,310
workspaceModel.collect.changes.ms,1781869745701000000,1781869805944000000,0
workspaceModel.initializing.ms,1781869745701000000,1781869805944000000,32
workspaceModel.workspaceFileIndexData.markDirty.ms,1781869745701000000,1781869805944000000,0
workspaceModel.full.replace.project.model.ms,1781869745701000000,1781869805944000000,5
workspaceModel.workspaceFileIndexData.getPackageName.ms,1781869745701000000,1781869805944000000,14
workspaceModel.on.before.changed.ms,1781869745701000000,1781869805944000000,142
workspaceModel.to.snapshot.ms,1781869745701000000,1781869805944000000,1
workspaceModel.update.unloaded.entities.ms,1781869745701000000,1781869805944000000,0
workspaceModel.init.bridges.ms,1781869745701000000,1781869805944000000,32
workspaceModel.workspaceFileIndexContributor.registerFileSets.ms,1781869745701000000,1781869805944000000,861
workspaceModel.pre.handlers.ms,1781869745701000000,1781869805944000000,2
workspaceModel.cachedValue.total.get.count,1781869745701000000,1781869805944000000,68
workspaceModel.workspaceFileIndexData.getDirectoriesByPackageName.ms,1781869745701000000,1781869805944000000,77
workspaceModel.cachedValue.calculated.count,1781869745701000000,1781869805944000000,20
workspaceModel.workspaceFileIndexData.visitFileSets.ms,1781869745701000000,1781869805944000000,43
workspaceModel.workspaceFileIndexData.getFileInfo.ms,1781869745701000000,1781869805944000000,1275
workspaceModel.updates.count,1781869745701000000,1781869805944000000,3
workspaceModel.workspaceFileIndexData.updateDirtyEntities.ms,1781869745701000000,1781869805944000000,0
workspaceModel.workspaceFileIndexData.init.ms,1781869745701000000,1781869805944000000,443
workspaceModel.cachedValueWithParameters.calculated.count,1781869745701000000,1781869805944000000,0
workspaceModel.loading.from.cache.ms,1781869745701000000,1781869805944000000,614
workspaceModel.on.changed.ms,1781869745701000000,1781869805944000000,57
workspaceModel.loading.total.ms,1781869745701000000,1781869805944000000,631
workspaceModel.workspaceFileIndexData.processFileSets.ms,1781869745701000000,1781869805944000000,0
workspaceModel.cachedValueWithParameters.from.cache.count,1781869745701000000,1781869805944000000,0
workspaceModel.replace.project.model.ms,1781869745701000000,1781869805944000000,0
workspaceModel.entityStorageSnapshotImpl.instances.count,1781869745701000000,1781869805944000000,22
workspaceModel.workspaceFileIndexData.instances.count,1781869745701000000,1781869805944000000,1
workspaceModel.cachedValueWithParameters.clear.count,1781869745701000000,1781869805944000000,0
workspaceModel.workspaceFileIndexData.onEntitiesChanged.ms,1781869745701000000,1781869805944000000,3
FileChannelInterruptsRetryer.totalRetriedAttempts,1781869745701000000,1781869805944000000,0
StreamlinedBlobStorage.recordsRelocated,1781869745701000000,1781869805944000000,0
DirectByteBufferAllocator.misses,1781869745701000000,1781869805944000000,612
FilePageCache.pageLoads,1781869745701000000,1781869805944000000,613
StreamlinedBlobStorage.recordsAllocated,1781869745701000000,1781869805944000000,60795
FilePageCache.uncachedFileAccess,1781869745701000000,1781869805944000000,554
DirectByteBufferAllocator.hits,1781869745701000000,1781869805944000000,48
StreamlinedBlobStorage.recordsDeleted,1781869745701000000,1781869805944000000,5
FilePageCache.maxCacheSizeInBytes,1781869745701000000,1781869805944000000,629153792
FilePageCache.pageFastCacheHits,1781869745701000000,1781869805944000000,17109
FilePageCache.totalPageDisposalsUs,1781869745701000000,1781869805944000000,18258
StreamlinedBlobStorage.totalLiveRecordsPayloadBytes,1781869745701000000,1781869805944000000,2935074
DirectByteBufferAllocator.reclaimed,1781869745701000000,1781869805944000000,90
FilePageCache.pageLoadsAboveSizeThreshold,1781869745701000000,1781869805944000000,47
DirectByteBufferAllocator.totalSizeOfBuffersCachedInBytes,1781869745701000000,1781869805944000000,41959424
MappedFileStorage.totalPagesMapped,1781869745701000000,1781869805944000000,13
StreamlinedBlobStorage.totalLiveRecordsCapacityBytes,1781869745701000000,1781869805944000000,5407855
StorageLockContext.competingThreads.90P,1781869745701000000,1781869805944000000,0
FilePageCache.totalPageLoadsUs,1781869745701000000,1781869805944000000,1738070
MappedFileStorage.totalTimeSpentOnMappingUs,1781869745701000000,1781869805944000000,73610
FilePageCache.disposedBuffers,1781869745701000000,1781869805944000000,651
FilePageCache.maxRegisteredFiles,1781869745701000000,1781869805944000000,1649
DirectByteBufferAllocator.disposed,1781869745701000000,1781869805944000000,603
StorageLockContext.competingThreads.max,1781869745701000000,1781869805944000000,0
DirectByteBufferAllocator.totalSizeOfBuffersAllocatedInBytes,1781869745701000000,1781869805944000000,9437184
FilePageCache.pageHits,1781869745701000000,1781869805944000000,0
FilePageCache.capacityInBytes,1781869745701000000,1781869805944000000,629145600
MappedFileStorage.totalBytesMapped,1781869745701000000,1781869805944000000,190054400
MappedFileStorage.storages,1781869745701000000,1781869805944000000,13
StorageLockContext.competingThreads.avg,1781869745701000000,1781869805944000000,0.0
compiler.ArtifactManagerBridge.addArtifact.ms,1781869745701000000,1781869805944000000,0
compiler.ArtifactManagerBridge.getArtifacts.ms,1781869745701000000,1781869805944000000,0
compiler.ArtifactManagerBridge.getArtifactsByType.ms,1781869745701000000,1781869805944000000,10
compiler.ArtifactManagerBridge.initBridges.ms,1781869745701000000,1781869805944000000,4
compiler.ArtifactManagerBridge.findArtifact.ms,1781869745701000000,1781869805944000000,0
compiler.ArtifactVirtualFileListener.filePathChanged.ms,1781869745701000000,1781869805944000000,0
compiler.ArtifactVirtualFileListener.propertyChanged.ms,1781869745701000000,1781869805944000000,0
compiler.ArtifactManagerBridge.commit.ms,1781869745701000000,1781869805944000000,0
compiler.ArtifactManagerBridge.dropMappings.ms,1781869745701000000,1781869805944000000,0
NonBlockingReadAction.finalizedExecutionsCount,1781869745701000000,1781869805944000000,19
FlushQueue.waitingTimeMaxNs,1781869745701000000,1781869805944000000,0
WriteAction.executionsCount,1781869745701000000,1781869805944000000,10
NonBlockingReadAction.failedExecutionTimeUs,1781869745701000000,1781869805944000000,3137
NonBlockingReadAction.finalizedExecutionTimeUs,1781869745701000000,1781869805944000000,1618843
FlushQueue.waitingTime90PNs,1781869745701000000,1781869805944000000,0
AWTEventQueue.dispatchTime90PNs,1781869745701000000,1781869805944000000,0
FlushQueue.executionTimeMaxNs,1781869745701000000,1781869805944000000,0
FlushQueue.tasksExecuted,1781869745701000000,1781869805944000000,0
AWTEventQueue.dispatchTimeTotalNS,1781869745701000000,1781869805944000000,17795109132
FlushQueue.executionTime90PNs,1781869745701000000,1781869805944000000,0
NonBlockingReadAction.failedExecutionsCount,1781869745701000000,1781869805944000000,1
AWTEventQueue.dispatchTimeAvgNs,1781869745701000000,1781869805944000000,0.0
FlushQueue.queueSize90P,1781869745701000000,1781869805944000000,0
FlushQueue.queueSizeAvg,1781869745701000000,1781869805944000000,0.0
FlushQueue.executionTimeAvgNs,1781869745701000000,1781869805944000000,0.0
FlushQueue.queueSizeMax,1781869745701000000,1781869805944000000,0
AWTEventQueue.eventsDispatched,1781869745701000000,1781869805944000000,0
ReadAction.executionsCount,1781869745701000000,1781869805944000000,33549
FlushQueue.waitingTimeAvgNs,1781869745701000000,1781869805944000000,0.0
AWTEventQueue.dispatchTimeMaxNs,1781869745701000000,1781869805944000000,0
workspaceModel.delayed.project.synchronizer.sync.ms,1781869745701000000,1781869805944000000,159
workspaceModel.load.cache.from.file.ms,1781869745701000000,1781869805944000000,627
workspaceModel.mutableEntityStorage.add.entity.ms,1781869745701000000,1781869805944000000,62
workspaceModel.moduleBridge.facet.initialization.ms,1781869745701000000,1781869805944000000,45
jps.storage.jps.conf.reader.load.component.ms,1781869745701000000,1781869805944000000,10
workspaceModel.mutableEntityStorage.entities.ms,1781869745701000000,1781869805944000000,1
jps.global.initialize.library.bridges.ms,1781869745701000000,1781869805944000000,2
jps.facet.change.listener.init.bridge.ms,1781869745701000000,1781869805944000000,4
jps.reload.project.entities.ms,1781869745701000000,1781869805944000000,0
jps.library.entities.serializer.load.entities.ms,1781869745701000000,1781869805944000000,0
jps.global.get.library.ms,1781869745701000000,1781869805944000000,0
workspaceModel.mutableEntityStorage.put.entity.ms,1781869745701000000,1781869805944000000,32
workspaceModel.moduleManagerBridge.create.module.instance.ms,1781869745701000000,1781869805944000000,0
jps.global.handle.changed.events.ms,1781869745701000000,1781869805944000000,0
workspaceModel.save.cache.to.file.ms,1781869745701000000,1781869805944000000,128
jps.save.changed.project.entities.ms,1781869745701000000,1781869805944000000,0
workspaceModel.moduleManagerBridge.build.module.graph.ms,1781869745701000000,1781869805944000000,2
workspaceModel.mutableEntityStorage.collect.changes.ms,1781869745701000000,1781869805944000000,5
jps.load.project.to.empty.storage.ms,1781869745701000000,1781869805944000000,137
workspaceModel.mutableEntityStorage.changeLog.addReplaceEventForRemovedChild.ms,1781869745701000000,1781869805944000000,0
jps.global.handle.before.change.events.ms,1781869745701000000,1781869805944000000,0
jps.app.storage.content.reader.load.component.ms,1781869745701000000,1781869805944000000,4
workspaceModel.mutableEntityStorage.changeLog.addReplaceEventForRemovedParent.ms,1781869745701000000,1781869805944000000,0
workspaceModel.global.updates.ms,1781869745701000000,1781869805944000000,19
workspaceModel.mutableEntityStorage.changeLog.addReplaceEventForNewChild.ms,1781869745701000000,1781869805944000000,0
jps.global.get.library.by.name.ms,1781869745701000000,1781869805944000000,0
workspaceModel.mutableEntityStorage.mutable.ext.mapping.ms,1781869745701000000,1781869805944000000,9
workspaceModel.moduleManagerBridge.get.modules.ms,1781869745701000000,1781869805944000000,9
workspaceModel.mutableEntityStorage.entities.by.source.ms,1781869745701000000,1781869805944000000,2
workspaceModel.mutableEntityStorage.changeLog.addReplaceEventForNewParent.ms,1781869745701000000,1781869805944000000,1
jps.module.iml.entities.serializer.save.entities.ms,1781869745701000000,1781869805944000000,0
jps.facet.change.listener.before.change.events.ms,1781869745701000000,1781869805944000000,0
workspaceModel.mutableEntityStorage.modify.entity.ms,1781869745701000000,1781869805944000000,4
workspaceModel.mutableEntityStorage.replace.by.source.ms,1781869745701000000,1781869805944000000,39
workspaceModel.moduleBridge.before.changed.ms,1781869745701000000,1781869805944000000,0
jps.module.dependency.index.workspace.model.listener.on.changed.ms,1781869745701000000,1781869805944000000,2
workspaceModel.mutableEntityStorage.hasReferrers.ms,1781869745701000000,1781869805944000000,0
workspaceModel.moduleManagerBridge.load.module.ms,1781869745701000000,1781869805944000000,0
workspaceModel.moduleBridgeLoader.loading.modules.ms,1781869745701000000,1781869805944000000,774
jps.facet.change.listener.process.change.events.ms,1781869745701000000,1781869805944000000,7
workspaceModel.mutableEntityStorage.instances.count,1781869745701000000,1781869805944000000,33
workspaceModel.sync.entities.ms,1781869745701000000,1781869805944000000,0
workspaceModel.load.cache.metadata.from.file.ms,1781869745701000000,1781869805944000000,47
workspaceModel.orphan.listener.update.ms,1781869745701000000,1781869805944000000,11
workspaceModel.mutableEntityStorage.apply.changes.from.ms,1781869745701000000,1781869805944000000,9
jps.project.serializers.save.ms,1781869745701000000,1781869805944000000,0
jps.global.initialize.library.bridges.after.loading.ms,1781869745701000000,1781869805944000000,8
workspaceModel.mutableEntityStorage.resolve.ms,1781869745701000000,1781869805944000000,0
jps.global.get.libraries.ms,1781869745701000000,1781869805944000000,3
jps.apply.loaded.storage.ms,1781869745701000000,1781869805944000000,18
workspaceModel.mutableEntityStorage.mutable.vfurl.index.ms,1781869745701000000,1781869805944000000,1
workspaceModel.global.apply.state.to.project.builder.ms,1781869745701000000,1781869805944000000,5
workspaceModel.moduleManagerBridge.new.nonPersistent.module.ms,1781869745701000000,1781869805944000000,0
jps.load.initial.state.ms,1781869745701000000,1781869805944000000,110
workspaceModel.moduleManagerBridge.load.all.modules.ms,1781869745701000000,1781869805944000000,160
workspaceModel.moduleManagerBridge.set.unloadedModules.ms,1781869745701000000,1781869805944000000,0
jps.project.serializers.load.ms,1781869745701000000,1781869805944000000,42
workspaceModel.moduleManagerBridge.newModule.ms,1781869745701000000,1781869805944000000,0
workspaceModel.global.updates.count,1781869745701000000,1781869805944000000,1
workspaceModel.do.save.caches.ms,1781869745701000000,1781869805944000000,142
workspaceModel.mutableEntityStorage.remove.entity.ms,1781869745701000000,1781869805944000000,0
jps.library.entities.serializer.save.entities.ms,1781869745701000000,1781869805944000000,0
workspaceModel.moduleBridge.update.option.ms,1781869745701000000,1781869805944000000,0
workspaceModel.global.apply.state.to.project.ms,1781869745701000000,1781869805944000000,320
jps.artifact.entities.serializer.save.entities.ms,1781869745701000000,1781869805944000000,0
workspaceModel.mutableEntityStorage.to.snapshot.ms,1781869745701000000,1781869805944000000,8
workspaceModel.mutableEntityStorage.referrers.ms,1781869745701000000,1781869805944000000,0
workspaceModel.mutableEntityStorage.has.same.entities.ms,1781869745701000000,1781869805944000000,0
jps.save.global.entities.ms,1781869745701000000,1781869805944000000,0
jps.module.iml.entities.serializer.load.entities.ms,1781869745701000000,1781869805944000000,27
jps.artifact.entities.serializer.load.entities.ms,1781869745701000000,1781869805944000000,0
Indexes.stubs.lookupDurationMaxMs,1781869745701000000,1781869805944000000,0.0
Indexes.stubs.lookupDuration90PMs,1781869745701000000,1781869805944000000,0.0
Indexes.entries.lookups,1781869745701000000,1781869805944000000,3
Indexes.allKeys.lookupDurationAvgMs,1781869745701000000,1781869805944000000,0.0
Indexes.allKeys.lookupDurationMaxMs,1781869745701000000,1781869805944000000,0.0
Indexes.allKeys.lookupDuration90PMs,1781869745701000000,1781869805944000000,0.0
Indexing.writesQueuedMax,1781869745701000000,1781869805944000000,0
Indexes.entries.lookupDurationMaxMs,1781869745701000000,1781869805944000000,0.0
Indexing.cache.totalCacheAccesses,1781869745701000000,1781869805944000000,8105
Indexing.writesQueuedMin,1781869745701000000,1781869805944000000,9223372036854775807
Indexing.writer_0.totalTimeSpentWritingMs,1781869745701000000,1781869805944000000,249
Indexes.stubs.lookupDurationAvgMs,1781869745701000000,1781869805944000000,0.0
Indexes.entries.lookupDurationAvgMs,1781869745701000000,1781869805944000000,0.0
Indexing.cache.totalCacheMisses,1781869745701000000,1781869805944000000,1730
Indexing.writer_3.totalTimeSpentWritingMs,1781869745701000000,1781869805944000000,22
Indexes.allKeys.lookups,1781869745701000000,1781869805944000000,1
Indexing.writer_1.totalTimeSpentWritingMs,1781869745701000000,1781869805944000000,274
Indexes.entries.lookupDuration90PMs,1781869745701000000,1781869805944000000,0.0
Indexing.totalTimeIndexersSleptMs,1781869745701000000,1781869805944000000,0
Indexing.cache.totalCacheEvicted,1781869745701000000,1781869805944000000,1722
Indexing.writer_2.totalTimeSpentWritingMs,1781869745701000000,1781869805944000000,179
Indexes.stubs.lookups,1781869745701000000,1781869805944000000,48
parser.Groovy.size.bytes,1781869745701000000,1781869805944000000,74779
lexer.JAVA.time.ns,1781869745701000000,1781869805944000000,44180226
writeAction.wait.ms,1781869745701000000,1781869805944000000,99
writeAction.median.wait.ms,1781869745701000000,1781869805944000000,0
parser.JAVA.time.ns,1781869745701000000,1781869805944000000,198072575
lexer.ECMAScript.6.time.ns,1781869745701000000,1781869805944000000,40775323
DiskQueryRelay.tasksExecuted,1781869745701000000,1781869805944000000,152
lexer.ECMAScript.6.size.bytes,1781869745701000000,1781869805944000000,3432
DiskQueryRelay.tasksRequested,1781869745701000000,1781869805944000000,152
lexer.Groovy.time.ns,1781869745701000000,1781869805944000000,657344814
lexer.JAVA.size.bytes,1781869745701000000,1781869805944000000,9504
parser.ECMAScript.6.size.bytes,1781869745701000000,1781869805944000000,6480
writeAction.max.wait.ms,1781869745701000000,1781869805944000000,91
lexer.Groovy.size.bytes,1781869745701000000,1781869805944000000,74779
DiskQueryRelay.taskExecutionTotalTimeUs,1781869745701000000,1781869805944000000,208719
LowMemory.gcLoad,1781869745701000000,1781869805944000000,0.0014277697070626582
writeAction.count,1781869745701000000,1781869805944000000,10
parser.ECMAScript.6.time.ns,1781869745701000000,1781869805944000000,336347030
DiskQueryRelay.taskWaitingTotalTimeUs,1781869745701000000,1781869805944000000,341245
LowMemory.gcOverloaded,1781869745701000000,1781869805944000000,0
parser.Groovy.time.ns,1781869745701000000,1781869805944000000,7101447567
parser.JAVA.size.bytes,1781869745701000000,1781869805944000000,9504
cacheStateStorage.set.counter,1781869745701000000,1781869805944000000,3
cacheStateStorage.set.duration,1781869745701000000,1781869805944000000,35
cacheStateStorage.get.counter,1781869745701000000,1781869805944000000,31
cacheStateStorage.get.duration,1781869745701000000,1781869805944000000,137
JVM.usedNativeBytes,1781869745701000000,1781869805944000000,372755632
JVM.maxThreadCount,1781869745701000000,1781869805944000000,83
MEM.fileMappingsRamBytes,1781869745701000000,1781869805944000000,626622464
JVM.totalBytesAllocated,1781869745701000000,1781869805944000000,2276666568
JVM.committedHeapBytes,1781869745701000000,1781869805944000000,423624704
JVM.totalTimeAtSafepointsMs,1781869745701000000,1781869805944000000,841
JVM.newThreadsCount,1781869745701000000,1781869805944000000,88
JVM.usedHeapBytes,1781869745701000000,1781869805944000000,356396000
OS.loadAverage,1781869745701000000,1781869805944000000,2.0546875
MEM.ramBytes,1781869745701000000,1781869805944000000,1657544704
MEM.ramMinusFileMappingsBytes,1781869745701000000,1781869805944000000,1019912192
JVM.totalSafepointCount,1781869745701000000,1781869805944000000,98
JVM.totalDirectByteBuffersBytes,1781869745701000000,1781869805944000000,10610689
JVM.maxHeapBytes,1781869745701000000,1781869805944000000,2147483648
JVM.totalCpuTimeMs,1781869745701000000,1781869805944000000,131060
JVM.GC.collections,1781869745701000000,1781869805944000000,50
JVM.threadCount,1781869745701000000,1781869805944000000,82
MEM.ramPlusSwapMinusFileMappingsBytes,1781869745701000000,1781869805944000000,1019912192
JVM.GC.collectionTimesMs,1781869745701000000,1781869805944000000,789
JVM.totalTimeToSafepointsMs,1781869745701000000,1781869805944000000,51
VFS.contentStorage.recordsStored,1781869745701000000,1781869805944000000,0
VFS.fileChildByName,1781869745701000000,1781869805944000000,3936
VFS.contentStorage.recordsDeduplicated,1781869745701000000,1781869805944000000,1
VFS.fileByIdCache.misses,1781869745701000000,1781869805944000000,76
VFS.contentStorage.recordsDecompressionTimeUs,1781869745701000000,1781869805944000000,0
VFS.contentStorage.recordsUncompressedSize,1781869745701000000,1781869805944000000,0
VFS.contentStorage.recordsReadSize,1781869745701000000,1781869805944000000,19606
FileNameCache.queries,1781869745701000000,1781869805944000000,359616
VFS.contentStorage.recordsStoredSize,1781869745701000000,1781869805944000000,0
FileNameCache.totalMisses,1781869745701000000,1781869805944000000,27840
VFS.rootsCount,1781869745701000000,1781869805944000000,12.0
VFS.contentStorage.recordsStoredCompressed,1781869745701000000,1781869805944000000,0
VFS.invertedFileNameIndex.requests,1781869745701000000,1781869805944000000,4
VFS.cache.directoriesCreated,1781869745701000000,1781869805944000000,1415
VFS.cache.segmentsCreated,1781869745701000000,1781869805944000000,89
VFS.folderCaseSensitivityReads,1781869745701000000,1781869805944000000,5
VFS.cache.filesCreated,1781869745701000000,1781869805944000000,2353
VFS.fileByIdCache.hits,1781869745701000000,1781869805944000000,0
VFS.contentStorage.recordsRead,1781869745701000000,1781869805944000000,8
VFS.cache.segments,1781869745701000000,1781869805944000000,89.0
VFS.contentStorage.recordsReadDecompressed,1781869745701000000,1781869805944000000,0
workspaceModel.cachedValue.clear.count,1781869805944000000,1781869865794000000,0
workspaceModel.cachedValue.from.cache.count,1781869805944000000,1781869865794000000,10
workspaceModel.updates.precise.ms,1781869805944000000,1781869865794000000,0
workspaceModel.check.recursive.update.ms,1781869805944000000,1781869865794000000,0
workspaceModel.cachedValueWithParameters.total.get.count,1781869805944000000,1781869865794000000,0
workspaceModel.updates.ms,1781869805944000000,1781869865794000000,0
workspaceModel.collect.changes.ms,1781869805944000000,1781869865794000000,0
workspaceModel.initializing.ms,1781869805944000000,1781869865794000000,0
workspaceModel.workspaceFileIndexData.markDirty.ms,1781869805944000000,1781869865794000000,0
workspaceModel.full.replace.project.model.ms,1781869805944000000,1781869865794000000,0
workspaceModel.workspaceFileIndexData.getPackageName.ms,1781869805944000000,1781869865794000000,0
workspaceModel.on.before.changed.ms,1781869805944000000,1781869865794000000,0
workspaceModel.to.snapshot.ms,1781869805944000000,1781869865794000000,0
workspaceModel.update.unloaded.entities.ms,1781869805944000000,1781869865794000000,0
workspaceModel.init.bridges.ms,1781869805944000000,1781869865794000000,0
workspaceModel.workspaceFileIndexContributor.registerFileSets.ms,1781869805944000000,1781869865794000000,0
workspaceModel.pre.handlers.ms,1781869805944000000,1781869865794000000,0
workspaceModel.cachedValue.total.get.count,1781869805944000000,1781869865794000000,11
workspaceModel.workspaceFileIndexData.getDirectoriesByPackageName.ms,1781869805944000000,1781869865794000000,0
workspaceModel.cachedValue.calculated.count,1781869805944000000,1781869865794000000,1
workspaceModel.workspaceFileIndexData.visitFileSets.ms,1781869805944000000,1781869865794000000,0
workspaceModel.workspaceFileIndexData.getFileInfo.ms,1781869805944000000,1781869865794000000,3
workspaceModel.updates.count,1781869805944000000,1781869865794000000,0
workspaceModel.workspaceFileIndexData.updateDirtyEntities.ms,1781869805944000000,1781869865794000000,0
workspaceModel.workspaceFileIndexData.init.ms,1781869805944000000,1781869865794000000,0
workspaceModel.cachedValueWithParameters.calculated.count,1781869805944000000,1781869865794000000,0
workspaceModel.loading.from.cache.ms,1781869805944000000,1781869865794000000,0
workspaceModel.on.changed.ms,1781869805944000000,1781869865794000000,0
workspaceModel.loading.total.ms,1781869805944000000,1781869865794000000,0
workspaceModel.workspaceFileIndexData.processFileSets.ms,1781869805944000000,1781869865794000000,0
workspaceModel.cachedValueWithParameters.from.cache.count,1781869805944000000,1781869865794000000,0
workspaceModel.replace.project.model.ms,1781869805944000000,1781869865794000000,0
workspaceModel.entityStorageSnapshotImpl.instances.count,1781869805944000000,1781869865794000000,0
workspaceModel.workspaceFileIndexData.instances.count,1781869805944000000,1781869865794000000,0
workspaceModel.cachedValueWithParameters.clear.count,1781869805944000000,1781869865794000000,0
workspaceModel.workspaceFileIndexData.onEntitiesChanged.ms,1781869805944000000,1781869865794000000,0
FileChannelInterruptsRetryer.totalRetriedAttempts,1781869805944000000,1781869865794000000,0
StreamlinedBlobStorage.recordsRelocated,1781869805944000000,1781869865794000000,0
DirectByteBufferAllocator.misses,1781869805944000000,1781869865794000000,4
FilePageCache.pageLoads,1781869805944000000,1781869865794000000,4
StreamlinedBlobStorage.recordsAllocated,1781869805944000000,1781869865794000000,0
FilePageCache.uncachedFileAccess,1781869805944000000,1781869865794000000,3
DirectByteBufferAllocator.hits,1781869805944000000,1781869865794000000,0
StreamlinedBlobStorage.recordsDeleted,1781869805944000000,1781869865794000000,0
FilePageCache.maxCacheSizeInBytes,1781869805944000000,1781869865794000000,629153792
FilePageCache.pageFastCacheHits,1781869805944000000,1781869865794000000,6
FilePageCache.totalPageDisposalsUs,1781869805944000000,1781869865794000000,9
StreamlinedBlobStorage.totalLiveRecordsPayloadBytes,1781869805944000000,1781869865794000000,1
DirectByteBufferAllocator.reclaimed,1781869805944000000,1781869865794000000,13
FilePageCache.pageLoadsAboveSizeThreshold,1781869805944000000,1781869865794000000,0
DirectByteBufferAllocator.totalSizeOfBuffersCachedInBytes,1781869805944000000,1781869865794000000,55590912
MappedFileStorage.totalPagesMapped,1781869805944000000,1781869865794000000,13
StreamlinedBlobStorage.totalLiveRecordsCapacityBytes,1781869805944000000,1781869865794000000,0
StorageLockContext.competingThreads.90P,1781869805944000000,1781869865794000000,0
FilePageCache.totalPageLoadsUs,1781869805944000000,1781869865794000000,5334
MappedFileStorage.totalTimeSpentOnMappingUs,1781869805944000000,1781869865794000000,73610
FilePageCache.disposedBuffers,1781869805944000000,1781869865794000000,13
FilePageCache.maxRegisteredFiles,1781869805944000000,1781869865794000000,1649
DirectByteBufferAllocator.disposed,1781869805944000000,1781869865794000000,13
StorageLockContext.competingThreads.max,1781869805944000000,1781869865794000000,0
DirectByteBufferAllocator.totalSizeOfBuffersAllocatedInBytes,1781869805944000000,1781869865794000000,0
FilePageCache.pageHits,1781869805944000000,1781869865794000000,0
FilePageCache.capacityInBytes,1781869805944000000,1781869865794000000,629145600
MappedFileStorage.totalBytesMapped,1781869805944000000,1781869865794000000,190054400
MappedFileStorage.storages,1781869805944000000,1781869865794000000,13
StorageLockContext.competingThreads.avg,1781869805944000000,1781869865794000000,0.0
compiler.ArtifactManagerBridge.addArtifact.ms,1781869805944000000,1781869865794000000,0
compiler.ArtifactManagerBridge.getArtifacts.ms,1781869805944000000,1781869865794000000,0
compiler.ArtifactManagerBridge.getArtifactsByType.ms,1781869805944000000,1781869865794000000,0
compiler.ArtifactManagerBridge.initBridges.ms,1781869805944000000,1781869865794000000,0
compiler.ArtifactManagerBridge.findArtifact.ms,1781869805944000000,1781869865794000000,0
compiler.ArtifactVirtualFileListener.filePathChanged.ms,1781869805944000000,1781869865794000000,0
compiler.ArtifactVirtualFileListener.propertyChanged.ms,1781869805944000000,1781869865794000000,0
compiler.ArtifactManagerBridge.commit.ms,1781869805944000000,1781869865794000000,0
compiler.ArtifactManagerBridge.dropMappings.ms,1781869805944000000,1781869865794000000,0
NonBlockingReadAction.finalizedExecutionsCount,1781869805944000000,1781869865794000000,6
FlushQueue.waitingTimeMaxNs,1781869805944000000,1781869865794000000,0
WriteAction.executionsCount,1781869805944000000,1781869865794000000,2
NonBlockingReadAction.failedExecutionTimeUs,1781869805944000000,1781869865794000000,18403
NonBlockingReadAction.finalizedExecutionTimeUs,1781869805944000000,1781869865794000000,222341
FlushQueue.waitingTime90PNs,1781869805944000000,1781869865794000000,0
AWTEventQueue.dispatchTime90PNs,1781869805944000000,1781869865794000000,0
FlushQueue.executionTimeMaxNs,1781869805944000000,1781869865794000000,0
FlushQueue.tasksExecuted,1781869805944000000,1781869865794000000,0
AWTEventQueue.dispatchTimeTotalNS,1781869805944000000,1781869865794000000,2350512182
FlushQueue.executionTime90PNs,1781869805944000000,1781869865794000000,0
NonBlockingReadAction.failedExecutionsCount,1781869805944000000,1781869865794000000,1
AWTEventQueue.dispatchTimeAvgNs,1781869805944000000,1781869865794000000,0.0
FlushQueue.queueSize90P,1781869805944000000,1781869865794000000,0
FlushQueue.queueSizeAvg,1781869805944000000,1781869865794000000,0.0
FlushQueue.executionTimeAvgNs,1781869805944000000,1781869865794000000,0.0
FlushQueue.queueSizeMax,1781869805944000000,1781869865794000000,0
AWTEventQueue.eventsDispatched,1781869805944000000,1781869865794000000,0
ReadAction.executionsCount,1781869805944000000,1781869865794000000,1565
FlushQueue.waitingTimeAvgNs,1781869805944000000,1781869865794000000,0.0
AWTEventQueue.dispatchTimeMaxNs,1781869805944000000,1781869865794000000,0
workspaceModel.delayed.project.synchronizer.sync.ms,1781869805944000000,1781869865794000000,0
workspaceModel.load.cache.from.file.ms,1781869805944000000,1781869865794000000,0
workspaceModel.mutableEntityStorage.add.entity.ms,1781869805944000000,1781869865794000000,0
workspaceModel.moduleBridge.facet.initialization.ms,1781869805944000000,1781869865794000000,0
jps.storage.jps.conf.reader.load.component.ms,1781869805944000000,1781869865794000000,0
workspaceModel.mutableEntityStorage.entities.ms,1781869805944000000,1781869865794000000,0
jps.global.initialize.library.bridges.ms,1781869805944000000,1781869865794000000,0
jps.facet.change.listener.init.bridge.ms,1781869805944000000,1781869865794000000,0
jps.reload.project.entities.ms,1781869805944000000,1781869865794000000,0
jps.library.entities.serializer.load.entities.ms,1781869805944000000,1781869865794000000,0
jps.global.get.library.ms,1781869805944000000,1781869865794000000,0
workspaceModel.mutableEntityStorage.put.entity.ms,1781869805944000000,1781869865794000000,0
workspaceModel.moduleManagerBridge.create.module.instance.ms,1781869805944000000,1781869865794000000,0
jps.global.handle.changed.events.ms,1781869805944000000,1781869865794000000,0
workspaceModel.save.cache.to.file.ms,1781869805944000000,1781869865794000000,0
jps.save.changed.project.entities.ms,1781869805944000000,1781869865794000000,9
workspaceModel.moduleManagerBridge.build.module.graph.ms,1781869805944000000,1781869865794000000,0
workspaceModel.mutableEntityStorage.collect.changes.ms,1781869805944000000,1781869865794000000,0
jps.load.project.to.empty.storage.ms,1781869805944000000,1781869865794000000,0
workspaceModel.mutableEntityStorage.changeLog.addReplaceEventForRemovedChild.ms,1781869805944000000,1781869865794000000,0
jps.global.handle.before.change.events.ms,1781869805944000000,1781869865794000000,0
jps.app.storage.content.reader.load.component.ms,1781869805944000000,1781869865794000000,0
workspaceModel.mutableEntityStorage.changeLog.addReplaceEventForRemovedParent.ms,1781869805944000000,1781869865794000000,0
workspaceModel.global.updates.ms,1781869805944000000,1781869865794000000,0
workspaceModel.mutableEntityStorage.changeLog.addReplaceEventForNewChild.ms,1781869805944000000,1781869865794000000,0
jps.global.get.library.by.name.ms,1781869805944000000,1781869865794000000,0
workspaceModel.mutableEntityStorage.mutable.ext.mapping.ms,1781869805944000000,1781869865794000000,0
workspaceModel.moduleManagerBridge.get.modules.ms,1781869805944000000,1781869865794000000,0
workspaceModel.mutableEntityStorage.entities.by.source.ms,1781869805944000000,1781869865794000000,0
workspaceModel.mutableEntityStorage.changeLog.addReplaceEventForNewParent.ms,1781869805944000000,1781869865794000000,0
jps.module.iml.entities.serializer.save.entities.ms,1781869805944000000,1781869865794000000,0
jps.facet.change.listener.before.change.events.ms,1781869805944000000,1781869865794000000,0
workspaceModel.mutableEntityStorage.modify.entity.ms,1781869805944000000,1781869865794000000,0
workspaceModel.mutableEntityStorage.replace.by.source.ms,1781869805944000000,1781869865794000000,0
workspaceModel.moduleBridge.before.changed.ms,1781869805944000000,1781869865794000000,0
jps.module.dependency.index.workspace.model.listener.on.changed.ms,1781869805944000000,1781869865794000000,0
workspaceModel.mutableEntityStorage.hasReferrers.ms,1781869805944000000,1781869865794000000,0
workspaceModel.moduleManagerBridge.load.module.ms,1781869805944000000,1781869865794000000,0
workspaceModel.moduleBridgeLoader.loading.modules.ms,1781869805944000000,1781869865794000000,0
jps.facet.change.listener.process.change.events.ms,1781869805944000000,1781869865794000000,0
workspaceModel.mutableEntityStorage.instances.count,1781869805944000000,1781869865794000000,0
workspaceModel.sync.entities.ms,1781869805944000000,1781869865794000000,0
workspaceModel.load.cache.metadata.from.file.ms,1781869805944000000,1781869865794000000,0
workspaceModel.orphan.listener.update.ms,1781869805944000000,1781869865794000000,0
workspaceModel.mutableEntityStorage.apply.changes.from.ms,1781869805944000000,1781869865794000000,0
jps.project.serializers.save.ms,1781869805944000000,1781869865794000000,8
jps.global.initialize.library.bridges.after.loading.ms,1781869805944000000,1781869865794000000,0
workspaceModel.mutableEntityStorage.resolve.ms,1781869805944000000,1781869865794000000,0
jps.global.get.libraries.ms,1781869805944000000,1781869865794000000,0
jps.apply.loaded.storage.ms,1781869805944000000,1781869865794000000,0
workspaceModel.mutableEntityStorage.mutable.vfurl.index.ms,1781869805944000000,1781869865794000000,0
workspaceModel.global.apply.state.to.project.builder.ms,1781869805944000000,1781869865794000000,0
workspaceModel.moduleManagerBridge.new.nonPersistent.module.ms,1781869805944000000,1781869865794000000,0
jps.load.initial.state.ms,1781869805944000000,1781869865794000000,0
jps.app.storage.content.writer.save.component.ms,1781869805944000000,1781869865794000000,12
workspaceModel.moduleManagerBridge.load.all.modules.ms,1781869805944000000,1781869865794000000,0
workspaceModel.moduleManagerBridge.set.unloadedModules.ms,1781869805944000000,1781869865794000000,0
jps.project.serializers.load.ms,1781869805944000000,1781869865794000000,0
workspaceModel.moduleManagerBridge.newModule.ms,1781869805944000000,1781869865794000000,0
workspaceModel.global.updates.count,1781869805944000000,1781869865794000000,0
workspaceModel.do.save.caches.ms,1781869805944000000,1781869865794000000,0
workspaceModel.mutableEntityStorage.remove.entity.ms,1781869805944000000,1781869865794000000,0
jps.library.entities.serializer.save.entities.ms,1781869805944000000,1781869865794000000,0
workspaceModel.moduleBridge.update.option.ms,1781869805944000000,1781869865794000000,0
workspaceModel.global.apply.state.to.project.ms,1781869805944000000,1781869865794000000,0
jps.artifact.entities.serializer.save.entities.ms,1781869805944000000,1781869865794000000,0
workspaceModel.mutableEntityStorage.to.snapshot.ms,1781869805944000000,1781869865794000000,0
workspaceModel.mutableEntityStorage.referrers.ms,1781869805944000000,1781869865794000000,0
workspaceModel.mutableEntityStorage.has.same.entities.ms,1781869805944000000,1781869865794000000,0
jps.save.global.entities.ms,1781869805944000000,1781869865794000000,69
jps.module.iml.entities.serializer.load.entities.ms,1781869805944000000,1781869865794000000,0
jps.artifact.entities.serializer.load.entities.ms,1781869805944000000,1781869865794000000,0
Indexes.stubs.lookupDurationMaxMs,1781869805944000000,1781869865794000000,0.0
Indexes.stubs.lookupDuration90PMs,1781869805944000000,1781869865794000000,0.0
Indexes.entries.lookups,1781869805944000000,1781869865794000000,20
Indexes.allKeys.lookupDurationAvgMs,1781869805944000000,1781869865794000000,0.0
Indexes.allKeys.lookupDurationMaxMs,1781869805944000000,1781869865794000000,0.0
Indexes.allKeys.lookupDuration90PMs,1781869805944000000,1781869865794000000,0.0
Indexing.writesQueuedMax,1781869805944000000,1781869865794000000,0
Indexes.entries.lookupDurationMaxMs,1781869805944000000,1781869865794000000,0.0
Indexing.cache.totalCacheAccesses,1781869805944000000,1781869865794000000,203
Indexing.writesQueuedMin,1781869805944000000,1781869865794000000,9223372036854775807
Indexing.writer_0.totalTimeSpentWritingMs,1781869805944000000,1781869865794000000,0
Indexes.stubs.lookupDurationAvgMs,1781869805944000000,1781869865794000000,0.0
Indexes.entries.lookupDurationAvgMs,1781869805944000000,1781869865794000000,0.0
Indexing.cache.totalCacheMisses,1781869805944000000,1781869865794000000,59
Indexing.writer_3.totalTimeSpentWritingMs,1781869805944000000,1781869865794000000,0
Indexes.allKeys.lookups,1781869805944000000,1781869865794000000,1
Indexing.writer_1.totalTimeSpentWritingMs,1781869805944000000,1781869865794000000,0
Indexes.entries.lookupDuration90PMs,1781869805944000000,1781869865794000000,0.0
Indexing.totalTimeIndexersSleptMs,1781869805944000000,1781869865794000000,0
Indexing.cache.totalCacheEvicted,1781869805944000000,1781869865794000000,31
Indexing.writer_2.totalTimeSpentWritingMs,1781869805944000000,1781869865794000000,0
Indexes.stubs.lookups,1781869805944000000,1781869865794000000,74
writeAction.wait.ms,1781869805944000000,1781869865794000000,0
parser.JSON.size.bytes,1781869805944000000,1781869865794000000,0
writeAction.max.wait.ms,1781869805944000000,1781869865794000000,91
DiskQueryRelay.taskExecutionTotalTimeUs,1781869805944000000,1781869865794000000,8389
DiskQueryRelay.taskWaitingTotalTimeUs,1781869805944000000,1781869865794000000,8587
LowMemory.gcOverloaded,1781869805944000000,1781869865794000000,0
writeAction.median.wait.ms,1781869805944000000,1781869865794000000,0
lexer.JSON.size.bytes,1781869805944000000,1781869865794000000,444250
parser.JSON.time.ns,1781869805944000000,1781869865794000000,5
DiskQueryRelay.tasksExecuted,1781869805944000000,1781869865794000000,47
DiskQueryRelay.tasksRequested,1781869805944000000,1781869865794000000,47
LowMemory.gcLoad,1781869805944000000,1781869865794000000,7.329925418437533E-4
writeAction.count,1781869805944000000,1781869865794000000,2
lexer.JSON.time.ns,1781869805944000000,1781869865794000000,15893493
cacheStateStorage.set.counter,1781869805944000000,1781869865794000000,1
cacheStateStorage.set.duration,1781869805944000000,1781869865794000000,8
cacheStateStorage.get.counter,1781869805944000000,1781869865794000000,0
cacheStateStorage.get.duration,1781869805944000000,1781869865794000000,0
JVM.usedNativeBytes,1781869805944000000,1781869865794000000,396727928
JVM.maxThreadCount,1781869805944000000,1781869865794000000,84
MEM.fileMappingsRamBytes,1781869805944000000,1781869865794000000,654016512
JVM.totalBytesAllocated,1781869805944000000,1781869865794000000,231270464
JVM.committedHeapBytes,1781869805944000000,1781869865794000000,439353344
JVM.totalTimeAtSafepointsMs,1781869805944000000,1781869865794000000,230
JVM.newThreadsCount,1781869805944000000,1781869865794000000,5
JVM.usedHeapBytes,1781869805944000000,1781869865794000000,267062144
OS.loadAverage,1781869805944000000,1781869865794000000,1.39990234375
MEM.ramBytes,1781869805944000000,1781869865794000000,1722744832
MEM.ramMinusFileMappingsBytes,1781869805944000000,1781869865794000000,1057587200
JVM.totalSafepointCount,1781869805944000000,1781869865794000000,6
JVM.totalDirectByteBuffersBytes,1781869805944000000,1781869865794000000,1173505
JVM.maxHeapBytes,1781869805944000000,1781869865794000000,2147483648
JVM.totalCpuTimeMs,1781869805944000000,1781869865794000000,14890
JVM.GC.collections,1781869805944000000,1781869865794000000,6
JVM.threadCount,1781869805944000000,1781869865794000000,73
MEM.ramPlusSwapMinusFileMappingsBytes,1781869805944000000,1781869865794000000,1057587200
JVM.GC.collectionTimesMs,1781869805944000000,1781869865794000000,229
JVM.totalTimeToSafepointsMs,1781869805944000000,1781869865794000000,1
VFS.contentStorage.recordsStored,1781869805944000000,1781869865794000000,0
VFS.fileChildByName,1781869805944000000,1781869865794000000,494
VFS.contentStorage.recordsDeduplicated,1781869805944000000,1781869865794000000,1
VFS.fileByIdCache.misses,1781869805944000000,1781869865794000000,2
VFS.contentStorage.recordsDecompressionTimeUs,1781869805944000000,1781869865794000000,0
VFS.contentStorage.recordsUncompressedSize,1781869805944000000,1781869865794000000,0
VFS.contentStorage.recordsReadSize,1781869805944000000,1781869865794000000,3315
FileNameCache.queries,1781869805944000000,1781869865794000000,2816
VFS.contentStorage.recordsStoredSize,1781869805944000000,1781869865794000000,0
FileNameCache.totalMisses,1781869805944000000,1781869865794000000,0
VFS.rootsCount,1781869805944000000,1781869865794000000,23.0
VFS.contentStorage.recordsStoredCompressed,1781869805944000000,1781869865794000000,0
VFS.invertedFileNameIndex.requests,1781869805944000000,1781869865794000000,0
VFS.cache.directoriesCreated,1781869805944000000,1781869865794000000,61
VFS.cache.segmentsCreated,1781869805944000000,1781869865794000000,0
VFS.folderCaseSensitivityReads,1781869805944000000,1781869865794000000,0
VFS.cache.filesCreated,1781869805944000000,1781869865794000000,135
VFS.fileByIdCache.hits,1781869805944000000,1781869865794000000,0
VFS.contentStorage.recordsRead,1781869805944000000,1781869865794000000,2
VFS.cache.segments,1781869805944000000,1781869865794000000,89.0
VFS.contentStorage.recordsReadDecompressed,1781869805944000000,1781869865794000000,0
workspaceModel.cachedValue.clear.count,1781869865794000000,1781869925794000000,0
workspaceModel.cachedValue.from.cache.count,1781869865794000000,1781869925794000000,0
workspaceModel.updates.precise.ms,1781869865794000000,1781869925794000000,0
workspaceModel.check.recursive.update.ms,1781869865794000000,1781869925794000000,0
workspaceModel.cachedValueWithParameters.total.get.count,1781869865794000000,1781869925794000000,0
workspaceModel.updates.ms,1781869865794000000,1781869925794000000,0
workspaceModel.collect.changes.ms,1781869865794000000,1781869925794000000,0
workspaceModel.initializing.ms,1781869865794000000,1781869925794000000,0
workspaceModel.workspaceFileIndexData.markDirty.ms,1781869865794000000,1781869925794000000,0
workspaceModel.full.replace.project.model.ms,1781869865794000000,1781869925794000000,0
workspaceModel.workspaceFileIndexData.getPackageName.ms,1781869865794000000,1781869925794000000,0
workspaceModel.on.before.changed.ms,1781869865794000000,1781869925794000000,0
workspaceModel.to.snapshot.ms,1781869865794000000,1781869925794000000,0
workspaceModel.update.unloaded.entities.ms,1781869865794000000,1781869925794000000,0
workspaceModel.init.bridges.ms,1781869865794000000,1781869925794000000,0
workspaceModel.workspaceFileIndexContributor.registerFileSets.ms,1781869865794000000,1781869925794000000,0
workspaceModel.pre.handlers.ms,1781869865794000000,1781869925794000000,0
workspaceModel.cachedValue.total.get.count,1781869865794000000,1781869925794000000,0
workspaceModel.workspaceFileIndexData.getDirectoriesByPackageName.ms,1781869865794000000,1781869925794000000,0
workspaceModel.cachedValue.calculated.count,1781869865794000000,1781869925794000000,0
workspaceModel.workspaceFileIndexData.visitFileSets.ms,1781869865794000000,1781869925794000000,0
workspaceModel.workspaceFileIndexData.getFileInfo.ms,1781869865794000000,1781869925794000000,0
workspaceModel.updates.count,1781869865794000000,1781869925794000000,0
workspaceModel.workspaceFileIndexData.updateDirtyEntities.ms,1781869865794000000,1781869925794000000,0
workspaceModel.workspaceFileIndexData.init.ms,1781869865794000000,1781869925794000000,0
workspaceModel.cachedValueWithParameters.calculated.count,1781869865794000000,1781869925794000000,0
workspaceModel.loading.from.cache.ms,1781869865794000000,1781869925794000000,0
workspaceModel.on.changed.ms,1781869865794000000,1781869925794000000,0
workspaceModel.loading.total.ms,1781869865794000000,1781869925794000000,0
workspaceModel.workspaceFileIndexData.processFileSets.ms,1781869865794000000,1781869925794000000,0
workspaceModel.cachedValueWithParameters.from.cache.count,1781869865794000000,1781869925794000000,0
workspaceModel.replace.project.model.ms,1781869865794000000,1781869925794000000,0
workspaceModel.entityStorageSnapshotImpl.instances.count,1781869865794000000,1781869925794000000,0
workspaceModel.workspaceFileIndexData.instances.count,1781869865794000000,1781869925794000000,0
workspaceModel.cachedValueWithParameters.clear.count,1781869865794000000,1781869925794000000,0
workspaceModel.workspaceFileIndexData.onEntitiesChanged.ms,1781869865794000000,1781869925794000000,0
FileChannelInterruptsRetryer.totalRetriedAttempts,1781869865794000000,1781869925794000000,0
StreamlinedBlobStorage.recordsRelocated,1781869865794000000,1781869925794000000,0
DirectByteBufferAllocator.misses,1781869865794000000,1781869925794000000,0
FilePageCache.pageLoads,1781869865794000000,1781869925794000000,0
StreamlinedBlobStorage.recordsAllocated,1781869865794000000,1781869925794000000,0
FilePageCache.uncachedFileAccess,1781869865794000000,1781869925794000000,0
DirectByteBufferAllocator.hits,1781869865794000000,1781869925794000000,0
StreamlinedBlobStorage.recordsDeleted,1781869865794000000,1781869925794000000,0
FilePageCache.maxCacheSizeInBytes,1781869865794000000,1781869925794000000,629153792
FilePageCache.pageFastCacheHits,1781869865794000000,1781869925794000000,0
FilePageCache.totalPageDisposalsUs,1781869865794000000,1781869925794000000,0
StreamlinedBlobStorage.totalLiveRecordsPayloadBytes,1781869865794000000,1781869925794000000,0
DirectByteBufferAllocator.reclaimed,1781869865794000000,1781869925794000000,0
FilePageCache.pageLoadsAboveSizeThreshold,1781869865794000000,1781869925794000000,0
DirectByteBufferAllocator.totalSizeOfBuffersCachedInBytes,1781869865794000000,1781869925794000000,55590912
MappedFileStorage.totalPagesMapped,1781869865794000000,1781869925794000000,13
StreamlinedBlobStorage.totalLiveRecordsCapacityBytes,1781869865794000000,1781869925794000000,0
StorageLockContext.competingThreads.90P,1781869865794000000,1781869925794000000,0
FilePageCache.totalPageLoadsUs,1781869865794000000,1781869925794000000,0
MappedFileStorage.totalTimeSpentOnMappingUs,1781869865794000000,1781869925794000000,73610
FilePageCache.disposedBuffers,1781869865794000000,1781869925794000000,0
FilePageCache.maxRegisteredFiles,1781869865794000000,1781869925794000000,1649
DirectByteBufferAllocator.disposed,1781869865794000000,1781869925794000000,0
StorageLockContext.competingThreads.max,1781869865794000000,1781869925794000000,0
DirectByteBufferAllocator.totalSizeOfBuffersAllocatedInBytes,1781869865794000000,1781869925794000000,0
FilePageCache.pageHits,1781869865794000000,1781869925794000000,0
FilePageCache.capacityInBytes,1781869865794000000,1781869925794000000,629145600
MappedFileStorage.totalBytesMapped,1781869865794000000,1781869925794000000,190054400
MappedFileStorage.storages,1781869865794000000,1781869925794000000,13
StorageLockContext.competingThreads.avg,1781869865794000000,1781869925794000000,0.0
compiler.ArtifactManagerBridge.addArtifact.ms,1781869865794000000,1781869925794000000,0
compiler.ArtifactManagerBridge.getArtifacts.ms,1781869865794000000,1781869925794000000,0
compiler.ArtifactManagerBridge.getArtifactsByType.ms,1781869865794000000,1781869925794000000,0
compiler.ArtifactManagerBridge.initBridges.ms,1781869865794000000,1781869925794000000,0
compiler.ArtifactManagerBridge.findArtifact.ms,1781869865794000000,1781869925794000000,0
compiler.ArtifactVirtualFileListener.filePathChanged.ms,1781869865794000000,1781869925794000000,0
compiler.ArtifactVirtualFileListener.propertyChanged.ms,1781869865794000000,1781869925794000000,0
compiler.ArtifactManagerBridge.commit.ms,1781869865794000000,1781869925794000000,0
compiler.ArtifactManagerBridge.dropMappings.ms,1781869865794000000,1781869925794000000,0
NonBlockingReadAction.finalizedExecutionsCount,1781869865794000000,1781869925794000000,0
FlushQueue.waitingTimeMaxNs,1781869865794000000,1781869925794000000,0
WriteAction.executionsCount,1781869865794000000,1781869925794000000,0
NonBlockingReadAction.failedExecutionTimeUs,1781869865794000000,1781869925794000000,0
NonBlockingReadAction.finalizedExecutionTimeUs,1781869865794000000,1781869925794000000,0
FlushQueue.waitingTime90PNs,1781869865794000000,1781869925794000000,0
AWTEventQueue.dispatchTime90PNs,1781869865794000000,1781869925794000000,0
FlushQueue.executionTimeMaxNs,1781869865794000000,1781869925794000000,0
FlushQueue.tasksExecuted,1781869865794000000,1781869925794000000,0
AWTEventQueue.dispatchTimeTotalNS,1781869865794000000,1781869925794000000,32816636
FlushQueue.executionTime90PNs,1781869865794000000,1781869925794000000,0
NonBlockingReadAction.failedExecutionsCount,1781869865794000000,1781869925794000000,0
AWTEventQueue.dispatchTimeAvgNs,1781869865794000000,1781869925794000000,0.0
FlushQueue.queueSize90P,1781869865794000000,1781869925794000000,0
FlushQueue.queueSizeAvg,1781869865794000000,1781869925794000000,0.0
FlushQueue.executionTimeAvgNs,1781869865794000000,1781869925794000000,0.0
FlushQueue.queueSizeMax,1781869865794000000,1781869925794000000,0
AWTEventQueue.eventsDispatched,1781869865794000000,1781869925794000000,0
ReadAction.executionsCount,1781869865794000000,1781869925794000000,7
FlushQueue.waitingTimeAvgNs,1781869865794000000,1781869925794000000,0.0
AWTEventQueue.dispatchTimeMaxNs,1781869865794000000,1781869925794000000,0
workspaceModel.delayed.project.synchronizer.sync.ms,1781869865794000000,1781869925794000000,0
workspaceModel.load.cache.from.file.ms,1781869865794000000,1781869925794000000,0
workspaceModel.mutableEntityStorage.add.entity.ms,1781869865794000000,1781869925794000000,0
workspaceModel.moduleBridge.facet.initialization.ms,1781869865794000000,1781869925794000000,0
jps.storage.jps.conf.reader.load.component.ms,1781869865794000000,1781869925794000000,0
workspaceModel.mutableEntityStorage.entities.ms,1781869865794000000,1781869925794000000,0
jps.global.initialize.library.bridges.ms,1781869865794000000,1781869925794000000,0
jps.facet.change.listener.init.bridge.ms,1781869865794000000,1781869925794000000,0
jps.reload.project.entities.ms,1781869865794000000,1781869925794000000,0
jps.library.entities.serializer.load.entities.ms,1781869865794000000,1781869925794000000,0
jps.global.get.library.ms,1781869865794000000,1781869925794000000,0
workspaceModel.mutableEntityStorage.put.entity.ms,1781869865794000000,1781869925794000000,0
workspaceModel.moduleManagerBridge.create.module.instance.ms,1781869865794000000,1781869925794000000,0
jps.global.handle.changed.events.ms,1781869865794000000,1781869925794000000,0
workspaceModel.save.cache.to.file.ms,1781869865794000000,1781869925794000000,0
jps.save.changed.project.entities.ms,1781869865794000000,1781869925794000000,0
workspaceModel.moduleManagerBridge.build.module.graph.ms,1781869865794000000,1781869925794000000,0
workspaceModel.mutableEntityStorage.collect.changes.ms,1781869865794000000,1781869925794000000,0
jps.load.project.to.empty.storage.ms,1781869865794000000,1781869925794000000,0
workspaceModel.mutableEntityStorage.changeLog.addReplaceEventForRemovedChild.ms,1781869865794000000,1781869925794000000,0
jps.global.handle.before.change.events.ms,1781869865794000000,1781869925794000000,0
jps.app.storage.content.reader.load.component.ms,1781869865794000000,1781869925794000000,0
workspaceModel.mutableEntityStorage.changeLog.addReplaceEventForRemovedParent.ms,1781869865794000000,1781869925794000000,0
workspaceModel.global.updates.ms,1781869865794000000,1781869925794000000,0
workspaceModel.mutableEntityStorage.changeLog.addReplaceEventForNewChild.ms,1781869865794000000,1781869925794000000,0
jps.global.get.library.by.name.ms,1781869865794000000,1781869925794000000,0
workspaceModel.mutableEntityStorage.mutable.ext.mapping.ms,1781869865794000000,1781869925794000000,0
workspaceModel.moduleManagerBridge.get.modules.ms,1781869865794000000,1781869925794000000,0
workspaceModel.mutableEntityStorage.entities.by.source.ms,1781869865794000000,1781869925794000000,0
workspaceModel.mutableEntityStorage.changeLog.addReplaceEventForNewParent.ms,1781869865794000000,1781869925794000000,0
jps.module.iml.entities.serializer.save.entities.ms,1781869865794000000,1781869925794000000,0
jps.facet.change.listener.before.change.events.ms,1781869865794000000,1781869925794000000,0
workspaceModel.mutableEntityStorage.modify.entity.ms,1781869865794000000,1781869925794000000,0
workspaceModel.mutableEntityStorage.replace.by.source.ms,1781869865794000000,1781869925794000000,0
workspaceModel.moduleBridge.before.changed.ms,1781869865794000000,1781869925794000000,0
jps.module.dependency.index.workspace.model.listener.on.changed.ms,1781869865794000000,1781869925794000000,0
workspaceModel.mutableEntityStorage.hasReferrers.ms,1781869865794000000,1781869925794000000,0
workspaceModel.moduleManagerBridge.load.module.ms,1781869865794000000,1781869925794000000,0
workspaceModel.moduleBridgeLoader.loading.modules.ms,1781869865794000000,1781869925794000000,0
jps.facet.change.listener.process.change.events.ms,1781869865794000000,1781869925794000000,0
workspaceModel.mutableEntityStorage.instances.count,1781869865794000000,1781869925794000000,0
workspaceModel.sync.entities.ms,1781869865794000000,1781869925794000000,0
workspaceModel.load.cache.metadata.from.file.ms,1781869865794000000,1781869925794000000,0
workspaceModel.orphan.listener.update.ms,1781869865794000000,1781869925794000000,0
workspaceModel.mutableEntityStorage.apply.changes.from.ms,1781869865794000000,1781869925794000000,0
jps.project.serializers.save.ms,1781869865794000000,1781869925794000000,0
jps.global.initialize.library.bridges.after.loading.ms,1781869865794000000,1781869925794000000,0
workspaceModel.mutableEntityStorage.resolve.ms,1781869865794000000,1781869925794000000,0
jps.global.get.libraries.ms,1781869865794000000,1781869925794000000,0
jps.apply.loaded.storage.ms,1781869865794000000,1781869925794000000,0
workspaceModel.mutableEntityStorage.mutable.vfurl.index.ms,1781869865794000000,1781869925794000000,0
workspaceModel.global.apply.state.to.project.builder.ms,1781869865794000000,1781869925794000000,0
workspaceModel.moduleManagerBridge.new.nonPersistent.module.ms,1781869865794000000,1781869925794000000,0
jps.load.initial.state.ms,1781869865794000000,1781869925794000000,0
jps.app.storage.content.writer.save.component.ms,1781869865794000000,1781869925794000000,0
workspaceModel.moduleManagerBridge.load.all.modules.ms,1781869865794000000,1781869925794000000,0
workspaceModel.moduleManagerBridge.set.unloadedModules.ms,1781869865794000000,1781869925794000000,0
jps.project.serializers.load.ms,1781869865794000000,1781869925794000000,0
workspaceModel.moduleManagerBridge.newModule.ms,1781869865794000000,1781869925794000000,0
workspaceModel.global.updates.count,1781869865794000000,1781869925794000000,0
workspaceModel.do.save.caches.ms,1781869865794000000,1781869925794000000,0
workspaceModel.mutableEntityStorage.remove.entity.ms,1781869865794000000,1781869925794000000,0
jps.library.entities.serializer.save.entities.ms,1781869865794000000,1781869925794000000,0
workspaceModel.moduleBridge.update.option.ms,1781869865794000000,1781869925794000000,0
workspaceModel.global.apply.state.to.project.ms,1781869865794000000,1781869925794000000,0
jps.artifact.entities.serializer.save.entities.ms,1781869865794000000,1781869925794000000,0
workspaceModel.mutableEntityStorage.to.snapshot.ms,1781869865794000000,1781869925794000000,0
workspaceModel.mutableEntityStorage.referrers.ms,1781869865794000000,1781869925794000000,0
workspaceModel.mutableEntityStorage.has.same.entities.ms,1781869865794000000,1781869925794000000,0
jps.save.global.entities.ms,1781869865794000000,1781869925794000000,0
jps.module.iml.entities.serializer.load.entities.ms,1781869865794000000,1781869925794000000,0
jps.artifact.entities.serializer.load.entities.ms,1781869865794000000,1781869925794000000,0
Indexes.stubs.lookupDurationMaxMs,1781869865794000000,1781869925794000000,0.0
Indexes.stubs.lookupDuration90PMs,1781869865794000000,1781869925794000000,0.0
Indexes.entries.lookups,1781869865794000000,1781869925794000000,0
Indexes.allKeys.lookupDurationAvgMs,1781869865794000000,1781869925794000000,0.0
Indexes.allKeys.lookupDurationMaxMs,1781869865794000000,1781869925794000000,0.0
Indexes.allKeys.lookupDuration90PMs,1781869865794000000,1781869925794000000,0.0
Indexing.writesQueuedMax,1781869865794000000,1781869925794000000,0
Indexes.entries.lookupDurationMaxMs,1781869865794000000,1781869925794000000,0.0
Indexing.cache.totalCacheAccesses,1781869865794000000,1781869925794000000,0
Indexing.writesQueuedMin,1781869865794000000,1781869925794000000,9223372036854775807
Indexing.writer_0.totalTimeSpentWritingMs,1781869865794000000,1781869925794000000,0
Indexes.stubs.lookupDurationAvgMs,1781869865794000000,1781869925794000000,0.0
Indexes.entries.lookupDurationAvgMs,1781869865794000000,1781869925794000000,0.0
Indexing.cache.totalCacheMisses,1781869865794000000,1781869925794000000,0
Indexing.writer_3.totalTimeSpentWritingMs,1781869865794000000,1781869925794000000,0
Indexes.allKeys.lookups,1781869865794000000,1781869925794000000,0
Indexing.writer_1.totalTimeSpentWritingMs,1781869865794000000,1781869925794000000,0
Indexes.entries.lookupDuration90PMs,1781869865794000000,1781869925794000000,0.0
Indexing.totalTimeIndexersSleptMs,1781869865794000000,1781869925794000000,0
Indexing.cache.totalCacheEvicted,1781869865794000000,1781869925794000000,0
Indexing.writer_2.totalTimeSpentWritingMs,1781869865794000000,1781869925794000000,0
Indexes.stubs.lookups,1781869865794000000,1781869925794000000,0
writeAction.wait.ms,1781869865794000000,1781869925794000000,0
writeAction.max.wait.ms,1781869865794000000,1781869925794000000,91
DiskQueryRelay.taskExecutionTotalTimeUs,1781869865794000000,1781869925794000000,0
DiskQueryRelay.taskWaitingTotalTimeUs,1781869865794000000,1781869925794000000,0
LowMemory.gcOverloaded,1781869865794000000,1781869925794000000,0
writeAction.median.wait.ms,1781869865794000000,1781869925794000000,0
DiskQueryRelay.tasksExecuted,1781869865794000000,1781869925794000000,0
DiskQueryRelay.tasksRequested,1781869865794000000,1781869925794000000,0
LowMemory.gcLoad,1781869865794000000,1781869925794000000,0.001324937049861745
writeAction.count,1781869865794000000,1781869925794000000,0
cacheStateStorage.set.counter,1781869865794000000,1781869925794000000,0
cacheStateStorage.set.duration,1781869865794000000,1781869925794000000,0
cacheStateStorage.get.counter,1781869865794000000,1781869925794000000,0
cacheStateStorage.get.duration,1781869865794000000,1781869925794000000,0
JVM.usedNativeBytes,1781869865794000000,1781869925794000000,397893792
JVM.maxThreadCount,1781869865794000000,1781869925794000000,84
MEM.fileMappingsRamBytes,1781869865794000000,1781869925794000000,654016512
JVM.totalBytesAllocated,1781869865794000000,1781869925794000000,20819640
JVM.committedHeapBytes,1781869865794000000,1781869925794000000,439353344
JVM.totalTimeAtSafepointsMs,1781869865794000000,1781869925794000000,0
JVM.newThreadsCount,1781869865794000000,1781869925794000000,0
JVM.usedHeapBytes,1781869865794000000,1781869925794000000,288033664
OS.loadAverage,1781869865794000000,1781869925794000000,0.6982421875
MEM.ramBytes,1781869865794000000,1781869925794000000,1724407808
MEM.ramMinusFileMappingsBytes,1781869865794000000,1781869925794000000,1059250176
JVM.totalSafepointCount,1781869865794000000,1781869925794000000,0
JVM.totalDirectByteBuffersBytes,1781869865794000000,1781869925794000000,1173505
JVM.maxHeapBytes,1781869865794000000,1781869925794000000,2147483648
JVM.totalCpuTimeMs,1781869865794000000,1781869925794000000,2350
JVM.GC.collections,1781869865794000000,1781869925794000000,0
JVM.threadCount,1781869865794000000,1781869925794000000,56
MEM.ramPlusSwapMinusFileMappingsBytes,1781869865794000000,1781869925794000000,1059250176
JVM.GC.collectionTimesMs,1781869865794000000,1781869925794000000,0
JVM.totalTimeToSafepointsMs,1781869865794000000,1781869925794000000,0
VFS.contentStorage.recordsStored,1781869865794000000,1781869925794000000,0
VFS.fileChildByName,1781869865794000000,1781869925794000000,0
VFS.contentStorage.recordsDeduplicated,1781869865794000000,1781869925794000000,0
VFS.fileByIdCache.misses,1781869865794000000,1781869925794000000,0
VFS.contentStorage.recordsDecompressionTimeUs,1781869865794000000,1781869925794000000,0
VFS.contentStorage.recordsUncompressedSize,1781869865794000000,1781869925794000000,0
VFS.contentStorage.recordsReadSize,1781869865794000000,1781869925794000000,0
FileNameCache.queries,1781869865794000000,1781869925794000000,0
VFS.contentStorage.recordsStoredSize,1781869865794000000,1781869925794000000,0
FileNameCache.totalMisses,1781869865794000000,1781869925794000000,0
VFS.rootsCount,1781869865794000000,1781869925794000000,23.0
VFS.contentStorage.recordsStoredCompressed,1781869865794000000,1781869925794000000,0
VFS.invertedFileNameIndex.requests,1781869865794000000,1781869925794000000,0
VFS.cache.directoriesCreated,1781869865794000000,1781869925794000000,0
VFS.cache.segmentsCreated,1781869865794000000,1781869925794000000,0
VFS.folderCaseSensitivityReads,1781869865794000000,1781869925794000000,0
VFS.cache.filesCreated,1781869865794000000,1781869925794000000,0
VFS.fileByIdCache.hits,1781869865794000000,1781869925794000000,0
VFS.contentStorage.recordsRead,1781869865794000000,1781869925794000000,0
VFS.cache.segments,1781869865794000000,1781869925794000000,89.0
VFS.contentStorage.recordsReadDecompressed,1781869865794000000,1781869925794000000,0
workspaceModel.cachedValue.clear.count,1781869925794000000,1781869985787000000,0
workspaceModel.cachedValue.from.cache.count,1781869925794000000,1781869985787000000,0
workspaceModel.updates.precise.ms,1781869925794000000,1781869985787000000,0
workspaceModel.check.recursive.update.ms,1781869925794000000,1781869985787000000,0
workspaceModel.cachedValueWithParameters.total.get.count,1781869925794000000,1781869985787000000,0
workspaceModel.updates.ms,1781869925794000000,1781869985787000000,0
workspaceModel.collect.changes.ms,1781869925794000000,1781869985787000000,0
workspaceModel.initializing.ms,1781869925794000000,1781869985787000000,0
workspaceModel.workspaceFileIndexData.markDirty.ms,1781869925794000000,1781869985787000000,0
workspaceModel.full.replace.project.model.ms,1781869925794000000,1781869985787000000,0
workspaceModel.workspaceFileIndexData.getPackageName.ms,1781869925794000000,1781869985787000000,0
workspaceModel.on.before.changed.ms,1781869925794000000,1781869985787000000,0
workspaceModel.to.snapshot.ms,1781869925794000000,1781869985787000000,0
workspaceModel.update.unloaded.entities.ms,1781869925794000000,1781869985787000000,0
workspaceModel.init.bridges.ms,1781869925794000000,1781869985787000000,0
workspaceModel.workspaceFileIndexContributor.registerFileSets.ms,1781869925794000000,1781869985787000000,0
workspaceModel.pre.handlers.ms,1781869925794000000,1781869985787000000,0
workspaceModel.cachedValue.total.get.count,1781869925794000000,1781869985787000000,0
workspaceModel.workspaceFileIndexData.getDirectoriesByPackageName.ms,1781869925794000000,1781869985787000000,0
workspaceModel.cachedValue.calculated.count,1781869925794000000,1781869985787000000,0
workspaceModel.workspaceFileIndexData.visitFileSets.ms,1781869925794000000,1781869985787000000,0
workspaceModel.workspaceFileIndexData.getFileInfo.ms,1781869925794000000,1781869985787000000,0
workspaceModel.updates.count,1781869925794000000,1781869985787000000,0
workspaceModel.workspaceFileIndexData.updateDirtyEntities.ms,1781869925794000000,1781869985787000000,0
workspaceModel.workspaceFileIndexData.init.ms,1781869925794000000,1781869985787000000,0
workspaceModel.cachedValueWithParameters.calculated.count,1781869925794000000,1781869985787000000,0
workspaceModel.loading.from.cache.ms,1781869925794000000,1781869985787000000,0
workspaceModel.on.changed.ms,1781869925794000000,1781869985787000000,0
workspaceModel.loading.total.ms,1781869925794000000,1781869985787000000,0
workspaceModel.workspaceFileIndexData.processFileSets.ms,1781869925794000000,1781869985787000000,0
workspaceModel.cachedValueWithParameters.from.cache.count,1781869925794000000,1781869985787000000,0
workspaceModel.replace.project.model.ms,1781869925794000000,1781869985787000000,0
workspaceModel.entityStorageSnapshotImpl.instances.count,1781869925794000000,1781869985787000000,0
workspaceModel.workspaceFileIndexData.instances.count,1781869925794000000,1781869985787000000,0
workspaceModel.cachedValueWithParameters.clear.count,1781869925794000000,1781869985787000000,0
workspaceModel.workspaceFileIndexData.onEntitiesChanged.ms,1781869925794000000,1781869985787000000,0
FileChannelInterruptsRetryer.totalRetriedAttempts,1781869925794000000,1781869985787000000,0
StreamlinedBlobStorage.recordsRelocated,1781869925794000000,1781869985787000000,0
DirectByteBufferAllocator.misses,1781869925794000000,1781869985787000000,0
FilePageCache.pageLoads,1781869925794000000,1781869985787000000,0
StreamlinedBlobStorage.recordsAllocated,1781869925794000000,1781869985787000000,0
FilePageCache.uncachedFileAccess,1781869925794000000,1781869985787000000,0
DirectByteBufferAllocator.hits,1781869925794000000,1781869985787000000,0
StreamlinedBlobStorage.recordsDeleted,1781869925794000000,1781869985787000000,0
FilePageCache.maxCacheSizeInBytes,1781869925794000000,1781869985787000000,629153792
FilePageCache.pageFastCacheHits,1781869925794000000,1781869985787000000,0
FilePageCache.totalPageDisposalsUs,1781869925794000000,1781869985787000000,0
StreamlinedBlobStorage.totalLiveRecordsPayloadBytes,1781869925794000000,1781869985787000000,0
DirectByteBufferAllocator.reclaimed,1781869925794000000,1781869985787000000,0
FilePageCache.pageLoadsAboveSizeThreshold,1781869925794000000,1781869985787000000,0
DirectByteBufferAllocator.totalSizeOfBuffersCachedInBytes,1781869925794000000,1781869985787000000,55590912
MappedFileStorage.totalPagesMapped,1781869925794000000,1781869985787000000,13
StreamlinedBlobStorage.totalLiveRecordsCapacityBytes,1781869925794000000,1781869985787000000,0
StorageLockContext.competingThreads.90P,1781869925794000000,1781869985787000000,0
FilePageCache.totalPageLoadsUs,1781869925794000000,1781869985787000000,0
MappedFileStorage.totalTimeSpentOnMappingUs,1781869925794000000,1781869985787000000,73610
FilePageCache.disposedBuffers,1781869925794000000,1781869985787000000,0
FilePageCache.maxRegisteredFiles,1781869925794000000,1781869985787000000,1649
DirectByteBufferAllocator.disposed,1781869925794000000,1781869985787000000,0
StorageLockContext.competingThreads.max,1781869925794000000,1781869985787000000,0
DirectByteBufferAllocator.totalSizeOfBuffersAllocatedInBytes,1781869925794000000,1781869985787000000,0
FilePageCache.pageHits,1781869925794000000,1781869985787000000,0
FilePageCache.capacityInBytes,1781869925794000000,1781869985787000000,629145600
MappedFileStorage.totalBytesMapped,1781869925794000000,1781869985787000000,190054400
MappedFileStorage.storages,1781869925794000000,1781869985787000000,13
StorageLockContext.competingThreads.avg,1781869925794000000,1781869985787000000,0.0
compiler.ArtifactManagerBridge.addArtifact.ms,1781869925794000000,1781869985787000000,0
compiler.ArtifactManagerBridge.getArtifacts.ms,1781869925794000000,1781869985787000000,0
compiler.ArtifactManagerBridge.getArtifactsByType.ms,1781869925794000000,1781869985787000000,0
compiler.ArtifactManagerBridge.initBridges.ms,1781869925794000000,1781869985787000000,0
compiler.ArtifactManagerBridge.findArtifact.ms,1781869925794000000,1781869985787000000,0
compiler.ArtifactVirtualFileListener.filePathChanged.ms,1781869925794000000,1781869985787000000,0
compiler.ArtifactVirtualFileListener.propertyChanged.ms,1781869925794000000,1781869985787000000,0
compiler.ArtifactManagerBridge.commit.ms,1781869925794000000,1781869985787000000,0
compiler.ArtifactManagerBridge.dropMappings.ms,1781869925794000000,1781869985787000000,0
NonBlockingReadAction.finalizedExecutionsCount,1781869925794000000,1781869985787000000,0
FlushQueue.waitingTimeMaxNs,1781869925794000000,1781869985787000000,0
WriteAction.executionsCount,1781869925794000000,1781869985787000000,0
NonBlockingReadAction.failedExecutionTimeUs,1781869925794000000,1781869985787000000,0
NonBlockingReadAction.finalizedExecutionTimeUs,1781869925794000000,1781869985787000000,0
FlushQueue.waitingTime90PNs,1781869925794000000,1781869985787000000,0
AWTEventQueue.dispatchTime90PNs,1781869925794000000,1781869985787000000,0
FlushQueue.executionTimeMaxNs,1781869925794000000,1781869985787000000,0
FlushQueue.tasksExecuted,1781869925794000000,1781869985787000000,0
AWTEventQueue.dispatchTimeTotalNS,1781869925794000000,1781869985787000000,31352802
FlushQueue.executionTime90PNs,1781869925794000000,1781869985787000000,0
NonBlockingReadAction.failedExecutionsCount,1781869925794000000,1781869985787000000,0
AWTEventQueue.dispatchTimeAvgNs,1781869925794000000,1781869985787000000,0.0
FlushQueue.queueSize90P,1781869925794000000,1781869985787000000,0
FlushQueue.queueSizeAvg,1781869925794000000,1781869985787000000,0.0
FlushQueue.executionTimeAvgNs,1781869925794000000,1781869985787000000,0.0
FlushQueue.queueSizeMax,1781869925794000000,1781869985787000000,0
AWTEventQueue.eventsDispatched,1781869925794000000,1781869985787000000,0
ReadAction.executionsCount,1781869925794000000,1781869985787000000,7
FlushQueue.waitingTimeAvgNs,1781869925794000000,1781869985787000000,0.0
AWTEventQueue.dispatchTimeMaxNs,1781869925794000000,1781869985787000000,0
workspaceModel.delayed.project.synchronizer.sync.ms,1781869925794000000,1781869985787000000,0
workspaceModel.load.cache.from.file.ms,1781869925794000000,1781869985787000000,0
workspaceModel.mutableEntityStorage.add.entity.ms,1781869925794000000,1781869985787000000,0
workspaceModel.moduleBridge.facet.initialization.ms,1781869925794000000,1781869985787000000,0
jps.storage.jps.conf.reader.load.component.ms,1781869925794000000,1781869985787000000,0
workspaceModel.mutableEntityStorage.entities.ms,1781869925794000000,1781869985787000000,0
jps.global.initialize.library.bridges.ms,1781869925794000000,1781869985787000000,0
jps.facet.change.listener.init.bridge.ms,1781869925794000000,1781869985787000000,0
jps.reload.project.entities.ms,1781869925794000000,1781869985787000000,0
jps.library.entities.serializer.load.entities.ms,1781869925794000000,1781869985787000000,0
jps.global.get.library.ms,1781869925794000000,1781869985787000000,0
workspaceModel.mutableEntityStorage.put.entity.ms,1781869925794000000,1781869985787000000,0
workspaceModel.moduleManagerBridge.create.module.instance.ms,1781869925794000000,1781869985787000000,0
jps.global.handle.changed.events.ms,1781869925794000000,1781869985787000000,0
workspaceModel.save.cache.to.file.ms,1781869925794000000,1781869985787000000,0
jps.save.changed.project.entities.ms,1781869925794000000,1781869985787000000,0
workspaceModel.moduleManagerBridge.build.module.graph.ms,1781869925794000000,1781869985787000000,0
workspaceModel.mutableEntityStorage.collect.changes.ms,1781869925794000000,1781869985787000000,0
jps.load.project.to.empty.storage.ms,1781869925794000000,1781869985787000000,0
workspaceModel.mutableEntityStorage.changeLog.addReplaceEventForRemovedChild.ms,1781869925794000000,1781869985787000000,0
jps.global.handle.before.change.events.ms,1781869925794000000,1781869985787000000,0
jps.app.storage.content.reader.load.component.ms,1781869925794000000,1781869985787000000,0
workspaceModel.mutableEntityStorage.changeLog.addReplaceEventForRemovedParent.ms,1781869925794000000,1781869985787000000,0
workspaceModel.global.updates.ms,1781869925794000000,1781869985787000000,0
workspaceModel.mutableEntityStorage.changeLog.addReplaceEventForNewChild.ms,1781869925794000000,1781869985787000000,0
jps.global.get.library.by.name.ms,1781869925794000000,1781869985787000000,0
workspaceModel.mutableEntityStorage.mutable.ext.mapping.ms,1781869925794000000,1781869985787000000,0
workspaceModel.moduleManagerBridge.get.modules.ms,1781869925794000000,1781869985787000000,0
workspaceModel.mutableEntityStorage.entities.by.source.ms,1781869925794000000,1781869985787000000,0
workspaceModel.mutableEntityStorage.changeLog.addReplaceEventForNewParent.ms,1781869925794000000,1781869985787000000,0
jps.module.iml.entities.serializer.save.entities.ms,1781869925794000000,1781869985787000000,0
jps.facet.change.listener.before.change.events.ms,1781869925794000000,1781869985787000000,0
workspaceModel.mutableEntityStorage.modify.entity.ms,1781869925794000000,1781869985787000000,0
workspaceModel.mutableEntityStorage.replace.by.source.ms,1781869925794000000,1781869985787000000,0
workspaceModel.moduleBridge.before.changed.ms,1781869925794000000,1781869985787000000,0
jps.module.dependency.index.workspace.model.listener.on.changed.ms,1781869925794000000,1781869985787000000,0
workspaceModel.mutableEntityStorage.hasReferrers.ms,1781869925794000000,1781869985787000000,0
workspaceModel.moduleManagerBridge.load.module.ms,1781869925794000000,1781869985787000000,0
workspaceModel.moduleBridgeLoader.loading.modules.ms,1781869925794000000,1781869985787000000,0
jps.facet.change.listener.process.change.events.ms,1781869925794000000,1781869985787000000,0
workspaceModel.mutableEntityStorage.instances.count,1781869925794000000,1781869985787000000,0
workspaceModel.sync.entities.ms,1781869925794000000,1781869985787000000,0
workspaceModel.load.cache.metadata.from.file.ms,1781869925794000000,1781869985787000000,0
workspaceModel.orphan.listener.update.ms,1781869925794000000,1781869985787000000,0
workspaceModel.mutableEntityStorage.apply.changes.from.ms,1781869925794000000,1781869985787000000,0
jps.project.serializers.save.ms,1781869925794000000,1781869985787000000,0
jps.global.initialize.library.bridges.after.loading.ms,1781869925794000000,1781869985787000000,0
workspaceModel.mutableEntityStorage.resolve.ms,1781869925794000000,1781869985787000000,0
jps.global.get.libraries.ms,1781869925794000000,1781869985787000000,0
jps.apply.loaded.storage.ms,1781869925794000000,1781869985787000000,0
workspaceModel.mutableEntityStorage.mutable.vfurl.index.ms,1781869925794000000,1781869985787000000,0
workspaceModel.global.apply.state.to.project.builder.ms,1781869925794000000,1781869985787000000,0
workspaceModel.moduleManagerBridge.new.nonPersistent.module.ms,1781869925794000000,1781869985787000000,0
jps.load.initial.state.ms,1781869925794000000,1781869985787000000,0
jps.app.storage.content.writer.save.component.ms,1781869925794000000,1781869985787000000,0
workspaceModel.moduleManagerBridge.load.all.modules.ms,1781869925794000000,1781869985787000000,0
workspaceModel.moduleManagerBridge.set.unloadedModules.ms,1781869925794000000,1781869985787000000,0
jps.project.serializers.load.ms,1781869925794000000,1781869985787000000,0
workspaceModel.moduleManagerBridge.newModule.ms,1781869925794000000,1781869985787000000,0
workspaceModel.global.updates.count,1781869925794000000,1781869985787000000,0
workspaceModel.do.save.caches.ms,1781869925794000000,1781869985787000000,0
workspaceModel.mutableEntityStorage.remove.entity.ms,1781869925794000000,1781869985787000000,0
jps.library.entities.serializer.save.entities.ms,1781869925794000000,1781869985787000000,0
workspaceModel.moduleBridge.update.option.ms,1781869925794000000,1781869985787000000,0
workspaceModel.global.apply.state.to.project.ms,1781869925794000000,1781869985787000000,0
jps.artifact.entities.serializer.save.entities.ms,1781869925794000000,1781869985787000000,0
workspaceModel.mutableEntityStorage.to.snapshot.ms,1781869925794000000,1781869985787000000,0
workspaceModel.mutableEntityStorage.referrers.ms,1781869925794000000,1781869985787000000,0
workspaceModel.mutableEntityStorage.has.same.entities.ms,1781869925794000000,1781869985787000000,0
jps.save.global.entities.ms,1781869925794000000,1781869985787000000,0
jps.module.iml.entities.serializer.load.entities.ms,1781869925794000000,1781869985787000000,0
jps.artifact.entities.serializer.load.entities.ms,1781869925794000000,1781869985787000000,0
Indexes.stubs.lookupDurationMaxMs,1781869925794000000,1781869985787000000,0.0
Indexes.stubs.lookupDuration90PMs,1781869925794000000,1781869985787000000,0.0
Indexes.entries.lookups,1781869925794000000,1781869985787000000,0
Indexes.allKeys.lookupDurationAvgMs,1781869925794000000,1781869985787000000,0.0
Indexes.allKeys.lookupDurationMaxMs,1781869925794000000,1781869985787000000,0.0
Indexes.allKeys.lookupDuration90PMs,1781869925794000000,1781869985787000000,0.0
Indexing.writesQueuedMax,1781869925794000000,1781869985787000000,0
Indexes.entries.lookupDurationMaxMs,1781869925794000000,1781869985787000000,0.0
Indexing.cache.totalCacheAccesses,1781869925794000000,1781869985787000000,0
Indexing.writesQueuedMin,1781869925794000000,1781869985787000000,9223372036854775807
Indexing.writer_0.totalTimeSpentWritingMs,1781869925794000000,1781869985787000000,0
Indexes.stubs.lookupDurationAvgMs,1781869925794000000,1781869985787000000,0.0
Indexes.entries.lookupDurationAvgMs,1781869925794000000,1781869985787000000,0.0
Indexing.cache.totalCacheMisses,1781869925794000000,1781869985787000000,0
Indexing.writer_3.totalTimeSpentWritingMs,1781869925794000000,1781869985787000000,0
Indexes.allKeys.lookups,1781869925794000000,1781869985787000000,0
Indexing.writer_1.totalTimeSpentWritingMs,1781869925794000000,1781869985787000000,0
Indexes.entries.lookupDuration90PMs,1781869925794000000,1781869985787000000,0.0
Indexing.totalTimeIndexersSleptMs,1781869925794000000,1781869985787000000,0
Indexing.cache.totalCacheEvicted,1781869925794000000,1781869985787000000,0
Indexing.writer_2.totalTimeSpentWritingMs,1781869925794000000,1781869985787000000,0
Indexes.stubs.lookups,1781869925794000000,1781869985787000000,0
writeAction.wait.ms,1781869925794000000,1781869985787000000,0
writeAction.max.wait.ms,1781869925794000000,1781869985787000000,91
DiskQueryRelay.taskExecutionTotalTimeUs,1781869925794000000,1781869985787000000,0
DiskQueryRelay.taskWaitingTotalTimeUs,1781869925794000000,1781869985787000000,0
LowMemory.gcOverloaded,1781869925794000000,1781869985787000000,0
writeAction.median.wait.ms,1781869925794000000,1781869985787000000,0
DiskQueryRelay.tasksExecuted,1781869925794000000,1781869985787000000,0
DiskQueryRelay.tasksRequested,1781869925794000000,1781869985787000000,0
LowMemory.gcLoad,1781869925794000000,1781869985787000000,6.8021513058415E-4
writeAction.count,1781869925794000000,1781869985787000000,0
cacheStateStorage.set.counter,1781869925794000000,1781869985787000000,0
cacheStateStorage.set.duration,1781869925794000000,1781869985787000000,0
cacheStateStorage.get.counter,1781869925794000000,1781869985787000000,0
cacheStateStorage.get.duration,1781869925794000000,1781869985787000000,0
JVM.usedNativeBytes,1781869925794000000,1781869985787000000,399638232
JVM.maxThreadCount,1781869925794000000,1781869985787000000,84
MEM.fileMappingsRamBytes,1781869925794000000,1781869985787000000,654016512
JVM.totalBytesAllocated,1781869925794000000,1781869985787000000,28137096
JVM.committedHeapBytes,1781869925794000000,1781869985787000000,439353344
JVM.totalTimeAtSafepointsMs,1781869925794000000,1781869985787000000,0
JVM.newThreadsCount,1781869925794000000,1781869985787000000,21
JVM.usedHeapBytes,1781869925794000000,1781869985787000000,316345216
OS.loadAverage,1781869925794000000,1781869985787000000,0.46630859375
MEM.ramBytes,1781869925794000000,1781869985787000000,1726767104
MEM.ramMinusFileMappingsBytes,1781869925794000000,1781869985787000000,1061609472
JVM.totalSafepointCount,1781869925794000000,1781869985787000000,0
JVM.totalDirectByteBuffersBytes,1781869925794000000,1781869985787000000,1255425
JVM.maxHeapBytes,1781869925794000000,1781869985787000000,2147483648
JVM.totalCpuTimeMs,1781869925794000000,1781869985787000000,2600
JVM.GC.collections,1781869925794000000,1781869985787000000,0
JVM.threadCount,1781869925794000000,1781869985787000000,77
MEM.ramPlusSwapMinusFileMappingsBytes,1781869925794000000,1781869985787000000,1061609472
JVM.GC.collectionTimesMs,1781869925794000000,1781869985787000000,0
JVM.totalTimeToSafepointsMs,1781869925794000000,1781869985787000000,0
VFS.contentStorage.recordsStored,1781869925794000000,1781869985787000000,0
VFS.fileChildByName,1781869925794000000,1781869985787000000,0
VFS.contentStorage.recordsDeduplicated,1781869925794000000,1781869985787000000,0
VFS.fileByIdCache.misses,1781869925794000000,1781869985787000000,0
VFS.contentStorage.recordsDecompressionTimeUs,1781869925794000000,1781869985787000000,0
VFS.contentStorage.recordsUncompressedSize,1781869925794000000,1781869985787000000,0
VFS.contentStorage.recordsReadSize,1781869925794000000,1781869985787000000,0
FileNameCache.queries,1781869925794000000,1781869985787000000,0
VFS.contentStorage.recordsStoredSize,1781869925794000000,1781869985787000000,0
FileNameCache.totalMisses,1781869925794000000,1781869985787000000,0
VFS.rootsCount,1781869925794000000,1781869985787000000,23.0
VFS.contentStorage.recordsStoredCompressed,1781869925794000000,1781869985787000000,0
VFS.invertedFileNameIndex.requests,1781869925794000000,1781869985787000000,0
VFS.cache.directoriesCreated,1781869925794000000,1781869985787000000,0
VFS.cache.segmentsCreated,1781869925794000000,1781869985787000000,0
VFS.folderCaseSensitivityReads,1781869925794000000,1781869985787000000,0
VFS.cache.filesCreated,1781869925794000000,1781869985787000000,0
VFS.fileByIdCache.hits,1781869925794000000,1781869985787000000,0
VFS.contentStorage.recordsRead,1781869925794000000,1781869985787000000,0
VFS.cache.segments,1781869925794000000,1781869985787000000,89.0
VFS.contentStorage.recordsReadDecompressed,1781869925794000000,1781869985787000000,0
workspaceModel.cachedValue.clear.count,1781869985787000000,1781870045789000000,0
workspaceModel.cachedValue.from.cache.count,1781869985787000000,1781870045789000000,0
workspaceModel.updates.precise.ms,1781869985787000000,1781870045789000000,0
workspaceModel.check.recursive.update.ms,1781869985787000000,1781870045789000000,0
workspaceModel.cachedValueWithParameters.total.get.count,1781869985787000000,1781870045789000000,0
workspaceModel.updates.ms,1781869985787000000,1781870045789000000,0
workspaceModel.collect.changes.ms,1781869985787000000,1781870045789000000,0
workspaceModel.initializing.ms,1781869985787000000,1781870045789000000,0
workspaceModel.workspaceFileIndexData.markDirty.ms,1781869985787000000,1781870045789000000,0
workspaceModel.full.replace.project.model.ms,1781869985787000000,1781870045789000000,0
workspaceModel.workspaceFileIndexData.getPackageName.ms,1781869985787000000,1781870045789000000,0
workspaceModel.on.before.changed.ms,1781869985787000000,1781870045789000000,0
workspaceModel.to.snapshot.ms,1781869985787000000,1781870045789000000,0
workspaceModel.update.unloaded.entities.ms,1781869985787000000,1781870045789000000,0
workspaceModel.init.bridges.ms,1781869985787000000,1781870045789000000,0
workspaceModel.workspaceFileIndexContributor.registerFileSets.ms,1781869985787000000,1781870045789000000,0
workspaceModel.pre.handlers.ms,1781869985787000000,1781870045789000000,0
workspaceModel.cachedValue.total.get.count,1781869985787000000,1781870045789000000,0
workspaceModel.workspaceFileIndexData.getDirectoriesByPackageName.ms,1781869985787000000,1781870045789000000,0
workspaceModel.cachedValue.calculated.count,1781869985787000000,1781870045789000000,0
workspaceModel.workspaceFileIndexData.visitFileSets.ms,1781869985787000000,1781870045789000000,0
workspaceModel.workspaceFileIndexData.getFileInfo.ms,1781869985787000000,1781870045789000000,0
workspaceModel.updates.count,1781869985787000000,1781870045789000000,0
workspaceModel.workspaceFileIndexData.updateDirtyEntities.ms,1781869985787000000,1781870045789000000,0
workspaceModel.workspaceFileIndexData.init.ms,1781869985787000000,1781870045789000000,0
workspaceModel.cachedValueWithParameters.calculated.count,1781869985787000000,1781870045789000000,0
workspaceModel.loading.from.cache.ms,1781869985787000000,1781870045789000000,0
workspaceModel.on.changed.ms,1781869985787000000,1781870045789000000,0
workspaceModel.loading.total.ms,1781869985787000000,1781870045789000000,0
workspaceModel.workspaceFileIndexData.processFileSets.ms,1781869985787000000,1781870045789000000,0
workspaceModel.cachedValueWithParameters.from.cache.count,1781869985787000000,1781870045789000000,0
workspaceModel.replace.project.model.ms,1781869985787000000,1781870045789000000,0
workspaceModel.entityStorageSnapshotImpl.instances.count,1781869985787000000,1781870045789000000,0
workspaceModel.workspaceFileIndexData.instances.count,1781869985787000000,1781870045789000000,0
workspaceModel.cachedValueWithParameters.clear.count,1781869985787000000,1781870045789000000,0
workspaceModel.workspaceFileIndexData.onEntitiesChanged.ms,1781869985787000000,1781870045789000000,0
FileChannelInterruptsRetryer.totalRetriedAttempts,1781869985787000000,1781870045789000000,0
StreamlinedBlobStorage.recordsRelocated,1781869985787000000,1781870045789000000,0
DirectByteBufferAllocator.misses,1781869985787000000,1781870045789000000,0
FilePageCache.pageLoads,1781869985787000000,1781870045789000000,0
StreamlinedBlobStorage.recordsAllocated,1781869985787000000,1781870045789000000,0
FilePageCache.uncachedFileAccess,1781869985787000000,1781870045789000000,0
DirectByteBufferAllocator.hits,1781869985787000000,1781870045789000000,0
StreamlinedBlobStorage.recordsDeleted,1781869985787000000,1781870045789000000,0
FilePageCache.maxCacheSizeInBytes,1781869985787000000,1781870045789000000,629153792
FilePageCache.pageFastCacheHits,1781869985787000000,1781870045789000000,0
FilePageCache.totalPageDisposalsUs,1781869985787000000,1781870045789000000,0
StreamlinedBlobStorage.totalLiveRecordsPayloadBytes,1781869985787000000,1781870045789000000,0
DirectByteBufferAllocator.reclaimed,1781869985787000000,1781870045789000000,0
FilePageCache.pageLoadsAboveSizeThreshold,1781869985787000000,1781870045789000000,0
DirectByteBufferAllocator.totalSizeOfBuffersCachedInBytes,1781869985787000000,1781870045789000000,55590912
MappedFileStorage.totalPagesMapped,1781869985787000000,1781870045789000000,13
StreamlinedBlobStorage.totalLiveRecordsCapacityBytes,1781869985787000000,1781870045789000000,0
StorageLockContext.competingThreads.90P,1781869985787000000,1781870045789000000,0
FilePageCache.totalPageLoadsUs,1781869985787000000,1781870045789000000,0
MappedFileStorage.totalTimeSpentOnMappingUs,1781869985787000000,1781870045789000000,73610
FilePageCache.disposedBuffers,1781869985787000000,1781870045789000000,0
FilePageCache.maxRegisteredFiles,1781869985787000000,1781870045789000000,1649
DirectByteBufferAllocator.disposed,1781869985787000000,1781870045789000000,0
StorageLockContext.competingThreads.max,1781869985787000000,1781870045789000000,0
DirectByteBufferAllocator.totalSizeOfBuffersAllocatedInBytes,1781869985787000000,1781870045789000000,0
FilePageCache.pageHits,1781869985787000000,1781870045789000000,0
FilePageCache.capacityInBytes,1781869985787000000,1781870045789000000,629145600
MappedFileStorage.totalBytesMapped,1781869985787000000,1781870045789000000,190054400
MappedFileStorage.storages,1781869985787000000,1781870045789000000,13
StorageLockContext.competingThreads.avg,1781869985787000000,1781870045789000000,0.0
compiler.ArtifactManagerBridge.addArtifact.ms,1781869985787000000,1781870045789000000,0
compiler.ArtifactManagerBridge.getArtifacts.ms,1781869985787000000,1781870045789000000,0
compiler.ArtifactManagerBridge.getArtifactsByType.ms,1781869985787000000,1781870045789000000,0
compiler.ArtifactManagerBridge.initBridges.ms,1781869985787000000,1781870045789000000,0
compiler.ArtifactManagerBridge.findArtifact.ms,1781869985787000000,1781870045789000000,0
compiler.ArtifactVirtualFileListener.filePathChanged.ms,1781869985787000000,1781870045789000000,0
compiler.ArtifactVirtualFileListener.propertyChanged.ms,1781869985787000000,1781870045789000000,0
compiler.ArtifactManagerBridge.commit.ms,1781869985787000000,1781870045789000000,0
compiler.ArtifactManagerBridge.dropMappings.ms,1781869985787000000,1781870045789000000,0
NonBlockingReadAction.finalizedExecutionsCount,1781869985787000000,1781870045789000000,0
FlushQueue.waitingTimeMaxNs,1781869985787000000,1781870045789000000,0
WriteAction.executionsCount,1781869985787000000,1781870045789000000,0
NonBlockingReadAction.failedExecutionTimeUs,1781869985787000000,1781870045789000000,0
NonBlockingReadAction.finalizedExecutionTimeUs,1781869985787000000,1781870045789000000,0
FlushQueue.waitingTime90PNs,1781869985787000000,1781870045789000000,0
AWTEventQueue.dispatchTime90PNs,1781869985787000000,1781870045789000000,0
FlushQueue.executionTimeMaxNs,1781869985787000000,1781870045789000000,0
FlushQueue.tasksExecuted,1781869985787000000,1781870045789000000,0
AWTEventQueue.dispatchTimeTotalNS,1781869985787000000,1781870045789000000,29310914
FlushQueue.executionTime90PNs,1781869985787000000,1781870045789000000,0
NonBlockingReadAction.failedExecutionsCount,1781869985787000000,1781870045789000000,0
AWTEventQueue.dispatchTimeAvgNs,1781869985787000000,1781870045789000000,0.0
FlushQueue.queueSize90P,1781869985787000000,1781870045789000000,0
FlushQueue.queueSizeAvg,1781869985787000000,1781870045789000000,0.0
FlushQueue.executionTimeAvgNs,1781869985787000000,1781870045789000000,0.0
FlushQueue.queueSizeMax,1781869985787000000,1781870045789000000,0
AWTEventQueue.eventsDispatched,1781869985787000000,1781870045789000000,0
ReadAction.executionsCount,1781869985787000000,1781870045789000000,7
FlushQueue.waitingTimeAvgNs,1781869985787000000,1781870045789000000,0.0
AWTEventQueue.dispatchTimeMaxNs,1781869985787000000,1781870045789000000,0
workspaceModel.delayed.project.synchronizer.sync.ms,1781869985787000000,1781870045789000000,0
workspaceModel.load.cache.from.file.ms,1781869985787000000,1781870045789000000,0
workspaceModel.mutableEntityStorage.add.entity.ms,1781869985787000000,1781870045789000000,0
workspaceModel.moduleBridge.facet.initialization.ms,1781869985787000000,1781870045789000000,0
jps.storage.jps.conf.reader.load.component.ms,1781869985787000000,1781870045789000000,0
workspaceModel.mutableEntityStorage.entities.ms,1781869985787000000,1781870045789000000,0
jps.global.initialize.library.bridges.ms,1781869985787000000,1781870045789000000,0
jps.facet.change.listener.init.bridge.ms,1781869985787000000,1781870045789000000,0
jps.reload.project.entities.ms,1781869985787000000,1781870045789000000,0
jps.library.entities.serializer.load.entities.ms,1781869985787000000,1781870045789000000,0
jps.global.get.library.ms,1781869985787000000,1781870045789000000,0
workspaceModel.mutableEntityStorage.put.entity.ms,1781869985787000000,1781870045789000000,0
workspaceModel.moduleManagerBridge.create.module.instance.ms,1781869985787000000,1781870045789000000,0
jps.global.handle.changed.events.ms,1781869985787000000,1781870045789000000,0
workspaceModel.save.cache.to.file.ms,1781869985787000000,1781870045789000000,0
jps.save.changed.project.entities.ms,1781869985787000000,1781870045789000000,0
workspaceModel.moduleManagerBridge.build.module.graph.ms,1781869985787000000,1781870045789000000,0
workspaceModel.mutableEntityStorage.collect.changes.ms,1781869985787000000,1781870045789000000,0
jps.load.project.to.empty.storage.ms,1781869985787000000,1781870045789000000,0
workspaceModel.mutableEntityStorage.changeLog.addReplaceEventForRemovedChild.ms,1781869985787000000,1781870045789000000,0
jps.global.handle.before.change.events.ms,1781869985787000000,1781870045789000000,0
jps.app.storage.content.reader.load.component.ms,1781869985787000000,1781870045789000000,0
workspaceModel.mutableEntityStorage.changeLog.addReplaceEventForRemovedParent.ms,1781869985787000000,1781870045789000000,0
workspaceModel.global.updates.ms,1781869985787000000,1781870045789000000,0
workspaceModel.mutableEntityStorage.changeLog.addReplaceEventForNewChild.ms,1781869985787000000,1781870045789000000,0
jps.global.get.library.by.name.ms,1781869985787000000,1781870045789000000,0
workspaceModel.mutableEntityStorage.mutable.ext.mapping.ms,1781869985787000000,1781870045789000000,0
workspaceModel.moduleManagerBridge.get.modules.ms,1781869985787000000,1781870045789000000,0
workspaceModel.mutableEntityStorage.entities.by.source.ms,1781869985787000000,1781870045789000000,0
workspaceModel.mutableEntityStorage.changeLog.addReplaceEventForNewParent.ms,1781869985787000000,1781870045789000000,0
jps.module.iml.entities.serializer.save.entities.ms,1781869985787000000,1781870045789000000,0
jps.facet.change.listener.before.change.events.ms,1781869985787000000,1781870045789000000,0
workspaceModel.mutableEntityStorage.modify.entity.ms,1781869985787000000,1781870045789000000,0
workspaceModel.mutableEntityStorage.replace.by.source.ms,1781869985787000000,1781870045789000000,0
workspaceModel.moduleBridge.before.changed.ms,1781869985787000000,1781870045789000000,0
jps.module.dependency.index.workspace.model.listener.on.changed.ms,1781869985787000000,1781870045789000000,0
workspaceModel.mutableEntityStorage.hasReferrers.ms,1781869985787000000,1781870045789000000,0
workspaceModel.moduleManagerBridge.load.module.ms,1781869985787000000,1781870045789000000,0
workspaceModel.moduleBridgeLoader.loading.modules.ms,1781869985787000000,1781870045789000000,0
jps.facet.change.listener.process.change.events.ms,1781869985787000000,1781870045789000000,0
workspaceModel.mutableEntityStorage.instances.count,1781869985787000000,1781870045789000000,0
workspaceModel.sync.entities.ms,1781869985787000000,1781870045789000000,0
workspaceModel.load.cache.metadata.from.file.ms,1781869985787000000,1781870045789000000,0
workspaceModel.orphan.listener.update.ms,1781869985787000000,1781870045789000000,0
workspaceModel.mutableEntityStorage.apply.changes.from.ms,1781869985787000000,1781870045789000000,0
jps.project.serializers.save.ms,1781869985787000000,1781870045789000000,0
jps.global.initialize.library.bridges.after.loading.ms,1781869985787000000,1781870045789000000,0
workspaceModel.mutableEntityStorage.resolve.ms,1781869985787000000,1781870045789000000,0
jps.global.get.libraries.ms,1781869985787000000,1781870045789000000,0
jps.apply.loaded.storage.ms,1781869985787000000,1781870045789000000,0
workspaceModel.mutableEntityStorage.mutable.vfurl.index.ms,1781869985787000000,1781870045789000000,0
workspaceModel.global.apply.state.to.project.builder.ms,1781869985787000000,1781870045789000000,0
workspaceModel.moduleManagerBridge.new.nonPersistent.module.ms,1781869985787000000,1781870045789000000,0
jps.load.initial.state.ms,1781869985787000000,1781870045789000000,0
jps.app.storage.content.writer.save.component.ms,1781869985787000000,1781870045789000000,0
workspaceModel.moduleManagerBridge.load.all.modules.ms,1781869985787000000,1781870045789000000,0
workspaceModel.moduleManagerBridge.set.unloadedModules.ms,1781869985787000000,1781870045789000000,0
jps.project.serializers.load.ms,1781869985787000000,1781870045789000000,0
workspaceModel.moduleManagerBridge.newModule.ms,1781869985787000000,1781870045789000000,0
workspaceModel.global.updates.count,1781869985787000000,1781870045789000000,0
workspaceModel.do.save.caches.ms,1781869985787000000,1781870045789000000,0
workspaceModel.mutableEntityStorage.remove.entity.ms,1781869985787000000,1781870045789000000,0
jps.library.entities.serializer.save.entities.ms,1781869985787000000,1781870045789000000,0
workspaceModel.moduleBridge.update.option.ms,1781869985787000000,1781870045789000000,0
workspaceModel.global.apply.state.to.project.ms,1781869985787000000,1781870045789000000,0
jps.artifact.entities.serializer.save.entities.ms,1781869985787000000,1781870045789000000,0
workspaceModel.mutableEntityStorage.to.snapshot.ms,1781869985787000000,1781870045789000000,0
workspaceModel.mutableEntityStorage.referrers.ms,1781869985787000000,1781870045789000000,0
workspaceModel.mutableEntityStorage.has.same.entities.ms,1781869985787000000,1781870045789000000,0
jps.save.global.entities.ms,1781869985787000000,1781870045789000000,0
jps.module.iml.entities.serializer.load.entities.ms,1781869985787000000,1781870045789000000,0
jps.artifact.entities.serializer.load.entities.ms,1781869985787000000,1781870045789000000,0
Indexes.stubs.lookupDurationMaxMs,1781869985787000000,1781870045789000000,0.0
Indexes.stubs.lookupDuration90PMs,1781869985787000000,1781870045789000000,0.0
Indexes.entries.lookups,1781869985787000000,1781870045789000000,0
Indexes.allKeys.lookupDurationAvgMs,1781869985787000000,1781870045789000000,0.0
Indexes.allKeys.lookupDurationMaxMs,1781869985787000000,1781870045789000000,0.0
Indexes.allKeys.lookupDuration90PMs,1781869985787000000,1781870045789000000,0.0
Indexing.writesQueuedMax,1781869985787000000,1781870045789000000,0
Indexes.entries.lookupDurationMaxMs,1781869985787000000,1781870045789000000,0.0
Indexing.cache.totalCacheAccesses,1781869985787000000,1781870045789000000,0
Indexing.writesQueuedMin,1781869985787000000,1781870045789000000,9223372036854775807
Indexing.writer_0.totalTimeSpentWritingMs,1781869985787000000,1781870045789000000,0
Indexes.stubs.lookupDurationAvgMs,1781869985787000000,1781870045789000000,0.0
Indexes.entries.lookupDurationAvgMs,1781869985787000000,1781870045789000000,0.0
Indexing.cache.totalCacheMisses,1781869985787000000,1781870045789000000,0
Indexing.writer_3.totalTimeSpentWritingMs,1781869985787000000,1781870045789000000,0
Indexes.allKeys.lookups,1781869985787000000,1781870045789000000,0
Indexing.writer_1.totalTimeSpentWritingMs,1781869985787000000,1781870045789000000,0
Indexes.entries.lookupDuration90PMs,1781869985787000000,1781870045789000000,0.0
Indexing.totalTimeIndexersSleptMs,1781869985787000000,1781870045789000000,0
Indexing.cache.totalCacheEvicted,1781869985787000000,1781870045789000000,0
Indexing.writer_2.totalTimeSpentWritingMs,1781869985787000000,1781870045789000000,0
Indexes.stubs.lookups,1781869985787000000,1781870045789000000,0
writeAction.wait.ms,1781869985787000000,1781870045789000000,0
writeAction.max.wait.ms,1781869985787000000,1781870045789000000,91
DiskQueryRelay.taskExecutionTotalTimeUs,1781869985787000000,1781870045789000000,0
DiskQueryRelay.taskWaitingTotalTimeUs,1781869985787000000,1781870045789000000,0
LowMemory.gcOverloaded,1781869985787000000,1781870045789000000,0
writeAction.median.wait.ms,1781869985787000000,1781870045789000000,0
DiskQueryRelay.tasksExecuted,1781869985787000000,1781870045789000000,0
DiskQueryRelay.tasksRequested,1781869985787000000,1781870045789000000,0
LowMemory.gcLoad,1781869985787000000,1781870045789000000,3.4921081117010686E-4
writeAction.count,1781869985787000000,1781870045789000000,0
cacheStateStorage.set.counter,1781869985787000000,1781870045789000000,0
cacheStateStorage.set.duration,1781869985787000000,1781870045789000000,0
cacheStateStorage.get.counter,1781869985787000000,1781870045789000000,0
cacheStateStorage.get.duration,1781869985787000000,1781870045789000000,0
JVM.usedNativeBytes,1781869985787000000,1781870045789000000,400525432
JVM.maxThreadCount,1781869985787000000,1781870045789000000,84
MEM.fileMappingsRamBytes,1781869985787000000,1781870045789000000,654016512
JVM.totalBytesAllocated,1781869985787000000,1781870045789000000,19975888
JVM.committedHeapBytes,1781869985787000000,1781870045789000000,439353344
JVM.totalTimeAtSafepointsMs,1781869985787000000,1781870045789000000,0
JVM.newThreadsCount,1781869985787000000,1781870045789000000,0
JVM.usedHeapBytes,1781869985787000000,1781870045789000000,337316736
OS.loadAverage,1781869985787000000,1781870045789000000,0.3583984375
MEM.ramBytes,1781869985787000000,1781870045789000000,1726242816
MEM.ramMinusFileMappingsBytes,1781869985787000000,1781870045789000000,1061085184
JVM.totalSafepointCount,1781869985787000000,1781870045789000000,0
JVM.totalDirectByteBuffersBytes,1781869985787000000,1781870045789000000,1255425
JVM.maxHeapBytes,1781869985787000000,1781870045789000000,2147483648
JVM.totalCpuTimeMs,1781869985787000000,1781870045789000000,2070
JVM.GC.collections,1781869985787000000,1781870045789000000,0
JVM.threadCount,1781869985787000000,1781870045789000000,58
MEM.ramPlusSwapMinusFileMappingsBytes,1781869985787000000,1781870045789000000,1061085184
JVM.GC.collectionTimesMs,1781869985787000000,1781870045789000000,0
JVM.totalTimeToSafepointsMs,1781869985787000000,1781870045789000000,0
VFS.contentStorage.recordsStored,1781869985787000000,1781870045789000000,0
VFS.fileChildByName,1781869985787000000,1781870045789000000,0
VFS.contentStorage.recordsDeduplicated,1781869985787000000,1781870045789000000,0
VFS.fileByIdCache.misses,1781869985787000000,1781870045789000000,0
VFS.contentStorage.recordsDecompressionTimeUs,1781869985787000000,1781870045789000000,0
VFS.contentStorage.recordsUncompressedSize,1781869985787000000,1781870045789000000,0
VFS.contentStorage.recordsReadSize,1781869985787000000,1781870045789000000,0
FileNameCache.queries,1781869985787000000,1781870045789000000,0
VFS.contentStorage.recordsStoredSize,1781869985787000000,1781870045789000000,0
FileNameCache.totalMisses,1781869985787000000,1781870045789000000,0
VFS.rootsCount,1781869985787000000,1781870045789000000,23.0
VFS.contentStorage.recordsStoredCompressed,1781869985787000000,1781870045789000000,0
VFS.invertedFileNameIndex.requests,1781869985787000000,1781870045789000000,0
VFS.cache.directoriesCreated,1781869985787000000,1781870045789000000,0
VFS.cache.segmentsCreated,1781869985787000000,1781870045789000000,0
VFS.folderCaseSensitivityReads,1781869985787000000,1781870045789000000,0
VFS.cache.filesCreated,1781869985787000000,1781870045789000000,0
VFS.fileByIdCache.hits,1781869985787000000,1781870045789000000,0
VFS.contentStorage.recordsRead,1781869985787000000,1781870045789000000,0
VFS.cache.segments,1781869985787000000,1781870045789000000,89.0
VFS.contentStorage.recordsReadDecompressed,1781869985787000000,1781870045789000000,0
workspaceModel.cachedValue.clear.count,1781870045789000000,1781870105793000000,0
workspaceModel.cachedValue.from.cache.count,1781870045789000000,1781870105793000000,0
workspaceModel.updates.precise.ms,1781870045789000000,1781870105793000000,0
workspaceModel.check.recursive.update.ms,1781870045789000000,1781870105793000000,0
workspaceModel.cachedValueWithParameters.total.get.count,1781870045789000000,1781870105793000000,0
workspaceModel.updates.ms,1781870045789000000,1781870105793000000,0
workspaceModel.collect.changes.ms,1781870045789000000,1781870105793000000,0
workspaceModel.initializing.ms,1781870045789000000,1781870105793000000,0
workspaceModel.workspaceFileIndexData.markDirty.ms,1781870045789000000,1781870105793000000,0
workspaceModel.full.replace.project.model.ms,1781870045789000000,1781870105793000000,0
workspaceModel.workspaceFileIndexData.getPackageName.ms,1781870045789000000,1781870105793000000,0
workspaceModel.on.before.changed.ms,1781870045789000000,1781870105793000000,0
workspaceModel.to.snapshot.ms,1781870045789000000,1781870105793000000,0
workspaceModel.update.unloaded.entities.ms,1781870045789000000,1781870105793000000,0
workspaceModel.init.bridges.ms,1781870045789000000,1781870105793000000,0
workspaceModel.workspaceFileIndexContributor.registerFileSets.ms,1781870045789000000,1781870105793000000,0
workspaceModel.pre.handlers.ms,1781870045789000000,1781870105793000000,0
workspaceModel.cachedValue.total.get.count,1781870045789000000,1781870105793000000,0
workspaceModel.workspaceFileIndexData.getDirectoriesByPackageName.ms,1781870045789000000,1781870105793000000,0
workspaceModel.cachedValue.calculated.count,1781870045789000000,1781870105793000000,0
workspaceModel.workspaceFileIndexData.visitFileSets.ms,1781870045789000000,1781870105793000000,3
workspaceModel.workspaceFileIndexData.getFileInfo.ms,1781870045789000000,1781870105793000000,11
workspaceModel.updates.count,1781870045789000000,1781870105793000000,0
workspaceModel.workspaceFileIndexData.updateDirtyEntities.ms,1781870045789000000,1781870105793000000,0
workspaceModel.workspaceFileIndexData.init.ms,1781870045789000000,1781870105793000000,0
workspaceModel.cachedValueWithParameters.calculated.count,1781870045789000000,1781870105793000000,0
workspaceModel.loading.from.cache.ms,1781870045789000000,1781870105793000000,0
workspaceModel.on.changed.ms,1781870045789000000,1781870105793000000,0
workspaceModel.loading.total.ms,1781870045789000000,1781870105793000000,0
workspaceModel.workspaceFileIndexData.processFileSets.ms,1781870045789000000,1781870105793000000,0
workspaceModel.cachedValueWithParameters.from.cache.count,1781870045789000000,1781870105793000000,0
workspaceModel.replace.project.model.ms,1781870045789000000,1781870105793000000,0
workspaceModel.entityStorageSnapshotImpl.instances.count,1781870045789000000,1781870105793000000,0
workspaceModel.workspaceFileIndexData.instances.count,1781870045789000000,1781870105793000000,0
workspaceModel.cachedValueWithParameters.clear.count,1781870045789000000,1781870105793000000,0
workspaceModel.workspaceFileIndexData.onEntitiesChanged.ms,1781870045789000000,1781870105793000000,0
FileChannelInterruptsRetryer.totalRetriedAttempts,1781870045789000000,1781870105793000000,0
StreamlinedBlobStorage.recordsRelocated,1781870045789000000,1781870105793000000,0
DirectByteBufferAllocator.misses,1781870045789000000,1781870105793000000,0
FilePageCache.pageLoads,1781870045789000000,1781870105793000000,0
StreamlinedBlobStorage.recordsAllocated,1781870045789000000,1781870105793000000,0
FilePageCache.uncachedFileAccess,1781870045789000000,1781870105793000000,0
DirectByteBufferAllocator.hits,1781870045789000000,1781870105793000000,0
StreamlinedBlobStorage.recordsDeleted,1781870045789000000,1781870105793000000,0
FilePageCache.maxCacheSizeInBytes,1781870045789000000,1781870105793000000,629153792
FilePageCache.pageFastCacheHits,1781870045789000000,1781870105793000000,0
FilePageCache.totalPageDisposalsUs,1781870045789000000,1781870105793000000,0
StreamlinedBlobStorage.totalLiveRecordsPayloadBytes,1781870045789000000,1781870105793000000,0
DirectByteBufferAllocator.reclaimed,1781870045789000000,1781870105793000000,0
FilePageCache.pageLoadsAboveSizeThreshold,1781870045789000000,1781870105793000000,0
DirectByteBufferAllocator.totalSizeOfBuffersCachedInBytes,1781870045789000000,1781870105793000000,55590912
MappedFileStorage.totalPagesMapped,1781870045789000000,1781870105793000000,13
StreamlinedBlobStorage.totalLiveRecordsCapacityBytes,1781870045789000000,1781870105793000000,0
StorageLockContext.competingThreads.90P,1781870045789000000,1781870105793000000,0
FilePageCache.totalPageLoadsUs,1781870045789000000,1781870105793000000,0
MappedFileStorage.totalTimeSpentOnMappingUs,1781870045789000000,1781870105793000000,73610
FilePageCache.disposedBuffers,1781870045789000000,1781870105793000000,0
FilePageCache.maxRegisteredFiles,1781870045789000000,1781870105793000000,1649
DirectByteBufferAllocator.disposed,1781870045789000000,1781870105793000000,0
StorageLockContext.competingThreads.max,1781870045789000000,1781870105793000000,0
DirectByteBufferAllocator.totalSizeOfBuffersAllocatedInBytes,1781870045789000000,1781870105793000000,0
FilePageCache.pageHits,1781870045789000000,1781870105793000000,0
FilePageCache.capacityInBytes,1781870045789000000,1781870105793000000,629145600
MappedFileStorage.totalBytesMapped,1781870045789000000,1781870105793000000,190054400
MappedFileStorage.storages,1781870045789000000,1781870105793000000,13
StorageLockContext.competingThreads.avg,1781870045789000000,1781870105793000000,0.0
compiler.ArtifactManagerBridge.addArtifact.ms,1781870045789000000,1781870105793000000,0
compiler.ArtifactManagerBridge.getArtifacts.ms,1781870045789000000,1781870105793000000,0
compiler.ArtifactManagerBridge.getArtifactsByType.ms,1781870045789000000,1781870105793000000,0
compiler.ArtifactManagerBridge.initBridges.ms,1781870045789000000,1781870105793000000,0
compiler.ArtifactManagerBridge.findArtifact.ms,1781870045789000000,1781870105793000000,0
compiler.ArtifactVirtualFileListener.filePathChanged.ms,1781870045789000000,1781870105793000000,0
compiler.ArtifactVirtualFileListener.propertyChanged.ms,1781870045789000000,1781870105793000000,0
compiler.ArtifactManagerBridge.commit.ms,1781870045789000000,1781870105793000000,0
compiler.ArtifactManagerBridge.dropMappings.ms,1781870045789000000,1781870105793000000,0
NonBlockingReadAction.finalizedExecutionsCount,1781870045789000000,1781870105793000000,1
FlushQueue.waitingTimeMaxNs,1781870045789000000,1781870105793000000,0
WriteAction.executionsCount,1781870045789000000,1781870105793000000,0
NonBlockingReadAction.failedExecutionTimeUs,1781870045789000000,1781870105793000000,0
NonBlockingReadAction.finalizedExecutionTimeUs,1781870045789000000,1781870105793000000,3859
FlushQueue.waitingTime90PNs,1781870045789000000,1781870105793000000,0
AWTEventQueue.dispatchTime90PNs,1781870045789000000,1781870105793000000,0
FlushQueue.executionTimeMaxNs,1781870045789000000,1781870105793000000,0
FlushQueue.tasksExecuted,1781870045789000000,1781870105793000000,0
AWTEventQueue.dispatchTimeTotalNS,1781870045789000000,1781870105793000000,23712604
FlushQueue.executionTime90PNs,1781870045789000000,1781870105793000000,0
NonBlockingReadAction.failedExecutionsCount,1781870045789000000,1781870105793000000,0
AWTEventQueue.dispatchTimeAvgNs,1781870045789000000,1781870105793000000,0.0
FlushQueue.queueSize90P,1781870045789000000,1781870105793000000,0
FlushQueue.queueSizeAvg,1781870045789000000,1781870105793000000,0.0
FlushQueue.executionTimeAvgNs,1781870045789000000,1781870105793000000,0.0
FlushQueue.queueSizeMax,1781870045789000000,1781870105793000000,0
AWTEventQueue.eventsDispatched,1781870045789000000,1781870105793000000,0
ReadAction.executionsCount,1781870045789000000,1781870105793000000,29807
FlushQueue.waitingTimeAvgNs,1781870045789000000,1781870105793000000,0.0
AWTEventQueue.dispatchTimeMaxNs,1781870045789000000,1781870105793000000,0
workspaceModel.delayed.project.synchronizer.sync.ms,1781870045789000000,1781870105793000000,0
workspaceModel.load.cache.from.file.ms,1781870045789000000,1781870105793000000,0
workspaceModel.mutableEntityStorage.add.entity.ms,1781870045789000000,1781870105793000000,0
workspaceModel.moduleBridge.facet.initialization.ms,1781870045789000000,1781870105793000000,0
jps.storage.jps.conf.reader.load.component.ms,1781870045789000000,1781870105793000000,0
workspaceModel.mutableEntityStorage.entities.ms,1781870045789000000,1781870105793000000,0
jps.global.initialize.library.bridges.ms,1781870045789000000,1781870105793000000,0
jps.facet.change.listener.init.bridge.ms,1781870045789000000,1781870105793000000,0
jps.reload.project.entities.ms,1781870045789000000,1781870105793000000,0
jps.library.entities.serializer.load.entities.ms,1781870045789000000,1781870105793000000,0
jps.global.get.library.ms,1781870045789000000,1781870105793000000,0
workspaceModel.mutableEntityStorage.put.entity.ms,1781870045789000000,1781870105793000000,0
workspaceModel.moduleManagerBridge.create.module.instance.ms,1781870045789000000,1781870105793000000,0
jps.global.handle.changed.events.ms,1781870045789000000,1781870105793000000,0
workspaceModel.save.cache.to.file.ms,1781870045789000000,1781870105793000000,0
jps.save.changed.project.entities.ms,1781870045789000000,1781870105793000000,0
workspaceModel.moduleManagerBridge.build.module.graph.ms,1781870045789000000,1781870105793000000,0
workspaceModel.mutableEntityStorage.collect.changes.ms,1781870045789000000,1781870105793000000,0
jps.load.project.to.empty.storage.ms,1781870045789000000,1781870105793000000,0
workspaceModel.mutableEntityStorage.changeLog.addReplaceEventForRemovedChild.ms,1781870045789000000,1781870105793000000,0
jps.global.handle.before.change.events.ms,1781870045789000000,1781870105793000000,0
jps.app.storage.content.reader.load.component.ms,1781870045789000000,1781870105793000000,0
workspaceModel.mutableEntityStorage.changeLog.addReplaceEventForRemovedParent.ms,1781870045789000000,1781870105793000000,0
workspaceModel.global.updates.ms,1781870045789000000,1781870105793000000,0
workspaceModel.mutableEntityStorage.changeLog.addReplaceEventForNewChild.ms,1781870045789000000,1781870105793000000,0
jps.global.get.library.by.name.ms,1781870045789000000,1781870105793000000,0
workspaceModel.mutableEntityStorage.mutable.ext.mapping.ms,1781870045789000000,1781870105793000000,0
workspaceModel.moduleManagerBridge.get.modules.ms,1781870045789000000,1781870105793000000,0
workspaceModel.mutableEntityStorage.entities.by.source.ms,1781870045789000000,1781870105793000000,0
workspaceModel.mutableEntityStorage.changeLog.addReplaceEventForNewParent.ms,1781870045789000000,1781870105793000000,0
jps.module.iml.entities.serializer.save.entities.ms,1781870045789000000,1781870105793000000,0
jps.facet.change.listener.before.change.events.ms,1781870045789000000,1781870105793000000,0
workspaceModel.mutableEntityStorage.modify.entity.ms,1781870045789000000,1781870105793000000,0
workspaceModel.mutableEntityStorage.replace.by.source.ms,1781870045789000000,1781870105793000000,0
workspaceModel.moduleBridge.before.changed.ms,1781870045789000000,1781870105793000000,0
jps.module.dependency.index.workspace.model.listener.on.changed.ms,1781870045789000000,1781870105793000000,0
workspaceModel.mutableEntityStorage.hasReferrers.ms,1781870045789000000,1781870105793000000,0
workspaceModel.moduleManagerBridge.load.module.ms,1781870045789000000,1781870105793000000,0
workspaceModel.moduleBridgeLoader.loading.modules.ms,1781870045789000000,1781870105793000000,0
jps.facet.change.listener.process.change.events.ms,1781870045789000000,1781870105793000000,0
workspaceModel.mutableEntityStorage.instances.count,1781870045789000000,1781870105793000000,0
workspaceModel.sync.entities.ms,1781870045789000000,1781870105793000000,0
workspaceModel.load.cache.metadata.from.file.ms,1781870045789000000,1781870105793000000,0
workspaceModel.orphan.listener.update.ms,1781870045789000000,1781870105793000000,0
workspaceModel.mutableEntityStorage.apply.changes.from.ms,1781870045789000000,1781870105793000000,0
jps.project.serializers.save.ms,1781870045789000000,1781870105793000000,0
jps.global.initialize.library.bridges.after.loading.ms,1781870045789000000,1781870105793000000,0
workspaceModel.mutableEntityStorage.resolve.ms,1781870045789000000,1781870105793000000,0
jps.global.get.libraries.ms,1781870045789000000,1781870105793000000,0
jps.apply.loaded.storage.ms,1781870045789000000,1781870105793000000,0
workspaceModel.mutableEntityStorage.mutable.vfurl.index.ms,1781870045789000000,1781870105793000000,0
workspaceModel.global.apply.state.to.project.builder.ms,1781870045789000000,1781870105793000000,0
workspaceModel.moduleManagerBridge.new.nonPersistent.module.ms,1781870045789000000,1781870105793000000,0
jps.load.initial.state.ms,1781870045789000000,1781870105793000000,0
jps.app.storage.content.writer.save.component.ms,1781870045789000000,1781870105793000000,0
workspaceModel.moduleManagerBridge.load.all.modules.ms,1781870045789000000,1781870105793000000,0
workspaceModel.moduleManagerBridge.set.unloadedModules.ms,1781870045789000000,1781870105793000000,0
jps.project.serializers.load.ms,1781870045789000000,1781870105793000000,0
workspaceModel.moduleManagerBridge.newModule.ms,1781870045789000000,1781870105793000000,0
workspaceModel.global.updates.count,1781870045789000000,1781870105793000000,0
workspaceModel.do.save.caches.ms,1781870045789000000,1781870105793000000,0
workspaceModel.mutableEntityStorage.remove.entity.ms,1781870045789000000,1781870105793000000,0
jps.library.entities.serializer.save.entities.ms,1781870045789000000,1781870105793000000,0
workspaceModel.moduleBridge.update.option.ms,1781870045789000000,1781870105793000000,0
workspaceModel.global.apply.state.to.project.ms,1781870045789000000,1781870105793000000,0
jps.artifact.entities.serializer.save.entities.ms,1781870045789000000,1781870105793000000,0
workspaceModel.mutableEntityStorage.to.snapshot.ms,1781870045789000000,1781870105793000000,0
workspaceModel.mutableEntityStorage.referrers.ms,1781870045789000000,1781870105793000000,0
workspaceModel.mutableEntityStorage.has.same.entities.ms,1781870045789000000,1781870105793000000,0
jps.save.global.entities.ms,1781870045789000000,1781870105793000000,0
jps.module.iml.entities.serializer.load.entities.ms,1781870045789000000,1781870105793000000,0
jps.artifact.entities.serializer.load.entities.ms,1781870045789000000,1781870105793000000,0
Indexes.stubs.lookupDurationMaxMs,1781870045789000000,1781870105793000000,0.0
Indexes.stubs.lookupDuration90PMs,1781870045789000000,1781870105793000000,0.0
Indexes.entries.lookups,1781870045789000000,1781870105793000000,0
Indexes.allKeys.lookupDurationAvgMs,1781870045789000000,1781870105793000000,0.0
Indexes.allKeys.lookupDurationMaxMs,1781870045789000000,1781870105793000000,0.0
Indexes.allKeys.lookupDuration90PMs,1781870045789000000,1781870105793000000,0.0
Indexing.writesQueuedMax,1781870045789000000,1781870105793000000,0
Indexes.entries.lookupDurationMaxMs,1781870045789000000,1781870105793000000,0.0
Indexing.cache.totalCacheAccesses,1781870045789000000,1781870105793000000,0
Indexing.writesQueuedMin,1781870045789000000,1781870105793000000,9223372036854775807
Indexing.writer_0.totalTimeSpentWritingMs,1781870045789000000,1781870105793000000,0
Indexes.stubs.lookupDurationAvgMs,1781870045789000000,1781870105793000000,0.0
Indexes.entries.lookupDurationAvgMs,1781870045789000000,1781870105793000000,0.0
Indexing.cache.totalCacheMisses,1781870045789000000,1781870105793000000,0
Indexing.writer_3.totalTimeSpentWritingMs,1781870045789000000,1781870105793000000,0
Indexes.allKeys.lookups,1781870045789000000,1781870105793000000,0
Indexing.writer_1.totalTimeSpentWritingMs,1781870045789000000,1781870105793000000,0
Indexes.entries.lookupDuration90PMs,1781870045789000000,1781870105793000000,0.0
Indexing.totalTimeIndexersSleptMs,1781870045789000000,1781870105793000000,0
Indexing.cache.totalCacheEvicted,1781870045789000000,1781870105793000000,0
Indexing.writer_2.totalTimeSpentWritingMs,1781870045789000000,1781870105793000000,0
Indexes.stubs.lookups,1781870045789000000,1781870105793000000,0
writeAction.wait.ms,1781870045789000000,1781870105793000000,0
writeAction.max.wait.ms,1781870045789000000,1781870105793000000,91
DiskQueryRelay.taskExecutionTotalTimeUs,1781870045789000000,1781870105793000000,0
DiskQueryRelay.taskWaitingTotalTimeUs,1781870045789000000,1781870105793000000,0
LowMemory.gcOverloaded,1781870045789000000,1781870105793000000,0
writeAction.median.wait.ms,1781870045789000000,1781870105793000000,0
DiskQueryRelay.tasksExecuted,1781870045789000000,1781870105793000000,0
DiskQueryRelay.tasksRequested,1781870045789000000,1781870105793000000,0
LowMemory.gcLoad,1781870045789000000,1781870105793000000,1.7928284030268308E-4
writeAction.count,1781870045789000000,1781870105793000000,0
cacheStateStorage.set.counter,1781870045789000000,1781870105793000000,0
cacheStateStorage.set.duration,1781870045789000000,1781870105793000000,0
cacheStateStorage.get.counter,1781870045789000000,1781870105793000000,0
cacheStateStorage.get.duration,1781870045789000000,1781870105793000000,0
JVM.usedNativeBytes,1781870045789000000,1781870105793000000,409358328
JVM.maxThreadCount,1781870045789000000,1781870105793000000,84
MEM.fileMappingsRamBytes,1781870045789000000,1781870105793000000,668172288
JVM.totalBytesAllocated,1781870045789000000,1781870105793000000,72746432
JVM.committedHeapBytes,1781870045789000000,1781870105793000000,452984832
JVM.totalTimeAtSafepointsMs,1781870045789000000,1781870105793000000,27
JVM.newThreadsCount,1781870045789000000,1781870105793000000,6
JVM.usedHeapBytes,1781870045789000000,1781870105793000000,276030128
OS.loadAverage,1781870045789000000,1781870105793000000,0.30615234375
MEM.ramBytes,1781870045789000000,1781870105793000000,1759051776
MEM.ramMinusFileMappingsBytes,1781870045789000000,1781870105793000000,1079738368
JVM.totalSafepointCount,1781870045789000000,1781870105793000000,3
JVM.totalDirectByteBuffersBytes,1781870045789000000,1781870105793000000,1271809
JVM.maxHeapBytes,1781870045789000000,1781870105793000000,2147483648
JVM.totalCpuTimeMs,1781870045789000000,1781870105793000000,3810
JVM.GC.collections,1781870045789000000,1781870105793000000,3
JVM.threadCount,1781870045789000000,1781870105793000000,55
MEM.ramPlusSwapMinusFileMappingsBytes,1781870045789000000,1781870105793000000,1079738368
JVM.GC.collectionTimesMs,1781870045789000000,1781870105793000000,27
JVM.totalTimeToSafepointsMs,1781870045789000000,1781870105793000000,0
VFS.contentStorage.recordsStored,1781870045789000000,1781870105793000000,0
VFS.fileChildByName,1781870045789000000,1781870105793000000,51
VFS.contentStorage.recordsDeduplicated,1781870045789000000,1781870105793000000,0
VFS.fileByIdCache.misses,1781870045789000000,1781870105793000000,0
VFS.contentStorage.recordsDecompressionTimeUs,1781870045789000000,1781870105793000000,0
VFS.contentStorage.recordsUncompressedSize,1781870045789000000,1781870105793000000,0
VFS.contentStorage.recordsReadSize,1781870045789000000,1781870105793000000,0
FileNameCache.queries,1781870045789000000,1781870105793000000,64
VFS.contentStorage.recordsStoredSize,1781870045789000000,1781870105793000000,0
FileNameCache.totalMisses,1781870045789000000,1781870105793000000,0
VFS.rootsCount,1781870045789000000,1781870105793000000,23.0
VFS.contentStorage.recordsStoredCompressed,1781870045789000000,1781870105793000000,0
VFS.invertedFileNameIndex.requests,1781870045789000000,1781870105793000000,0
VFS.cache.directoriesCreated,1781870045789000000,1781870105793000000,0
VFS.cache.segmentsCreated,1781870045789000000,1781870105793000000,0
VFS.folderCaseSensitivityReads,1781870045789000000,1781870105793000000,0
VFS.cache.filesCreated,1781870045789000000,1781870105793000000,28756
VFS.fileByIdCache.hits,1781870045789000000,1781870105793000000,0
VFS.contentStorage.recordsRead,1781870045789000000,1781870105793000000,0
VFS.cache.segments,1781870045789000000,1781870105793000000,89.0
VFS.contentStorage.recordsReadDecompressed,1781870045789000000,1781870105793000000,0
workspaceModel.cachedValue.clear.count,1781870105793000000,1781870165791000000,0
workspaceModel.cachedValue.from.cache.count,1781870105793000000,1781870165791000000,0
workspaceModel.updates.precise.ms,1781870105793000000,1781870165791000000,0
workspaceModel.check.recursive.update.ms,1781870105793000000,1781870165791000000,0
workspaceModel.cachedValueWithParameters.total.get.count,1781870105793000000,1781870165791000000,0
workspaceModel.updates.ms,1781870105793000000,1781870165791000000,0
workspaceModel.collect.changes.ms,1781870105793000000,1781870165791000000,0
workspaceModel.initializing.ms,1781870105793000000,1781870165791000000,0
workspaceModel.workspaceFileIndexData.markDirty.ms,1781870105793000000,1781870165791000000,0
workspaceModel.full.replace.project.model.ms,1781870105793000000,1781870165791000000,0
workspaceModel.workspaceFileIndexData.getPackageName.ms,1781870105793000000,1781870165791000000,0
workspaceModel.on.before.changed.ms,1781870105793000000,1781870165791000000,0
workspaceModel.to.snapshot.ms,1781870105793000000,1781870165791000000,0
workspaceModel.update.unloaded.entities.ms,1781870105793000000,1781870165791000000,0
workspaceModel.init.bridges.ms,1781870105793000000,1781870165791000000,0
workspaceModel.workspaceFileIndexContributor.registerFileSets.ms,1781870105793000000,1781870165791000000,0
workspaceModel.pre.handlers.ms,1781870105793000000,1781870165791000000,0
workspaceModel.cachedValue.total.get.count,1781870105793000000,1781870165791000000,0
workspaceModel.workspaceFileIndexData.getDirectoriesByPackageName.ms,1781870105793000000,1781870165791000000,0
workspaceModel.cachedValue.calculated.count,1781870105793000000,1781870165791000000,0
workspaceModel.workspaceFileIndexData.visitFileSets.ms,1781870105793000000,1781870165791000000,0
workspaceModel.workspaceFileIndexData.getFileInfo.ms,1781870105793000000,1781870165791000000,0
workspaceModel.updates.count,1781870105793000000,1781870165791000000,0
workspaceModel.workspaceFileIndexData.updateDirtyEntities.ms,1781870105793000000,1781870165791000000,0
workspaceModel.workspaceFileIndexData.init.ms,1781870105793000000,1781870165791000000,0
workspaceModel.cachedValueWithParameters.calculated.count,1781870105793000000,1781870165791000000,0
workspaceModel.loading.from.cache.ms,1781870105793000000,1781870165791000000,0
workspaceModel.on.changed.ms,1781870105793000000,1781870165791000000,0
workspaceModel.loading.total.ms,1781870105793000000,1781870165791000000,0
workspaceModel.workspaceFileIndexData.processFileSets.ms,1781870105793000000,1781870165791000000,0
workspaceModel.cachedValueWithParameters.from.cache.count,1781870105793000000,1781870165791000000,0
workspaceModel.replace.project.model.ms,1781870105793000000,1781870165791000000,0
workspaceModel.entityStorageSnapshotImpl.instances.count,1781870105793000000,1781870165791000000,0
workspaceModel.workspaceFileIndexData.instances.count,1781870105793000000,1781870165791000000,0
workspaceModel.cachedValueWithParameters.clear.count,1781870105793000000,1781870165791000000,0
workspaceModel.workspaceFileIndexData.onEntitiesChanged.ms,1781870105793000000,1781870165791000000,0
FileChannelInterruptsRetryer.totalRetriedAttempts,1781870105793000000,1781870165791000000,0
StreamlinedBlobStorage.recordsRelocated,1781870105793000000,1781870165791000000,0
DirectByteBufferAllocator.misses,1781870105793000000,1781870165791000000,0
FilePageCache.pageLoads,1781870105793000000,1781870165791000000,0
StreamlinedBlobStorage.recordsAllocated,1781870105793000000,1781870165791000000,0
FilePageCache.uncachedFileAccess,1781870105793000000,1781870165791000000,0
DirectByteBufferAllocator.hits,1781870105793000000,1781870165791000000,0
StreamlinedBlobStorage.recordsDeleted,1781870105793000000,1781870165791000000,0
FilePageCache.maxCacheSizeInBytes,1781870105793000000,1781870165791000000,629153792
FilePageCache.pageFastCacheHits,1781870105793000000,1781870165791000000,0
FilePageCache.totalPageDisposalsUs,1781870105793000000,1781870165791000000,0
StreamlinedBlobStorage.totalLiveRecordsPayloadBytes,1781870105793000000,1781870165791000000,0
DirectByteBufferAllocator.reclaimed,1781870105793000000,1781870165791000000,0
FilePageCache.pageLoadsAboveSizeThreshold,1781870105793000000,1781870165791000000,0
DirectByteBufferAllocator.totalSizeOfBuffersCachedInBytes,1781870105793000000,1781870165791000000,55590912
MappedFileStorage.totalPagesMapped,1781870105793000000,1781870165791000000,13
StreamlinedBlobStorage.totalLiveRecordsCapacityBytes,1781870105793000000,1781870165791000000,0
StorageLockContext.competingThreads.90P,1781870105793000000,1781870165791000000,0
FilePageCache.totalPageLoadsUs,1781870105793000000,1781870165791000000,0
MappedFileStorage.totalTimeSpentOnMappingUs,1781870105793000000,1781870165791000000,73610
FilePageCache.disposedBuffers,1781870105793000000,1781870165791000000,0
FilePageCache.maxRegisteredFiles,1781870105793000000,1781870165791000000,1649
DirectByteBufferAllocator.disposed,1781870105793000000,1781870165791000000,0
StorageLockContext.competingThreads.max,1781870105793000000,1781870165791000000,0
DirectByteBufferAllocator.totalSizeOfBuffersAllocatedInBytes,1781870105793000000,1781870165791000000,0
FilePageCache.pageHits,1781870105793000000,1781870165791000000,0
FilePageCache.capacityInBytes,1781870105793000000,1781870165791000000,629145600
MappedFileStorage.totalBytesMapped,1781870105793000000,1781870165791000000,190054400
MappedFileStorage.storages,1781870105793000000,1781870165791000000,13
StorageLockContext.competingThreads.avg,1781870105793000000,1781870165791000000,0.0
compiler.ArtifactManagerBridge.addArtifact.ms,1781870105793000000,1781870165791000000,0
compiler.ArtifactManagerBridge.getArtifacts.ms,1781870105793000000,1781870165791000000,0
compiler.ArtifactManagerBridge.getArtifactsByType.ms,1781870105793000000,1781870165791000000,0
compiler.ArtifactManagerBridge.initBridges.ms,1781870105793000000,1781870165791000000,0
compiler.ArtifactManagerBridge.findArtifact.ms,1781870105793000000,1781870165791000000,0
compiler.ArtifactVirtualFileListener.filePathChanged.ms,1781870105793000000,1781870165791000000,0
compiler.ArtifactVirtualFileListener.propertyChanged.ms,1781870105793000000,1781870165791000000,0
compiler.ArtifactManagerBridge.commit.ms,1781870105793000000,1781870165791000000,0
compiler.ArtifactManagerBridge.dropMappings.ms,1781870105793000000,1781870165791000000,0
NonBlockingReadAction.finalizedExecutionsCount,1781870105793000000,1781870165791000000,0
FlushQueue.waitingTimeMaxNs,1781870105793000000,1781870165791000000,0
WriteAction.executionsCount,1781870105793000000,1781870165791000000,0
NonBlockingReadAction.failedExecutionTimeUs,1781870105793000000,1781870165791000000,0
NonBlockingReadAction.finalizedExecutionTimeUs,1781870105793000000,1781870165791000000,0
FlushQueue.waitingTime90PNs,1781870105793000000,1781870165791000000,0
AWTEventQueue.dispatchTime90PNs,1781870105793000000,1781870165791000000,0
FlushQueue.executionTimeMaxNs,1781870105793000000,1781870165791000000,0
FlushQueue.tasksExecuted,1781870105793000000,1781870165791000000,0
AWTEventQueue.dispatchTimeTotalNS,1781870105793000000,1781870165791000000,29853286
FlushQueue.executionTime90PNs,1781870105793000000,1781870165791000000,0
NonBlockingReadAction.failedExecutionsCount,1781870105793000000,1781870165791000000,0
AWTEventQueue.dispatchTimeAvgNs,1781870105793000000,1781870165791000000,0.0
FlushQueue.queueSize90P,1781870105793000000,1781870165791000000,0
FlushQueue.queueSizeAvg,1781870105793000000,1781870165791000000,0.0
FlushQueue.executionTimeAvgNs,1781870105793000000,1781870165791000000,0.0
FlushQueue.queueSizeMax,1781870105793000000,1781870165791000000,0
AWTEventQueue.eventsDispatched,1781870105793000000,1781870165791000000,0
ReadAction.executionsCount,1781870105793000000,1781870165791000000,7
FlushQueue.waitingTimeAvgNs,1781870105793000000,1781870165791000000,0.0
AWTEventQueue.dispatchTimeMaxNs,1781870105793000000,1781870165791000000,0
workspaceModel.delayed.project.synchronizer.sync.ms,1781870105793000000,1781870165791000000,0
workspaceModel.load.cache.from.file.ms,1781870105793000000,1781870165791000000,0
workspaceModel.mutableEntityStorage.add.entity.ms,1781870105793000000,1781870165791000000,0
workspaceModel.moduleBridge.facet.initialization.ms,1781870105793000000,1781870165791000000,0
jps.storage.jps.conf.reader.load.component.ms,1781870105793000000,1781870165791000000,0
workspaceModel.mutableEntityStorage.entities.ms,1781870105793000000,1781870165791000000,0
jps.global.initialize.library.bridges.ms,1781870105793000000,1781870165791000000,0
jps.facet.change.listener.init.bridge.ms,1781870105793000000,1781870165791000000,0
jps.reload.project.entities.ms,1781870105793000000,1781870165791000000,0
jps.library.entities.serializer.load.entities.ms,1781870105793000000,1781870165791000000,0
jps.global.get.library.ms,1781870105793000000,1781870165791000000,0
workspaceModel.mutableEntityStorage.put.entity.ms,1781870105793000000,1781870165791000000,0
workspaceModel.moduleManagerBridge.create.module.instance.ms,1781870105793000000,1781870165791000000,0
jps.global.handle.changed.events.ms,1781870105793000000,1781870165791000000,0
workspaceModel.save.cache.to.file.ms,1781870105793000000,1781870165791000000,0
jps.save.changed.project.entities.ms,1781870105793000000,1781870165791000000,0
workspaceModel.moduleManagerBridge.build.module.graph.ms,1781870105793000000,1781870165791000000,0
workspaceModel.mutableEntityStorage.collect.changes.ms,1781870105793000000,1781870165791000000,0
jps.load.project.to.empty.storage.ms,1781870105793000000,1781870165791000000,0
workspaceModel.mutableEntityStorage.changeLog.addReplaceEventForRemovedChild.ms,1781870105793000000,1781870165791000000,0
jps.global.handle.before.change.events.ms,1781870105793000000,1781870165791000000,0
jps.app.storage.content.reader.load.component.ms,1781870105793000000,1781870165791000000,0
workspaceModel.mutableEntityStorage.changeLog.addReplaceEventForRemovedParent.ms,1781870105793000000,1781870165791000000,0
workspaceModel.global.updates.ms,1781870105793000000,1781870165791000000,0
workspaceModel.mutableEntityStorage.changeLog.addReplaceEventForNewChild.ms,1781870105793000000,1781870165791000000,0
jps.global.get.library.by.name.ms,1781870105793000000,1781870165791000000,0
workspaceModel.mutableEntityStorage.mutable.ext.mapping.ms,1781870105793000000,1781870165791000000,0
workspaceModel.moduleManagerBridge.get.modules.ms,1781870105793000000,1781870165791000000,0
workspaceModel.mutableEntityStorage.entities.by.source.ms,1781870105793000000,1781870165791000000,0
workspaceModel.mutableEntityStorage.changeLog.addReplaceEventForNewParent.ms,1781870105793000000,1781870165791000000,0
jps.module.iml.entities.serializer.save.entities.ms,1781870105793000000,1781870165791000000,0
jps.facet.change.listener.before.change.events.ms,1781870105793000000,1781870165791000000,0
workspaceModel.mutableEntityStorage.modify.entity.ms,1781870105793000000,1781870165791000000,0
workspaceModel.mutableEntityStorage.replace.by.source.ms,1781870105793000000,1781870165791000000,0
workspaceModel.moduleBridge.before.changed.ms,1781870105793000000,1781870165791000000,0
jps.module.dependency.index.workspace.model.listener.on.changed.ms,1781870105793000000,1781870165791000000,0
workspaceModel.mutableEntityStorage.hasReferrers.ms,1781870105793000000,1781870165791000000,0
workspaceModel.moduleManagerBridge.load.module.ms,1781870105793000000,1781870165791000000,0
workspaceModel.moduleBridgeLoader.loading.modules.ms,1781870105793000000,1781870165791000000,0
jps.facet.change.listener.process.change.events.ms,1781870105793000000,1781870165791000000,0
workspaceModel.mutableEntityStorage.instances.count,1781870105793000000,1781870165791000000,0
workspaceModel.sync.entities.ms,1781870105793000000,1781870165791000000,0
workspaceModel.load.cache.metadata.from.file.ms,1781870105793000000,1781870165791000000,0
workspaceModel.orphan.listener.update.ms,1781870105793000000,1781870165791000000,0
workspaceModel.mutableEntityStorage.apply.changes.from.ms,1781870105793000000,1781870165791000000,0
jps.project.serializers.save.ms,1781870105793000000,1781870165791000000,0
jps.global.initialize.library.bridges.after.loading.ms,1781870105793000000,1781870165791000000,0
workspaceModel.mutableEntityStorage.resolve.ms,1781870105793000000,1781870165791000000,0
jps.global.get.libraries.ms,1781870105793000000,1781870165791000000,0
jps.apply.loaded.storage.ms,1781870105793000000,1781870165791000000,0
workspaceModel.mutableEntityStorage.mutable.vfurl.index.ms,1781870105793000000,1781870165791000000,0
workspaceModel.global.apply.state.to.project.builder.ms,1781870105793000000,1781870165791000000,0
workspaceModel.moduleManagerBridge.new.nonPersistent.module.ms,1781870105793000000,1781870165791000000,0
jps.load.initial.state.ms,1781870105793000000,1781870165791000000,0
jps.app.storage.content.writer.save.component.ms,1781870105793000000,1781870165791000000,0
workspaceModel.moduleManagerBridge.load.all.modules.ms,1781870105793000000,1781870165791000000,0
workspaceModel.moduleManagerBridge.set.unloadedModules.ms,1781870105793000000,1781870165791000000,0
jps.project.serializers.load.ms,1781870105793000000,1781870165791000000,0
workspaceModel.moduleManagerBridge.newModule.ms,1781870105793000000,1781870165791000000,0
workspaceModel.global.updates.count,1781870105793000000,1781870165791000000,0
workspaceModel.do.save.caches.ms,1781870105793000000,1781870165791000000,0
workspaceModel.mutableEntityStorage.remove.entity.ms,1781870105793000000,1781870165791000000,0
jps.library.entities.serializer.save.entities.ms,1781870105793000000,1781870165791000000,0
workspaceModel.moduleBridge.update.option.ms,1781870105793000000,1781870165791000000,0
workspaceModel.global.apply.state.to.project.ms,1781870105793000000,1781870165791000000,0
jps.artifact.entities.serializer.save.entities.ms,1781870105793000000,1781870165791000000,0
workspaceModel.mutableEntityStorage.to.snapshot.ms,1781870105793000000,1781870165791000000,0
workspaceModel.mutableEntityStorage.referrers.ms,1781870105793000000,1781870165791000000,0
workspaceModel.mutableEntityStorage.has.same.entities.ms,1781870105793000000,1781870165791000000,0
jps.save.global.entities.ms,1781870105793000000,1781870165791000000,0
jps.module.iml.entities.serializer.load.entities.ms,1781870105793000000,1781870165791000000,0
jps.artifact.entities.serializer.load.entities.ms,1781870105793000000,1781870165791000000,0
Indexes.stubs.lookupDurationMaxMs,1781870105793000000,1781870165791000000,0.0
Indexes.stubs.lookupDuration90PMs,1781870105793000000,1781870165791000000,0.0
Indexes.entries.lookups,1781870105793000000,1781870165791000000,0
Indexes.allKeys.lookupDurationAvgMs,1781870105793000000,1781870165791000000,0.0
Indexes.allKeys.lookupDurationMaxMs,1781870105793000000,1781870165791000000,0.0
Indexes.allKeys.lookupDuration90PMs,1781870105793000000,1781870165791000000,0.0
Indexing.writesQueuedMax,1781870105793000000,1781870165791000000,0
Indexes.entries.lookupDurationMaxMs,1781870105793000000,1781870165791000000,0.0
Indexing.cache.totalCacheAccesses,1781870105793000000,1781870165791000000,0
Indexing.writesQueuedMin,1781870105793000000,1781870165791000000,9223372036854775807
Indexing.writer_0.totalTimeSpentWritingMs,1781870105793000000,1781870165791000000,0
Indexes.stubs.lookupDurationAvgMs,1781870105793000000,1781870165791000000,0.0
Indexes.entries.lookupDurationAvgMs,1781870105793000000,1781870165791000000,0.0
Indexing.cache.totalCacheMisses,1781870105793000000,1781870165791000000,0
Indexing.writer_3.totalTimeSpentWritingMs,1781870105793000000,1781870165791000000,0
Indexes.allKeys.lookups,1781870105793000000,1781870165791000000,0
Indexing.writer_1.totalTimeSpentWritingMs,1781870105793000000,1781870165791000000,0
Indexes.entries.lookupDuration90PMs,1781870105793000000,1781870165791000000,0.0
Indexing.totalTimeIndexersSleptMs,1781870105793000000,1781870165791000000,0
Indexing.cache.totalCacheEvicted,1781870105793000000,1781870165791000000,0
Indexing.writer_2.totalTimeSpentWritingMs,1781870105793000000,1781870165791000000,0
Indexes.stubs.lookups,1781870105793000000,1781870165791000000,0
writeAction.wait.ms,1781870105793000000,1781870165791000000,0
writeAction.max.wait.ms,1781870105793000000,1781870165791000000,91
DiskQueryRelay.taskExecutionTotalTimeUs,1781870105793000000,1781870165791000000,0
DiskQueryRelay.taskWaitingTotalTimeUs,1781870105793000000,1781870165791000000,0
LowMemory.gcOverloaded,1781870105793000000,1781870165791000000,0
writeAction.median.wait.ms,1781870105793000000,1781870165791000000,0
DiskQueryRelay.tasksExecuted,1781870105793000000,1781870165791000000,0
DiskQueryRelay.tasksRequested,1781870105793000000,1781870165791000000,0
LowMemory.gcLoad,1781870105793000000,1781870165791000000,9.204278847867697E-5
writeAction.count,1781870105793000000,1781870165791000000,0
cacheStateStorage.set.counter,1781870105793000000,1781870165791000000,0
cacheStateStorage.set.duration,1781870105793000000,1781870165791000000,0
cacheStateStorage.get.counter,1781870105793000000,1781870165791000000,0
cacheStateStorage.get.duration,1781870105793000000,1781870165791000000,0
JVM.usedNativeBytes,1781870105793000000,1781870165791000000,410016032
JVM.maxThreadCount,1781870105793000000,1781870165791000000,84
MEM.fileMappingsRamBytes,1781870105793000000,1781870165791000000,668172288
JVM.totalBytesAllocated,1781870105793000000,1781870165791000000,19673672
JVM.committedHeapBytes,1781870105793000000,1781870165791000000,452984832
JVM.totalTimeAtSafepointsMs,1781870105793000000,1781870165791000000,0
JVM.newThreadsCount,1781870105793000000,1781870165791000000,0
JVM.usedHeapBytes,1781870105793000000,1781870165791000000,293855920
OS.loadAverage,1781870105793000000,1781870165791000000,0.66455078125
MEM.ramBytes,1781870105793000000,1781870165791000000,1763901440
MEM.ramMinusFileMappingsBytes,1781870105793000000,1781870165791000000,1084588032
JVM.totalSafepointCount,1781870105793000000,1781870165791000000,0
JVM.totalDirectByteBuffersBytes,1781870105793000000,1781870165791000000,1271809
JVM.maxHeapBytes,1781870105793000000,1781870165791000000,2147483648
JVM.totalCpuTimeMs,1781870105793000000,1781870165791000000,1710
JVM.GC.collections,1781870105793000000,1781870165791000000,0
JVM.threadCount,1781870105793000000,1781870165791000000,53
MEM.ramPlusSwapMinusFileMappingsBytes,1781870105793000000,1781870165791000000,1084588032
JVM.GC.collectionTimesMs,1781870105793000000,1781870165791000000,0
JVM.totalTimeToSafepointsMs,1781870105793000000,1781870165791000000,0
VFS.contentStorage.recordsStored,1781870105793000000,1781870165791000000,0
VFS.fileChildByName,1781870105793000000,1781870165791000000,0
VFS.contentStorage.recordsDeduplicated,1781870105793000000,1781870165791000000,0
VFS.fileByIdCache.misses,1781870105793000000,1781870165791000000,0
VFS.contentStorage.recordsDecompressionTimeUs,1781870105793000000,1781870165791000000,0
VFS.contentStorage.recordsUncompressedSize,1781870105793000000,1781870165791000000,0
VFS.contentStorage.recordsReadSize,1781870105793000000,1781870165791000000,0
FileNameCache.queries,1781870105793000000,1781870165791000000,0
VFS.contentStorage.recordsStoredSize,1781870105793000000,1781870165791000000,0
FileNameCache.totalMisses,1781870105793000000,1781870165791000000,0
VFS.rootsCount,1781870105793000000,1781870165791000000,23.0
VFS.contentStorage.recordsStoredCompressed,1781870105793000000,1781870165791000000,0
VFS.invertedFileNameIndex.requests,1781870105793000000,1781870165791000000,0
VFS.cache.directoriesCreated,1781870105793000000,1781870165791000000,0
VFS.cache.segmentsCreated,1781870105793000000,1781870165791000000,0
VFS.folderCaseSensitivityReads,1781870105793000000,1781870165791000000,0
VFS.cache.filesCreated,1781870105793000000,1781870165791000000,0
VFS.fileByIdCache.hits,1781870105793000000,1781870165791000000,0
VFS.contentStorage.recordsRead,1781870105793000000,1781870165791000000,0
VFS.cache.segments,1781870105793000000,1781870165791000000,89.0
VFS.contentStorage.recordsReadDecompressed,1781870105793000000,1781870165791000000,0
workspaceModel.cachedValue.clear.count,1781870165791000000,1781870225788000000,0
workspaceModel.cachedValue.from.cache.count,1781870165791000000,1781870225788000000,0
workspaceModel.updates.precise.ms,1781870165791000000,1781870225788000000,0
workspaceModel.check.recursive.update.ms,1781870165791000000,1781870225788000000,0
workspaceModel.cachedValueWithParameters.total.get.count,1781870165791000000,1781870225788000000,0
workspaceModel.updates.ms,1781870165791000000,1781870225788000000,0
workspaceModel.collect.changes.ms,1781870165791000000,1781870225788000000,0
workspaceModel.initializing.ms,1781870165791000000,1781870225788000000,0
workspaceModel.workspaceFileIndexData.markDirty.ms,1781870165791000000,1781870225788000000,0
workspaceModel.full.replace.project.model.ms,1781870165791000000,1781870225788000000,0
workspaceModel.workspaceFileIndexData.getPackageName.ms,1781870165791000000,1781870225788000000,0
workspaceModel.on.before.changed.ms,1781870165791000000,1781870225788000000,0
workspaceModel.to.snapshot.ms,1781870165791000000,1781870225788000000,0
workspaceModel.update.unloaded.entities.ms,1781870165791000000,1781870225788000000,0
workspaceModel.init.bridges.ms,1781870165791000000,1781870225788000000,0
workspaceModel.workspaceFileIndexContributor.registerFileSets.ms,1781870165791000000,1781870225788000000,0
workspaceModel.pre.handlers.ms,1781870165791000000,1781870225788000000,0
workspaceModel.cachedValue.total.get.count,1781870165791000000,1781870225788000000,0
workspaceModel.workspaceFileIndexData.getDirectoriesByPackageName.ms,1781870165791000000,1781870225788000000,0
workspaceModel.cachedValue.calculated.count,1781870165791000000,1781870225788000000,0
workspaceModel.workspaceFileIndexData.visitFileSets.ms,1781870165791000000,1781870225788000000,0
workspaceModel.workspaceFileIndexData.getFileInfo.ms,1781870165791000000,1781870225788000000,0
workspaceModel.updates.count,1781870165791000000,1781870225788000000,0
workspaceModel.workspaceFileIndexData.updateDirtyEntities.ms,1781870165791000000,1781870225788000000,0
workspaceModel.workspaceFileIndexData.init.ms,1781870165791000000,1781870225788000000,0
workspaceModel.cachedValueWithParameters.calculated.count,1781870165791000000,1781870225788000000,0
workspaceModel.loading.from.cache.ms,1781870165791000000,1781870225788000000,0
workspaceModel.on.changed.ms,1781870165791000000,1781870225788000000,0
workspaceModel.loading.total.ms,1781870165791000000,1781870225788000000,0
workspaceModel.workspaceFileIndexData.processFileSets.ms,1781870165791000000,1781870225788000000,0
workspaceModel.cachedValueWithParameters.from.cache.count,1781870165791000000,1781870225788000000,0
workspaceModel.replace.project.model.ms,1781870165791000000,1781870225788000000,0
workspaceModel.entityStorageSnapshotImpl.instances.count,1781870165791000000,1781870225788000000,0
workspaceModel.workspaceFileIndexData.instances.count,1781870165791000000,1781870225788000000,0
workspaceModel.cachedValueWithParameters.clear.count,1781870165791000000,1781870225788000000,0
workspaceModel.workspaceFileIndexData.onEntitiesChanged.ms,1781870165791000000,1781870225788000000,0
FileChannelInterruptsRetryer.totalRetriedAttempts,1781870165791000000,1781870225788000000,0
StreamlinedBlobStorage.recordsRelocated,1781870165791000000,1781870225788000000,0
DirectByteBufferAllocator.misses,1781870165791000000,1781870225788000000,0
FilePageCache.pageLoads,1781870165791000000,1781870225788000000,0
StreamlinedBlobStorage.recordsAllocated,1781870165791000000,1781870225788000000,0
FilePageCache.uncachedFileAccess,1781870165791000000,1781870225788000000,0
DirectByteBufferAllocator.hits,1781870165791000000,1781870225788000000,0
StreamlinedBlobStorage.recordsDeleted,1781870165791000000,1781870225788000000,0
FilePageCache.maxCacheSizeInBytes,1781870165791000000,1781870225788000000,629153792
FilePageCache.pageFastCacheHits,1781870165791000000,1781870225788000000,0
FilePageCache.totalPageDisposalsUs,1781870165791000000,1781870225788000000,0
StreamlinedBlobStorage.totalLiveRecordsPayloadBytes,1781870165791000000,1781870225788000000,0
DirectByteBufferAllocator.reclaimed,1781870165791000000,1781870225788000000,0
FilePageCache.pageLoadsAboveSizeThreshold,1781870165791000000,1781870225788000000,0
DirectByteBufferAllocator.totalSizeOfBuffersCachedInBytes,1781870165791000000,1781870225788000000,55590912
MappedFileStorage.totalPagesMapped,1781870165791000000,1781870225788000000,13
StreamlinedBlobStorage.totalLiveRecordsCapacityBytes,1781870165791000000,1781870225788000000,0
StorageLockContext.competingThreads.90P,1781870165791000000,1781870225788000000,0
FilePageCache.totalPageLoadsUs,1781870165791000000,1781870225788000000,0
MappedFileStorage.totalTimeSpentOnMappingUs,1781870165791000000,1781870225788000000,73610
FilePageCache.disposedBuffers,1781870165791000000,1781870225788000000,0
FilePageCache.maxRegisteredFiles,1781870165791000000,1781870225788000000,1649
DirectByteBufferAllocator.disposed,1781870165791000000,1781870225788000000,0
StorageLockContext.competingThreads.max,1781870165791000000,1781870225788000000,0
DirectByteBufferAllocator.totalSizeOfBuffersAllocatedInBytes,1781870165791000000,1781870225788000000,0
FilePageCache.pageHits,1781870165791000000,1781870225788000000,0
FilePageCache.capacityInBytes,1781870165791000000,1781870225788000000,629145600
MappedFileStorage.totalBytesMapped,1781870165791000000,1781870225788000000,190054400
MappedFileStorage.storages,1781870165791000000,1781870225788000000,13
StorageLockContext.competingThreads.avg,1781870165791000000,1781870225788000000,0.0
compiler.ArtifactManagerBridge.addArtifact.ms,1781870165791000000,1781870225788000000,0
compiler.ArtifactManagerBridge.getArtifacts.ms,1781870165791000000,1781870225788000000,0
compiler.ArtifactManagerBridge.getArtifactsByType.ms,1781870165791000000,1781870225788000000,0
compiler.ArtifactManagerBridge.initBridges.ms,1781870165791000000,1781870225788000000,0
compiler.ArtifactManagerBridge.findArtifact.ms,1781870165791000000,1781870225788000000,0
compiler.ArtifactVirtualFileListener.filePathChanged.ms,1781870165791000000,1781870225788000000,0
compiler.ArtifactVirtualFileListener.propertyChanged.ms,1781870165791000000,1781870225788000000,0
compiler.ArtifactManagerBridge.commit.ms,1781870165791000000,1781870225788000000,0
compiler.ArtifactManagerBridge.dropMappings.ms,1781870165791000000,1781870225788000000,0
NonBlockingReadAction.finalizedExecutionsCount,1781870165791000000,1781870225788000000,0
FlushQueue.waitingTimeMaxNs,1781870165791000000,1781870225788000000,0
WriteAction.executionsCount,1781870165791000000,1781870225788000000,0
NonBlockingReadAction.failedExecutionTimeUs,1781870165791000000,1781870225788000000,0
NonBlockingReadAction.finalizedExecutionTimeUs,1781870165791000000,1781870225788000000,0
FlushQueue.waitingTime90PNs,1781870165791000000,1781870225788000000,0
AWTEventQueue.dispatchTime90PNs,1781870165791000000,1781870225788000000,0
FlushQueue.executionTimeMaxNs,1781870165791000000,1781870225788000000,0
FlushQueue.tasksExecuted,1781870165791000000,1781870225788000000,0
AWTEventQueue.dispatchTimeTotalNS,1781870165791000000,1781870225788000000,29718909
FlushQueue.executionTime90PNs,1781870165791000000,1781870225788000000,0
NonBlockingReadAction.failedExecutionsCount,1781870165791000000,1781870225788000000,0
AWTEventQueue.dispatchTimeAvgNs,1781870165791000000,1781870225788000000,0.0
FlushQueue.queueSize90P,1781870165791000000,1781870225788000000,0
FlushQueue.queueSizeAvg,1781870165791000000,1781870225788000000,0.0
FlushQueue.executionTimeAvgNs,1781870165791000000,1781870225788000000,0.0
FlushQueue.queueSizeMax,1781870165791000000,1781870225788000000,0
AWTEventQueue.eventsDispatched,1781870165791000000,1781870225788000000,0
ReadAction.executionsCount,1781870165791000000,1781870225788000000,7
FlushQueue.waitingTimeAvgNs,1781870165791000000,1781870225788000000,0.0
AWTEventQueue.dispatchTimeMaxNs,1781870165791000000,1781870225788000000,0
workspaceModel.delayed.project.synchronizer.sync.ms,1781870165791000000,1781870225788000000,0
workspaceModel.load.cache.from.file.ms,1781870165791000000,1781870225788000000,0
workspaceModel.mutableEntityStorage.add.entity.ms,1781870165791000000,1781870225788000000,0
workspaceModel.moduleBridge.facet.initialization.ms,1781870165791000000,1781870225788000000,0
jps.storage.jps.conf.reader.load.component.ms,1781870165791000000,1781870225788000000,0
workspaceModel.mutableEntityStorage.entities.ms,1781870165791000000,1781870225788000000,0
jps.global.initialize.library.bridges.ms,1781870165791000000,1781870225788000000,0
jps.facet.change.listener.init.bridge.ms,1781870165791000000,1781870225788000000,0
jps.reload.project.entities.ms,1781870165791000000,1781870225788000000,0
jps.library.entities.serializer.load.entities.ms,1781870165791000000,1781870225788000000,0
jps.global.get.library.ms,1781870165791000000,1781870225788000000,0
workspaceModel.mutableEntityStorage.put.entity.ms,1781870165791000000,1781870225788000000,0
workspaceModel.moduleManagerBridge.create.module.instance.ms,1781870165791000000,1781870225788000000,0
jps.global.handle.changed.events.ms,1781870165791000000,1781870225788000000,0
workspaceModel.save.cache.to.file.ms,1781870165791000000,1781870225788000000,0
jps.save.changed.project.entities.ms,1781870165791000000,1781870225788000000,0
workspaceModel.moduleManagerBridge.build.module.graph.ms,1781870165791000000,1781870225788000000,0
workspaceModel.mutableEntityStorage.collect.changes.ms,1781870165791000000,1781870225788000000,0
jps.load.project.to.empty.storage.ms,1781870165791000000,1781870225788000000,0
workspaceModel.mutableEntityStorage.changeLog.addReplaceEventForRemovedChild.ms,1781870165791000000,1781870225788000000,0
jps.global.handle.before.change.events.ms,1781870165791000000,1781870225788000000,0
jps.app.storage.content.reader.load.component.ms,1781870165791000000,1781870225788000000,0
workspaceModel.mutableEntityStorage.changeLog.addReplaceEventForRemovedParent.ms,1781870165791000000,1781870225788000000,0
workspaceModel.global.updates.ms,1781870165791000000,1781870225788000000,0
workspaceModel.mutableEntityStorage.changeLog.addReplaceEventForNewChild.ms,1781870165791000000,1781870225788000000,0
jps.global.get.library.by.name.ms,1781870165791000000,1781870225788000000,0
workspaceModel.mutableEntityStorage.mutable.ext.mapping.ms,1781870165791000000,1781870225788000000,0
workspaceModel.moduleManagerBridge.get.modules.ms,1781870165791000000,1781870225788000000,0
workspaceModel.mutableEntityStorage.entities.by.source.ms,1781870165791000000,1781870225788000000,0
workspaceModel.mutableEntityStorage.changeLog.addReplaceEventForNewParent.ms,1781870165791000000,1781870225788000000,0
jps.module.iml.entities.serializer.save.entities.ms,1781870165791000000,1781870225788000000,0
jps.facet.change.listener.before.change.events.ms,1781870165791000000,1781870225788000000,0
workspaceModel.mutableEntityStorage.modify.entity.ms,1781870165791000000,1781870225788000000,0
workspaceModel.mutableEntityStorage.replace.by.source.ms,1781870165791000000,1781870225788000000,0
workspaceModel.moduleBridge.before.changed.ms,1781870165791000000,1781870225788000000,0
jps.module.dependency.index.workspace.model.listener.on.changed.ms,1781870165791000000,1781870225788000000,0
workspaceModel.mutableEntityStorage.hasReferrers.ms,1781870165791000000,1781870225788000000,0
workspaceModel.moduleManagerBridge.load.module.ms,1781870165791000000,1781870225788000000,0
workspaceModel.moduleBridgeLoader.loading.modules.ms,1781870165791000000,1781870225788000000,0
jps.facet.change.listener.process.change.events.ms,1781870165791000000,1781870225788000000,0
workspaceModel.mutableEntityStorage.instances.count,1781870165791000000,1781870225788000000,0
workspaceModel.sync.entities.ms,1781870165791000000,1781870225788000000,0
workspaceModel.load.cache.metadata.from.file.ms,1781870165791000000,1781870225788000000,0
workspaceModel.orphan.listener.update.ms,1781870165791000000,1781870225788000000,0
workspaceModel.mutableEntityStorage.apply.changes.from.ms,1781870165791000000,1781870225788000000,0
jps.project.serializers.save.ms,1781870165791000000,1781870225788000000,0
jps.global.initialize.library.bridges.after.loading.ms,1781870165791000000,1781870225788000000,0
workspaceModel.mutableEntityStorage.resolve.ms,1781870165791000000,1781870225788000000,0
jps.global.get.libraries.ms,1781870165791000000,1781870225788000000,0
jps.apply.loaded.storage.ms,1781870165791000000,1781870225788000000,0
workspaceModel.mutableEntityStorage.mutable.vfurl.index.ms,1781870165791000000,1781870225788000000,0
workspaceModel.global.apply.state.to.project.builder.ms,1781870165791000000,1781870225788000000,0
workspaceModel.moduleManagerBridge.new.nonPersistent.module.ms,1781870165791000000,1781870225788000000,0
jps.load.initial.state.ms,1781870165791000000,1781870225788000000,0
jps.app.storage.content.writer.save.component.ms,1781870165791000000,1781870225788000000,0
workspaceModel.moduleManagerBridge.load.all.modules.ms,1781870165791000000,1781870225788000000,0
workspaceModel.moduleManagerBridge.set.unloadedModules.ms,1781870165791000000,1781870225788000000,0
jps.project.serializers.load.ms,1781870165791000000,1781870225788000000,0
workspaceModel.moduleManagerBridge.newModule.ms,1781870165791000000,1781870225788000000,0
workspaceModel.global.updates.count,1781870165791000000,1781870225788000000,0
workspaceModel.do.save.caches.ms,1781870165791000000,1781870225788000000,0
workspaceModel.mutableEntityStorage.remove.entity.ms,1781870165791000000,1781870225788000000,0
jps.library.entities.serializer.save.entities.ms,1781870165791000000,1781870225788000000,0
workspaceModel.moduleBridge.update.option.ms,1781870165791000000,1781870225788000000,0
workspaceModel.global.apply.state.to.project.ms,1781870165791000000,1781870225788000000,0
jps.artifact.entities.serializer.save.entities.ms,1781870165791000000,1781870225788000000,0
workspaceModel.mutableEntityStorage.to.snapshot.ms,1781870165791000000,1781870225788000000,0
workspaceModel.mutableEntityStorage.referrers.ms,1781870165791000000,1781870225788000000,0
workspaceModel.mutableEntityStorage.has.same.entities.ms,1781870165791000000,1781870225788000000,0
jps.save.global.entities.ms,1781870165791000000,1781870225788000000,0
jps.module.iml.entities.serializer.load.entities.ms,1781870165791000000,1781870225788000000,0
jps.artifact.entities.serializer.load.entities.ms,1781870165791000000,1781870225788000000,0
Indexes.stubs.lookupDurationMaxMs,1781870165791000000,1781870225788000000,0.0
Indexes.stubs.lookupDuration90PMs,1781870165791000000,1781870225788000000,0.0
Indexes.entries.lookups,1781870165791000000,1781870225788000000,0
Indexes.allKeys.lookupDurationAvgMs,1781870165791000000,1781870225788000000,0.0
Indexes.allKeys.lookupDurationMaxMs,1781870165791000000,1781870225788000000,0.0
Indexes.allKeys.lookupDuration90PMs,1781870165791000000,1781870225788000000,0.0
Indexing.writesQueuedMax,1781870165791000000,1781870225788000000,0
Indexes.entries.lookupDurationMaxMs,1781870165791000000,1781870225788000000,0.0
Indexing.cache.totalCacheAccesses,1781870165791000000,1781870225788000000,0
Indexing.writesQueuedMin,1781870165791000000,1781870225788000000,9223372036854775807
Indexing.writer_0.totalTimeSpentWritingMs,1781870165791000000,1781870225788000000,0
Indexes.stubs.lookupDurationAvgMs,1781870165791000000,1781870225788000000,0.0
Indexes.entries.lookupDurationAvgMs,1781870165791000000,1781870225788000000,0.0
Indexing.cache.totalCacheMisses,1781870165791000000,1781870225788000000,0
Indexing.writer_3.totalTimeSpentWritingMs,1781870165791000000,1781870225788000000,0
Indexes.allKeys.lookups,1781870165791000000,1781870225788000000,0
Indexing.writer_1.totalTimeSpentWritingMs,1781870165791000000,1781870225788000000,0
Indexes.entries.lookupDuration90PMs,1781870165791000000,1781870225788000000,0.0
Indexing.totalTimeIndexersSleptMs,1781870165791000000,1781870225788000000,0
Indexing.cache.totalCacheEvicted,1781870165791000000,1781870225788000000,0
Indexing.writer_2.totalTimeSpentWritingMs,1781870165791000000,1781870225788000000,0
Indexes.stubs.lookups,1781870165791000000,1781870225788000000,0
writeAction.wait.ms,1781870165791000000,1781870225788000000,0
writeAction.max.wait.ms,1781870165791000000,1781870225788000000,91
DiskQueryRelay.taskExecutionTotalTimeUs,1781870165791000000,1781870225788000000,0
DiskQueryRelay.taskWaitingTotalTimeUs,1781870165791000000,1781870225788000000,0
LowMemory.gcOverloaded,1781870165791000000,1781870225788000000,0
writeAction.median.wait.ms,1781870165791000000,1781870225788000000,0
DiskQueryRelay.tasksExecuted,1781870165791000000,1781870225788000000,0
DiskQueryRelay.tasksRequested,1781870165791000000,1781870225788000000,0
LowMemory.gcLoad,1781870165791000000,1781870225788000000,4.7253718008968805E-5
writeAction.count,1781870165791000000,1781870225788000000,0
cacheStateStorage.set.counter,1781870165791000000,1781870225788000000,0
cacheStateStorage.set.duration,1781870165791000000,1781870225788000000,0
cacheStateStorage.get.counter,1781870165791000000,1781870225788000000,0
cacheStateStorage.get.duration,1781870165791000000,1781870225788000000,0
JVM.usedNativeBytes,1781870165791000000,1781870225788000000,410610872
JVM.maxThreadCount,1781870165791000000,1781870225788000000,84
MEM.fileMappingsRamBytes,1781870165791000000,1781870225788000000,668172288
JVM.totalBytesAllocated,1781870165791000000,1781870225788000000,19723880
JVM.committedHeapBytes,1781870165791000000,1781870225788000000,452984832
JVM.totalTimeAtSafepointsMs,1781870165791000000,1781870225788000000,0
JVM.newThreadsCount,1781870165791000000,1781870225788000000,0
JVM.usedHeapBytes,1781870165791000000,1781870225788000000,314827440
OS.loadAverage,1781870165791000000,1781870225788000000,0.35546875
MEM.ramBytes,1781870165791000000,1781870225788000000,1764425728
MEM.ramMinusFileMappingsBytes,1781870165791000000,1781870225788000000,1085112320
JVM.totalSafepointCount,1781870165791000000,1781870225788000000,0
JVM.totalDirectByteBuffersBytes,1781870165791000000,1781870225788000000,1271809
JVM.maxHeapBytes,1781870165791000000,1781870225788000000,2147483648
JVM.totalCpuTimeMs,1781870165791000000,1781870225788000000,1830
JVM.GC.collections,1781870165791000000,1781870225788000000,0
JVM.threadCount,1781870165791000000,1781870225788000000,53
MEM.ramPlusSwapMinusFileMappingsBytes,1781870165791000000,1781870225788000000,1085112320
JVM.GC.collectionTimesMs,1781870165791000000,1781870225788000000,0
JVM.totalTimeToSafepointsMs,1781870165791000000,1781870225788000000,0
VFS.contentStorage.recordsStored,1781870165791000000,1781870225788000000,0
VFS.fileChildByName,1781870165791000000,1781870225788000000,0
VFS.contentStorage.recordsDeduplicated,1781870165791000000,1781870225788000000,0
VFS.fileByIdCache.misses,1781870165791000000,1781870225788000000,0
VFS.contentStorage.recordsDecompressionTimeUs,1781870165791000000,1781870225788000000,0
VFS.contentStorage.recordsUncompressedSize,1781870165791000000,1781870225788000000,0
VFS.contentStorage.recordsReadSize,1781870165791000000,1781870225788000000,0
FileNameCache.queries,1781870165791000000,1781870225788000000,0
VFS.contentStorage.recordsStoredSize,1781870165791000000,1781870225788000000,0
FileNameCache.totalMisses,1781870165791000000,1781870225788000000,0
VFS.rootsCount,1781870165791000000,1781870225788000000,23.0
VFS.contentStorage.recordsStoredCompressed,1781870165791000000,1781870225788000000,0
VFS.invertedFileNameIndex.requests,1781870165791000000,1781870225788000000,0
VFS.cache.directoriesCreated,1781870165791000000,1781870225788000000,0
VFS.cache.segmentsCreated,1781870165791000000,1781870225788000000,0
VFS.folderCaseSensitivityReads,1781870165791000000,1781870225788000000,0
VFS.cache.filesCreated,1781870165791000000,1781870225788000000,0
VFS.fileByIdCache.hits,1781870165791000000,1781870225788000000,0
VFS.contentStorage.recordsRead,1781870165791000000,1781870225788000000,0
VFS.cache.segments,1781870165791000000,1781870225788000000,89.0
VFS.contentStorage.recordsReadDecompressed,1781870165791000000,1781870225788000000,0
workspaceModel.cachedValue.clear.count,1781870225788000000,1781870285789000000,0
workspaceModel.cachedValue.from.cache.count,1781870225788000000,1781870285789000000,0
workspaceModel.updates.precise.ms,1781870225788000000,1781870285789000000,0
workspaceModel.check.recursive.update.ms,1781870225788000000,1781870285789000000,0
workspaceModel.cachedValueWithParameters.total.get.count,1781870225788000000,1781870285789000000,0
workspaceModel.updates.ms,1781870225788000000,1781870285789000000,0
workspaceModel.collect.changes.ms,1781870225788000000,1781870285789000000,0
workspaceModel.initializing.ms,1781870225788000000,1781870285789000000,0
workspaceModel.workspaceFileIndexData.markDirty.ms,1781870225788000000,1781870285789000000,0
workspaceModel.full.replace.project.model.ms,1781870225788000000,1781870285789000000,0
workspaceModel.workspaceFileIndexData.getPackageName.ms,1781870225788000000,1781870285789000000,0
workspaceModel.on.before.changed.ms,1781870225788000000,1781870285789000000,0
workspaceModel.to.snapshot.ms,1781870225788000000,1781870285789000000,0
workspaceModel.update.unloaded.entities.ms,1781870225788000000,1781870285789000000,0
workspaceModel.init.bridges.ms,1781870225788000000,1781870285789000000,0
workspaceModel.workspaceFileIndexContributor.registerFileSets.ms,1781870225788000000,1781870285789000000,0
workspaceModel.pre.handlers.ms,1781870225788000000,1781870285789000000,0
workspaceModel.cachedValue.total.get.count,1781870225788000000,1781870285789000000,0
workspaceModel.workspaceFileIndexData.getDirectoriesByPackageName.ms,1781870225788000000,1781870285789000000,0
workspaceModel.cachedValue.calculated.count,1781870225788000000,1781870285789000000,0
workspaceModel.workspaceFileIndexData.visitFileSets.ms,1781870225788000000,1781870285789000000,0
workspaceModel.workspaceFileIndexData.getFileInfo.ms,1781870225788000000,1781870285789000000,0
workspaceModel.updates.count,1781870225788000000,1781870285789000000,0
workspaceModel.workspaceFileIndexData.updateDirtyEntities.ms,1781870225788000000,1781870285789000000,0
workspaceModel.workspaceFileIndexData.init.ms,1781870225788000000,1781870285789000000,0
workspaceModel.cachedValueWithParameters.calculated.count,1781870225788000000,1781870285789000000,0
workspaceModel.loading.from.cache.ms,1781870225788000000,1781870285789000000,0
workspaceModel.on.changed.ms,1781870225788000000,1781870285789000000,0
workspaceModel.loading.total.ms,1781870225788000000,1781870285789000000,0
workspaceModel.workspaceFileIndexData.processFileSets.ms,1781870225788000000,1781870285789000000,0
workspaceModel.cachedValueWithParameters.from.cache.count,1781870225788000000,1781870285789000000,0
workspaceModel.replace.project.model.ms,1781870225788000000,1781870285789000000,0
workspaceModel.entityStorageSnapshotImpl.instances.count,1781870225788000000,1781870285789000000,0
workspaceModel.workspaceFileIndexData.instances.count,1781870225788000000,1781870285789000000,0
workspaceModel.cachedValueWithParameters.clear.count,1781870225788000000,1781870285789000000,0
workspaceModel.workspaceFileIndexData.onEntitiesChanged.ms,1781870225788000000,1781870285789000000,0
FileChannelInterruptsRetryer.totalRetriedAttempts,1781870225788000000,1781870285789000000,0
StreamlinedBlobStorage.recordsRelocated,1781870225788000000,1781870285789000000,0
DirectByteBufferAllocator.misses,1781870225788000000,1781870285789000000,0
FilePageCache.pageLoads,1781870225788000000,1781870285789000000,0
StreamlinedBlobStorage.recordsAllocated,1781870225788000000,1781870285789000000,0
FilePageCache.uncachedFileAccess,1781870225788000000,1781870285789000000,0
DirectByteBufferAllocator.hits,1781870225788000000,1781870285789000000,0
StreamlinedBlobStorage.recordsDeleted,1781870225788000000,1781870285789000000,0
FilePageCache.maxCacheSizeInBytes,1781870225788000000,1781870285789000000,629153792
FilePageCache.pageFastCacheHits,1781870225788000000,1781870285789000000,0
FilePageCache.totalPageDisposalsUs,1781870225788000000,1781870285789000000,0
StreamlinedBlobStorage.totalLiveRecordsPayloadBytes,1781870225788000000,1781870285789000000,0
DirectByteBufferAllocator.reclaimed,1781870225788000000,1781870285789000000,0
FilePageCache.pageLoadsAboveSizeThreshold,1781870225788000000,1781870285789000000,0
DirectByteBufferAllocator.totalSizeOfBuffersCachedInBytes,1781870225788000000,1781870285789000000,55590912
MappedFileStorage.totalPagesMapped,1781870225788000000,1781870285789000000,13
StreamlinedBlobStorage.totalLiveRecordsCapacityBytes,1781870225788000000,1781870285789000000,0
StorageLockContext.competingThreads.90P,1781870225788000000,1781870285789000000,0
FilePageCache.totalPageLoadsUs,1781870225788000000,1781870285789000000,0
MappedFileStorage.totalTimeSpentOnMappingUs,1781870225788000000,1781870285789000000,73610
FilePageCache.disposedBuffers,1781870225788000000,1781870285789000000,0
FilePageCache.maxRegisteredFiles,1781870225788000000,1781870285789000000,1649
DirectByteBufferAllocator.disposed,1781870225788000000,1781870285789000000,0
StorageLockContext.competingThreads.max,1781870225788000000,1781870285789000000,0
DirectByteBufferAllocator.totalSizeOfBuffersAllocatedInBytes,1781870225788000000,1781870285789000000,0
FilePageCache.pageHits,1781870225788000000,1781870285789000000,0
FilePageCache.capacityInBytes,1781870225788000000,1781870285789000000,629145600
MappedFileStorage.totalBytesMapped,1781870225788000000,1781870285789000000,190054400
MappedFileStorage.storages,1781870225788000000,1781870285789000000,13
StorageLockContext.competingThreads.avg,1781870225788000000,1781870285789000000,0.0
compiler.ArtifactManagerBridge.addArtifact.ms,1781870225788000000,1781870285789000000,0
compiler.ArtifactManagerBridge.getArtifacts.ms,1781870225788000000,1781870285789000000,0
compiler.ArtifactManagerBridge.getArtifactsByType.ms,1781870225788000000,1781870285789000000,0
compiler.ArtifactManagerBridge.initBridges.ms,1781870225788000000,1781870285789000000,0
compiler.ArtifactManagerBridge.findArtifact.ms,1781870225788000000,1781870285789000000,0
compiler.ArtifactVirtualFileListener.filePathChanged.ms,1781870225788000000,1781870285789000000,0
compiler.ArtifactVirtualFileListener.propertyChanged.ms,1781870225788000000,1781870285789000000,0
compiler.ArtifactManagerBridge.commit.ms,1781870225788000000,1781870285789000000,0
compiler.ArtifactManagerBridge.dropMappings.ms,1781870225788000000,1781870285789000000,0
NonBlockingReadAction.finalizedExecutionsCount,1781870225788000000,1781870285789000000,0
FlushQueue.waitingTimeMaxNs,1781870225788000000,1781870285789000000,0
WriteAction.executionsCount,1781870225788000000,1781870285789000000,0
NonBlockingReadAction.failedExecutionTimeUs,1781870225788000000,1781870285789000000,0
NonBlockingReadAction.finalizedExecutionTimeUs,1781870225788000000,1781870285789000000,0
FlushQueue.waitingTime90PNs,1781870225788000000,1781870285789000000,0
AWTEventQueue.dispatchTime90PNs,1781870225788000000,1781870285789000000,0
FlushQueue.executionTimeMaxNs,1781870225788000000,1781870285789000000,0
FlushQueue.tasksExecuted,1781870225788000000,1781870285789000000,0
AWTEventQueue.dispatchTimeTotalNS,1781870225788000000,1781870285789000000,28462000
FlushQueue.executionTime90PNs,1781870225788000000,1781870285789000000,0
NonBlockingReadAction.failedExecutionsCount,1781870225788000000,1781870285789000000,0
AWTEventQueue.dispatchTimeAvgNs,1781870225788000000,1781870285789000000,0.0
FlushQueue.queueSize90P,1781870225788000000,1781870285789000000,0
FlushQueue.queueSizeAvg,1781870225788000000,1781870285789000000,0.0
FlushQueue.executionTimeAvgNs,1781870225788000000,1781870285789000000,0.0
FlushQueue.queueSizeMax,1781870225788000000,1781870285789000000,0
AWTEventQueue.eventsDispatched,1781870225788000000,1781870285789000000,0
ReadAction.executionsCount,1781870225788000000,1781870285789000000,7
FlushQueue.waitingTimeAvgNs,1781870225788000000,1781870285789000000,0.0
AWTEventQueue.dispatchTimeMaxNs,1781870225788000000,1781870285789000000,0
workspaceModel.delayed.project.synchronizer.sync.ms,1781870225788000000,1781870285789000000,0
workspaceModel.load.cache.from.file.ms,1781870225788000000,1781870285789000000,0
workspaceModel.mutableEntityStorage.add.entity.ms,1781870225788000000,1781870285789000000,0
workspaceModel.moduleBridge.facet.initialization.ms,1781870225788000000,1781870285789000000,0
jps.storage.jps.conf.reader.load.component.ms,1781870225788000000,1781870285789000000,0
workspaceModel.mutableEntityStorage.entities.ms,1781870225788000000,1781870285789000000,0
jps.global.initialize.library.bridges.ms,1781870225788000000,1781870285789000000,0
jps.facet.change.listener.init.bridge.ms,1781870225788000000,1781870285789000000,0
jps.reload.project.entities.ms,1781870225788000000,1781870285789000000,0
jps.library.entities.serializer.load.entities.ms,1781870225788000000,1781870285789000000,0
jps.global.get.library.ms,1781870225788000000,1781870285789000000,0
workspaceModel.mutableEntityStorage.put.entity.ms,1781870225788000000,1781870285789000000,0
workspaceModel.moduleManagerBridge.create.module.instance.ms,1781870225788000000,1781870285789000000,0
jps.global.handle.changed.events.ms,1781870225788000000,1781870285789000000,0
workspaceModel.save.cache.to.file.ms,1781870225788000000,1781870285789000000,0
jps.save.changed.project.entities.ms,1781870225788000000,1781870285789000000,0
workspaceModel.moduleManagerBridge.build.module.graph.ms,1781870225788000000,1781870285789000000,0
workspaceModel.mutableEntityStorage.collect.changes.ms,1781870225788000000,1781870285789000000,0
jps.load.project.to.empty.storage.ms,1781870225788000000,1781870285789000000,0
workspaceModel.mutableEntityStorage.changeLog.addReplaceEventForRemovedChild.ms,1781870225788000000,1781870285789000000,0
jps.global.handle.before.change.events.ms,1781870225788000000,1781870285789000000,0
jps.app.storage.content.reader.load.component.ms,1781870225788000000,1781870285789000000,0
workspaceModel.mutableEntityStorage.changeLog.addReplaceEventForRemovedParent.ms,1781870225788000000,1781870285789000000,0
workspaceModel.global.updates.ms,1781870225788000000,1781870285789000000,0
workspaceModel.mutableEntityStorage.changeLog.addReplaceEventForNewChild.ms,1781870225788000000,1781870285789000000,0
jps.global.get.library.by.name.ms,1781870225788000000,1781870285789000000,0
workspaceModel.mutableEntityStorage.mutable.ext.mapping.ms,1781870225788000000,1781870285789000000,0
workspaceModel.moduleManagerBridge.get.modules.ms,1781870225788000000,1781870285789000000,0
workspaceModel.mutableEntityStorage.entities.by.source.ms,1781870225788000000,1781870285789000000,0
workspaceModel.mutableEntityStorage.changeLog.addReplaceEventForNewParent.ms,1781870225788000000,1781870285789000000,0
jps.module.iml.entities.serializer.save.entities.ms,1781870225788000000,1781870285789000000,0
jps.facet.change.listener.before.change.events.ms,1781870225788000000,1781870285789000000,0
workspaceModel.mutableEntityStorage.modify.entity.ms,1781870225788000000,1781870285789000000,0
workspaceModel.mutableEntityStorage.replace.by.source.ms,1781870225788000000,1781870285789000000,0
workspaceModel.moduleBridge.before.changed.ms,1781870225788000000,1781870285789000000,0
jps.module.dependency.index.workspace.model.listener.on.changed.ms,1781870225788000000,1781870285789000000,0
workspaceModel.mutableEntityStorage.hasReferrers.ms,1781870225788000000,1781870285789000000,0
workspaceModel.moduleManagerBridge.load.module.ms,1781870225788000000,1781870285789000000,0
workspaceModel.moduleBridgeLoader.loading.modules.ms,1781870225788000000,1781870285789000000,0
jps.facet.change.listener.process.change.events.ms,1781870225788000000,1781870285789000000,0
workspaceModel.mutableEntityStorage.instances.count,1781870225788000000,1781870285789000000,0
workspaceModel.sync.entities.ms,1781870225788000000,1781870285789000000,0
workspaceModel.load.cache.metadata.from.file.ms,1781870225788000000,1781870285789000000,0
workspaceModel.orphan.listener.update.ms,1781870225788000000,1781870285789000000,0
workspaceModel.mutableEntityStorage.apply.changes.from.ms,1781870225788000000,1781870285789000000,0
jps.project.serializers.save.ms,1781870225788000000,1781870285789000000,0
jps.global.initialize.library.bridges.after.loading.ms,1781870225788000000,1781870285789000000,0
workspaceModel.mutableEntityStorage.resolve.ms,1781870225788000000,1781870285789000000,0
jps.global.get.libraries.ms,1781870225788000000,1781870285789000000,0
jps.apply.loaded.storage.ms,1781870225788000000,1781870285789000000,0
workspaceModel.mutableEntityStorage.mutable.vfurl.index.ms,1781870225788000000,1781870285789000000,0
workspaceModel.global.apply.state.to.project.builder.ms,1781870225788000000,1781870285789000000,0
workspaceModel.moduleManagerBridge.new.nonPersistent.module.ms,1781870225788000000,1781870285789000000,0
jps.load.initial.state.ms,1781870225788000000,1781870285789000000,0
jps.app.storage.content.writer.save.component.ms,1781870225788000000,1781870285789000000,0
workspaceModel.moduleManagerBridge.load.all.modules.ms,1781870225788000000,1781870285789000000,0
workspaceModel.moduleManagerBridge.set.unloadedModules.ms,1781870225788000000,1781870285789000000,0
jps.project.serializers.load.ms,1781870225788000000,1781870285789000000,0
workspaceModel.moduleManagerBridge.newModule.ms,1781870225788000000,1781870285789000000,0
workspaceModel.global.updates.count,1781870225788000000,1781870285789000000,0
workspaceModel.do.save.caches.ms,1781870225788000000,1781870285789000000,0
workspaceModel.mutableEntityStorage.remove.entity.ms,1781870225788000000,1781870285789000000,0
jps.library.entities.serializer.save.entities.ms,1781870225788000000,1781870285789000000,0
workspaceModel.moduleBridge.update.option.ms,1781870225788000000,1781870285789000000,0
workspaceModel.global.apply.state.to.project.ms,1781870225788000000,1781870285789000000,0
jps.artifact.entities.serializer.save.entities.ms,1781870225788000000,1781870285789000000,0
workspaceModel.mutableEntityStorage.to.snapshot.ms,1781870225788000000,1781870285789000000,0
workspaceModel.mutableEntityStorage.referrers.ms,1781870225788000000,1781870285789000000,0
workspaceModel.mutableEntityStorage.has.same.entities.ms,1781870225788000000,1781870285789000000,0
jps.save.global.entities.ms,1781870225788000000,1781870285789000000,0
jps.module.iml.entities.serializer.load.entities.ms,1781870225788000000,1781870285789000000,0
jps.artifact.entities.serializer.load.entities.ms,1781870225788000000,1781870285789000000,0
Indexes.stubs.lookupDurationMaxMs,1781870225788000000,1781870285789000000,0.0
Indexes.stubs.lookupDuration90PMs,1781870225788000000,1781870285789000000,0.0
Indexes.entries.lookups,1781870225788000000,1781870285789000000,0
Indexes.allKeys.lookupDurationAvgMs,1781870225788000000,1781870285789000000,0.0
Indexes.allKeys.lookupDurationMaxMs,1781870225788000000,1781870285789000000,0.0
Indexes.allKeys.lookupDuration90PMs,1781870225788000000,1781870285789000000,0.0
Indexing.writesQueuedMax,1781870225788000000,1781870285789000000,0
Indexes.entries.lookupDurationMaxMs,1781870225788000000,1781870285789000000,0.0
Indexing.cache.totalCacheAccesses,1781870225788000000,1781870285789000000,0
Indexing.writesQueuedMin,1781870225788000000,1781870285789000000,9223372036854775807
Indexing.writer_0.totalTimeSpentWritingMs,1781870225788000000,1781870285789000000,0
Indexes.stubs.lookupDurationAvgMs,1781870225788000000,1781870285789000000,0.0
Indexes.entries.lookupDurationAvgMs,1781870225788000000,1781870285789000000,0.0
Indexing.cache.totalCacheMisses,1781870225788000000,1781870285789000000,0
Indexing.writer_3.totalTimeSpentWritingMs,1781870225788000000,1781870285789000000,0
Indexes.allKeys.lookups,1781870225788000000,1781870285789000000,0
Indexing.writer_1.totalTimeSpentWritingMs,1781870225788000000,1781870285789000000,0
Indexes.entries.lookupDuration90PMs,1781870225788000000,1781870285789000000,0.0
Indexing.totalTimeIndexersSleptMs,1781870225788000000,1781870285789000000,0
Indexing.cache.totalCacheEvicted,1781870225788000000,1781870285789000000,0
Indexing.writer_2.totalTimeSpentWritingMs,1781870225788000000,1781870285789000000,0
Indexes.stubs.lookups,1781870225788000000,1781870285789000000,0
writeAction.wait.ms,1781870225788000000,1781870285789000000,0
writeAction.max.wait.ms,1781870225788000000,1781870285789000000,91
DiskQueryRelay.taskExecutionTotalTimeUs,1781870225788000000,1781870285789000000,0
DiskQueryRelay.taskWaitingTotalTimeUs,1781870225788000000,1781870285789000000,0
LowMemory.gcOverloaded,1781870225788000000,1781870285789000000,0
writeAction.median.wait.ms,1781870225788000000,1781870285789000000,0
DiskQueryRelay.tasksExecuted,1781870225788000000,1781870285789000000,0
DiskQueryRelay.tasksRequested,1781870225788000000,1781870285789000000,0
LowMemory.gcLoad,1781870225788000000,1781870285789000000,2.4259519975195323E-5
writeAction.count,1781870225788000000,1781870285789000000,0
cacheStateStorage.set.counter,1781870225788000000,1781870285789000000,0
cacheStateStorage.set.duration,1781870225788000000,1781870285789000000,0
cacheStateStorage.get.counter,1781870225788000000,1781870285789000000,0
cacheStateStorage.get.duration,1781870225788000000,1781870285789000000,0
JVM.usedNativeBytes,1781870225788000000,1781870285789000000,411120760
JVM.maxThreadCount,1781870225788000000,1781870285789000000,84
MEM.fileMappingsRamBytes,1781870225788000000,1781870285789000000,668172288
JVM.totalBytesAllocated,1781870225788000000,1781870285789000000,19297824
JVM.committedHeapBytes,1781870225788000000,1781870285789000000,452984832
JVM.totalTimeAtSafepointsMs,1781870225788000000,1781870285789000000,0
JVM.newThreadsCount,1781870225788000000,1781870285789000000,0
JVM.usedHeapBytes,1781870225788000000,1781870285789000000,333701808
OS.loadAverage,1781870225788000000,1781870285789000000,0.42578125
MEM.ramBytes,1781870225788000000,1781870285789000000,1764818944
MEM.ramMinusFileMappingsBytes,1781870225788000000,1781870285789000000,1085505536
JVM.totalSafepointCount,1781870225788000000,1781870285789000000,0
JVM.totalDirectByteBuffersBytes,1781870225788000000,1781870285789000000,1271809
JVM.maxHeapBytes,1781870225788000000,1781870285789000000,2147483648
JVM.totalCpuTimeMs,1781870225788000000,1781870285789000000,1860
JVM.GC.collections,1781870225788000000,1781870285789000000,0
JVM.threadCount,1781870225788000000,1781870285789000000,53
MEM.ramPlusSwapMinusFileMappingsBytes,1781870225788000000,1781870285789000000,1085505536
JVM.GC.collectionTimesMs,1781870225788000000,1781870285789000000,0
JVM.totalTimeToSafepointsMs,1781870225788000000,1781870285789000000,0
VFS.contentStorage.recordsStored,1781870225788000000,1781870285789000000,0
VFS.fileChildByName,1781870225788000000,1781870285789000000,0
VFS.contentStorage.recordsDeduplicated,1781870225788000000,1781870285789000000,0
VFS.fileByIdCache.misses,1781870225788000000,1781870285789000000,0
VFS.contentStorage.recordsDecompressionTimeUs,1781870225788000000,1781870285789000000,0
VFS.contentStorage.recordsUncompressedSize,1781870225788000000,1781870285789000000,0
VFS.contentStorage.recordsReadSize,1781870225788000000,1781870285789000000,0
FileNameCache.queries,1781870225788000000,1781870285789000000,0
VFS.contentStorage.recordsStoredSize,1781870225788000000,1781870285789000000,0
FileNameCache.totalMisses,1781870225788000000,1781870285789000000,0
VFS.rootsCount,1781870225788000000,1781870285789000000,23.0
VFS.contentStorage.recordsStoredCompressed,1781870225788000000,1781870285789000000,0
VFS.invertedFileNameIndex.requests,1781870225788000000,1781870285789000000,0
VFS.cache.directoriesCreated,1781870225788000000,1781870285789000000,0
VFS.cache.segmentsCreated,1781870225788000000,1781870285789000000,0
VFS.folderCaseSensitivityReads,1781870225788000000,1781870285789000000,0
VFS.cache.filesCreated,1781870225788000000,1781870285789000000,0
VFS.fileByIdCache.hits,1781870225788000000,1781870285789000000,0
VFS.contentStorage.recordsRead,1781870225788000000,1781870285789000000,0
VFS.cache.segments,1781870225788000000,1781870285789000000,89.0
VFS.contentStorage.recordsReadDecompressed,1781870225788000000,1781870285789000000,0
workspaceModel.cachedValue.clear.count,1781870285789000000,1781870345788000000,0
workspaceModel.cachedValue.from.cache.count,1781870285789000000,1781870345788000000,0
workspaceModel.updates.precise.ms,1781870285789000000,1781870345788000000,0
workspaceModel.check.recursive.update.ms,1781870285789000000,1781870345788000000,0
workspaceModel.cachedValueWithParameters.total.get.count,1781870285789000000,1781870345788000000,0
workspaceModel.updates.ms,1781870285789000000,1781870345788000000,0
workspaceModel.collect.changes.ms,1781870285789000000,1781870345788000000,0
workspaceModel.initializing.ms,1781870285789000000,1781870345788000000,0
workspaceModel.workspaceFileIndexData.markDirty.ms,1781870285789000000,1781870345788000000,0
workspaceModel.full.replace.project.model.ms,1781870285789000000,1781870345788000000,0
workspaceModel.workspaceFileIndexData.getPackageName.ms,1781870285789000000,1781870345788000000,0
workspaceModel.on.before.changed.ms,1781870285789000000,1781870345788000000,0
workspaceModel.to.snapshot.ms,1781870285789000000,1781870345788000000,0
workspaceModel.update.unloaded.entities.ms,1781870285789000000,1781870345788000000,0
workspaceModel.init.bridges.ms,1781870285789000000,1781870345788000000,0
workspaceModel.workspaceFileIndexContributor.registerFileSets.ms,1781870285789000000,1781870345788000000,0
workspaceModel.pre.handlers.ms,1781870285789000000,1781870345788000000,0
workspaceModel.cachedValue.total.get.count,1781870285789000000,1781870345788000000,0
workspaceModel.workspaceFileIndexData.getDirectoriesByPackageName.ms,1781870285789000000,1781870345788000000,0
workspaceModel.cachedValue.calculated.count,1781870285789000000,1781870345788000000,0
workspaceModel.workspaceFileIndexData.visitFileSets.ms,1781870285789000000,1781870345788000000,0
workspaceModel.workspaceFileIndexData.getFileInfo.ms,1781870285789000000,1781870345788000000,0
workspaceModel.updates.count,1781870285789000000,1781870345788000000,0
workspaceModel.workspaceFileIndexData.updateDirtyEntities.ms,1781870285789000000,1781870345788000000,0
workspaceModel.workspaceFileIndexData.init.ms,1781870285789000000,1781870345788000000,0
workspaceModel.cachedValueWithParameters.calculated.count,1781870285789000000,1781870345788000000,0
workspaceModel.loading.from.cache.ms,1781870285789000000,1781870345788000000,0
workspaceModel.on.changed.ms,1781870285789000000,1781870345788000000,0
workspaceModel.loading.total.ms,1781870285789000000,1781870345788000000,0
workspaceModel.workspaceFileIndexData.processFileSets.ms,1781870285789000000,1781870345788000000,0
workspaceModel.cachedValueWithParameters.from.cache.count,1781870285789000000,1781870345788000000,0
workspaceModel.replace.project.model.ms,1781870285789000000,1781870345788000000,0
workspaceModel.entityStorageSnapshotImpl.instances.count,1781870285789000000,1781870345788000000,0
workspaceModel.workspaceFileIndexData.instances.count,1781870285789000000,1781870345788000000,0
workspaceModel.cachedValueWithParameters.clear.count,1781870285789000000,1781870345788000000,0
workspaceModel.workspaceFileIndexData.onEntitiesChanged.ms,1781870285789000000,1781870345788000000,0
FileChannelInterruptsRetryer.totalRetriedAttempts,1781870285789000000,1781870345788000000,0
StreamlinedBlobStorage.recordsRelocated,1781870285789000000,1781870345788000000,0
DirectByteBufferAllocator.misses,1781870285789000000,1781870345788000000,0
FilePageCache.pageLoads,1781870285789000000,1781870345788000000,0
StreamlinedBlobStorage.recordsAllocated,1781870285789000000,1781870345788000000,0
FilePageCache.uncachedFileAccess,1781870285789000000,1781870345788000000,0
DirectByteBufferAllocator.hits,1781870285789000000,1781870345788000000,0
StreamlinedBlobStorage.recordsDeleted,1781870285789000000,1781870345788000000,0
FilePageCache.maxCacheSizeInBytes,1781870285789000000,1781870345788000000,629153792
FilePageCache.pageFastCacheHits,1781870285789000000,1781870345788000000,0
FilePageCache.totalPageDisposalsUs,1781870285789000000,1781870345788000000,0
StreamlinedBlobStorage.totalLiveRecordsPayloadBytes,1781870285789000000,1781870345788000000,0
DirectByteBufferAllocator.reclaimed,1781870285789000000,1781870345788000000,0
FilePageCache.pageLoadsAboveSizeThreshold,1781870285789000000,1781870345788000000,0
DirectByteBufferAllocator.totalSizeOfBuffersCachedInBytes,1781870285789000000,1781870345788000000,55590912
MappedFileStorage.totalPagesMapped,1781870285789000000,1781870345788000000,13
StreamlinedBlobStorage.totalLiveRecordsCapacityBytes,1781870285789000000,1781870345788000000,0
StorageLockContext.competingThreads.90P,1781870285789000000,1781870345788000000,0
FilePageCache.totalPageLoadsUs,1781870285789000000,1781870345788000000,0
MappedFileStorage.totalTimeSpentOnMappingUs,1781870285789000000,1781870345788000000,73610
FilePageCache.disposedBuffers,1781870285789000000,1781870345788000000,0
FilePageCache.maxRegisteredFiles,1781870285789000000,1781870345788000000,1649
DirectByteBufferAllocator.disposed,1781870285789000000,1781870345788000000,0
StorageLockContext.competingThreads.max,1781870285789000000,1781870345788000000,0
DirectByteBufferAllocator.totalSizeOfBuffersAllocatedInBytes,1781870285789000000,1781870345788000000,0
FilePageCache.pageHits,1781870285789000000,1781870345788000000,0
FilePageCache.capacityInBytes,1781870285789000000,1781870345788000000,629145600
MappedFileStorage.totalBytesMapped,1781870285789000000,1781870345788000000,190054400
MappedFileStorage.storages,1781870285789000000,1781870345788000000,13
StorageLockContext.competingThreads.avg,1781870285789000000,1781870345788000000,0.0
compiler.ArtifactManagerBridge.addArtifact.ms,1781870285789000000,1781870345788000000,0
compiler.ArtifactManagerBridge.getArtifacts.ms,1781870285789000000,1781870345788000000,0
compiler.ArtifactManagerBridge.getArtifactsByType.ms,1781870285789000000,1781870345788000000,0
compiler.ArtifactManagerBridge.initBridges.ms,1781870285789000000,1781870345788000000,0
compiler.ArtifactManagerBridge.findArtifact.ms,1781870285789000000,1781870345788000000,0
compiler.ArtifactVirtualFileListener.filePathChanged.ms,1781870285789000000,1781870345788000000,0
compiler.ArtifactVirtualFileListener.propertyChanged.ms,1781870285789000000,1781870345788000000,0
compiler.ArtifactManagerBridge.commit.ms,1781870285789000000,1781870345788000000,0
compiler.ArtifactManagerBridge.dropMappings.ms,1781870285789000000,1781870345788000000,0
NonBlockingReadAction.finalizedExecutionsCount,1781870285789000000,1781870345788000000,0
FlushQueue.waitingTimeMaxNs,1781870285789000000,1781870345788000000,0
WriteAction.executionsCount,1781870285789000000,1781870345788000000,0
NonBlockingReadAction.failedExecutionTimeUs,1781870285789000000,1781870345788000000,0
NonBlockingReadAction.finalizedExecutionTimeUs,1781870285789000000,1781870345788000000,0
FlushQueue.waitingTime90PNs,1781870285789000000,1781870345788000000,0
AWTEventQueue.dispatchTime90PNs,1781870285789000000,1781870345788000000,0
FlushQueue.executionTimeMaxNs,1781870285789000000,1781870345788000000,0
FlushQueue.tasksExecuted,1781870285789000000,1781870345788000000,0
AWTEventQueue.dispatchTimeTotalNS,1781870285789000000,1781870345788000000,21268098
FlushQueue.executionTime90PNs,1781870285789000000,1781870345788000000,0
NonBlockingReadAction.failedExecutionsCount,1781870285789000000,1781870345788000000,0
AWTEventQueue.dispatchTimeAvgNs,1781870285789000000,1781870345788000000,0.0
FlushQueue.queueSize90P,1781870285789000000,1781870345788000000,0
FlushQueue.queueSizeAvg,1781870285789000000,1781870345788000000,0.0
FlushQueue.executionTimeAvgNs,1781870285789000000,1781870345788000000,0.0
FlushQueue.queueSizeMax,1781870285789000000,1781870345788000000,0
AWTEventQueue.eventsDispatched,1781870285789000000,1781870345788000000,0
ReadAction.executionsCount,1781870285789000000,1781870345788000000,7
FlushQueue.waitingTimeAvgNs,1781870285789000000,1781870345788000000,0.0
AWTEventQueue.dispatchTimeMaxNs,1781870285789000000,1781870345788000000,0
workspaceModel.delayed.project.synchronizer.sync.ms,1781870285789000000,1781870345788000000,0
workspaceModel.load.cache.from.file.ms,1781870285789000000,1781870345788000000,0
workspaceModel.mutableEntityStorage.add.entity.ms,1781870285789000000,1781870345788000000,0
workspaceModel.moduleBridge.facet.initialization.ms,1781870285789000000,1781870345788000000,0
jps.storage.jps.conf.reader.load.component.ms,1781870285789000000,1781870345788000000,0
workspaceModel.mutableEntityStorage.entities.ms,1781870285789000000,1781870345788000000,0
jps.global.initialize.library.bridges.ms,1781870285789000000,1781870345788000000,0
jps.facet.change.listener.init.bridge.ms,1781870285789000000,1781870345788000000,0
jps.reload.project.entities.ms,1781870285789000000,1781870345788000000,0
jps.library.entities.serializer.load.entities.ms,1781870285789000000,1781870345788000000,0
jps.global.get.library.ms,1781870285789000000,1781870345788000000,0
workspaceModel.mutableEntityStorage.put.entity.ms,1781870285789000000,1781870345788000000,0
workspaceModel.moduleManagerBridge.create.module.instance.ms,1781870285789000000,1781870345788000000,0
jps.global.handle.changed.events.ms,1781870285789000000,1781870345788000000,0
workspaceModel.save.cache.to.file.ms,1781870285789000000,1781870345788000000,0
jps.save.changed.project.entities.ms,1781870285789000000,1781870345788000000,0
workspaceModel.moduleManagerBridge.build.module.graph.ms,1781870285789000000,1781870345788000000,0
workspaceModel.mutableEntityStorage.collect.changes.ms,1781870285789000000,1781870345788000000,0
jps.load.project.to.empty.storage.ms,1781870285789000000,1781870345788000000,0
workspaceModel.mutableEntityStorage.changeLog.addReplaceEventForRemovedChild.ms,1781870285789000000,1781870345788000000,0
jps.global.handle.before.change.events.ms,1781870285789000000,1781870345788000000,0
jps.app.storage.content.reader.load.component.ms,1781870285789000000,1781870345788000000,0
workspaceModel.mutableEntityStorage.changeLog.addReplaceEventForRemovedParent.ms,1781870285789000000,1781870345788000000,0
workspaceModel.global.updates.ms,1781870285789000000,1781870345788000000,0
workspaceModel.mutableEntityStorage.changeLog.addReplaceEventForNewChild.ms,1781870285789000000,1781870345788000000,0
jps.global.get.library.by.name.ms,1781870285789000000,1781870345788000000,0
workspaceModel.mutableEntityStorage.mutable.ext.mapping.ms,1781870285789000000,1781870345788000000,0
workspaceModel.moduleManagerBridge.get.modules.ms,1781870285789000000,1781870345788000000,0
workspaceModel.mutableEntityStorage.entities.by.source.ms,1781870285789000000,1781870345788000000,0
workspaceModel.mutableEntityStorage.changeLog.addReplaceEventForNewParent.ms,1781870285789000000,1781870345788000000,0
jps.module.iml.entities.serializer.save.entities.ms,1781870285789000000,1781870345788000000,0
jps.facet.change.listener.before.change.events.ms,1781870285789000000,1781870345788000000,0
workspaceModel.mutableEntityStorage.modify.entity.ms,1781870285789000000,1781870345788000000,0
workspaceModel.mutableEntityStorage.replace.by.source.ms,1781870285789000000,1781870345788000000,0
workspaceModel.moduleBridge.before.changed.ms,1781870285789000000,1781870345788000000,0
jps.module.dependency.index.workspace.model.listener.on.changed.ms,1781870285789000000,1781870345788000000,0
workspaceModel.mutableEntityStorage.hasReferrers.ms,1781870285789000000,1781870345788000000,0
workspaceModel.moduleManagerBridge.load.module.ms,1781870285789000000,1781870345788000000,0
workspaceModel.moduleBridgeLoader.loading.modules.ms,1781870285789000000,1781870345788000000,0
jps.facet.change.listener.process.change.events.ms,1781870285789000000,1781870345788000000,0
workspaceModel.mutableEntityStorage.instances.count,1781870285789000000,1781870345788000000,0
workspaceModel.sync.entities.ms,1781870285789000000,1781870345788000000,0
workspaceModel.load.cache.metadata.from.file.ms,1781870285789000000,1781870345788000000,0
workspaceModel.orphan.listener.update.ms,1781870285789000000,1781870345788000000,0
workspaceModel.mutableEntityStorage.apply.changes.from.ms,1781870285789000000,1781870345788000000,0
jps.project.serializers.save.ms,1781870285789000000,1781870345788000000,0
jps.global.initialize.library.bridges.after.loading.ms,1781870285789000000,1781870345788000000,0
workspaceModel.mutableEntityStorage.resolve.ms,1781870285789000000,1781870345788000000,0
jps.global.get.libraries.ms,1781870285789000000,1781870345788000000,0
jps.apply.loaded.storage.ms,1781870285789000000,1781870345788000000,0
workspaceModel.mutableEntityStorage.mutable.vfurl.index.ms,1781870285789000000,1781870345788000000,0
workspaceModel.global.apply.state.to.project.builder.ms,1781870285789000000,1781870345788000000,0
workspaceModel.moduleManagerBridge.new.nonPersistent.module.ms,1781870285789000000,1781870345788000000,0
jps.load.initial.state.ms,1781870285789000000,1781870345788000000,0
jps.app.storage.content.writer.save.component.ms,1781870285789000000,1781870345788000000,0
workspaceModel.moduleManagerBridge.load.all.modules.ms,1781870285789000000,1781870345788000000,0
workspaceModel.moduleManagerBridge.set.unloadedModules.ms,1781870285789000000,1781870345788000000,0
jps.project.serializers.load.ms,1781870285789000000,1781870345788000000,0
workspaceModel.moduleManagerBridge.newModule.ms,1781870285789000000,1781870345788000000,0
workspaceModel.global.updates.count,1781870285789000000,1781870345788000000,0
workspaceModel.do.save.caches.ms,1781870285789000000,1781870345788000000,0
workspaceModel.mutableEntityStorage.remove.entity.ms,1781870285789000000,1781870345788000000,0
jps.library.entities.serializer.save.entities.ms,1781870285789000000,1781870345788000000,0
workspaceModel.moduleBridge.update.option.ms,1781870285789000000,1781870345788000000,0
workspaceModel.global.apply.state.to.project.ms,1781870285789000000,1781870345788000000,0
jps.artifact.entities.serializer.save.entities.ms,1781870285789000000,1781870345788000000,0
workspaceModel.mutableEntityStorage.to.snapshot.ms,1781870285789000000,1781870345788000000,0
workspaceModel.mutableEntityStorage.referrers.ms,1781870285789000000,1781870345788000000,0
workspaceModel.mutableEntityStorage.has.same.entities.ms,1781870285789000000,1781870345788000000,0
jps.save.global.entities.ms,1781870285789000000,1781870345788000000,0
jps.module.iml.entities.serializer.load.entities.ms,1781870285789000000,1781870345788000000,0
jps.artifact.entities.serializer.load.entities.ms,1781870285789000000,1781870345788000000,0
Indexes.stubs.lookupDurationMaxMs,1781870285789000000,1781870345788000000,0.0
Indexes.stubs.lookupDuration90PMs,1781870285789000000,1781870345788000000,0.0
Indexes.entries.lookups,1781870285789000000,1781870345788000000,0
Indexes.allKeys.lookupDurationAvgMs,1781870285789000000,1781870345788000000,0.0
Indexes.allKeys.lookupDurationMaxMs,1781870285789000000,1781870345788000000,0.0
Indexes.allKeys.lookupDuration90PMs,1781870285789000000,1781870345788000000,0.0
Indexing.writesQueuedMax,1781870285789000000,1781870345788000000,0
Indexes.entries.lookupDurationMaxMs,1781870285789000000,1781870345788000000,0.0
Indexing.cache.totalCacheAccesses,1781870285789000000,1781870345788000000,0
Indexing.writesQueuedMin,1781870285789000000,1781870345788000000,9223372036854775807
Indexing.writer_0.totalTimeSpentWritingMs,1781870285789000000,1781870345788000000,0
Indexes.stubs.lookupDurationAvgMs,1781870285789000000,1781870345788000000,0.0
Indexes.entries.lookupDurationAvgMs,1781870285789000000,1781870345788000000,0.0
Indexing.cache.totalCacheMisses,1781870285789000000,1781870345788000000,0
Indexing.writer_3.totalTimeSpentWritingMs,1781870285789000000,1781870345788000000,0
Indexes.allKeys.lookups,1781870285789000000,1781870345788000000,0
Indexing.writer_1.totalTimeSpentWritingMs,1781870285789000000,1781870345788000000,0
Indexes.entries.lookupDuration90PMs,1781870285789000000,1781870345788000000,0.0
Indexing.totalTimeIndexersSleptMs,1781870285789000000,1781870345788000000,0
Indexing.cache.totalCacheEvicted,1781870285789000000,1781870345788000000,0
Indexing.writer_2.totalTimeSpentWritingMs,1781870285789000000,1781870345788000000,0
Indexes.stubs.lookups,1781870285789000000,1781870345788000000,0
writeAction.wait.ms,1781870285789000000,1781870345788000000,0
writeAction.max.wait.ms,1781870285789000000,1781870345788000000,91
DiskQueryRelay.taskExecutionTotalTimeUs,1781870285789000000,1781870345788000000,0
DiskQueryRelay.taskWaitingTotalTimeUs,1781870285789000000,1781870345788000000,0
LowMemory.gcOverloaded,1781870285789000000,1781870345788000000,0
writeAction.median.wait.ms,1781870285789000000,1781870345788000000,0
DiskQueryRelay.tasksExecuted,1781870285789000000,1781870345788000000,0
DiskQueryRelay.tasksRequested,1781870285789000000,1781870345788000000,0
LowMemory.gcLoad,1781870285789000000,1781870345788000000,1.245442253226581E-5
writeAction.count,1781870285789000000,1781870345788000000,0
cacheStateStorage.set.counter,1781870285789000000,1781870345788000000,0
cacheStateStorage.set.duration,1781870285789000000,1781870345788000000,0
cacheStateStorage.get.counter,1781870285789000000,1781870345788000000,0
cacheStateStorage.get.duration,1781870285789000000,1781870345788000000,0
JVM.usedNativeBytes,1781870285789000000,1781870345788000000,411716944
JVM.maxThreadCount,1781870285789000000,1781870345788000000,84
MEM.fileMappingsRamBytes,1781870285789000000,1781870345788000000,668172288
JVM.totalBytesAllocated,1781870285789000000,1781870345788000000,20274384
JVM.committedHeapBytes,1781870285789000000,1781870345788000000,452984832
JVM.totalTimeAtSafepointsMs,1781870285789000000,1781870345788000000,0
JVM.newThreadsCount,1781870285789000000,1781870345788000000,0
JVM.usedHeapBytes,1781870285789000000,1781870345788000000,354673328
OS.loadAverage,1781870285789000000,1781870345788000000,0.974609375
MEM.ramBytes,1781870285789000000,1781870345788000000,1765474304
MEM.ramMinusFileMappingsBytes,1781870285789000000,1781870345788000000,1086160896
JVM.totalSafepointCount,1781870285789000000,1781870345788000000,0
JVM.totalDirectByteBuffersBytes,1781870285789000000,1781870345788000000,1271809
JVM.maxHeapBytes,1781870285789000000,1781870345788000000,2147483648
JVM.totalCpuTimeMs,1781870285789000000,1781870345788000000,1600
JVM.GC.collections,1781870285789000000,1781870345788000000,0
JVM.threadCount,1781870285789000000,1781870345788000000,53
MEM.ramPlusSwapMinusFileMappingsBytes,1781870285789000000,1781870345788000000,1086160896
JVM.GC.collectionTimesMs,1781870285789000000,1781870345788000000,0
JVM.totalTimeToSafepointsMs,1781870285789000000,1781870345788000000,0
VFS.contentStorage.recordsStored,1781870285789000000,1781870345788000000,0
VFS.fileChildByName,1781870285789000000,1781870345788000000,0
VFS.contentStorage.recordsDeduplicated,1781870285789000000,1781870345788000000,0
VFS.fileByIdCache.misses,1781870285789000000,1781870345788000000,0
VFS.contentStorage.recordsDecompressionTimeUs,1781870285789000000,1781870345788000000,0
VFS.contentStorage.recordsUncompressedSize,1781870285789000000,1781870345788000000,0
VFS.contentStorage.recordsReadSize,1781870285789000000,1781870345788000000,0
FileNameCache.queries,1781870285789000000,1781870345788000000,0
VFS.contentStorage.recordsStoredSize,1781870285789000000,1781870345788000000,0
FileNameCache.totalMisses,1781870285789000000,1781870345788000000,0
VFS.rootsCount,1781870285789000000,1781870345788000000,23.0
VFS.contentStorage.recordsStoredCompressed,1781870285789000000,1781870345788000000,0
VFS.invertedFileNameIndex.requests,1781870285789000000,1781870345788000000,0
VFS.cache.directoriesCreated,1781870285789000000,1781870345788000000,0
VFS.cache.segmentsCreated,1781870285789000000,1781870345788000000,0
VFS.folderCaseSensitivityReads,1781870285789000000,1781870345788000000,0
VFS.cache.filesCreated,1781870285789000000,1781870345788000000,0
VFS.fileByIdCache.hits,1781870285789000000,1781870345788000000,0
VFS.contentStorage.recordsRead,1781870285789000000,1781870345788000000,0
VFS.cache.segments,1781870285789000000,1781870345788000000,89.0
VFS.contentStorage.recordsReadDecompressed,1781870285789000000,1781870345788000000,0
workspaceModel.cachedValue.clear.count,1781870345788000000,1781870405787000000,0
workspaceModel.cachedValue.from.cache.count,1781870345788000000,1781870405787000000,0
workspaceModel.updates.precise.ms,1781870345788000000,1781870405787000000,0
workspaceModel.check.recursive.update.ms,1781870345788000000,1781870405787000000,0
workspaceModel.cachedValueWithParameters.total.get.count,1781870345788000000,1781870405787000000,0
workspaceModel.updates.ms,1781870345788000000,1781870405787000000,0
workspaceModel.collect.changes.ms,1781870345788000000,1781870405787000000,0
workspaceModel.initializing.ms,1781870345788000000,1781870405787000000,0
workspaceModel.workspaceFileIndexData.markDirty.ms,1781870345788000000,1781870405787000000,0
workspaceModel.full.replace.project.model.ms,1781870345788000000,1781870405787000000,0
workspaceModel.workspaceFileIndexData.getPackageName.ms,1781870345788000000,1781870405787000000,0
workspaceModel.on.before.changed.ms,1781870345788000000,1781870405787000000,0
workspaceModel.to.snapshot.ms,1781870345788000000,1781870405787000000,0
workspaceModel.update.unloaded.entities.ms,1781870345788000000,1781870405787000000,0
workspaceModel.init.bridges.ms,1781870345788000000,1781870405787000000,0
workspaceModel.workspaceFileIndexContributor.registerFileSets.ms,1781870345788000000,1781870405787000000,0
workspaceModel.pre.handlers.ms,1781870345788000000,1781870405787000000,0
workspaceModel.cachedValue.total.get.count,1781870345788000000,1781870405787000000,0
workspaceModel.workspaceFileIndexData.getDirectoriesByPackageName.ms,1781870345788000000,1781870405787000000,0
workspaceModel.cachedValue.calculated.count,1781870345788000000,1781870405787000000,0
workspaceModel.workspaceFileIndexData.visitFileSets.ms,1781870345788000000,1781870405787000000,4
workspaceModel.workspaceFileIndexData.getFileInfo.ms,1781870345788000000,1781870405787000000,13
workspaceModel.updates.count,1781870345788000000,1781870405787000000,0
workspaceModel.workspaceFileIndexData.updateDirtyEntities.ms,1781870345788000000,1781870405787000000,0
workspaceModel.workspaceFileIndexData.init.ms,1781870345788000000,1781870405787000000,0
workspaceModel.cachedValueWithParameters.calculated.count,1781870345788000000,1781870405787000000,0
workspaceModel.loading.from.cache.ms,1781870345788000000,1781870405787000000,0
workspaceModel.on.changed.ms,1781870345788000000,1781870405787000000,0
workspaceModel.loading.total.ms,1781870345788000000,1781870405787000000,0
workspaceModel.workspaceFileIndexData.processFileSets.ms,1781870345788000000,1781870405787000000,0
workspaceModel.cachedValueWithParameters.from.cache.count,1781870345788000000,1781870405787000000,0
workspaceModel.replace.project.model.ms,1781870345788000000,1781870405787000000,0
workspaceModel.entityStorageSnapshotImpl.instances.count,1781870345788000000,1781870405787000000,0
workspaceModel.workspaceFileIndexData.instances.count,1781870345788000000,1781870405787000000,0
workspaceModel.cachedValueWithParameters.clear.count,1781870345788000000,1781870405787000000,0
workspaceModel.workspaceFileIndexData.onEntitiesChanged.ms,1781870345788000000,1781870405787000000,0
FileChannelInterruptsRetryer.totalRetriedAttempts,1781870345788000000,1781870405787000000,0
StreamlinedBlobStorage.recordsRelocated,1781870345788000000,1781870405787000000,0
DirectByteBufferAllocator.misses,1781870345788000000,1781870405787000000,0
FilePageCache.pageLoads,1781870345788000000,1781870405787000000,0
StreamlinedBlobStorage.recordsAllocated,1781870345788000000,1781870405787000000,0
FilePageCache.uncachedFileAccess,1781870345788000000,1781870405787000000,0
DirectByteBufferAllocator.hits,1781870345788000000,1781870405787000000,0
StreamlinedBlobStorage.recordsDeleted,1781870345788000000,1781870405787000000,0
FilePageCache.maxCacheSizeInBytes,1781870345788000000,1781870405787000000,629153792
FilePageCache.pageFastCacheHits,1781870345788000000,1781870405787000000,0
FilePageCache.totalPageDisposalsUs,1781870345788000000,1781870405787000000,0
StreamlinedBlobStorage.totalLiveRecordsPayloadBytes,1781870345788000000,1781870405787000000,0
DirectByteBufferAllocator.reclaimed,1781870345788000000,1781870405787000000,0
FilePageCache.pageLoadsAboveSizeThreshold,1781870345788000000,1781870405787000000,0
DirectByteBufferAllocator.totalSizeOfBuffersCachedInBytes,1781870345788000000,1781870405787000000,55590912
MappedFileStorage.totalPagesMapped,1781870345788000000,1781870405787000000,13
StreamlinedBlobStorage.totalLiveRecordsCapacityBytes,1781870345788000000,1781870405787000000,0
StorageLockContext.competingThreads.90P,1781870345788000000,1781870405787000000,0
FilePageCache.totalPageLoadsUs,1781870345788000000,1781870405787000000,0
MappedFileStorage.totalTimeSpentOnMappingUs,1781870345788000000,1781870405787000000,73610
FilePageCache.disposedBuffers,1781870345788000000,1781870405787000000,0
FilePageCache.maxRegisteredFiles,1781870345788000000,1781870405787000000,1649
DirectByteBufferAllocator.disposed,1781870345788000000,1781870405787000000,0
StorageLockContext.competingThreads.max,1781870345788000000,1781870405787000000,0
DirectByteBufferAllocator.totalSizeOfBuffersAllocatedInBytes,1781870345788000000,1781870405787000000,0
FilePageCache.pageHits,1781870345788000000,1781870405787000000,0
FilePageCache.capacityInBytes,1781870345788000000,1781870405787000000,629145600
MappedFileStorage.totalBytesMapped,1781870345788000000,1781870405787000000,190054400
MappedFileStorage.storages,1781870345788000000,1781870405787000000,13
StorageLockContext.competingThreads.avg,1781870345788000000,1781870405787000000,0.0
compiler.ArtifactManagerBridge.addArtifact.ms,1781870345788000000,1781870405787000000,0
compiler.ArtifactManagerBridge.getArtifacts.ms,1781870345788000000,1781870405787000000,0
compiler.ArtifactManagerBridge.getArtifactsByType.ms,1781870345788000000,1781870405787000000,0
compiler.ArtifactManagerBridge.initBridges.ms,1781870345788000000,1781870405787000000,0
compiler.ArtifactManagerBridge.findArtifact.ms,1781870345788000000,1781870405787000000,0
compiler.ArtifactVirtualFileListener.filePathChanged.ms,1781870345788000000,1781870405787000000,0
compiler.ArtifactVirtualFileListener.propertyChanged.ms,1781870345788000000,1781870405787000000,0
compiler.ArtifactManagerBridge.commit.ms,1781870345788000000,1781870405787000000,0
compiler.ArtifactManagerBridge.dropMappings.ms,1781870345788000000,1781870405787000000,0
NonBlockingReadAction.finalizedExecutionsCount,1781870345788000000,1781870405787000000,1
FlushQueue.waitingTimeMaxNs,1781870345788000000,1781870405787000000,0
WriteAction.executionsCount,1781870345788000000,1781870405787000000,0
NonBlockingReadAction.failedExecutionTimeUs,1781870345788000000,1781870405787000000,0
NonBlockingReadAction.finalizedExecutionTimeUs,1781870345788000000,1781870405787000000,5553
FlushQueue.waitingTime90PNs,1781870345788000000,1781870405787000000,0
AWTEventQueue.dispatchTime90PNs,1781870345788000000,1781870405787000000,0
FlushQueue.executionTimeMaxNs,1781870345788000000,1781870405787000000,0
FlushQueue.tasksExecuted,1781870345788000000,1781870405787000000,0
AWTEventQueue.dispatchTimeTotalNS,1781870345788000000,1781870405787000000,16987950
FlushQueue.executionTime90PNs,1781870345788000000,1781870405787000000,0
NonBlockingReadAction.failedExecutionsCount,1781870345788000000,1781870405787000000,0
AWTEventQueue.dispatchTimeAvgNs,1781870345788000000,1781870405787000000,0.0
FlushQueue.queueSize90P,1781870345788000000,1781870405787000000,0
FlushQueue.queueSizeAvg,1781870345788000000,1781870405787000000,0.0
FlushQueue.executionTimeAvgNs,1781870345788000000,1781870405787000000,0.0
FlushQueue.queueSizeMax,1781870345788000000,1781870405787000000,0
AWTEventQueue.eventsDispatched,1781870345788000000,1781870405787000000,0
ReadAction.executionsCount,1781870345788000000,1781870405787000000,29807
FlushQueue.waitingTimeAvgNs,1781870345788000000,1781870405787000000,0.0
AWTEventQueue.dispatchTimeMaxNs,1781870345788000000,1781870405787000000,0
workspaceModel.delayed.project.synchronizer.sync.ms,1781870345788000000,1781870405787000000,0
workspaceModel.load.cache.from.file.ms,1781870345788000000,1781870405787000000,0
workspaceModel.mutableEntityStorage.add.entity.ms,1781870345788000000,1781870405787000000,0
workspaceModel.moduleBridge.facet.initialization.ms,1781870345788000000,1781870405787000000,0
jps.storage.jps.conf.reader.load.component.ms,1781870345788000000,1781870405787000000,0
workspaceModel.mutableEntityStorage.entities.ms,1781870345788000000,1781870405787000000,0
jps.global.initialize.library.bridges.ms,1781870345788000000,1781870405787000000,0
jps.facet.change.listener.init.bridge.ms,1781870345788000000,1781870405787000000,0
jps.reload.project.entities.ms,1781870345788000000,1781870405787000000,0
jps.library.entities.serializer.load.entities.ms,1781870345788000000,1781870405787000000,0
jps.global.get.library.ms,1781870345788000000,1781870405787000000,0
workspaceModel.mutableEntityStorage.put.entity.ms,1781870345788000000,1781870405787000000,0
workspaceModel.moduleManagerBridge.create.module.instance.ms,1781870345788000000,1781870405787000000,0
jps.global.handle.changed.events.ms,1781870345788000000,1781870405787000000,0
workspaceModel.save.cache.to.file.ms,1781870345788000000,1781870405787000000,0
jps.save.changed.project.entities.ms,1781870345788000000,1781870405787000000,0
workspaceModel.moduleManagerBridge.build.module.graph.ms,1781870345788000000,1781870405787000000,0
workspaceModel.mutableEntityStorage.collect.changes.ms,1781870345788000000,1781870405787000000,0
jps.load.project.to.empty.storage.ms,1781870345788000000,1781870405787000000,0
workspaceModel.mutableEntityStorage.changeLog.addReplaceEventForRemovedChild.ms,1781870345788000000,1781870405787000000,0
jps.global.handle.before.change.events.ms,1781870345788000000,1781870405787000000,0
jps.app.storage.content.reader.load.component.ms,1781870345788000000,1781870405787000000,0
workspaceModel.mutableEntityStorage.changeLog.addReplaceEventForRemovedParent.ms,1781870345788000000,1781870405787000000,0
workspaceModel.global.updates.ms,1781870345788000000,1781870405787000000,0
workspaceModel.mutableEntityStorage.changeLog.addReplaceEventForNewChild.ms,1781870345788000000,1781870405787000000,0
jps.global.get.library.by.name.ms,1781870345788000000,1781870405787000000,0
workspaceModel.mutableEntityStorage.mutable.ext.mapping.ms,1781870345788000000,1781870405787000000,0
workspaceModel.moduleManagerBridge.get.modules.ms,1781870345788000000,1781870405787000000,0
workspaceModel.mutableEntityStorage.entities.by.source.ms,1781870345788000000,1781870405787000000,0
workspaceModel.mutableEntityStorage.changeLog.addReplaceEventForNewParent.ms,1781870345788000000,1781870405787000000,0
jps.module.iml.entities.serializer.save.entities.ms,1781870345788000000,1781870405787000000,0
jps.facet.change.listener.before.change.events.ms,1781870345788000000,1781870405787000000,0
workspaceModel.mutableEntityStorage.modify.entity.ms,1781870345788000000,1781870405787000000,0
workspaceModel.mutableEntityStorage.replace.by.source.ms,1781870345788000000,1781870405787000000,0
workspaceModel.moduleBridge.before.changed.ms,1781870345788000000,1781870405787000000,0
jps.module.dependency.index.workspace.model.listener.on.changed.ms,1781870345788000000,1781870405787000000,0
workspaceModel.mutableEntityStorage.hasReferrers.ms,1781870345788000000,1781870405787000000,0
workspaceModel.moduleManagerBridge.load.module.ms,1781870345788000000,1781870405787000000,0
workspaceModel.moduleBridgeLoader.loading.modules.ms,1781870345788000000,1781870405787000000,0
jps.facet.change.listener.process.change.events.ms,1781870345788000000,1781870405787000000,0
workspaceModel.mutableEntityStorage.instances.count,1781870345788000000,1781870405787000000,0
workspaceModel.sync.entities.ms,1781870345788000000,1781870405787000000,0
workspaceModel.load.cache.metadata.from.file.ms,1781870345788000000,1781870405787000000,0
workspaceModel.orphan.listener.update.ms,1781870345788000000,1781870405787000000,0
workspaceModel.mutableEntityStorage.apply.changes.from.ms,1781870345788000000,1781870405787000000,0
jps.project.serializers.save.ms,1781870345788000000,1781870405787000000,0
jps.global.initialize.library.bridges.after.loading.ms,1781870345788000000,1781870405787000000,0
workspaceModel.mutableEntityStorage.resolve.ms,1781870345788000000,1781870405787000000,0
jps.global.get.libraries.ms,1781870345788000000,1781870405787000000,0
jps.apply.loaded.storage.ms,1781870345788000000,1781870405787000000,0
workspaceModel.mutableEntityStorage.mutable.vfurl.index.ms,1781870345788000000,1781870405787000000,0
workspaceModel.global.apply.state.to.project.builder.ms,1781870345788000000,1781870405787000000,0
workspaceModel.moduleManagerBridge.new.nonPersistent.module.ms,1781870345788000000,1781870405787000000,0
jps.load.initial.state.ms,1781870345788000000,1781870405787000000,0
jps.app.storage.content.writer.save.component.ms,1781870345788000000,1781870405787000000,0
workspaceModel.moduleManagerBridge.load.all.modules.ms,1781870345788000000,1781870405787000000,0
workspaceModel.moduleManagerBridge.set.unloadedModules.ms,1781870345788000000,1781870405787000000,0
jps.project.serializers.load.ms,1781870345788000000,1781870405787000000,0
workspaceModel.moduleManagerBridge.newModule.ms,1781870345788000000,1781870405787000000,0
workspaceModel.global.updates.count,1781870345788000000,1781870405787000000,0
workspaceModel.do.save.caches.ms,1781870345788000000,1781870405787000000,0
workspaceModel.mutableEntityStorage.remove.entity.ms,1781870345788000000,1781870405787000000,0
jps.library.entities.serializer.save.entities.ms,1781870345788000000,1781870405787000000,0
workspaceModel.moduleBridge.update.option.ms,1781870345788000000,1781870405787000000,0
workspaceModel.global.apply.state.to.project.ms,1781870345788000000,1781870405787000000,0
jps.artifact.entities.serializer.save.entities.ms,1781870345788000000,1781870405787000000,0
workspaceModel.mutableEntityStorage.to.snapshot.ms,1781870345788000000,1781870405787000000,0
workspaceModel.mutableEntityStorage.referrers.ms,1781870345788000000,1781870405787000000,0
workspaceModel.mutableEntityStorage.has.same.entities.ms,1781870345788000000,1781870405787000000,0
jps.save.global.entities.ms,1781870345788000000,1781870405787000000,0
jps.module.iml.entities.serializer.load.entities.ms,1781870345788000000,1781870405787000000,0
jps.artifact.entities.serializer.load.entities.ms,1781870345788000000,1781870405787000000,0
Indexes.stubs.lookupDurationMaxMs,1781870345788000000,1781870405787000000,0.0
Indexes.stubs.lookupDuration90PMs,1781870345788000000,1781870405787000000,0.0
Indexes.entries.lookups,1781870345788000000,1781870405787000000,0
Indexes.allKeys.lookupDurationAvgMs,1781870345788000000,1781870405787000000,0.0
Indexes.allKeys.lookupDurationMaxMs,1781870345788000000,1781870405787000000,0.0
Indexes.allKeys.lookupDuration90PMs,1781870345788000000,1781870405787000000,0.0
Indexing.writesQueuedMax,1781870345788000000,1781870405787000000,0
Indexes.entries.lookupDurationMaxMs,1781870345788000000,1781870405787000000,0.0
Indexing.cache.totalCacheAccesses,1781870345788000000,1781870405787000000,0
Indexing.writesQueuedMin,1781870345788000000,1781870405787000000,9223372036854775807
Indexing.writer_0.totalTimeSpentWritingMs,1781870345788000000,1781870405787000000,0
Indexes.stubs.lookupDurationAvgMs,1781870345788000000,1781870405787000000,0.0
Indexes.entries.lookupDurationAvgMs,1781870345788000000,1781870405787000000,0.0
Indexing.cache.totalCacheMisses,1781870345788000000,1781870405787000000,0
Indexing.writer_3.totalTimeSpentWritingMs,1781870345788000000,1781870405787000000,0
Indexes.allKeys.lookups,1781870345788000000,1781870405787000000,0
Indexing.writer_1.totalTimeSpentWritingMs,1781870345788000000,1781870405787000000,0
Indexes.entries.lookupDuration90PMs,1781870345788000000,1781870405787000000,0.0
Indexing.totalTimeIndexersSleptMs,1781870345788000000,1781870405787000000,0
Indexing.cache.totalCacheEvicted,1781870345788000000,1781870405787000000,0
Indexing.writer_2.totalTimeSpentWritingMs,1781870345788000000,1781870405787000000,0
Indexes.stubs.lookups,1781870345788000000,1781870405787000000,0
writeAction.wait.ms,1781870345788000000,1781870405787000000,0
writeAction.max.wait.ms,1781870345788000000,1781870405787000000,91
DiskQueryRelay.taskExecutionTotalTimeUs,1781870345788000000,1781870405787000000,0
DiskQueryRelay.taskWaitingTotalTimeUs,1781870345788000000,1781870405787000000,0
LowMemory.gcOverloaded,1781870345788000000,1781870405787000000,0
writeAction.median.wait.ms,1781870345788000000,1781870405787000000,0
DiskQueryRelay.tasksExecuted,1781870345788000000,1781870405787000000,0
DiskQueryRelay.tasksRequested,1781870345788000000,1781870405787000000,0
LowMemory.gcLoad,1781870345788000000,1781870405787000000,6.394100595491681E-6
writeAction.count,1781870345788000000,1781870405787000000,0
cacheStateStorage.set.counter,1781870345788000000,1781870405787000000,1
cacheStateStorage.set.duration,1781870345788000000,1781870405787000000,1
cacheStateStorage.get.counter,1781870345788000000,1781870405787000000,1
cacheStateStorage.get.duration,1781870345788000000,1781870405787000000,0
JVM.usedNativeBytes,1781870345788000000,1781870405787000000,412455544
JVM.maxThreadCount,1781870345788000000,1781870405787000000,84
MEM.fileMappingsRamBytes,1781870345788000000,1781870405787000000,668172288
JVM.totalBytesAllocated,1781870345788000000,1781870405787000000,32721128
JVM.committedHeapBytes,1781870345788000000,1781870405787000000,452984832
JVM.totalTimeAtSafepointsMs,1781870345788000000,1781870405787000000,0
JVM.newThreadsCount,1781870345788000000,1781870405787000000,0
JVM.usedHeapBytes,1781870345788000000,1781870405787000000,387179184
OS.loadAverage,1781870345788000000,1781870405787000000,0.640625
MEM.ramBytes,1781870345788000000,1781870405787000000,1766260736
MEM.ramMinusFileMappingsBytes,1781870345788000000,1781870405787000000,1086947328
JVM.totalSafepointCount,1781870345788000000,1781870405787000000,0
JVM.totalDirectByteBuffersBytes,1781870345788000000,1781870405787000000,1271809
JVM.maxHeapBytes,1781870345788000000,1781870405787000000,2147483648
JVM.totalCpuTimeMs,1781870345788000000,1781870405787000000,1530
JVM.GC.collections,1781870345788000000,1781870405787000000,0
JVM.threadCount,1781870345788000000,1781870405787000000,53
MEM.ramPlusSwapMinusFileMappingsBytes,1781870345788000000,1781870405787000000,1086947328
JVM.GC.collectionTimesMs,1781870345788000000,1781870405787000000,0
JVM.totalTimeToSafepointsMs,1781870345788000000,1781870405787000000,0
VFS.contentStorage.recordsStored,1781870345788000000,1781870405787000000,0
VFS.fileChildByName,1781870345788000000,1781870405787000000,35
VFS.contentStorage.recordsDeduplicated,1781870345788000000,1781870405787000000,0
VFS.fileByIdCache.misses,1781870345788000000,1781870405787000000,0
VFS.contentStorage.recordsDecompressionTimeUs,1781870345788000000,1781870405787000000,0
VFS.contentStorage.recordsUncompressedSize,1781870345788000000,1781870405787000000,0
VFS.contentStorage.recordsReadSize,1781870345788000000,1781870405787000000,0
FileNameCache.queries,1781870345788000000,1781870405787000000,64
VFS.contentStorage.recordsStoredSize,1781870345788000000,1781870405787000000,0
FileNameCache.totalMisses,1781870345788000000,1781870405787000000,0
VFS.rootsCount,1781870345788000000,1781870405787000000,23.0
VFS.contentStorage.recordsStoredCompressed,1781870345788000000,1781870405787000000,0
VFS.invertedFileNameIndex.requests,1781870345788000000,1781870405787000000,0
VFS.cache.directoriesCreated,1781870345788000000,1781870405787000000,0
VFS.cache.segmentsCreated,1781870345788000000,1781870405787000000,0
VFS.folderCaseSensitivityReads,1781870345788000000,1781870405787000000,0
VFS.cache.filesCreated,1781870345788000000,1781870405787000000,28756
VFS.fileByIdCache.hits,1781870345788000000,1781870405787000000,0
VFS.contentStorage.recordsRead,1781870345788000000,1781870405787000000,0
VFS.cache.segments,1781870345788000000,1781870405787000000,89.0
VFS.contentStorage.recordsReadDecompressed,1781870345788000000,1781870405787000000,0
workspaceModel.cachedValue.clear.count,1781870405787000000,1781870465787000000,0
workspaceModel.cachedValue.from.cache.count,1781870405787000000,1781870465787000000,0
workspaceModel.updates.precise.ms,1781870405787000000,1781870465787000000,0
workspaceModel.check.recursive.update.ms,1781870405787000000,1781870465787000000,0
workspaceModel.cachedValueWithParameters.total.get.count,1781870405787000000,1781870465787000000,0
workspaceModel.updates.ms,1781870405787000000,1781870465787000000,0
workspaceModel.collect.changes.ms,1781870405787000000,1781870465787000000,0
workspaceModel.initializing.ms,1781870405787000000,1781870465787000000,0
workspaceModel.workspaceFileIndexData.markDirty.ms,1781870405787000000,1781870465787000000,0
workspaceModel.full.replace.project.model.ms,1781870405787000000,1781870465787000000,0
workspaceModel.workspaceFileIndexData.getPackageName.ms,1781870405787000000,1781870465787000000,0
workspaceModel.on.before.changed.ms,1781870405787000000,1781870465787000000,0
workspaceModel.to.snapshot.ms,1781870405787000000,1781870465787000000,0
workspaceModel.update.unloaded.entities.ms,1781870405787000000,1781870465787000000,0
workspaceModel.init.bridges.ms,1781870405787000000,1781870465787000000,0
workspaceModel.workspaceFileIndexContributor.registerFileSets.ms,1781870405787000000,1781870465787000000,0
workspaceModel.pre.handlers.ms,1781870405787000000,1781870465787000000,0
workspaceModel.cachedValue.total.get.count,1781870405787000000,1781870465787000000,0
workspaceModel.workspaceFileIndexData.getDirectoriesByPackageName.ms,1781870405787000000,1781870465787000000,0
workspaceModel.cachedValue.calculated.count,1781870405787000000,1781870465787000000,0
workspaceModel.workspaceFileIndexData.visitFileSets.ms,1781870405787000000,1781870465787000000,0
workspaceModel.workspaceFileIndexData.getFileInfo.ms,1781870405787000000,1781870465787000000,0
workspaceModel.updates.count,1781870405787000000,1781870465787000000,0
workspaceModel.workspaceFileIndexData.updateDirtyEntities.ms,1781870405787000000,1781870465787000000,0
workspaceModel.workspaceFileIndexData.init.ms,1781870405787000000,1781870465787000000,0
workspaceModel.cachedValueWithParameters.calculated.count,1781870405787000000,1781870465787000000,0
workspaceModel.loading.from.cache.ms,1781870405787000000,1781870465787000000,0
workspaceModel.on.changed.ms,1781870405787000000,1781870465787000000,0
workspaceModel.loading.total.ms,1781870405787000000,1781870465787000000,0
workspaceModel.workspaceFileIndexData.processFileSets.ms,1781870405787000000,1781870465787000000,0
workspaceModel.cachedValueWithParameters.from.cache.count,1781870405787000000,1781870465787000000,0
workspaceModel.replace.project.model.ms,1781870405787000000,1781870465787000000,0
workspaceModel.entityStorageSnapshotImpl.instances.count,1781870405787000000,1781870465787000000,0
workspaceModel.workspaceFileIndexData.instances.count,1781870405787000000,1781870465787000000,0
workspaceModel.cachedValueWithParameters.clear.count,1781870405787000000,1781870465787000000,0
workspaceModel.workspaceFileIndexData.onEntitiesChanged.ms,1781870405787000000,1781870465787000000,0
FileChannelInterruptsRetryer.totalRetriedAttempts,1781870405787000000,1781870465787000000,0
StreamlinedBlobStorage.recordsRelocated,1781870405787000000,1781870465787000000,0
DirectByteBufferAllocator.misses,1781870405787000000,1781870465787000000,0
FilePageCache.pageLoads,1781870405787000000,1781870465787000000,0
StreamlinedBlobStorage.recordsAllocated,1781870405787000000,1781870465787000000,0
FilePageCache.uncachedFileAccess,1781870405787000000,1781870465787000000,0
DirectByteBufferAllocator.hits,1781870405787000000,1781870465787000000,0
StreamlinedBlobStorage.recordsDeleted,1781870405787000000,1781870465787000000,0
FilePageCache.maxCacheSizeInBytes,1781870405787000000,1781870465787000000,629153792
FilePageCache.pageFastCacheHits,1781870405787000000,1781870465787000000,0
FilePageCache.totalPageDisposalsUs,1781870405787000000,1781870465787000000,0
StreamlinedBlobStorage.totalLiveRecordsPayloadBytes,1781870405787000000,1781870465787000000,0
DirectByteBufferAllocator.reclaimed,1781870405787000000,1781870465787000000,0
FilePageCache.pageLoadsAboveSizeThreshold,1781870405787000000,1781870465787000000,0
DirectByteBufferAllocator.totalSizeOfBuffersCachedInBytes,1781870405787000000,1781870465787000000,55590912
MappedFileStorage.totalPagesMapped,1781870405787000000,1781870465787000000,13
StreamlinedBlobStorage.totalLiveRecordsCapacityBytes,1781870405787000000,1781870465787000000,0
StorageLockContext.competingThreads.90P,1781870405787000000,1781870465787000000,0
FilePageCache.totalPageLoadsUs,1781870405787000000,1781870465787000000,0
MappedFileStorage.totalTimeSpentOnMappingUs,1781870405787000000,1781870465787000000,73610
FilePageCache.disposedBuffers,1781870405787000000,1781870465787000000,0
FilePageCache.maxRegisteredFiles,1781870405787000000,1781870465787000000,1649
DirectByteBufferAllocator.disposed,1781870405787000000,1781870465787000000,0
StorageLockContext.competingThreads.max,1781870405787000000,1781870465787000000,0
DirectByteBufferAllocator.totalSizeOfBuffersAllocatedInBytes,1781870405787000000,1781870465787000000,0
FilePageCache.pageHits,1781870405787000000,1781870465787000000,0
FilePageCache.capacityInBytes,1781870405787000000,1781870465787000000,629145600
MappedFileStorage.totalBytesMapped,1781870405787000000,1781870465787000000,190054400
MappedFileStorage.storages,1781870405787000000,1781870465787000000,13
StorageLockContext.competingThreads.avg,1781870405787000000,1781870465787000000,0.0
compiler.ArtifactManagerBridge.addArtifact.ms,1781870405787000000,1781870465787000000,0
compiler.ArtifactManagerBridge.getArtifacts.ms,1781870405787000000,1781870465787000000,0
compiler.ArtifactManagerBridge.getArtifactsByType.ms,1781870405787000000,1781870465787000000,0
compiler.ArtifactManagerBridge.initBridges.ms,1781870405787000000,1781870465787000000,0
compiler.ArtifactManagerBridge.findArtifact.ms,1781870405787000000,1781870465787000000,0
compiler.ArtifactVirtualFileListener.filePathChanged.ms,1781870405787000000,1781870465787000000,0
compiler.ArtifactVirtualFileListener.propertyChanged.ms,1781870405787000000,1781870465787000000,0
compiler.ArtifactManagerBridge.commit.ms,1781870405787000000,1781870465787000000,0
compiler.ArtifactManagerBridge.dropMappings.ms,1781870405787000000,1781870465787000000,0
NonBlockingReadAction.finalizedExecutionsCount,1781870405787000000,1781870465787000000,0
FlushQueue.waitingTimeMaxNs,1781870405787000000,1781870465787000000,0
WriteAction.executionsCount,1781870405787000000,1781870465787000000,0
NonBlockingReadAction.failedExecutionTimeUs,1781870405787000000,1781870465787000000,0
NonBlockingReadAction.finalizedExecutionTimeUs,1781870405787000000,1781870465787000000,0
FlushQueue.waitingTime90PNs,1781870405787000000,1781870465787000000,0
AWTEventQueue.dispatchTime90PNs,1781870405787000000,1781870465787000000,0
FlushQueue.executionTimeMaxNs,1781870405787000000,1781870465787000000,0
FlushQueue.tasksExecuted,1781870405787000000,1781870465787000000,0
AWTEventQueue.dispatchTimeTotalNS,1781870405787000000,1781870465787000000,27475943
FlushQueue.executionTime90PNs,1781870405787000000,1781870465787000000,0
NonBlockingReadAction.failedExecutionsCount,1781870405787000000,1781870465787000000,0
AWTEventQueue.dispatchTimeAvgNs,1781870405787000000,1781870465787000000,0.0
FlushQueue.queueSize90P,1781870405787000000,1781870465787000000,0
FlushQueue.queueSizeAvg,1781870405787000000,1781870465787000000,0.0
FlushQueue.executionTimeAvgNs,1781870405787000000,1781870465787000000,0.0
FlushQueue.queueSizeMax,1781870405787000000,1781870465787000000,0
AWTEventQueue.eventsDispatched,1781870405787000000,1781870465787000000,0
ReadAction.executionsCount,1781870405787000000,1781870465787000000,2358
FlushQueue.waitingTimeAvgNs,1781870405787000000,1781870465787000000,0.0
AWTEventQueue.dispatchTimeMaxNs,1781870405787000000,1781870465787000000,0
workspaceModel.delayed.project.synchronizer.sync.ms,1781870405787000000,1781870465787000000,0
workspaceModel.load.cache.from.file.ms,1781870405787000000,1781870465787000000,0
workspaceModel.mutableEntityStorage.add.entity.ms,1781870405787000000,1781870465787000000,0
workspaceModel.moduleBridge.facet.initialization.ms,1781870405787000000,1781870465787000000,0
jps.storage.jps.conf.reader.load.component.ms,1781870405787000000,1781870465787000000,0
workspaceModel.mutableEntityStorage.entities.ms,1781870405787000000,1781870465787000000,0
jps.global.initialize.library.bridges.ms,1781870405787000000,1781870465787000000,0
jps.facet.change.listener.init.bridge.ms,1781870405787000000,1781870465787000000,0
jps.reload.project.entities.ms,1781870405787000000,1781870465787000000,0
jps.library.entities.serializer.load.entities.ms,1781870405787000000,1781870465787000000,0
jps.global.get.library.ms,1781870405787000000,1781870465787000000,0
workspaceModel.mutableEntityStorage.put.entity.ms,1781870405787000000,1781870465787000000,0
workspaceModel.moduleManagerBridge.create.module.instance.ms,1781870405787000000,1781870465787000000,0
jps.global.handle.changed.events.ms,1781870405787000000,1781870465787000000,0
workspaceModel.save.cache.to.file.ms,1781870405787000000,1781870465787000000,0
jps.save.changed.project.entities.ms,1781870405787000000,1781870465787000000,0
workspaceModel.moduleManagerBridge.build.module.graph.ms,1781870405787000000,1781870465787000000,0
workspaceModel.mutableEntityStorage.collect.changes.ms,1781870405787000000,1781870465787000000,0
jps.load.project.to.empty.storage.ms,1781870405787000000,1781870465787000000,0
workspaceModel.mutableEntityStorage.changeLog.addReplaceEventForRemovedChild.ms,1781870405787000000,1781870465787000000,0
jps.global.handle.before.change.events.ms,1781870405787000000,1781870465787000000,0
jps.app.storage.content.reader.load.component.ms,1781870405787000000,1781870465787000000,0
workspaceModel.mutableEntityStorage.changeLog.addReplaceEventForRemovedParent.ms,1781870405787000000,1781870465787000000,0
workspaceModel.global.updates.ms,1781870405787000000,1781870465787000000,0
workspaceModel.mutableEntityStorage.changeLog.addReplaceEventForNewChild.ms,1781870405787000000,1781870465787000000,0
jps.global.get.library.by.name.ms,1781870405787000000,1781870465787000000,0
workspaceModel.mutableEntityStorage.mutable.ext.mapping.ms,1781870405787000000,1781870465787000000,0
workspaceModel.moduleManagerBridge.get.modules.ms,1781870405787000000,1781870465787000000,0
workspaceModel.mutableEntityStorage.entities.by.source.ms,1781870405787000000,1781870465787000000,0
workspaceModel.mutableEntityStorage.changeLog.addReplaceEventForNewParent.ms,1781870405787000000,1781870465787000000,0
jps.module.iml.entities.serializer.save.entities.ms,1781870405787000000,1781870465787000000,0
jps.facet.change.listener.before.change.events.ms,1781870405787000000,1781870465787000000,0
workspaceModel.mutableEntityStorage.modify.entity.ms,1781870405787000000,1781870465787000000,0
workspaceModel.mutableEntityStorage.replace.by.source.ms,1781870405787000000,1781870465787000000,0
workspaceModel.moduleBridge.before.changed.ms,1781870405787000000,1781870465787000000,0
jps.module.dependency.index.workspace.model.listener.on.changed.ms,1781870405787000000,1781870465787000000,0
workspaceModel.mutableEntityStorage.hasReferrers.ms,1781870405787000000,1781870465787000000,0
workspaceModel.moduleManagerBridge.load.module.ms,1781870405787000000,1781870465787000000,0
workspaceModel.moduleBridgeLoader.loading.modules.ms,1781870405787000000,1781870465787000000,0
jps.facet.change.listener.process.change.events.ms,1781870405787000000,1781870465787000000,0
workspaceModel.mutableEntityStorage.instances.count,1781870405787000000,1781870465787000000,0
workspaceModel.sync.entities.ms,1781870405787000000,1781870465787000000,0
workspaceModel.load.cache.metadata.from.file.ms,1781870405787000000,1781870465787000000,0
workspaceModel.orphan.listener.update.ms,1781870405787000000,1781870465787000000,0
workspaceModel.mutableEntityStorage.apply.changes.from.ms,1781870405787000000,1781870465787000000,0
jps.project.serializers.save.ms,1781870405787000000,1781870465787000000,0
jps.global.initialize.library.bridges.after.loading.ms,1781870405787000000,1781870465787000000,0
workspaceModel.mutableEntityStorage.resolve.ms,1781870405787000000,1781870465787000000,0
jps.global.get.libraries.ms,1781870405787000000,1781870465787000000,0
jps.apply.loaded.storage.ms,1781870405787000000,1781870465787000000,0
workspaceModel.mutableEntityStorage.mutable.vfurl.index.ms,1781870405787000000,1781870465787000000,0
workspaceModel.global.apply.state.to.project.builder.ms,1781870405787000000,1781870465787000000,0
workspaceModel.moduleManagerBridge.new.nonPersistent.module.ms,1781870405787000000,1781870465787000000,0
jps.load.initial.state.ms,1781870405787000000,1781870465787000000,0
jps.app.storage.content.writer.save.component.ms,1781870405787000000,1781870465787000000,0
workspaceModel.moduleManagerBridge.load.all.modules.ms,1781870405787000000,1781870465787000000,0
workspaceModel.moduleManagerBridge.set.unloadedModules.ms,1781870405787000000,1781870465787000000,0
jps.project.serializers.load.ms,1781870405787000000,1781870465787000000,0
workspaceModel.moduleManagerBridge.newModule.ms,1781870405787000000,1781870465787000000,0
workspaceModel.global.updates.count,1781870405787000000,1781870465787000000,0
workspaceModel.do.save.caches.ms,1781870405787000000,1781870465787000000,0
workspaceModel.mutableEntityStorage.remove.entity.ms,1781870405787000000,1781870465787000000,0
jps.library.entities.serializer.save.entities.ms,1781870405787000000,1781870465787000000,0
workspaceModel.moduleBridge.update.option.ms,1781870405787000000,1781870465787000000,0
workspaceModel.global.apply.state.to.project.ms,1781870405787000000,1781870465787000000,0
jps.artifact.entities.serializer.save.entities.ms,1781870405787000000,1781870465787000000,0
workspaceModel.mutableEntityStorage.to.snapshot.ms,1781870405787000000,1781870465787000000,0
workspaceModel.mutableEntityStorage.referrers.ms,1781870405787000000,1781870465787000000,0
workspaceModel.mutableEntityStorage.has.same.entities.ms,1781870405787000000,1781870465787000000,0
jps.save.global.entities.ms,1781870405787000000,1781870465787000000,0
jps.module.iml.entities.serializer.load.entities.ms,1781870405787000000,1781870465787000000,0
jps.artifact.entities.serializer.load.entities.ms,1781870405787000000,1781870465787000000,0
Indexes.stubs.lookupDurationMaxMs,1781870405787000000,1781870465787000000,0.0
Indexes.stubs.lookupDuration90PMs,1781870405787000000,1781870465787000000,0.0
Indexes.entries.lookups,1781870405787000000,1781870465787000000,0
Indexes.allKeys.lookupDurationAvgMs,1781870405787000000,1781870465787000000,0.0
Indexes.allKeys.lookupDurationMaxMs,1781870405787000000,1781870465787000000,0.0
Indexes.allKeys.lookupDuration90PMs,1781870405787000000,1781870465787000000,0.0
Indexing.writesQueuedMax,1781870405787000000,1781870465787000000,0
Indexes.entries.lookupDurationMaxMs,1781870405787000000,1781870465787000000,0.0
Indexing.cache.totalCacheAccesses,1781870405787000000,1781870465787000000,0
Indexing.writesQueuedMin,1781870405787000000,1781870465787000000,9223372036854775807
Indexing.writer_0.totalTimeSpentWritingMs,1781870405787000000,1781870465787000000,0
Indexes.stubs.lookupDurationAvgMs,1781870405787000000,1781870465787000000,0.0
Indexes.entries.lookupDurationAvgMs,1781870405787000000,1781870465787000000,0.0
Indexing.cache.totalCacheMisses,1781870405787000000,1781870465787000000,0
Indexing.writer_3.totalTimeSpentWritingMs,1781870405787000000,1781870465787000000,0
Indexes.allKeys.lookups,1781870405787000000,1781870465787000000,0
Indexing.writer_1.totalTimeSpentWritingMs,1781870405787000000,1781870465787000000,0
Indexes.entries.lookupDuration90PMs,1781870405787000000,1781870465787000000,0.0
Indexing.totalTimeIndexersSleptMs,1781870405787000000,1781870465787000000,0
Indexing.cache.totalCacheEvicted,1781870405787000000,1781870465787000000,0
Indexing.writer_2.totalTimeSpentWritingMs,1781870405787000000,1781870465787000000,0
Indexes.stubs.lookups,1781870405787000000,1781870465787000000,0
writeAction.wait.ms,1781870405787000000,1781870465787000000,0
writeAction.max.wait.ms,1781870405787000000,1781870465787000000,91
DiskQueryRelay.taskExecutionTotalTimeUs,1781870405787000000,1781870465787000000,0
DiskQueryRelay.taskWaitingTotalTimeUs,1781870405787000000,1781870465787000000,0
LowMemory.gcOverloaded,1781870405787000000,1781870465787000000,0
writeAction.median.wait.ms,1781870405787000000,1781870465787000000,0
DiskQueryRelay.tasksExecuted,1781870405787000000,1781870465787000000,0
DiskQueryRelay.tasksRequested,1781870405787000000,1781870465787000000,0
LowMemory.gcLoad,1781870405787000000,1781870465787000000,3.2826948057527828E-6
writeAction.count,1781870405787000000,1781870465787000000,0
cacheStateStorage.set.counter,1781870405787000000,1781870465787000000,0
cacheStateStorage.set.duration,1781870405787000000,1781870465787000000,0
cacheStateStorage.get.counter,1781870405787000000,1781870465787000000,0
cacheStateStorage.get.duration,1781870405787000000,1781870465787000000,0
JVM.usedNativeBytes,1781870405787000000,1781870465787000000,413635712
JVM.maxThreadCount,1781870405787000000,1781870465787000000,84
MEM.fileMappingsRamBytes,1781870405787000000,1781870465787000000,674201600
JVM.totalBytesAllocated,1781870405787000000,1781870465787000000,100862400
JVM.committedHeapBytes,1781870405787000000,1781870465787000000,452984832
JVM.totalTimeAtSafepointsMs,1781870405787000000,1781870465787000000,10
JVM.newThreadsCount,1781870405787000000,1781870465787000000,0
JVM.usedHeapBytes,1781870405787000000,1781870465787000000,354093952
OS.loadAverage,1781870405787000000,1781870465787000000,0.2978515625
MEM.ramBytes,1781870405787000000,1781870465787000000,1773600768
MEM.ramMinusFileMappingsBytes,1781870405787000000,1781870465787000000,1088258048
JVM.totalSafepointCount,1781870405787000000,1781870465787000000,1
JVM.totalDirectByteBuffersBytes,1781870405787000000,1781870465787000000,1173505
JVM.maxHeapBytes,1781870405787000000,1781870465787000000,2147483648
JVM.totalCpuTimeMs,1781870405787000000,1781870465787000000,2850
JVM.GC.collections,1781870405787000000,1781870465787000000,1
JVM.threadCount,1781870405787000000,1781870465787000000,53
MEM.ramPlusSwapMinusFileMappingsBytes,1781870405787000000,1781870465787000000,1088258048
JVM.GC.collectionTimesMs,1781870405787000000,1781870465787000000,9
JVM.totalTimeToSafepointsMs,1781870405787000000,1781870465787000000,0
VFS.contentStorage.recordsStored,1781870405787000000,1781870465787000000,0
VFS.fileChildByName,1781870405787000000,1781870465787000000,0
VFS.contentStorage.recordsDeduplicated,1781870405787000000,1781870465787000000,0
VFS.fileByIdCache.misses,1781870405787000000,1781870465787000000,0
VFS.contentStorage.recordsDecompressionTimeUs,1781870405787000000,1781870465787000000,0
VFS.contentStorage.recordsUncompressedSize,1781870405787000000,1781870465787000000,0
VFS.contentStorage.recordsReadSize,1781870405787000000,1781870465787000000,0
FileNameCache.queries,1781870405787000000,1781870465787000000,0
VFS.contentStorage.recordsStoredSize,1781870405787000000,1781870465787000000,0
FileNameCache.totalMisses,1781870405787000000,1781870465787000000,0
VFS.rootsCount,1781870405787000000,1781870465787000000,23.0
VFS.contentStorage.recordsStoredCompressed,1781870405787000000,1781870465787000000,0
VFS.invertedFileNameIndex.requests,1781870405787000000,1781870465787000000,0
VFS.cache.directoriesCreated,1781870405787000000,1781870465787000000,0
VFS.cache.segmentsCreated,1781870405787000000,1781870465787000000,0
VFS.folderCaseSensitivityReads,1781870405787000000,1781870465787000000,0
VFS.cache.filesCreated,1781870405787000000,1781870465787000000,0
VFS.fileByIdCache.hits,1781870405787000000,1781870465787000000,0
VFS.contentStorage.recordsRead,1781870405787000000,1781870465787000000,0
VFS.cache.segments,1781870405787000000,1781870465787000000,89.0
VFS.contentStorage.recordsReadDecompressed,1781870405787000000,1781870465787000000,0
workspaceModel.cachedValue.clear.count,1781870465787000000,1781870525787000000,0
workspaceModel.cachedValue.from.cache.count,1781870465787000000,1781870525787000000,0
workspaceModel.updates.precise.ms,1781870465787000000,1781870525787000000,0
workspaceModel.check.recursive.update.ms,1781870465787000000,1781870525787000000,0
workspaceModel.cachedValueWithParameters.total.get.count,1781870465787000000,1781870525787000000,0
workspaceModel.updates.ms,1781870465787000000,1781870525787000000,0
workspaceModel.collect.changes.ms,1781870465787000000,1781870525787000000,0
workspaceModel.initializing.ms,1781870465787000000,1781870525787000000,0
workspaceModel.workspaceFileIndexData.markDirty.ms,1781870465787000000,1781870525787000000,0
workspaceModel.full.replace.project.model.ms,1781870465787000000,1781870525787000000,0
workspaceModel.workspaceFileIndexData.getPackageName.ms,1781870465787000000,1781870525787000000,0
workspaceModel.on.before.changed.ms,1781870465787000000,1781870525787000000,0
workspaceModel.to.snapshot.ms,1781870465787000000,1781870525787000000,0
workspaceModel.update.unloaded.entities.ms,1781870465787000000,1781870525787000000,0
workspaceModel.init.bridges.ms,1781870465787000000,1781870525787000000,0
workspaceModel.workspaceFileIndexContributor.registerFileSets.ms,1781870465787000000,1781870525787000000,0
workspaceModel.pre.handlers.ms,1781870465787000000,1781870525787000000,0
workspaceModel.cachedValue.total.get.count,1781870465787000000,1781870525787000000,0
workspaceModel.workspaceFileIndexData.getDirectoriesByPackageName.ms,1781870465787000000,1781870525787000000,0
workspaceModel.cachedValue.calculated.count,1781870465787000000,1781870525787000000,0
workspaceModel.workspaceFileIndexData.visitFileSets.ms,1781870465787000000,1781870525787000000,0
workspaceModel.workspaceFileIndexData.getFileInfo.ms,1781870465787000000,1781870525787000000,0
workspaceModel.updates.count,1781870465787000000,1781870525787000000,0
workspaceModel.workspaceFileIndexData.updateDirtyEntities.ms,1781870465787000000,1781870525787000000,0
workspaceModel.workspaceFileIndexData.init.ms,1781870465787000000,1781870525787000000,0
workspaceModel.cachedValueWithParameters.calculated.count,1781870465787000000,1781870525787000000,0
workspaceModel.loading.from.cache.ms,1781870465787000000,1781870525787000000,0
workspaceModel.on.changed.ms,1781870465787000000,1781870525787000000,0
workspaceModel.loading.total.ms,1781870465787000000,1781870525787000000,0
workspaceModel.workspaceFileIndexData.processFileSets.ms,1781870465787000000,1781870525787000000,0
workspaceModel.cachedValueWithParameters.from.cache.count,1781870465787000000,1781870525787000000,0
workspaceModel.replace.project.model.ms,1781870465787000000,1781870525787000000,0
workspaceModel.entityStorageSnapshotImpl.instances.count,1781870465787000000,1781870525787000000,0
workspaceModel.workspaceFileIndexData.instances.count,1781870465787000000,1781870525787000000,0
workspaceModel.cachedValueWithParameters.clear.count,1781870465787000000,1781870525787000000,0
workspaceModel.workspaceFileIndexData.onEntitiesChanged.ms,1781870465787000000,1781870525787000000,0
FileChannelInterruptsRetryer.totalRetriedAttempts,1781870465787000000,1781870525787000000,0
StreamlinedBlobStorage.recordsRelocated,1781870465787000000,1781870525787000000,0
DirectByteBufferAllocator.misses,1781870465787000000,1781870525787000000,0
FilePageCache.pageLoads,1781870465787000000,1781870525787000000,0
StreamlinedBlobStorage.recordsAllocated,1781870465787000000,1781870525787000000,0
FilePageCache.uncachedFileAccess,1781870465787000000,1781870525787000000,0
DirectByteBufferAllocator.hits,1781870465787000000,1781870525787000000,0
StreamlinedBlobStorage.recordsDeleted,1781870465787000000,1781870525787000000,0
FilePageCache.maxCacheSizeInBytes,1781870465787000000,1781870525787000000,629153792
FilePageCache.pageFastCacheHits,1781870465787000000,1781870525787000000,0
FilePageCache.totalPageDisposalsUs,1781870465787000000,1781870525787000000,0
StreamlinedBlobStorage.totalLiveRecordsPayloadBytes,1781870465787000000,1781870525787000000,0
DirectByteBufferAllocator.reclaimed,1781870465787000000,1781870525787000000,0
FilePageCache.pageLoadsAboveSizeThreshold,1781870465787000000,1781870525787000000,0
DirectByteBufferAllocator.totalSizeOfBuffersCachedInBytes,1781870465787000000,1781870525787000000,55590912
MappedFileStorage.totalPagesMapped,1781870465787000000,1781870525787000000,13
StreamlinedBlobStorage.totalLiveRecordsCapacityBytes,1781870465787000000,1781870525787000000,0
StorageLockContext.competingThreads.90P,1781870465787000000,1781870525787000000,0
FilePageCache.totalPageLoadsUs,1781870465787000000,1781870525787000000,0
MappedFileStorage.totalTimeSpentOnMappingUs,1781870465787000000,1781870525787000000,73610
FilePageCache.disposedBuffers,1781870465787000000,1781870525787000000,0
FilePageCache.maxRegisteredFiles,1781870465787000000,1781870525787000000,1649
DirectByteBufferAllocator.disposed,1781870465787000000,1781870525787000000,0
StorageLockContext.competingThreads.max,1781870465787000000,1781870525787000000,0
DirectByteBufferAllocator.totalSizeOfBuffersAllocatedInBytes,1781870465787000000,1781870525787000000,0
FilePageCache.pageHits,1781870465787000000,1781870525787000000,0
FilePageCache.capacityInBytes,1781870465787000000,1781870525787000000,629145600
MappedFileStorage.totalBytesMapped,1781870465787000000,1781870525787000000,190054400
MappedFileStorage.storages,1781870465787000000,1781870525787000000,13
StorageLockContext.competingThreads.avg,1781870465787000000,1781870525787000000,0.0
compiler.ArtifactManagerBridge.addArtifact.ms,1781870465787000000,1781870525787000000,0
compiler.ArtifactManagerBridge.getArtifacts.ms,1781870465787000000,1781870525787000000,0
compiler.ArtifactManagerBridge.getArtifactsByType.ms,1781870465787000000,1781870525787000000,0
compiler.ArtifactManagerBridge.initBridges.ms,1781870465787000000,1781870525787000000,0
compiler.ArtifactManagerBridge.findArtifact.ms,1781870465787000000,1781870525787000000,0
compiler.ArtifactVirtualFileListener.filePathChanged.ms,1781870465787000000,1781870525787000000,0
compiler.ArtifactVirtualFileListener.propertyChanged.ms,1781870465787000000,1781870525787000000,0
compiler.ArtifactManagerBridge.commit.ms,1781870465787000000,1781870525787000000,0
compiler.ArtifactManagerBridge.dropMappings.ms,1781870465787000000,1781870525787000000,0
NonBlockingReadAction.finalizedExecutionsCount,1781870465787000000,1781870525787000000,0
FlushQueue.waitingTimeMaxNs,1781870465787000000,1781870525787000000,0
WriteAction.executionsCount,1781870465787000000,1781870525787000000,0
NonBlockingReadAction.failedExecutionTimeUs,1781870465787000000,1781870525787000000,0
NonBlockingReadAction.finalizedExecutionTimeUs,1781870465787000000,1781870525787000000,0
FlushQueue.waitingTime90PNs,1781870465787000000,1781870525787000000,0
AWTEventQueue.dispatchTime90PNs,1781870465787000000,1781870525787000000,0
FlushQueue.executionTimeMaxNs,1781870465787000000,1781870525787000000,0
FlushQueue.tasksExecuted,1781870465787000000,1781870525787000000,0
AWTEventQueue.dispatchTimeTotalNS,1781870465787000000,1781870525787000000,22634524
FlushQueue.executionTime90PNs,1781870465787000000,1781870525787000000,0
NonBlockingReadAction.failedExecutionsCount,1781870465787000000,1781870525787000000,0
AWTEventQueue.dispatchTimeAvgNs,1781870465787000000,1781870525787000000,0.0
FlushQueue.queueSize90P,1781870465787000000,1781870525787000000,0
FlushQueue.queueSizeAvg,1781870465787000000,1781870525787000000,0.0
FlushQueue.executionTimeAvgNs,1781870465787000000,1781870525787000000,0.0
FlushQueue.queueSizeMax,1781870465787000000,1781870525787000000,0
AWTEventQueue.eventsDispatched,1781870465787000000,1781870525787000000,0
ReadAction.executionsCount,1781870465787000000,1781870525787000000,6
FlushQueue.waitingTimeAvgNs,1781870465787000000,1781870525787000000,0.0
AWTEventQueue.dispatchTimeMaxNs,1781870465787000000,1781870525787000000,0
workspaceModel.delayed.project.synchronizer.sync.ms,1781870465787000000,1781870525787000000,0
workspaceModel.load.cache.from.file.ms,1781870465787000000,1781870525787000000,0
workspaceModel.mutableEntityStorage.add.entity.ms,1781870465787000000,1781870525787000000,0
workspaceModel.moduleBridge.facet.initialization.ms,1781870465787000000,1781870525787000000,0
jps.storage.jps.conf.reader.load.component.ms,1781870465787000000,1781870525787000000,0
workspaceModel.mutableEntityStorage.entities.ms,1781870465787000000,1781870525787000000,0
jps.global.initialize.library.bridges.ms,1781870465787000000,1781870525787000000,0
jps.facet.change.listener.init.bridge.ms,1781870465787000000,1781870525787000000,0
jps.reload.project.entities.ms,1781870465787000000,1781870525787000000,0
jps.library.entities.serializer.load.entities.ms,1781870465787000000,1781870525787000000,0
jps.global.get.library.ms,1781870465787000000,1781870525787000000,0
workspaceModel.mutableEntityStorage.put.entity.ms,1781870465787000000,1781870525787000000,0
workspaceModel.moduleManagerBridge.create.module.instance.ms,1781870465787000000,1781870525787000000,0
jps.global.handle.changed.events.ms,1781870465787000000,1781870525787000000,0
workspaceModel.save.cache.to.file.ms,1781870465787000000,1781870525787000000,0
jps.save.changed.project.entities.ms,1781870465787000000,1781870525787000000,0
workspaceModel.moduleManagerBridge.build.module.graph.ms,1781870465787000000,1781870525787000000,0
workspaceModel.mutableEntityStorage.collect.changes.ms,1781870465787000000,1781870525787000000,0
jps.load.project.to.empty.storage.ms,1781870465787000000,1781870525787000000,0
workspaceModel.mutableEntityStorage.changeLog.addReplaceEventForRemovedChild.ms,1781870465787000000,1781870525787000000,0
jps.global.handle.before.change.events.ms,1781870465787000000,1781870525787000000,0
jps.app.storage.content.reader.load.component.ms,1781870465787000000,1781870525787000000,0
workspaceModel.mutableEntityStorage.changeLog.addReplaceEventForRemovedParent.ms,1781870465787000000,1781870525787000000,0
workspaceModel.global.updates.ms,1781870465787000000,1781870525787000000,0
workspaceModel.mutableEntityStorage.changeLog.addReplaceEventForNewChild.ms,1781870465787000000,1781870525787000000,0
jps.global.get.library.by.name.ms,1781870465787000000,1781870525787000000,0
workspaceModel.mutableEntityStorage.mutable.ext.mapping.ms,1781870465787000000,1781870525787000000,0
workspaceModel.moduleManagerBridge.get.modules.ms,1781870465787000000,1781870525787000000,0
workspaceModel.mutableEntityStorage.entities.by.source.ms,1781870465787000000,1781870525787000000,0
workspaceModel.mutableEntityStorage.changeLog.addReplaceEventForNewParent.ms,1781870465787000000,1781870525787000000,0
jps.module.iml.entities.serializer.save.entities.ms,1781870465787000000,1781870525787000000,0
jps.facet.change.listener.before.change.events.ms,1781870465787000000,1781870525787000000,0
workspaceModel.mutableEntityStorage.modify.entity.ms,1781870465787000000,1781870525787000000,0
workspaceModel.mutableEntityStorage.replace.by.source.ms,1781870465787000000,1781870525787000000,0
workspaceModel.moduleBridge.before.changed.ms,1781870465787000000,1781870525787000000,0
jps.module.dependency.index.workspace.model.listener.on.changed.ms,1781870465787000000,1781870525787000000,0
workspaceModel.mutableEntityStorage.hasReferrers.ms,1781870465787000000,1781870525787000000,0
workspaceModel.moduleManagerBridge.load.module.ms,1781870465787000000,1781870525787000000,0
workspaceModel.moduleBridgeLoader.loading.modules.ms,1781870465787000000,1781870525787000000,0
jps.facet.change.listener.process.change.events.ms,1781870465787000000,1781870525787000000,0
workspaceModel.mutableEntityStorage.instances.count,1781870465787000000,1781870525787000000,0
workspaceModel.sync.entities.ms,1781870465787000000,1781870525787000000,0
workspaceModel.load.cache.metadata.from.file.ms,1781870465787000000,1781870525787000000,0
workspaceModel.orphan.listener.update.ms,1781870465787000000,1781870525787000000,0
workspaceModel.mutableEntityStorage.apply.changes.from.ms,1781870465787000000,1781870525787000000,0
jps.project.serializers.save.ms,1781870465787000000,1781870525787000000,0
jps.global.initialize.library.bridges.after.loading.ms,1781870465787000000,1781870525787000000,0
workspaceModel.mutableEntityStorage.resolve.ms,1781870465787000000,1781870525787000000,0
jps.global.get.libraries.ms,1781870465787000000,1781870525787000000,0
jps.apply.loaded.storage.ms,1781870465787000000,1781870525787000000,0
workspaceModel.mutableEntityStorage.mutable.vfurl.index.ms,1781870465787000000,1781870525787000000,0
workspaceModel.global.apply.state.to.project.builder.ms,1781870465787000000,1781870525787000000,0
workspaceModel.moduleManagerBridge.new.nonPersistent.module.ms,1781870465787000000,1781870525787000000,0
jps.load.initial.state.ms,1781870465787000000,1781870525787000000,0
jps.app.storage.content.writer.save.component.ms,1781870465787000000,1781870525787000000,0
workspaceModel.moduleManagerBridge.load.all.modules.ms,1781870465787000000,1781870525787000000,0
workspaceModel.moduleManagerBridge.set.unloadedModules.ms,1781870465787000000,1781870525787000000,0
jps.project.serializers.load.ms,1781870465787000000,1781870525787000000,0
workspaceModel.moduleManagerBridge.newModule.ms,1781870465787000000,1781870525787000000,0
workspaceModel.global.updates.count,1781870465787000000,1781870525787000000,0
workspaceModel.do.save.caches.ms,1781870465787000000,1781870525787000000,0
workspaceModel.mutableEntityStorage.remove.entity.ms,1781870465787000000,1781870525787000000,0
jps.library.entities.serializer.save.entities.ms,1781870465787000000,1781870525787000000,0
workspaceModel.moduleBridge.update.option.ms,1781870465787000000,1781870525787000000,0
workspaceModel.global.apply.state.to.project.ms,1781870465787000000,1781870525787000000,0
jps.artifact.entities.serializer.save.entities.ms,1781870465787000000,1781870525787000000,0
workspaceModel.mutableEntityStorage.to.snapshot.ms,1781870465787000000,1781870525787000000,0
workspaceModel.mutableEntityStorage.referrers.ms,1781870465787000000,1781870525787000000,0
workspaceModel.mutableEntityStorage.has.same.entities.ms,1781870465787000000,1781870525787000000,0
jps.save.global.entities.ms,1781870465787000000,1781870525787000000,0
jps.module.iml.entities.serializer.load.entities.ms,1781870465787000000,1781870525787000000,0
jps.artifact.entities.serializer.load.entities.ms,1781870465787000000,1781870525787000000,0
Indexes.stubs.lookupDurationMaxMs,1781870465787000000,1781870525787000000,0.0
Indexes.stubs.lookupDuration90PMs,1781870465787000000,1781870525787000000,0.0
Indexes.entries.lookups,1781870465787000000,1781870525787000000,0
Indexes.allKeys.lookupDurationAvgMs,1781870465787000000,1781870525787000000,0.0
Indexes.allKeys.lookupDurationMaxMs,1781870465787000000,1781870525787000000,0.0
Indexes.allKeys.lookupDuration90PMs,1781870465787000000,1781870525787000000,0.0
Indexing.writesQueuedMax,1781870465787000000,1781870525787000000,0
Indexes.entries.lookupDurationMaxMs,1781870465787000000,1781870525787000000,0.0
Indexing.cache.totalCacheAccesses,1781870465787000000,1781870525787000000,0
Indexing.writesQueuedMin,1781870465787000000,1781870525787000000,9223372036854775807
Indexing.writer_0.totalTimeSpentWritingMs,1781870465787000000,1781870525787000000,0
Indexes.stubs.lookupDurationAvgMs,1781870465787000000,1781870525787000000,0.0
Indexes.entries.lookupDurationAvgMs,1781870465787000000,1781870525787000000,0.0
Indexing.cache.totalCacheMisses,1781870465787000000,1781870525787000000,0
Indexing.writer_3.totalTimeSpentWritingMs,1781870465787000000,1781870525787000000,0
Indexes.allKeys.lookups,1781870465787000000,1781870525787000000,0
Indexing.writer_1.totalTimeSpentWritingMs,1781870465787000000,1781870525787000000,0
Indexes.entries.lookupDuration90PMs,1781870465787000000,1781870525787000000,0.0
Indexing.totalTimeIndexersSleptMs,1781870465787000000,1781870525787000000,0
Indexing.cache.totalCacheEvicted,1781870465787000000,1781870525787000000,0
Indexing.writer_2.totalTimeSpentWritingMs,1781870465787000000,1781870525787000000,0
Indexes.stubs.lookups,1781870465787000000,1781870525787000000,0
writeAction.wait.ms,1781870465787000000,1781870525787000000,0
writeAction.max.wait.ms,1781870465787000000,1781870525787000000,91
DiskQueryRelay.taskExecutionTotalTimeUs,1781870465787000000,1781870525787000000,0
DiskQueryRelay.taskWaitingTotalTimeUs,1781870465787000000,1781870525787000000,0
LowMemory.gcOverloaded,1781870465787000000,1781870525787000000,0
writeAction.median.wait.ms,1781870465787000000,1781870525787000000,0
DiskQueryRelay.tasksExecuted,1781870465787000000,1781870525787000000,0
DiskQueryRelay.tasksRequested,1781870465787000000,1781870525787000000,0
LowMemory.gcLoad,1781870465787000000,1781870525787000000,1.6853168051991932E-6
writeAction.count,1781870465787000000,1781870525787000000,0
cacheStateStorage.set.counter,1781870465787000000,1781870525787000000,0
cacheStateStorage.set.duration,1781870465787000000,1781870525787000000,0
cacheStateStorage.get.counter,1781870465787000000,1781870525787000000,0
cacheStateStorage.get.duration,1781870465787000000,1781870525787000000,0
JVM.usedNativeBytes,1781870465787000000,1781870525787000000,414027712
JVM.maxThreadCount,1781870465787000000,1781870525787000000,84
MEM.fileMappingsRamBytes,1781870465787000000,1781870525787000000,674201600
JVM.totalBytesAllocated,1781870465787000000,1781870525787000000,19096288
JVM.committedHeapBytes,1781870465787000000,1781870525787000000,452984832
JVM.totalTimeAtSafepointsMs,1781870465787000000,1781870525787000000,0
JVM.newThreadsCount,1781870465787000000,1781870525787000000,2
JVM.usedHeapBytes,1781870465787000000,1781870525787000000,374016896
OS.loadAverage,1781870465787000000,1781870525787000000,0.31201171875
MEM.ramBytes,1781870465787000000,1781870525787000000,1773993984
MEM.ramMinusFileMappingsBytes,1781870465787000000,1781870525787000000,1088651264
JVM.totalSafepointCount,1781870465787000000,1781870525787000000,0
JVM.totalDirectByteBuffersBytes,1781870465787000000,1781870525787000000,1173505
JVM.maxHeapBytes,1781870465787000000,1781870525787000000,2147483648
JVM.totalCpuTimeMs,1781870465787000000,1781870525787000000,1670
JVM.GC.collections,1781870465787000000,1781870525787000000,0
JVM.threadCount,1781870465787000000,1781870525787000000,55
MEM.ramPlusSwapMinusFileMappingsBytes,1781870465787000000,1781870525787000000,1088651264
JVM.GC.collectionTimesMs,1781870465787000000,1781870525787000000,0
JVM.totalTimeToSafepointsMs,1781870465787000000,1781870525787000000,0
VFS.contentStorage.recordsStored,1781870465787000000,1781870525787000000,0
VFS.fileChildByName,1781870465787000000,1781870525787000000,0
VFS.contentStorage.recordsDeduplicated,1781870465787000000,1781870525787000000,0
VFS.fileByIdCache.misses,1781870465787000000,1781870525787000000,0
VFS.contentStorage.recordsDecompressionTimeUs,1781870465787000000,1781870525787000000,0
VFS.contentStorage.recordsUncompressedSize,1781870465787000000,1781870525787000000,0
VFS.contentStorage.recordsReadSize,1781870465787000000,1781870525787000000,0
FileNameCache.queries,1781870465787000000,1781870525787000000,0
VFS.contentStorage.recordsStoredSize,1781870465787000000,1781870525787000000,0
FileNameCache.totalMisses,1781870465787000000,1781870525787000000,0
VFS.rootsCount,1781870465787000000,1781870525787000000,23.0
VFS.contentStorage.recordsStoredCompressed,1781870465787000000,1781870525787000000,0
VFS.invertedFileNameIndex.requests,1781870465787000000,1781870525787000000,0
VFS.cache.directoriesCreated,1781870465787000000,1781870525787000000,0
VFS.cache.segmentsCreated,1781870465787000000,1781870525787000000,0
VFS.folderCaseSensitivityReads,1781870465787000000,1781870525787000000,0
VFS.cache.filesCreated,1781870465787000000,1781870525787000000,0
VFS.fileByIdCache.hits,1781870465787000000,1781870525787000000,0
VFS.contentStorage.recordsRead,1781870465787000000,1781870525787000000,0
VFS.cache.segments,1781870465787000000,1781870525787000000,89.0
VFS.contentStorage.recordsReadDecompressed,1781870465787000000,1781870525787000000,0
workspaceModel.cachedValue.clear.count,1781870525787000000,1781870585804000000,0
workspaceModel.cachedValue.from.cache.count,1781870525787000000,1781870585804000000,11
workspaceModel.updates.precise.ms,1781870525787000000,1781870585804000000,0
workspaceModel.check.recursive.update.ms,1781870525787000000,1781870585804000000,0
workspaceModel.cachedValueWithParameters.total.get.count,1781870525787000000,1781870585804000000,0
workspaceModel.updates.ms,1781870525787000000,1781870585804000000,0
workspaceModel.collect.changes.ms,1781870525787000000,1781870585804000000,0
workspaceModel.initializing.ms,1781870525787000000,1781870585804000000,0
workspaceModel.workspaceFileIndexData.markDirty.ms,1781870525787000000,1781870585804000000,0
workspaceModel.full.replace.project.model.ms,1781870525787000000,1781870585804000000,0
workspaceModel.workspaceFileIndexData.getPackageName.ms,1781870525787000000,1781870585804000000,0
workspaceModel.on.before.changed.ms,1781870525787000000,1781870585804000000,0
workspaceModel.to.snapshot.ms,1781870525787000000,1781870585804000000,0
workspaceModel.update.unloaded.entities.ms,1781870525787000000,1781870585804000000,0
workspaceModel.init.bridges.ms,1781870525787000000,1781870585804000000,0
workspaceModel.workspaceFileIndexContributor.registerFileSets.ms,1781870525787000000,1781870585804000000,0
workspaceModel.pre.handlers.ms,1781870525787000000,1781870585804000000,0
workspaceModel.cachedValue.total.get.count,1781870525787000000,1781870585804000000,11
workspaceModel.workspaceFileIndexData.getDirectoriesByPackageName.ms,1781870525787000000,1781870585804000000,0
workspaceModel.cachedValue.calculated.count,1781870525787000000,1781870585804000000,0
workspaceModel.workspaceFileIndexData.visitFileSets.ms,1781870525787000000,1781870585804000000,0
workspaceModel.workspaceFileIndexData.getFileInfo.ms,1781870525787000000,1781870585804000000,3
workspaceModel.updates.count,1781870525787000000,1781870585804000000,0
workspaceModel.workspaceFileIndexData.updateDirtyEntities.ms,1781870525787000000,1781870585804000000,0
workspaceModel.workspaceFileIndexData.init.ms,1781870525787000000,1781870585804000000,0
workspaceModel.cachedValueWithParameters.calculated.count,1781870525787000000,1781870585804000000,0
workspaceModel.loading.from.cache.ms,1781870525787000000,1781870585804000000,0
workspaceModel.on.changed.ms,1781870525787000000,1781870585804000000,0
workspaceModel.loading.total.ms,1781870525787000000,1781870585804000000,0
workspaceModel.workspaceFileIndexData.processFileSets.ms,1781870525787000000,1781870585804000000,0
workspaceModel.cachedValueWithParameters.from.cache.count,1781870525787000000,1781870585804000000,0
workspaceModel.replace.project.model.ms,1781870525787000000,1781870585804000000,0
workspaceModel.entityStorageSnapshotImpl.instances.count,1781870525787000000,1781870585804000000,0
workspaceModel.workspaceFileIndexData.instances.count,1781870525787000000,1781870585804000000,0
workspaceModel.cachedValueWithParameters.clear.count,1781870525787000000,1781870585804000000,0
workspaceModel.workspaceFileIndexData.onEntitiesChanged.ms,1781870525787000000,1781870585804000000,0
FileChannelInterruptsRetryer.totalRetriedAttempts,1781870525787000000,1781870585804000000,0
StreamlinedBlobStorage.recordsRelocated,1781870525787000000,1781870585804000000,0
DirectByteBufferAllocator.misses,1781870525787000000,1781870585804000000,13
FilePageCache.pageLoads,1781870525787000000,1781870585804000000,13
StreamlinedBlobStorage.recordsAllocated,1781870525787000000,1781870585804000000,0
FilePageCache.uncachedFileAccess,1781870525787000000,1781870585804000000,11
DirectByteBufferAllocator.hits,1781870525787000000,1781870585804000000,0
StreamlinedBlobStorage.recordsDeleted,1781870525787000000,1781870585804000000,0
FilePageCache.maxCacheSizeInBytes,1781870525787000000,1781870585804000000,629153792
FilePageCache.pageFastCacheHits,1781870525787000000,1781870585804000000,20
FilePageCache.totalPageDisposalsUs,1781870525787000000,1781870585804000000,58
StreamlinedBlobStorage.totalLiveRecordsPayloadBytes,1781870525787000000,1781870585804000000,0
DirectByteBufferAllocator.reclaimed,1781870525787000000,1781870585804000000,0
FilePageCache.pageLoadsAboveSizeThreshold,1781870525787000000,1781870585804000000,0
DirectByteBufferAllocator.totalSizeOfBuffersCachedInBytes,1781870525787000000,1781870585804000000,55590912
MappedFileStorage.totalPagesMapped,1781870525787000000,1781870585804000000,13
StreamlinedBlobStorage.totalLiveRecordsCapacityBytes,1781870525787000000,1781870585804000000,0
StorageLockContext.competingThreads.90P,1781870525787000000,1781870585804000000,0
FilePageCache.totalPageLoadsUs,1781870525787000000,1781870585804000000,24498
MappedFileStorage.totalTimeSpentOnMappingUs,1781870525787000000,1781870585804000000,73610
FilePageCache.disposedBuffers,1781870525787000000,1781870585804000000,0
FilePageCache.maxRegisteredFiles,1781870525787000000,1781870585804000000,1649
DirectByteBufferAllocator.disposed,1781870525787000000,1781870585804000000,0
StorageLockContext.competingThreads.max,1781870525787000000,1781870585804000000,0
DirectByteBufferAllocator.totalSizeOfBuffersAllocatedInBytes,1781870525787000000,1781870585804000000,13631488
FilePageCache.pageHits,1781870525787000000,1781870585804000000,0
FilePageCache.capacityInBytes,1781870525787000000,1781870585804000000,629145600
MappedFileStorage.totalBytesMapped,1781870525787000000,1781870585804000000,190054400
MappedFileStorage.storages,1781870525787000000,1781870585804000000,13
StorageLockContext.competingThreads.avg,1781870525787000000,1781870585804000000,0.0
compiler.ArtifactManagerBridge.addArtifact.ms,1781870525787000000,1781870585804000000,0
compiler.ArtifactManagerBridge.getArtifacts.ms,1781870525787000000,1781870585804000000,0
compiler.ArtifactManagerBridge.getArtifactsByType.ms,1781870525787000000,1781870585804000000,0
compiler.ArtifactManagerBridge.initBridges.ms,1781870525787000000,1781870585804000000,0
compiler.ArtifactManagerBridge.findArtifact.ms,1781870525787000000,1781870585804000000,0
compiler.ArtifactVirtualFileListener.filePathChanged.ms,1781870525787000000,1781870585804000000,0
compiler.ArtifactVirtualFileListener.propertyChanged.ms,1781870525787000000,1781870585804000000,0
compiler.ArtifactManagerBridge.commit.ms,1781870525787000000,1781870585804000000,0
compiler.ArtifactManagerBridge.dropMappings.ms,1781870525787000000,1781870585804000000,0
NonBlockingReadAction.finalizedExecutionsCount,1781870525787000000,1781870585804000000,79
FlushQueue.waitingTimeMaxNs,1781870525787000000,1781870585804000000,1343487
WriteAction.executionsCount,1781870525787000000,1781870585804000000,2
NonBlockingReadAction.failedExecutionTimeUs,1781870525787000000,1781870585804000000,0
NonBlockingReadAction.finalizedExecutionTimeUs,1781870525787000000,1781870585804000000,275212
FlushQueue.waitingTime90PNs,1781870525787000000,1781870585804000000,1343487
AWTEventQueue.dispatchTime90PNs,1781870525787000000,1781870585804000000,5865471
FlushQueue.executionTimeMaxNs,1781870525787000000,1781870585804000000,5505023
FlushQueue.tasksExecuted,1781870525787000000,1781870585804000000,1
AWTEventQueue.dispatchTimeTotalNS,1781870525787000000,1781870585804000000,2002150379
FlushQueue.executionTime90PNs,1781870525787000000,1781870585804000000,5505023
NonBlockingReadAction.failedExecutionsCount,1781870525787000000,1781870585804000000,0
AWTEventQueue.dispatchTimeAvgNs,1781870525787000000,1781870585804000000,3011328.0
FlushQueue.queueSize90P,1781870525787000000,1781870585804000000,0
FlushQueue.queueSizeAvg,1781870525787000000,1781870585804000000,0.0
FlushQueue.executionTimeAvgNs,1781870525787000000,1781870585804000000,5488640.0
FlushQueue.queueSizeMax,1781870525787000000,1781870585804000000,0
AWTEventQueue.eventsDispatched,1781870525787000000,1781870585804000000,2
ReadAction.executionsCount,1781870525787000000,1781870585804000000,1710
FlushQueue.waitingTimeAvgNs,1781870525787000000,1781870585804000000,1339392.0
AWTEventQueue.dispatchTimeMaxNs,1781870525787000000,1781870585804000000,5865471
workspaceModel.delayed.project.synchronizer.sync.ms,1781870525787000000,1781870585804000000,0
workspaceModel.load.cache.from.file.ms,1781870525787000000,1781870585804000000,0
workspaceModel.mutableEntityStorage.add.entity.ms,1781870525787000000,1781870585804000000,0
workspaceModel.moduleBridge.facet.initialization.ms,1781870525787000000,1781870585804000000,0
jps.storage.jps.conf.reader.load.component.ms,1781870525787000000,1781870585804000000,0
workspaceModel.mutableEntityStorage.entities.ms,1781870525787000000,1781870585804000000,0
jps.global.initialize.library.bridges.ms,1781870525787000000,1781870585804000000,0
jps.facet.change.listener.init.bridge.ms,1781870525787000000,1781870585804000000,0
jps.reload.project.entities.ms,1781870525787000000,1781870585804000000,0
jps.library.entities.serializer.load.entities.ms,1781870525787000000,1781870585804000000,0
jps.global.get.library.ms,1781870525787000000,1781870585804000000,0
workspaceModel.mutableEntityStorage.put.entity.ms,1781870525787000000,1781870585804000000,0
workspaceModel.moduleManagerBridge.create.module.instance.ms,1781870525787000000,1781870585804000000,0
jps.global.handle.changed.events.ms,1781870525787000000,1781870585804000000,0
workspaceModel.save.cache.to.file.ms,1781870525787000000,1781870585804000000,0
jps.save.changed.project.entities.ms,1781870525787000000,1781870585804000000,0
workspaceModel.moduleManagerBridge.build.module.graph.ms,1781870525787000000,1781870585804000000,0
workspaceModel.mutableEntityStorage.collect.changes.ms,1781870525787000000,1781870585804000000,0
jps.load.project.to.empty.storage.ms,1781870525787000000,1781870585804000000,0
workspaceModel.mutableEntityStorage.changeLog.addReplaceEventForRemovedChild.ms,1781870525787000000,1781870585804000000,0
jps.global.handle.before.change.events.ms,1781870525787000000,1781870585804000000,0
jps.app.storage.content.reader.load.component.ms,1781870525787000000,1781870585804000000,0
workspaceModel.mutableEntityStorage.changeLog.addReplaceEventForRemovedParent.ms,1781870525787000000,1781870585804000000,0
workspaceModel.global.updates.ms,1781870525787000000,1781870585804000000,0
workspaceModel.mutableEntityStorage.changeLog.addReplaceEventForNewChild.ms,1781870525787000000,1781870585804000000,0
jps.global.get.library.by.name.ms,1781870525787000000,1781870585804000000,0
workspaceModel.mutableEntityStorage.mutable.ext.mapping.ms,1781870525787000000,1781870585804000000,0
workspaceModel.moduleManagerBridge.get.modules.ms,1781870525787000000,1781870585804000000,0
workspaceModel.mutableEntityStorage.entities.by.source.ms,1781870525787000000,1781870585804000000,0
workspaceModel.mutableEntityStorage.changeLog.addReplaceEventForNewParent.ms,1781870525787000000,1781870585804000000,0
jps.module.iml.entities.serializer.save.entities.ms,1781870525787000000,1781870585804000000,0
jps.facet.change.listener.before.change.events.ms,1781870525787000000,1781870585804000000,0
workspaceModel.mutableEntityStorage.modify.entity.ms,1781870525787000000,1781870585804000000,0
workspaceModel.mutableEntityStorage.replace.by.source.ms,1781870525787000000,1781870585804000000,0
workspaceModel.moduleBridge.before.changed.ms,1781870525787000000,1781870585804000000,0
jps.module.dependency.index.workspace.model.listener.on.changed.ms,1781870525787000000,1781870585804000000,0
workspaceModel.mutableEntityStorage.hasReferrers.ms,1781870525787000000,1781870585804000000,0
workspaceModel.moduleManagerBridge.load.module.ms,1781870525787000000,1781870585804000000,0
workspaceModel.moduleBridgeLoader.loading.modules.ms,1781870525787000000,1781870585804000000,0
jps.facet.change.listener.process.change.events.ms,1781870525787000000,1781870585804000000,0
workspaceModel.mutableEntityStorage.instances.count,1781870525787000000,1781870585804000000,0
workspaceModel.sync.entities.ms,1781870525787000000,1781870585804000000,0
workspaceModel.load.cache.metadata.from.file.ms,1781870525787000000,1781870585804000000,0
workspaceModel.orphan.listener.update.ms,1781870525787000000,1781870585804000000,0
workspaceModel.mutableEntityStorage.apply.changes.from.ms,1781870525787000000,1781870585804000000,0
jps.project.serializers.save.ms,1781870525787000000,1781870585804000000,0
jps.global.initialize.library.bridges.after.loading.ms,1781870525787000000,1781870585804000000,0
workspaceModel.mutableEntityStorage.resolve.ms,1781870525787000000,1781870585804000000,0
jps.global.get.libraries.ms,1781870525787000000,1781870585804000000,0
jps.apply.loaded.storage.ms,1781870525787000000,1781870585804000000,0
workspaceModel.mutableEntityStorage.mutable.vfurl.index.ms,1781870525787000000,1781870585804000000,0
workspaceModel.global.apply.state.to.project.builder.ms,1781870525787000000,1781870585804000000,0
workspaceModel.moduleManagerBridge.new.nonPersistent.module.ms,1781870525787000000,1781870585804000000,0
jps.load.initial.state.ms,1781870525787000000,1781870585804000000,0
jps.app.storage.content.writer.save.component.ms,1781870525787000000,1781870585804000000,1
workspaceModel.moduleManagerBridge.load.all.modules.ms,1781870525787000000,1781870585804000000,0
workspaceModel.moduleManagerBridge.set.unloadedModules.ms,1781870525787000000,1781870585804000000,0
jps.project.serializers.load.ms,1781870525787000000,1781870585804000000,0
workspaceModel.moduleManagerBridge.newModule.ms,1781870525787000000,1781870585804000000,0
workspaceModel.global.updates.count,1781870525787000000,1781870585804000000,0
workspaceModel.do.save.caches.ms,1781870525787000000,1781870585804000000,0
workspaceModel.mutableEntityStorage.remove.entity.ms,1781870525787000000,1781870585804000000,0
jps.library.entities.serializer.save.entities.ms,1781870525787000000,1781870585804000000,0
workspaceModel.moduleBridge.update.option.ms,1781870525787000000,1781870585804000000,0
workspaceModel.global.apply.state.to.project.ms,1781870525787000000,1781870585804000000,0
jps.artifact.entities.serializer.save.entities.ms,1781870525787000000,1781870585804000000,0
workspaceModel.mutableEntityStorage.to.snapshot.ms,1781870525787000000,1781870585804000000,0
workspaceModel.mutableEntityStorage.referrers.ms,1781870525787000000,1781870585804000000,0
workspaceModel.mutableEntityStorage.has.same.entities.ms,1781870525787000000,1781870585804000000,0
jps.save.global.entities.ms,1781870525787000000,1781870585804000000,2
jps.module.iml.entities.serializer.load.entities.ms,1781870525787000000,1781870585804000000,0
jps.artifact.entities.serializer.load.entities.ms,1781870525787000000,1781870585804000000,0
Indexes.stubs.lookupDurationMaxMs,1781870525787000000,1781870585804000000,0.0
Indexes.stubs.lookupDuration90PMs,1781870525787000000,1781870585804000000,0.0
Indexes.entries.lookups,1781870525787000000,1781870585804000000,1
Indexes.allKeys.lookupDurationAvgMs,1781870525787000000,1781870585804000000,0.0
Indexes.allKeys.lookupDurationMaxMs,1781870525787000000,1781870585804000000,0.0
Indexes.allKeys.lookupDuration90PMs,1781870525787000000,1781870585804000000,0.0
Indexing.writesQueuedMax,1781870525787000000,1781870585804000000,0
Indexes.entries.lookupDurationMaxMs,1781870525787000000,1781870585804000000,0.0
Indexing.cache.totalCacheAccesses,1781870525787000000,1781870585804000000,241
Indexing.writesQueuedMin,1781870525787000000,1781870585804000000,9223372036854775807
Indexing.writer_0.totalTimeSpentWritingMs,1781870525787000000,1781870585804000000,0
Indexes.stubs.lookupDurationAvgMs,1781870525787000000,1781870585804000000,0.0
Indexes.entries.lookupDurationAvgMs,1781870525787000000,1781870585804000000,0.0
Indexing.cache.totalCacheMisses,1781870525787000000,1781870585804000000,33
Indexing.writer_3.totalTimeSpentWritingMs,1781870525787000000,1781870585804000000,0
Indexes.allKeys.lookups,1781870525787000000,1781870585804000000,0
Indexing.writer_1.totalTimeSpentWritingMs,1781870525787000000,1781870585804000000,0
Indexes.entries.lookupDuration90PMs,1781870525787000000,1781870585804000000,0.0
Indexing.totalTimeIndexersSleptMs,1781870525787000000,1781870585804000000,0
Indexing.cache.totalCacheEvicted,1781870525787000000,1781870585804000000,20
Indexing.writer_2.totalTimeSpentWritingMs,1781870525787000000,1781870585804000000,0
Indexes.stubs.lookups,1781870525787000000,1781870585804000000,206
writeAction.wait.ms,1781870525787000000,1781870585804000000,40
lexer.JAVA.size.bytes,1781870525787000000,1781870585804000000,13152
writeAction.max.wait.ms,1781870525787000000,1781870585804000000,91
DiskQueryRelay.taskExecutionTotalTimeUs,1781870525787000000,1781870585804000000,1059
DiskQueryRelay.taskWaitingTotalTimeUs,1781870525787000000,1781870585804000000,3269
LowMemory.gcOverloaded,1781870525787000000,1781870585804000000,0
lexer.JAVA.time.ns,1781870525787000000,1781870585804000000,89125038
writeAction.median.wait.ms,1781870525787000000,1781870585804000000,0
parser.JAVA.time.ns,1781870525787000000,1781870585804000000,41793637
DiskQueryRelay.tasksExecuted,1781870525787000000,1781870585804000000,10
DiskQueryRelay.tasksRequested,1781870525787000000,1781870585804000000,9
LowMemory.gcLoad,1781870525787000000,1781870585804000000,8.652224295345857E-7
writeAction.count,1781870525787000000,1781870585804000000,2
parser.JAVA.size.bytes,1781870525787000000,1781870585804000000,13152
cacheStateStorage.set.counter,1781870525787000000,1781870585804000000,10
cacheStateStorage.set.duration,1781870525787000000,1781870585804000000,9
cacheStateStorage.get.counter,1781870525787000000,1781870585804000000,2
cacheStateStorage.get.duration,1781870525787000000,1781870585804000000,5
JVM.usedNativeBytes,1781870525787000000,1781870585804000000,427985688
JVM.maxThreadCount,1781870525787000000,1781870585804000000,84
MEM.fileMappingsRamBytes,1781870525787000000,1781870585804000000,688488448
JVM.totalBytesAllocated,1781870525787000000,1781870585804000000,132516464
JVM.committedHeapBytes,1781870525787000000,1781870585804000000,452984832
JVM.totalTimeAtSafepointsMs,1781870525787000000,1781870585804000000,28
JVM.newThreadsCount,1781870525787000000,1781870585804000000,10
JVM.usedHeapBytes,1781870525787000000,1781870585804000000,281927944
OS.loadAverage,1781870525787000000,1781870585804000000,0.11279296875
MEM.ramBytes,1781870525787000000,1781870585804000000,1824718848
MEM.ramMinusFileMappingsBytes,1781870525787000000,1781870585804000000,1125089280
JVM.totalSafepointCount,1781870525787000000,1781870585804000000,2
JVM.totalDirectByteBuffersBytes,1781870525787000000,1781870585804000000,14804993
JVM.maxHeapBytes,1781870525787000000,1781870585804000000,2147483648
JVM.totalCpuTimeMs,1781870525787000000,1781870585804000000,10530
JVM.GC.collections,1781870525787000000,1781870585804000000,2
JVM.threadCount,1781870525787000000,1781870585804000000,65
MEM.ramPlusSwapMinusFileMappingsBytes,1781870525787000000,1781870585804000000,1125089280
JVM.GC.collectionTimesMs,1781870525787000000,1781870585804000000,29
JVM.totalTimeToSafepointsMs,1781870525787000000,1781870585804000000,1
VFS.contentStorage.recordsStored,1781870525787000000,1781870585804000000,0
VFS.fileChildByName,1781870525787000000,1781870585804000000,1798
VFS.contentStorage.recordsDeduplicated,1781870525787000000,1781870585804000000,0
VFS.fileByIdCache.misses,1781870525787000000,1781870585804000000,5
VFS.contentStorage.recordsDecompressionTimeUs,1781870525787000000,1781870585804000000,26
VFS.contentStorage.recordsUncompressedSize,1781870525787000000,1781870585804000000,0
VFS.contentStorage.recordsReadSize,1781870525787000000,1781870585804000000,9499
FileNameCache.queries,1781870525787000000,1781870585804000000,0
VFS.contentStorage.recordsStoredSize,1781870525787000000,1781870585804000000,0
FileNameCache.totalMisses,1781870525787000000,1781870585804000000,0
VFS.rootsCount,1781870525787000000,1781870585804000000,23.0
VFS.contentStorage.recordsStoredCompressed,1781870525787000000,1781870585804000000,0
VFS.invertedFileNameIndex.requests,1781870525787000000,1781870585804000000,2
VFS.cache.directoriesCreated,1781870525787000000,1781870585804000000,0
VFS.cache.segmentsCreated,1781870525787000000,1781870585804000000,0
VFS.folderCaseSensitivityReads,1781870525787000000,1781870585804000000,0
VFS.cache.filesCreated,1781870525787000000,1781870585804000000,16
VFS.fileByIdCache.hits,1781870525787000000,1781870585804000000,0
VFS.contentStorage.recordsRead,1781870525787000000,1781870585804000000,1
VFS.cache.segments,1781870525787000000,1781870585804000000,89.0
VFS.contentStorage.recordsReadDecompressed,1781870525787000000,1781870585804000000,1
workspaceModel.cachedValue.clear.count,1781870585804000000,1781870645795000000,0
workspaceModel.cachedValue.from.cache.count,1781870585804000000,1781870645795000000,1
workspaceModel.updates.precise.ms,1781870585804000000,1781870645795000000,0
workspaceModel.check.recursive.update.ms,1781870585804000000,1781870645795000000,0
workspaceModel.cachedValueWithParameters.total.get.count,1781870585804000000,1781870645795000000,0
workspaceModel.updates.ms,1781870585804000000,1781870645795000000,0
workspaceModel.collect.changes.ms,1781870585804000000,1781870645795000000,0
workspaceModel.initializing.ms,1781870585804000000,1781870645795000000,0
workspaceModel.workspaceFileIndexData.markDirty.ms,1781870585804000000,1781870645795000000,0
workspaceModel.full.replace.project.model.ms,1781870585804000000,1781870645795000000,0
workspaceModel.workspaceFileIndexData.getPackageName.ms,1781870585804000000,1781870645795000000,0
workspaceModel.on.before.changed.ms,1781870585804000000,1781870645795000000,0
workspaceModel.to.snapshot.ms,1781870585804000000,1781870645795000000,0
workspaceModel.update.unloaded.entities.ms,1781870585804000000,1781870645795000000,0
workspaceModel.init.bridges.ms,1781870585804000000,1781870645795000000,0
workspaceModel.workspaceFileIndexContributor.registerFileSets.ms,1781870585804000000,1781870645795000000,0
workspaceModel.pre.handlers.ms,1781870585804000000,1781870645795000000,0
workspaceModel.cachedValue.total.get.count,1781870585804000000,1781870645795000000,1
workspaceModel.workspaceFileIndexData.getDirectoriesByPackageName.ms,1781870585804000000,1781870645795000000,0
workspaceModel.cachedValue.calculated.count,1781870585804000000,1781870645795000000,0
workspaceModel.workspaceFileIndexData.visitFileSets.ms,1781870585804000000,1781870645795000000,0
workspaceModel.workspaceFileIndexData.getFileInfo.ms,1781870585804000000,1781870645795000000,2
workspaceModel.updates.count,1781870585804000000,1781870645795000000,0
workspaceModel.workspaceFileIndexData.updateDirtyEntities.ms,1781870585804000000,1781870645795000000,0
workspaceModel.workspaceFileIndexData.init.ms,1781870585804000000,1781870645795000000,0
workspaceModel.cachedValueWithParameters.calculated.count,1781870585804000000,1781870645795000000,0
workspaceModel.loading.from.cache.ms,1781870585804000000,1781870645795000000,0
workspaceModel.on.changed.ms,1781870585804000000,1781870645795000000,0
workspaceModel.loading.total.ms,1781870585804000000,1781870645795000000,0
workspaceModel.workspaceFileIndexData.processFileSets.ms,1781870585804000000,1781870645795000000,0
workspaceModel.cachedValueWithParameters.from.cache.count,1781870585804000000,1781870645795000000,0
workspaceModel.replace.project.model.ms,1781870585804000000,1781870645795000000,0
workspaceModel.entityStorageSnapshotImpl.instances.count,1781870585804000000,1781870645795000000,0
workspaceModel.workspaceFileIndexData.instances.count,1781870585804000000,1781870645795000000,0
workspaceModel.cachedValueWithParameters.clear.count,1781870585804000000,1781870645795000000,0
workspaceModel.workspaceFileIndexData.onEntitiesChanged.ms,1781870585804000000,1781870645795000000,0
FileChannelInterruptsRetryer.totalRetriedAttempts,1781870585804000000,1781870645795000000,0
StreamlinedBlobStorage.recordsRelocated,1781870585804000000,1781870645795000000,0
DirectByteBufferAllocator.misses,1781870585804000000,1781870645795000000,3
FilePageCache.pageLoads,1781870585804000000,1781870645795000000,3
StreamlinedBlobStorage.recordsAllocated,1781870585804000000,1781870645795000000,0
FilePageCache.uncachedFileAccess,1781870585804000000,1781870645795000000,6
DirectByteBufferAllocator.hits,1781870585804000000,1781870645795000000,0
StreamlinedBlobStorage.recordsDeleted,1781870585804000000,1781870645795000000,0
FilePageCache.maxCacheSizeInBytes,1781870585804000000,1781870645795000000,629153792
FilePageCache.pageFastCacheHits,1781870585804000000,1781870645795000000,50
FilePageCache.totalPageDisposalsUs,1781870585804000000,1781870645795000000,6
StreamlinedBlobStorage.totalLiveRecordsPayloadBytes,1781870585804000000,1781870645795000000,0
DirectByteBufferAllocator.reclaimed,1781870585804000000,1781870645795000000,16
FilePageCache.pageLoadsAboveSizeThreshold,1781870585804000000,1781870645795000000,0
DirectByteBufferAllocator.totalSizeOfBuffersCachedInBytes,1781870585804000000,1781870645795000000,69246976
MappedFileStorage.totalPagesMapped,1781870585804000000,1781870645795000000,13
StreamlinedBlobStorage.totalLiveRecordsCapacityBytes,1781870585804000000,1781870645795000000,0
StorageLockContext.competingThreads.90P,1781870585804000000,1781870645795000000,0
FilePageCache.totalPageLoadsUs,1781870585804000000,1781870645795000000,294
MappedFileStorage.totalTimeSpentOnMappingUs,1781870585804000000,1781870645795000000,73610
FilePageCache.disposedBuffers,1781870585804000000,1781870645795000000,16
FilePageCache.maxRegisteredFiles,1781870585804000000,1781870645795000000,1649
DirectByteBufferAllocator.disposed,1781870585804000000,1781870645795000000,16
StorageLockContext.competingThreads.max,1781870585804000000,1781870645795000000,0
DirectByteBufferAllocator.totalSizeOfBuffersAllocatedInBytes,1781870585804000000,1781870645795000000,0
FilePageCache.pageHits,1781870585804000000,1781870645795000000,0
FilePageCache.capacityInBytes,1781870585804000000,1781870645795000000,629145600
MappedFileStorage.totalBytesMapped,1781870585804000000,1781870645795000000,190054400
MappedFileStorage.storages,1781870585804000000,1781870645795000000,13
StorageLockContext.competingThreads.avg,1781870585804000000,1781870645795000000,0.0
compiler.ArtifactManagerBridge.addArtifact.ms,1781870585804000000,1781870645795000000,0
compiler.ArtifactManagerBridge.getArtifacts.ms,1781870585804000000,1781870645795000000,0
compiler.ArtifactManagerBridge.getArtifactsByType.ms,1781870585804000000,1781870645795000000,0
compiler.ArtifactManagerBridge.initBridges.ms,1781870585804000000,1781870645795000000,0
compiler.ArtifactManagerBridge.findArtifact.ms,1781870585804000000,1781870645795000000,0
compiler.ArtifactVirtualFileListener.filePathChanged.ms,1781870585804000000,1781870645795000000,0
compiler.ArtifactVirtualFileListener.propertyChanged.ms,1781870585804000000,1781870645795000000,0
compiler.ArtifactManagerBridge.commit.ms,1781870585804000000,1781870645795000000,0
compiler.ArtifactManagerBridge.dropMappings.ms,1781870585804000000,1781870645795000000,0
NonBlockingReadAction.finalizedExecutionsCount,1781870585804000000,1781870645795000000,31
FlushQueue.waitingTimeMaxNs,1781870585804000000,1781870645795000000,0
WriteAction.executionsCount,1781870585804000000,1781870645795000000,2
NonBlockingReadAction.failedExecutionTimeUs,1781870585804000000,1781870645795000000,0
NonBlockingReadAction.finalizedExecutionTimeUs,1781870585804000000,1781870645795000000,68902
FlushQueue.waitingTime90PNs,1781870585804000000,1781870645795000000,0
AWTEventQueue.dispatchTime90PNs,1781870585804000000,1781870645795000000,0
FlushQueue.executionTimeMaxNs,1781870585804000000,1781870645795000000,0
FlushQueue.tasksExecuted,1781870585804000000,1781870645795000000,0
AWTEventQueue.dispatchTimeTotalNS,1781870585804000000,1781870645795000000,1290802405
FlushQueue.executionTime90PNs,1781870585804000000,1781870645795000000,0
NonBlockingReadAction.failedExecutionsCount,1781870585804000000,1781870645795000000,0
AWTEventQueue.dispatchTimeAvgNs,1781870585804000000,1781870645795000000,0.0
FlushQueue.queueSize90P,1781870585804000000,1781870645795000000,0
FlushQueue.queueSizeAvg,1781870585804000000,1781870645795000000,0.0
FlushQueue.executionTimeAvgNs,1781870585804000000,1781870645795000000,0.0
FlushQueue.queueSizeMax,1781870585804000000,1781870645795000000,0
AWTEventQueue.eventsDispatched,1781870585804000000,1781870645795000000,0
ReadAction.executionsCount,1781870585804000000,1781870645795000000,1393
FlushQueue.waitingTimeAvgNs,1781870585804000000,1781870645795000000,0.0
AWTEventQueue.dispatchTimeMaxNs,1781870585804000000,1781870645795000000,0
workspaceModel.delayed.project.synchronizer.sync.ms,1781870585804000000,1781870645795000000,0
workspaceModel.load.cache.from.file.ms,1781870585804000000,1781870645795000000,0
workspaceModel.mutableEntityStorage.add.entity.ms,1781870585804000000,1781870645795000000,0
workspaceModel.moduleBridge.facet.initialization.ms,1781870585804000000,1781870645795000000,0
jps.storage.jps.conf.reader.load.component.ms,1781870585804000000,1781870645795000000,0
workspaceModel.mutableEntityStorage.entities.ms,1781870585804000000,1781870645795000000,0
jps.global.initialize.library.bridges.ms,1781870585804000000,1781870645795000000,0
jps.facet.change.listener.init.bridge.ms,1781870585804000000,1781870645795000000,0
jps.reload.project.entities.ms,1781870585804000000,1781870645795000000,0
jps.library.entities.serializer.load.entities.ms,1781870585804000000,1781870645795000000,0
jps.global.get.library.ms,1781870585804000000,1781870645795000000,0
workspaceModel.mutableEntityStorage.put.entity.ms,1781870585804000000,1781870645795000000,0
workspaceModel.moduleManagerBridge.create.module.instance.ms,1781870585804000000,1781870645795000000,0
jps.global.handle.changed.events.ms,1781870585804000000,1781870645795000000,0
workspaceModel.save.cache.to.file.ms,1781870585804000000,1781870645795000000,0
jps.save.changed.project.entities.ms,1781870585804000000,1781870645795000000,0
workspaceModel.moduleManagerBridge.build.module.graph.ms,1781870585804000000,1781870645795000000,0
workspaceModel.mutableEntityStorage.collect.changes.ms,1781870585804000000,1781870645795000000,0
jps.load.project.to.empty.storage.ms,1781870585804000000,1781870645795000000,0
workspaceModel.mutableEntityStorage.changeLog.addReplaceEventForRemovedChild.ms,1781870585804000000,1781870645795000000,0
jps.global.handle.before.change.events.ms,1781870585804000000,1781870645795000000,0
jps.app.storage.content.reader.load.component.ms,1781870585804000000,1781870645795000000,0
workspaceModel.mutableEntityStorage.changeLog.addReplaceEventForRemovedParent.ms,1781870585804000000,1781870645795000000,0
workspaceModel.global.updates.ms,1781870585804000000,1781870645795000000,0
workspaceModel.mutableEntityStorage.changeLog.addReplaceEventForNewChild.ms,1781870585804000000,1781870645795000000,0
jps.global.get.library.by.name.ms,1781870585804000000,1781870645795000000,0
workspaceModel.mutableEntityStorage.mutable.ext.mapping.ms,1781870585804000000,1781870645795000000,0
workspaceModel.moduleManagerBridge.get.modules.ms,1781870585804000000,1781870645795000000,0
workspaceModel.mutableEntityStorage.entities.by.source.ms,1781870585804000000,1781870645795000000,0
workspaceModel.mutableEntityStorage.changeLog.addReplaceEventForNewParent.ms,1781870585804000000,1781870645795000000,0
jps.module.iml.entities.serializer.save.entities.ms,1781870585804000000,1781870645795000000,0
jps.facet.change.listener.before.change.events.ms,1781870585804000000,1781870645795000000,0
workspaceModel.mutableEntityStorage.modify.entity.ms,1781870585804000000,1781870645795000000,0
workspaceModel.mutableEntityStorage.replace.by.source.ms,1781870585804000000,1781870645795000000,0
workspaceModel.moduleBridge.before.changed.ms,1781870585804000000,1781870645795000000,0
jps.module.dependency.index.workspace.model.listener.on.changed.ms,1781870585804000000,1781870645795000000,0
workspaceModel.mutableEntityStorage.hasReferrers.ms,1781870585804000000,1781870645795000000,0
workspaceModel.moduleManagerBridge.load.module.ms,1781870585804000000,1781870645795000000,0
workspaceModel.moduleBridgeLoader.loading.modules.ms,1781870585804000000,1781870645795000000,0
jps.facet.change.listener.process.change.events.ms,1781870585804000000,1781870645795000000,0
workspaceModel.mutableEntityStorage.instances.count,1781870585804000000,1781870645795000000,0
workspaceModel.sync.entities.ms,1781870585804000000,1781870645795000000,0
workspaceModel.load.cache.metadata.from.file.ms,1781870585804000000,1781870645795000000,0
workspaceModel.orphan.listener.update.ms,1781870585804000000,1781870645795000000,0
workspaceModel.mutableEntityStorage.apply.changes.from.ms,1781870585804000000,1781870645795000000,0
jps.project.serializers.save.ms,1781870585804000000,1781870645795000000,0
jps.global.initialize.library.bridges.after.loading.ms,1781870585804000000,1781870645795000000,0
workspaceModel.mutableEntityStorage.resolve.ms,1781870585804000000,1781870645795000000,0
jps.global.get.libraries.ms,1781870585804000000,1781870645795000000,0
jps.apply.loaded.storage.ms,1781870585804000000,1781870645795000000,0
workspaceModel.mutableEntityStorage.mutable.vfurl.index.ms,1781870585804000000,1781870645795000000,0
workspaceModel.global.apply.state.to.project.builder.ms,1781870585804000000,1781870645795000000,0
workspaceModel.moduleManagerBridge.new.nonPersistent.module.ms,1781870585804000000,1781870645795000000,0
jps.load.initial.state.ms,1781870585804000000,1781870645795000000,0
jps.app.storage.content.writer.save.component.ms,1781870585804000000,1781870645795000000,1
workspaceModel.moduleManagerBridge.load.all.modules.ms,1781870585804000000,1781870645795000000,0
workspaceModel.moduleManagerBridge.set.unloadedModules.ms,1781870585804000000,1781870645795000000,0
jps.project.serializers.load.ms,1781870585804000000,1781870645795000000,0
workspaceModel.moduleManagerBridge.newModule.ms,1781870585804000000,1781870645795000000,0
workspaceModel.global.updates.count,1781870585804000000,1781870645795000000,0
workspaceModel.do.save.caches.ms,1781870585804000000,1781870645795000000,0
workspaceModel.mutableEntityStorage.remove.entity.ms,1781870585804000000,1781870645795000000,0
jps.library.entities.serializer.save.entities.ms,1781870585804000000,1781870645795000000,0
workspaceModel.moduleBridge.update.option.ms,1781870585804000000,1781870645795000000,0
workspaceModel.global.apply.state.to.project.ms,1781870585804000000,1781870645795000000,0
jps.artifact.entities.serializer.save.entities.ms,1781870585804000000,1781870645795000000,0
workspaceModel.mutableEntityStorage.to.snapshot.ms,1781870585804000000,1781870645795000000,0
workspaceModel.mutableEntityStorage.referrers.ms,1781870585804000000,1781870645795000000,0
workspaceModel.mutableEntityStorage.has.same.entities.ms,1781870585804000000,1781870645795000000,0
jps.save.global.entities.ms,1781870585804000000,1781870645795000000,1
jps.module.iml.entities.serializer.load.entities.ms,1781870585804000000,1781870645795000000,0
jps.artifact.entities.serializer.load.entities.ms,1781870585804000000,1781870645795000000,0
Indexes.stubs.lookupDurationMaxMs,1781870585804000000,1781870645795000000,0.0
Indexes.stubs.lookupDuration90PMs,1781870585804000000,1781870645795000000,0.0
Indexes.entries.lookups,1781870585804000000,1781870645795000000,0
Indexes.allKeys.lookupDurationAvgMs,1781870585804000000,1781870645795000000,0.0
Indexes.allKeys.lookupDurationMaxMs,1781870585804000000,1781870645795000000,0.0
Indexes.allKeys.lookupDuration90PMs,1781870585804000000,1781870645795000000,0.0
Indexing.writesQueuedMax,1781870585804000000,1781870645795000000,0
Indexes.entries.lookupDurationMaxMs,1781870585804000000,1781870645795000000,0.0
Indexing.cache.totalCacheAccesses,1781870585804000000,1781870645795000000,0
Indexing.writesQueuedMin,1781870585804000000,1781870645795000000,9223372036854775807
Indexing.writer_0.totalTimeSpentWritingMs,1781870585804000000,1781870645795000000,0
Indexes.stubs.lookupDurationAvgMs,1781870585804000000,1781870645795000000,0.0
Indexes.entries.lookupDurationAvgMs,1781870585804000000,1781870645795000000,0.0
Indexing.cache.totalCacheMisses,1781870585804000000,1781870645795000000,0
Indexing.writer_3.totalTimeSpentWritingMs,1781870585804000000,1781870645795000000,0
Indexes.allKeys.lookups,1781870585804000000,1781870645795000000,0
Indexing.writer_1.totalTimeSpentWritingMs,1781870585804000000,1781870645795000000,0
Indexes.entries.lookupDuration90PMs,1781870585804000000,1781870645795000000,0.0
Indexing.totalTimeIndexersSleptMs,1781870585804000000,1781870645795000000,0
Indexing.cache.totalCacheEvicted,1781870585804000000,1781870645795000000,0
Indexing.writer_2.totalTimeSpentWritingMs,1781870585804000000,1781870645795000000,0
Indexes.stubs.lookups,1781870585804000000,1781870645795000000,0
writeAction.wait.ms,1781870585804000000,1781870645795000000,1
writeAction.max.wait.ms,1781870585804000000,1781870645795000000,91
DiskQueryRelay.taskExecutionTotalTimeUs,1781870585804000000,1781870645795000000,3193
DiskQueryRelay.taskWaitingTotalTimeUs,1781870585804000000,1781870645795000000,4005
LowMemory.gcOverloaded,1781870585804000000,1781870645795000000,0
writeAction.median.wait.ms,1781870585804000000,1781870645795000000,0
DiskQueryRelay.tasksExecuted,1781870585804000000,1781870645795000000,12
DiskQueryRelay.tasksRequested,1781870585804000000,1781870645795000000,13
LowMemory.gcLoad,1781870585804000000,1781870645795000000,0.001135746282056998
writeAction.count,1781870585804000000,1781870645795000000,2
cacheStateStorage.set.counter,1781870585804000000,1781870645795000000,0
cacheStateStorage.set.duration,1781870585804000000,1781870645795000000,0
cacheStateStorage.get.counter,1781870585804000000,1781870645795000000,0
cacheStateStorage.get.duration,1781870585804000000,1781870645795000000,0
JVM.usedNativeBytes,1781870585804000000,1781870645795000000,418055256
JVM.maxThreadCount,1781870585804000000,1781870645795000000,84
MEM.fileMappingsRamBytes,1781870585804000000,1781870645795000000,691372032
JVM.totalBytesAllocated,1781870585804000000,1781870645795000000,86765472
JVM.committedHeapBytes,1781870585804000000,1781870645795000000,458227712
JVM.totalTimeAtSafepointsMs,1781870585804000000,1781870645795000000,180
JVM.newThreadsCount,1781870585804000000,1781870645795000000,0
JVM.usedHeapBytes,1781870585804000000,1781870645795000000,349302792
OS.loadAverage,1781870585804000000,1781870645795000000,0.29248046875
MEM.ramBytes,1781870585804000000,1781870645795000000,1818238976
MEM.ramMinusFileMappingsBytes,1781870585804000000,1781870645795000000,1115725824
JVM.totalSafepointCount,1781870585804000000,1781870645795000000,3
JVM.totalDirectByteBuffersBytes,1781870585804000000,1781870645795000000,1173505
JVM.maxHeapBytes,1781870585804000000,1781870645795000000,2147483648
JVM.totalCpuTimeMs,1781870585804000000,1781870645795000000,8540
JVM.GC.collections,1781870585804000000,1781870645795000000,3
JVM.threadCount,1781870585804000000,1781870645795000000,65
MEM.ramPlusSwapMinusFileMappingsBytes,1781870585804000000,1781870645795000000,1115725824
JVM.GC.collectionTimesMs,1781870585804000000,1781870645795000000,179
JVM.totalTimeToSafepointsMs,1781870585804000000,1781870645795000000,0
VFS.contentStorage.recordsStored,1781870585804000000,1781870645795000000,0
VFS.fileChildByName,1781870585804000000,1781870645795000000,2928
VFS.contentStorage.recordsDeduplicated,1781870585804000000,1781870645795000000,0
VFS.fileByIdCache.misses,1781870585804000000,1781870645795000000,0
VFS.contentStorage.recordsDecompressionTimeUs,1781870585804000000,1781870645795000000,0
VFS.contentStorage.recordsUncompressedSize,1781870585804000000,1781870645795000000,0
VFS.contentStorage.recordsReadSize,1781870585804000000,1781870645795000000,0
FileNameCache.queries,1781870585804000000,1781870645795000000,0
VFS.contentStorage.recordsStoredSize,1781870585804000000,1781870645795000000,0
FileNameCache.totalMisses,1781870585804000000,1781870645795000000,0
VFS.rootsCount,1781870585804000000,1781870645795000000,23.0
VFS.contentStorage.recordsStoredCompressed,1781870585804000000,1781870645795000000,0
VFS.invertedFileNameIndex.requests,1781870585804000000,1781870645795000000,0
VFS.cache.directoriesCreated,1781870585804000000,1781870645795000000,0
VFS.cache.segmentsCreated,1781870585804000000,1781870645795000000,0
VFS.folderCaseSensitivityReads,1781870585804000000,1781870645795000000,0
VFS.cache.filesCreated,1781870585804000000,1781870645795000000,42
VFS.fileByIdCache.hits,1781870585804000000,1781870645795000000,0
VFS.contentStorage.recordsRead,1781870585804000000,1781870645795000000,0
VFS.cache.segments,1781870585804000000,1781870645795000000,89.0
VFS.contentStorage.recordsReadDecompressed,1781870585804000000,1781870645795000000,0
workspaceModel.cachedValue.clear.count,1781870645795000000,1781870705786000000,0
workspaceModel.cachedValue.from.cache.count,1781870645795000000,1781870705786000000,0
workspaceModel.updates.precise.ms,1781870645795000000,1781870705786000000,0
workspaceModel.check.recursive.update.ms,1781870645795000000,1781870705786000000,0
workspaceModel.cachedValueWithParameters.total.get.count,1781870645795000000,1781870705786000000,0
workspaceModel.updates.ms,1781870645795000000,1781870705786000000,0
workspaceModel.collect.changes.ms,1781870645795000000,1781870705786000000,0
workspaceModel.initializing.ms,1781870645795000000,1781870705786000000,0
workspaceModel.workspaceFileIndexData.markDirty.ms,1781870645795000000,1781870705786000000,0
workspaceModel.full.replace.project.model.ms,1781870645795000000,1781870705786000000,0
workspaceModel.workspaceFileIndexData.getPackageName.ms,1781870645795000000,1781870705786000000,0
workspaceModel.on.before.changed.ms,1781870645795000000,1781870705786000000,0
workspaceModel.to.snapshot.ms,1781870645795000000,1781870705786000000,0
workspaceModel.update.unloaded.entities.ms,1781870645795000000,1781870705786000000,0
workspaceModel.init.bridges.ms,1781870645795000000,1781870705786000000,0
workspaceModel.workspaceFileIndexContributor.registerFileSets.ms,1781870645795000000,1781870705786000000,0
workspaceModel.pre.handlers.ms,1781870645795000000,1781870705786000000,0
workspaceModel.cachedValue.total.get.count,1781870645795000000,1781870705786000000,0
workspaceModel.workspaceFileIndexData.getDirectoriesByPackageName.ms,1781870645795000000,1781870705786000000,0
workspaceModel.cachedValue.calculated.count,1781870645795000000,1781870705786000000,0
workspaceModel.workspaceFileIndexData.visitFileSets.ms,1781870645795000000,1781870705786000000,2
workspaceModel.workspaceFileIndexData.getFileInfo.ms,1781870645795000000,1781870705786000000,5
workspaceModel.updates.count,1781870645795000000,1781870705786000000,0
workspaceModel.workspaceFileIndexData.updateDirtyEntities.ms,1781870645795000000,1781870705786000000,0
workspaceModel.workspaceFileIndexData.init.ms,1781870645795000000,1781870705786000000,0
workspaceModel.cachedValueWithParameters.calculated.count,1781870645795000000,1781870705786000000,0
workspaceModel.loading.from.cache.ms,1781870645795000000,1781870705786000000,0
workspaceModel.on.changed.ms,1781870645795000000,1781870705786000000,0
workspaceModel.loading.total.ms,1781870645795000000,1781870705786000000,0
workspaceModel.workspaceFileIndexData.processFileSets.ms,1781870645795000000,1781870705786000000,0
workspaceModel.cachedValueWithParameters.from.cache.count,1781870645795000000,1781870705786000000,0
workspaceModel.replace.project.model.ms,1781870645795000000,1781870705786000000,0
workspaceModel.entityStorageSnapshotImpl.instances.count,1781870645795000000,1781870705786000000,0
workspaceModel.workspaceFileIndexData.instances.count,1781870645795000000,1781870705786000000,0
workspaceModel.cachedValueWithParameters.clear.count,1781870645795000000,1781870705786000000,0
workspaceModel.workspaceFileIndexData.onEntitiesChanged.ms,1781870645795000000,1781870705786000000,0
FileChannelInterruptsRetryer.totalRetriedAttempts,1781870645795000000,1781870705786000000,0
StreamlinedBlobStorage.recordsRelocated,1781870645795000000,1781870705786000000,0
DirectByteBufferAllocator.misses,1781870645795000000,1781870705786000000,0
FilePageCache.pageLoads,1781870645795000000,1781870705786000000,0
StreamlinedBlobStorage.recordsAllocated,1781870645795000000,1781870705786000000,0
FilePageCache.uncachedFileAccess,1781870645795000000,1781870705786000000,0
DirectByteBufferAllocator.hits,1781870645795000000,1781870705786000000,0
StreamlinedBlobStorage.recordsDeleted,1781870645795000000,1781870705786000000,0
FilePageCache.maxCacheSizeInBytes,1781870645795000000,1781870705786000000,629153792
FilePageCache.pageFastCacheHits,1781870645795000000,1781870705786000000,0
FilePageCache.totalPageDisposalsUs,1781870645795000000,1781870705786000000,0
StreamlinedBlobStorage.totalLiveRecordsPayloadBytes,1781870645795000000,1781870705786000000,0
DirectByteBufferAllocator.reclaimed,1781870645795000000,1781870705786000000,0
FilePageCache.pageLoadsAboveSizeThreshold,1781870645795000000,1781870705786000000,0
DirectByteBufferAllocator.totalSizeOfBuffersCachedInBytes,1781870645795000000,1781870705786000000,69246976
MappedFileStorage.totalPagesMapped,1781870645795000000,1781870705786000000,13
StreamlinedBlobStorage.totalLiveRecordsCapacityBytes,1781870645795000000,1781870705786000000,0
StorageLockContext.competingThreads.90P,1781870645795000000,1781870705786000000,0
FilePageCache.totalPageLoadsUs,1781870645795000000,1781870705786000000,0
MappedFileStorage.totalTimeSpentOnMappingUs,1781870645795000000,1781870705786000000,73610
FilePageCache.disposedBuffers,1781870645795000000,1781870705786000000,0
FilePageCache.maxRegisteredFiles,1781870645795000000,1781870705786000000,1649
DirectByteBufferAllocator.disposed,1781870645795000000,1781870705786000000,0
StorageLockContext.competingThreads.max,1781870645795000000,1781870705786000000,0
DirectByteBufferAllocator.totalSizeOfBuffersAllocatedInBytes,1781870645795000000,1781870705786000000,0
FilePageCache.pageHits,1781870645795000000,1781870705786000000,0
FilePageCache.capacityInBytes,1781870645795000000,1781870705786000000,629145600
MappedFileStorage.totalBytesMapped,1781870645795000000,1781870705786000000,190054400
MappedFileStorage.storages,1781870645795000000,1781870705786000000,13
StorageLockContext.competingThreads.avg,1781870645795000000,1781870705786000000,0.0
compiler.ArtifactManagerBridge.addArtifact.ms,1781870645795000000,1781870705786000000,0
compiler.ArtifactManagerBridge.getArtifacts.ms,1781870645795000000,1781870705786000000,0
compiler.ArtifactManagerBridge.getArtifactsByType.ms,1781870645795000000,1781870705786000000,0
compiler.ArtifactManagerBridge.initBridges.ms,1781870645795000000,1781870705786000000,0
compiler.ArtifactManagerBridge.findArtifact.ms,1781870645795000000,1781870705786000000,0
compiler.ArtifactVirtualFileListener.filePathChanged.ms,1781870645795000000,1781870705786000000,0
compiler.ArtifactVirtualFileListener.propertyChanged.ms,1781870645795000000,1781870705786000000,0
compiler.ArtifactManagerBridge.commit.ms,1781870645795000000,1781870705786000000,0
compiler.ArtifactManagerBridge.dropMappings.ms,1781870645795000000,1781870705786000000,0
NonBlockingReadAction.finalizedExecutionsCount,1781870645795000000,1781870705786000000,1
FlushQueue.waitingTimeMaxNs,1781870645795000000,1781870705786000000,0
WriteAction.executionsCount,1781870645795000000,1781870705786000000,0
NonBlockingReadAction.failedExecutionTimeUs,1781870645795000000,1781870705786000000,0
NonBlockingReadAction.finalizedExecutionTimeUs,1781870645795000000,1781870705786000000,3546
FlushQueue.waitingTime90PNs,1781870645795000000,1781870705786000000,0
AWTEventQueue.dispatchTime90PNs,1781870645795000000,1781870705786000000,0
FlushQueue.executionTimeMaxNs,1781870645795000000,1781870705786000000,0
FlushQueue.tasksExecuted,1781870645795000000,1781870705786000000,0
AWTEventQueue.dispatchTimeTotalNS,1781870645795000000,1781870705786000000,27058656
FlushQueue.executionTime90PNs,1781870645795000000,1781870705786000000,0
NonBlockingReadAction.failedExecutionsCount,1781870645795000000,1781870705786000000,0
AWTEventQueue.dispatchTimeAvgNs,1781870645795000000,1781870705786000000,0.0
FlushQueue.queueSize90P,1781870645795000000,1781870705786000000,0
FlushQueue.queueSizeAvg,1781870645795000000,1781870705786000000,0.0
FlushQueue.executionTimeAvgNs,1781870645795000000,1781870705786000000,0.0
FlushQueue.queueSizeMax,1781870645795000000,1781870705786000000,0
AWTEventQueue.eventsDispatched,1781870645795000000,1781870705786000000,0
ReadAction.executionsCount,1781870645795000000,1781870705786000000,29804
FlushQueue.waitingTimeAvgNs,1781870645795000000,1781870705786000000,0.0
AWTEventQueue.dispatchTimeMaxNs,1781870645795000000,1781870705786000000,0
workspaceModel.delayed.project.synchronizer.sync.ms,1781870645795000000,1781870705786000000,0
workspaceModel.load.cache.from.file.ms,1781870645795000000,1781870705786000000,0
workspaceModel.mutableEntityStorage.add.entity.ms,1781870645795000000,1781870705786000000,0
workspaceModel.moduleBridge.facet.initialization.ms,1781870645795000000,1781870705786000000,0
jps.storage.jps.conf.reader.load.component.ms,1781870645795000000,1781870705786000000,0
workspaceModel.mutableEntityStorage.entities.ms,1781870645795000000,1781870705786000000,0
jps.global.initialize.library.bridges.ms,1781870645795000000,1781870705786000000,0
jps.facet.change.listener.init.bridge.ms,1781870645795000000,1781870705786000000,0
jps.reload.project.entities.ms,1781870645795000000,1781870705786000000,0
jps.library.entities.serializer.load.entities.ms,1781870645795000000,1781870705786000000,0
jps.global.get.library.ms,1781870645795000000,1781870705786000000,0
workspaceModel.mutableEntityStorage.put.entity.ms,1781870645795000000,1781870705786000000,0
workspaceModel.moduleManagerBridge.create.module.instance.ms,1781870645795000000,1781870705786000000,0
jps.global.handle.changed.events.ms,1781870645795000000,1781870705786000000,0
workspaceModel.save.cache.to.file.ms,1781870645795000000,1781870705786000000,0
jps.save.changed.project.entities.ms,1781870645795000000,1781870705786000000,0
workspaceModel.moduleManagerBridge.build.module.graph.ms,1781870645795000000,1781870705786000000,0
workspaceModel.mutableEntityStorage.collect.changes.ms,1781870645795000000,1781870705786000000,0
jps.load.project.to.empty.storage.ms,1781870645795000000,1781870705786000000,0
workspaceModel.mutableEntityStorage.changeLog.addReplaceEventForRemovedChild.ms,1781870645795000000,1781870705786000000,0
jps.global.handle.before.change.events.ms,1781870645795000000,1781870705786000000,0
jps.app.storage.content.reader.load.component.ms,1781870645795000000,1781870705786000000,0
workspaceModel.mutableEntityStorage.changeLog.addReplaceEventForRemovedParent.ms,1781870645795000000,1781870705786000000,0
workspaceModel.global.updates.ms,1781870645795000000,1781870705786000000,0
workspaceModel.mutableEntityStorage.changeLog.addReplaceEventForNewChild.ms,1781870645795000000,1781870705786000000,0
jps.global.get.library.by.name.ms,1781870645795000000,1781870705786000000,0
workspaceModel.mutableEntityStorage.mutable.ext.mapping.ms,1781870645795000000,1781870705786000000,0
workspaceModel.moduleManagerBridge.get.modules.ms,1781870645795000000,1781870705786000000,0
workspaceModel.mutableEntityStorage.entities.by.source.ms,1781870645795000000,1781870705786000000,0
workspaceModel.mutableEntityStorage.changeLog.addReplaceEventForNewParent.ms,1781870645795000000,1781870705786000000,0
jps.module.iml.entities.serializer.save.entities.ms,1781870645795000000,1781870705786000000,0
jps.facet.change.listener.before.change.events.ms,1781870645795000000,1781870705786000000,0
workspaceModel.mutableEntityStorage.modify.entity.ms,1781870645795000000,1781870705786000000,0
workspaceModel.mutableEntityStorage.replace.by.source.ms,1781870645795000000,1781870705786000000,0
workspaceModel.moduleBridge.before.changed.ms,1781870645795000000,1781870705786000000,0
jps.module.dependency.index.workspace.model.listener.on.changed.ms,1781870645795000000,1781870705786000000,0
workspaceModel.mutableEntityStorage.hasReferrers.ms,1781870645795000000,1781870705786000000,0
workspaceModel.moduleManagerBridge.load.module.ms,1781870645795000000,1781870705786000000,0
workspaceModel.moduleBridgeLoader.loading.modules.ms,1781870645795000000,1781870705786000000,0
jps.facet.change.listener.process.change.events.ms,1781870645795000000,1781870705786000000,0
workspaceModel.mutableEntityStorage.instances.count,1781870645795000000,1781870705786000000,0
workspaceModel.sync.entities.ms,1781870645795000000,1781870705786000000,0
workspaceModel.load.cache.metadata.from.file.ms,1781870645795000000,1781870705786000000,0
workspaceModel.orphan.listener.update.ms,1781870645795000000,1781870705786000000,0
workspaceModel.mutableEntityStorage.apply.changes.from.ms,1781870645795000000,1781870705786000000,0
jps.project.serializers.save.ms,1781870645795000000,1781870705786000000,0
jps.global.initialize.library.bridges.after.loading.ms,1781870645795000000,1781870705786000000,0
workspaceModel.mutableEntityStorage.resolve.ms,1781870645795000000,1781870705786000000,0
jps.global.get.libraries.ms,1781870645795000000,1781870705786000000,0
jps.apply.loaded.storage.ms,1781870645795000000,1781870705786000000,0
workspaceModel.mutableEntityStorage.mutable.vfurl.index.ms,1781870645795000000,1781870705786000000,0
workspaceModel.global.apply.state.to.project.builder.ms,1781870645795000000,1781870705786000000,0
workspaceModel.moduleManagerBridge.new.nonPersistent.module.ms,1781870645795000000,1781870705786000000,0
jps.load.initial.state.ms,1781870645795000000,1781870705786000000,0
jps.app.storage.content.writer.save.component.ms,1781870645795000000,1781870705786000000,0
workspaceModel.moduleManagerBridge.load.all.modules.ms,1781870645795000000,1781870705786000000,0
workspaceModel.moduleManagerBridge.set.unloadedModules.ms,1781870645795000000,1781870705786000000,0
jps.project.serializers.load.ms,1781870645795000000,1781870705786000000,0
workspaceModel.moduleManagerBridge.newModule.ms,1781870645795000000,1781870705786000000,0
workspaceModel.global.updates.count,1781870645795000000,1781870705786000000,0
workspaceModel.do.save.caches.ms,1781870645795000000,1781870705786000000,0
workspaceModel.mutableEntityStorage.remove.entity.ms,1781870645795000000,1781870705786000000,0
jps.library.entities.serializer.save.entities.ms,1781870645795000000,1781870705786000000,0
workspaceModel.moduleBridge.update.option.ms,1781870645795000000,1781870705786000000,0
workspaceModel.global.apply.state.to.project.ms,1781870645795000000,1781870705786000000,0
jps.artifact.entities.serializer.save.entities.ms,1781870645795000000,1781870705786000000,0
workspaceModel.mutableEntityStorage.to.snapshot.ms,1781870645795000000,1781870705786000000,0
workspaceModel.mutableEntityStorage.referrers.ms,1781870645795000000,1781870705786000000,0
workspaceModel.mutableEntityStorage.has.same.entities.ms,1781870645795000000,1781870705786000000,0
jps.save.global.entities.ms,1781870645795000000,1781870705786000000,0
jps.module.iml.entities.serializer.load.entities.ms,1781870645795000000,1781870705786000000,0
jps.artifact.entities.serializer.load.entities.ms,1781870645795000000,1781870705786000000,0
Indexes.stubs.lookupDurationMaxMs,1781870645795000000,1781870705786000000,0.0
Indexes.stubs.lookupDuration90PMs,1781870645795000000,1781870705786000000,0.0
Indexes.entries.lookups,1781870645795000000,1781870705786000000,0
Indexes.allKeys.lookupDurationAvgMs,1781870645795000000,1781870705786000000,0.0
Indexes.allKeys.lookupDurationMaxMs,1781870645795000000,1781870705786000000,0.0
Indexes.allKeys.lookupDuration90PMs,1781870645795000000,1781870705786000000,0.0
Indexing.writesQueuedMax,1781870645795000000,1781870705786000000,0
Indexes.entries.lookupDurationMaxMs,1781870645795000000,1781870705786000000,0.0
Indexing.cache.totalCacheAccesses,1781870645795000000,1781870705786000000,0
Indexing.writesQueuedMin,1781870645795000000,1781870705786000000,9223372036854775807
Indexing.writer_0.totalTimeSpentWritingMs,1781870645795000000,1781870705786000000,0
Indexes.stubs.lookupDurationAvgMs,1781870645795000000,1781870705786000000,0.0
Indexes.entries.lookupDurationAvgMs,1781870645795000000,1781870705786000000,0.0
Indexing.cache.totalCacheMisses,1781870645795000000,1781870705786000000,0
Indexing.writer_3.totalTimeSpentWritingMs,1781870645795000000,1781870705786000000,0
Indexes.allKeys.lookups,1781870645795000000,1781870705786000000,0
Indexing.writer_1.totalTimeSpentWritingMs,1781870645795000000,1781870705786000000,0
Indexes.entries.lookupDuration90PMs,1781870645795000000,1781870705786000000,0.0
Indexing.totalTimeIndexersSleptMs,1781870645795000000,1781870705786000000,0
Indexing.cache.totalCacheEvicted,1781870645795000000,1781870705786000000,0
Indexing.writer_2.totalTimeSpentWritingMs,1781870645795000000,1781870705786000000,0
Indexes.stubs.lookups,1781870645795000000,1781870705786000000,0
writeAction.wait.ms,1781870645795000000,1781870705786000000,0
writeAction.max.wait.ms,1781870645795000000,1781870705786000000,91
DiskQueryRelay.taskExecutionTotalTimeUs,1781870645795000000,1781870705786000000,0
DiskQueryRelay.taskWaitingTotalTimeUs,1781870645795000000,1781870705786000000,0
LowMemory.gcOverloaded,1781870645795000000,1781870705786000000,0
writeAction.median.wait.ms,1781870645795000000,1781870705786000000,0
DiskQueryRelay.tasksExecuted,1781870645795000000,1781870705786000000,0
DiskQueryRelay.tasksRequested,1781870645795000000,1781870705786000000,0
LowMemory.gcLoad,1781870645795000000,1781870705786000000,5.830791898975237E-4
writeAction.count,1781870645795000000,1781870705786000000,0
cacheStateStorage.set.counter,1781870645795000000,1781870705786000000,0
cacheStateStorage.set.duration,1781870645795000000,1781870705786000000,0
cacheStateStorage.get.counter,1781870645795000000,1781870705786000000,0
cacheStateStorage.get.duration,1781870645795000000,1781870705786000000,0
JVM.usedNativeBytes,1781870645795000000,1781870705786000000,418490832
JVM.maxThreadCount,1781870645795000000,1781870705786000000,84
MEM.fileMappingsRamBytes,1781870645795000000,1781870705786000000,691372032
JVM.totalBytesAllocated,1781870645795000000,1781870705786000000,33857880
JVM.committedHeapBytes,1781870645795000000,1781870705786000000,458227712
JVM.totalTimeAtSafepointsMs,1781870645795000000,1781870705786000000,0
JVM.newThreadsCount,1781870645795000000,1781870705786000000,0
JVM.usedHeapBytes,1781870645795000000,1781870705786000000,382857224
OS.loadAverage,1781870645795000000,1781870705786000000,0.45751953125
MEM.ramBytes,1781870645795000000,1781870705786000000,1818079232
MEM.ramMinusFileMappingsBytes,1781870645795000000,1781870705786000000,1115566080
JVM.totalSafepointCount,1781870645795000000,1781870705786000000,0
JVM.totalDirectByteBuffersBytes,1781870645795000000,1781870705786000000,1173505
JVM.maxHeapBytes,1781870645795000000,1781870705786000000,2147483648
JVM.totalCpuTimeMs,1781870645795000000,1781870705786000000,2180
JVM.GC.collections,1781870645795000000,1781870705786000000,0
JVM.threadCount,1781870645795000000,1781870705786000000,53
MEM.ramPlusSwapMinusFileMappingsBytes,1781870645795000000,1781870705786000000,1115566080
JVM.GC.collectionTimesMs,1781870645795000000,1781870705786000000,0
JVM.totalTimeToSafepointsMs,1781870645795000000,1781870705786000000,0
VFS.contentStorage.recordsStored,1781870645795000000,1781870705786000000,0
VFS.fileChildByName,1781870645795000000,1781870705786000000,35
VFS.contentStorage.recordsDeduplicated,1781870645795000000,1781870705786000000,0
VFS.fileByIdCache.misses,1781870645795000000,1781870705786000000,0
VFS.contentStorage.recordsDecompressionTimeUs,1781870645795000000,1781870705786000000,0
VFS.contentStorage.recordsUncompressedSize,1781870645795000000,1781870705786000000,0
VFS.contentStorage.recordsReadSize,1781870645795000000,1781870705786000000,0
FileNameCache.queries,1781870645795000000,1781870705786000000,64
VFS.contentStorage.recordsStoredSize,1781870645795000000,1781870705786000000,0
FileNameCache.totalMisses,1781870645795000000,1781870705786000000,0
VFS.rootsCount,1781870645795000000,1781870705786000000,23.0
VFS.contentStorage.recordsStoredCompressed,1781870645795000000,1781870705786000000,0
VFS.invertedFileNameIndex.requests,1781870645795000000,1781870705786000000,0
VFS.cache.directoriesCreated,1781870645795000000,1781870705786000000,0
VFS.cache.segmentsCreated,1781870645795000000,1781870705786000000,0
VFS.folderCaseSensitivityReads,1781870645795000000,1781870705786000000,0
VFS.cache.filesCreated,1781870645795000000,1781870705786000000,28756
VFS.fileByIdCache.hits,1781870645795000000,1781870705786000000,0
VFS.contentStorage.recordsRead,1781870645795000000,1781870705786000000,0
VFS.cache.segments,1781870645795000000,1781870705786000000,89.0
VFS.contentStorage.recordsReadDecompressed,1781870645795000000,1781870705786000000,0
workspaceModel.cachedValue.clear.count,1781870705786000000,1781870765789000000,0
workspaceModel.cachedValue.from.cache.count,1781870705786000000,1781870765789000000,0
workspaceModel.updates.precise.ms,1781870705786000000,1781870765789000000,0
workspaceModel.check.recursive.update.ms,1781870705786000000,1781870765789000000,0
workspaceModel.cachedValueWithParameters.total.get.count,1781870705786000000,1781870765789000000,0
workspaceModel.updates.ms,1781870705786000000,1781870765789000000,0
workspaceModel.collect.changes.ms,1781870705786000000,1781870765789000000,0
workspaceModel.initializing.ms,1781870705786000000,1781870765789000000,0
workspaceModel.workspaceFileIndexData.markDirty.ms,1781870705786000000,1781870765789000000,0
workspaceModel.full.replace.project.model.ms,1781870705786000000,1781870765789000000,0
workspaceModel.workspaceFileIndexData.getPackageName.ms,1781870705786000000,1781870765789000000,0
workspaceModel.on.before.changed.ms,1781870705786000000,1781870765789000000,0
workspaceModel.to.snapshot.ms,1781870705786000000,1781870765789000000,0
workspaceModel.update.unloaded.entities.ms,1781870705786000000,1781870765789000000,0
workspaceModel.init.bridges.ms,1781870705786000000,1781870765789000000,0
workspaceModel.workspaceFileIndexContributor.registerFileSets.ms,1781870705786000000,1781870765789000000,0
workspaceModel.pre.handlers.ms,1781870705786000000,1781870765789000000,0
workspaceModel.cachedValue.total.get.count,1781870705786000000,1781870765789000000,0
workspaceModel.workspaceFileIndexData.getDirectoriesByPackageName.ms,1781870705786000000,1781870765789000000,0
workspaceModel.cachedValue.calculated.count,1781870705786000000,1781870765789000000,0
workspaceModel.workspaceFileIndexData.visitFileSets.ms,1781870705786000000,1781870765789000000,0
workspaceModel.workspaceFileIndexData.getFileInfo.ms,1781870705786000000,1781870765789000000,1
workspaceModel.updates.count,1781870705786000000,1781870765789000000,0
workspaceModel.workspaceFileIndexData.updateDirtyEntities.ms,1781870705786000000,1781870765789000000,0
workspaceModel.workspaceFileIndexData.init.ms,1781870705786000000,1781870765789000000,0
workspaceModel.cachedValueWithParameters.calculated.count,1781870705786000000,1781870765789000000,0
workspaceModel.loading.from.cache.ms,1781870705786000000,1781870765789000000,0
workspaceModel.on.changed.ms,1781870705786000000,1781870765789000000,0
workspaceModel.loading.total.ms,1781870705786000000,1781870765789000000,0
workspaceModel.workspaceFileIndexData.processFileSets.ms,1781870705786000000,1781870765789000000,0
workspaceModel.cachedValueWithParameters.from.cache.count,1781870705786000000,1781870765789000000,0
workspaceModel.replace.project.model.ms,1781870705786000000,1781870765789000000,0
workspaceModel.entityStorageSnapshotImpl.instances.count,1781870705786000000,1781870765789000000,0
workspaceModel.workspaceFileIndexData.instances.count,1781870705786000000,1781870765789000000,0
workspaceModel.cachedValueWithParameters.clear.count,1781870705786000000,1781870765789000000,0
workspaceModel.workspaceFileIndexData.onEntitiesChanged.ms,1781870705786000000,1781870765789000000,0
FileChannelInterruptsRetryer.totalRetriedAttempts,1781870705786000000,1781870765789000000,0
StreamlinedBlobStorage.recordsRelocated,1781870705786000000,1781870765789000000,0
DirectByteBufferAllocator.misses,1781870705786000000,1781870765789000000,0
FilePageCache.pageLoads,1781870705786000000,1781870765789000000,0
StreamlinedBlobStorage.recordsAllocated,1781870705786000000,1781870765789000000,0
FilePageCache.uncachedFileAccess,1781870705786000000,1781870765789000000,0
DirectByteBufferAllocator.hits,1781870705786000000,1781870765789000000,0
StreamlinedBlobStorage.recordsDeleted,1781870705786000000,1781870765789000000,0
FilePageCache.maxCacheSizeInBytes,1781870705786000000,1781870765789000000,629153792
FilePageCache.pageFastCacheHits,1781870705786000000,1781870765789000000,0
FilePageCache.totalPageDisposalsUs,1781870705786000000,1781870765789000000,0
StreamlinedBlobStorage.totalLiveRecordsPayloadBytes,1781870705786000000,1781870765789000000,0
DirectByteBufferAllocator.reclaimed,1781870705786000000,1781870765789000000,0
FilePageCache.pageLoadsAboveSizeThreshold,1781870705786000000,1781870765789000000,0
DirectByteBufferAllocator.totalSizeOfBuffersCachedInBytes,1781870705786000000,1781870765789000000,69246976
MappedFileStorage.totalPagesMapped,1781870705786000000,1781870765789000000,13
StreamlinedBlobStorage.totalLiveRecordsCapacityBytes,1781870705786000000,1781870765789000000,0
StorageLockContext.competingThreads.90P,1781870705786000000,1781870765789000000,0
FilePageCache.totalPageLoadsUs,1781870705786000000,1781870765789000000,0
MappedFileStorage.totalTimeSpentOnMappingUs,1781870705786000000,1781870765789000000,73610
FilePageCache.disposedBuffers,1781870705786000000,1781870765789000000,0
FilePageCache.maxRegisteredFiles,1781870705786000000,1781870765789000000,1649
DirectByteBufferAllocator.disposed,1781870705786000000,1781870765789000000,0
StorageLockContext.competingThreads.max,1781870705786000000,1781870765789000000,0
DirectByteBufferAllocator.totalSizeOfBuffersAllocatedInBytes,1781870705786000000,1781870765789000000,0
FilePageCache.pageHits,1781870705786000000,1781870765789000000,0
FilePageCache.capacityInBytes,1781870705786000000,1781870765789000000,629145600
MappedFileStorage.totalBytesMapped,1781870705786000000,1781870765789000000,190054400
MappedFileStorage.storages,1781870705786000000,1781870765789000000,13
StorageLockContext.competingThreads.avg,1781870705786000000,1781870765789000000,0.0
compiler.ArtifactManagerBridge.addArtifact.ms,1781870705786000000,1781870765789000000,0
compiler.ArtifactManagerBridge.getArtifacts.ms,1781870705786000000,1781870765789000000,0
compiler.ArtifactManagerBridge.getArtifactsByType.ms,1781870705786000000,1781870765789000000,0
compiler.ArtifactManagerBridge.initBridges.ms,1781870705786000000,1781870765789000000,0
compiler.ArtifactManagerBridge.findArtifact.ms,1781870705786000000,1781870765789000000,0
compiler.ArtifactVirtualFileListener.filePathChanged.ms,1781870705786000000,1781870765789000000,0
compiler.ArtifactVirtualFileListener.propertyChanged.ms,1781870705786000000,1781870765789000000,0
compiler.ArtifactManagerBridge.commit.ms,1781870705786000000,1781870765789000000,0
compiler.ArtifactManagerBridge.dropMappings.ms,1781870705786000000,1781870765789000000,0
NonBlockingReadAction.finalizedExecutionsCount,1781870705786000000,1781870765789000000,4
FlushQueue.waitingTimeMaxNs,1781870705786000000,1781870765789000000,0
WriteAction.executionsCount,1781870705786000000,1781870765789000000,1
NonBlockingReadAction.failedExecutionTimeUs,1781870705786000000,1781870765789000000,0
NonBlockingReadAction.finalizedExecutionTimeUs,1781870705786000000,1781870765789000000,1154
FlushQueue.waitingTime90PNs,1781870705786000000,1781870765789000000,0
AWTEventQueue.dispatchTime90PNs,1781870705786000000,1781870765789000000,0
FlushQueue.executionTimeMaxNs,1781870705786000000,1781870765789000000,0
FlushQueue.tasksExecuted,1781870705786000000,1781870765789000000,0
AWTEventQueue.dispatchTimeTotalNS,1781870705786000000,1781870765789000000,1507127470
FlushQueue.executionTime90PNs,1781870705786000000,1781870765789000000,0
NonBlockingReadAction.failedExecutionsCount,1781870705786000000,1781870765789000000,0
AWTEventQueue.dispatchTimeAvgNs,1781870705786000000,1781870765789000000,0.0
FlushQueue.queueSize90P,1781870705786000000,1781870765789000000,0
FlushQueue.queueSizeAvg,1781870705786000000,1781870765789000000,0.0
FlushQueue.executionTimeAvgNs,1781870705786000000,1781870765789000000,0.0
FlushQueue.queueSizeMax,1781870705786000000,1781870765789000000,0
AWTEventQueue.eventsDispatched,1781870705786000000,1781870765789000000,0
ReadAction.executionsCount,1781870705786000000,1781870765789000000,947
FlushQueue.waitingTimeAvgNs,1781870705786000000,1781870765789000000,0.0
AWTEventQueue.dispatchTimeMaxNs,1781870705786000000,1781870765789000000,0
workspaceModel.delayed.project.synchronizer.sync.ms,1781870705786000000,1781870765789000000,0
workspaceModel.load.cache.from.file.ms,1781870705786000000,1781870765789000000,0
workspaceModel.mutableEntityStorage.add.entity.ms,1781870705786000000,1781870765789000000,0
workspaceModel.moduleBridge.facet.initialization.ms,1781870705786000000,1781870765789000000,0
jps.storage.jps.conf.reader.load.component.ms,1781870705786000000,1781870765789000000,0
workspaceModel.mutableEntityStorage.entities.ms,1781870705786000000,1781870765789000000,0
jps.global.initialize.library.bridges.ms,1781870705786000000,1781870765789000000,0
jps.facet.change.listener.init.bridge.ms,1781870705786000000,1781870765789000000,0
jps.reload.project.entities.ms,1781870705786000000,1781870765789000000,0
jps.library.entities.serializer.load.entities.ms,1781870705786000000,1781870765789000000,0
jps.global.get.library.ms,1781870705786000000,1781870765789000000,0
workspaceModel.mutableEntityStorage.put.entity.ms,1781870705786000000,1781870765789000000,0
workspaceModel.moduleManagerBridge.create.module.instance.ms,1781870705786000000,1781870765789000000,0
jps.global.handle.changed.events.ms,1781870705786000000,1781870765789000000,0
workspaceModel.save.cache.to.file.ms,1781870705786000000,1781870765789000000,0
jps.save.changed.project.entities.ms,1781870705786000000,1781870765789000000,0
workspaceModel.moduleManagerBridge.build.module.graph.ms,1781870705786000000,1781870765789000000,0
workspaceModel.mutableEntityStorage.collect.changes.ms,1781870705786000000,1781870765789000000,0
jps.load.project.to.empty.storage.ms,1781870705786000000,1781870765789000000,0
workspaceModel.mutableEntityStorage.changeLog.addReplaceEventForRemovedChild.ms,1781870705786000000,1781870765789000000,0
jps.global.handle.before.change.events.ms,1781870705786000000,1781870765789000000,0
jps.app.storage.content.reader.load.component.ms,1781870705786000000,1781870765789000000,0
workspaceModel.mutableEntityStorage.changeLog.addReplaceEventForRemovedParent.ms,1781870705786000000,1781870765789000000,0
workspaceModel.global.updates.ms,1781870705786000000,1781870765789000000,0
workspaceModel.mutableEntityStorage.changeLog.addReplaceEventForNewChild.ms,1781870705786000000,1781870765789000000,0
jps.global.get.library.by.name.ms,1781870705786000000,1781870765789000000,0
workspaceModel.mutableEntityStorage.mutable.ext.mapping.ms,1781870705786000000,1781870765789000000,0
workspaceModel.moduleManagerBridge.get.modules.ms,1781870705786000000,1781870765789000000,0
workspaceModel.mutableEntityStorage.entities.by.source.ms,1781870705786000000,1781870765789000000,0
workspaceModel.mutableEntityStorage.changeLog.addReplaceEventForNewParent.ms,1781870705786000000,1781870765789000000,0
jps.module.iml.entities.serializer.save.entities.ms,1781870705786000000,1781870765789000000,0
jps.facet.change.listener.before.change.events.ms,1781870705786000000,1781870765789000000,0
workspaceModel.mutableEntityStorage.modify.entity.ms,1781870705786000000,1781870765789000000,0
workspaceModel.mutableEntityStorage.replace.by.source.ms,1781870705786000000,1781870765789000000,0
workspaceModel.moduleBridge.before.changed.ms,1781870705786000000,1781870765789000000,0
jps.module.dependency.index.workspace.model.listener.on.changed.ms,1781870705786000000,1781870765789000000,0
workspaceModel.mutableEntityStorage.hasReferrers.ms,1781870705786000000,1781870765789000000,0
workspaceModel.moduleManagerBridge.load.module.ms,1781870705786000000,1781870765789000000,0
workspaceModel.moduleBridgeLoader.loading.modules.ms,1781870705786000000,1781870765789000000,0
jps.facet.change.listener.process.change.events.ms,1781870705786000000,1781870765789000000,0
workspaceModel.mutableEntityStorage.instances.count,1781870705786000000,1781870765789000000,0
workspaceModel.sync.entities.ms,1781870705786000000,1781870765789000000,0
workspaceModel.load.cache.metadata.from.file.ms,1781870705786000000,1781870765789000000,0
workspaceModel.orphan.listener.update.ms,1781870705786000000,1781870765789000000,0
workspaceModel.mutableEntityStorage.apply.changes.from.ms,1781870705786000000,1781870765789000000,0
jps.project.serializers.save.ms,1781870705786000000,1781870765789000000,0
jps.global.initialize.library.bridges.after.loading.ms,1781870705786000000,1781870765789000000,0
workspaceModel.mutableEntityStorage.resolve.ms,1781870705786000000,1781870765789000000,0
jps.global.get.libraries.ms,1781870705786000000,1781870765789000000,0
jps.apply.loaded.storage.ms,1781870705786000000,1781870765789000000,0
workspaceModel.mutableEntityStorage.mutable.vfurl.index.ms,1781870705786000000,1781870765789000000,0
workspaceModel.global.apply.state.to.project.builder.ms,1781870705786000000,1781870765789000000,0
workspaceModel.moduleManagerBridge.new.nonPersistent.module.ms,1781870705786000000,1781870765789000000,0
jps.load.initial.state.ms,1781870705786000000,1781870765789000000,0
jps.app.storage.content.writer.save.component.ms,1781870705786000000,1781870765789000000,0
workspaceModel.moduleManagerBridge.load.all.modules.ms,1781870705786000000,1781870765789000000,0
workspaceModel.moduleManagerBridge.set.unloadedModules.ms,1781870705786000000,1781870765789000000,0
jps.project.serializers.load.ms,1781870705786000000,1781870765789000000,0
workspaceModel.moduleManagerBridge.newModule.ms,1781870705786000000,1781870765789000000,0
workspaceModel.global.updates.count,1781870705786000000,1781870765789000000,0
workspaceModel.do.save.caches.ms,1781870705786000000,1781870765789000000,0
workspaceModel.mutableEntityStorage.remove.entity.ms,1781870705786000000,1781870765789000000,0
jps.library.entities.serializer.save.entities.ms,1781870705786000000,1781870765789000000,0
workspaceModel.moduleBridge.update.option.ms,1781870705786000000,1781870765789000000,0
workspaceModel.global.apply.state.to.project.ms,1781870705786000000,1781870765789000000,0
jps.artifact.entities.serializer.save.entities.ms,1781870705786000000,1781870765789000000,0
workspaceModel.mutableEntityStorage.to.snapshot.ms,1781870705786000000,1781870765789000000,0
workspaceModel.mutableEntityStorage.referrers.ms,1781870705786000000,1781870765789000000,0
workspaceModel.mutableEntityStorage.has.same.entities.ms,1781870705786000000,1781870765789000000,0
jps.save.global.entities.ms,1781870705786000000,1781870765789000000,0
jps.module.iml.entities.serializer.load.entities.ms,1781870705786000000,1781870765789000000,0
jps.artifact.entities.serializer.load.entities.ms,1781870705786000000,1781870765789000000,0
Indexes.stubs.lookupDurationMaxMs,1781870705786000000,1781870765789000000,0.0
Indexes.stubs.lookupDuration90PMs,1781870705786000000,1781870765789000000,0.0
Indexes.entries.lookups,1781870705786000000,1781870765789000000,0
Indexes.allKeys.lookupDurationAvgMs,1781870705786000000,1781870765789000000,0.0
Indexes.allKeys.lookupDurationMaxMs,1781870705786000000,1781870765789000000,0.0
Indexes.allKeys.lookupDuration90PMs,1781870705786000000,1781870765789000000,0.0
Indexing.writesQueuedMax,1781870705786000000,1781870765789000000,0
Indexes.entries.lookupDurationMaxMs,1781870705786000000,1781870765789000000,0.0
Indexing.cache.totalCacheAccesses,1781870705786000000,1781870765789000000,0
Indexing.writesQueuedMin,1781870705786000000,1781870765789000000,9223372036854775807
Indexing.writer_0.totalTimeSpentWritingMs,1781870705786000000,1781870765789000000,0
Indexes.stubs.lookupDurationAvgMs,1781870705786000000,1781870765789000000,0.0
Indexes.entries.lookupDurationAvgMs,1781870705786000000,1781870765789000000,0.0
Indexing.cache.totalCacheMisses,1781870705786000000,1781870765789000000,0
Indexing.writer_3.totalTimeSpentWritingMs,1781870705786000000,1781870765789000000,0
Indexes.allKeys.lookups,1781870705786000000,1781870765789000000,0
Indexing.writer_1.totalTimeSpentWritingMs,1781870705786000000,1781870765789000000,0
Indexes.entries.lookupDuration90PMs,1781870705786000000,1781870765789000000,0.0
Indexing.totalTimeIndexersSleptMs,1781870705786000000,1781870765789000000,0
Indexing.cache.totalCacheEvicted,1781870705786000000,1781870765789000000,0
Indexing.writer_2.totalTimeSpentWritingMs,1781870705786000000,1781870765789000000,0
Indexes.stubs.lookups,1781870705786000000,1781870765789000000,0
writeAction.wait.ms,1781870705786000000,1781870765789000000,0
writeAction.max.wait.ms,1781870705786000000,1781870765789000000,91
DiskQueryRelay.taskExecutionTotalTimeUs,1781870705786000000,1781870765789000000,119
DiskQueryRelay.taskWaitingTotalTimeUs,1781870705786000000,1781870765789000000,129
LowMemory.gcOverloaded,1781870705786000000,1781870765789000000,0
writeAction.median.wait.ms,1781870705786000000,1781870765789000000,0
DiskQueryRelay.tasksExecuted,1781870705786000000,1781870765789000000,1
DiskQueryRelay.tasksRequested,1781870705786000000,1781870765789000000,1
LowMemory.gcLoad,1781870705786000000,1781870765789000000,2.9934620703824633E-4
writeAction.count,1781870705786000000,1781870765789000000,1
cacheStateStorage.set.counter,1781870705786000000,1781870765789000000,0
cacheStateStorage.set.duration,1781870705786000000,1781870765789000000,0
cacheStateStorage.get.counter,1781870705786000000,1781870765789000000,0
cacheStateStorage.get.duration,1781870705786000000,1781870765789000000,0
JVM.usedNativeBytes,1781870705786000000,1781870765789000000,420710480
JVM.maxThreadCount,1781870705786000000,1781870765789000000,84
MEM.fileMappingsRamBytes,1781870705786000000,1781870765789000000,691372032
JVM.totalBytesAllocated,1781870705786000000,1781870765789000000,87575416
JVM.committedHeapBytes,1781870705786000000,1781870765789000000,468713472
JVM.totalTimeAtSafepointsMs,1781870705786000000,1781870765789000000,24
JVM.newThreadsCount,1781870705786000000,1781870765789000000,11
JVM.usedHeapBytes,1781870705786000000,1781870765789000000,336120728
OS.loadAverage,1781870705786000000,1781870765789000000,0.46728515625
MEM.ramBytes,1781870705786000000,1781870765789000000,1833676800
MEM.ramMinusFileMappingsBytes,1781870705786000000,1781870765789000000,1131163648
JVM.totalSafepointCount,1781870705786000000,1781870765789000000,3
JVM.totalDirectByteBuffersBytes,1781870705786000000,1781870765789000000,1173505
JVM.maxHeapBytes,1781870705786000000,1781870765789000000,2147483648
JVM.totalCpuTimeMs,1781870705786000000,1781870765789000000,8060
JVM.GC.collections,1781870705786000000,1781870765789000000,3
JVM.threadCount,1781870705786000000,1781870765789000000,64
MEM.ramPlusSwapMinusFileMappingsBytes,1781870705786000000,1781870765789000000,1131163648
JVM.GC.collectionTimesMs,1781870705786000000,1781870765789000000,24
JVM.totalTimeToSafepointsMs,1781870705786000000,1781870765789000000,0
VFS.contentStorage.recordsStored,1781870705786000000,1781870765789000000,0
VFS.fileChildByName,1781870705786000000,1781870765789000000,1124
VFS.contentStorage.recordsDeduplicated,1781870705786000000,1781870765789000000,0
VFS.fileByIdCache.misses,1781870705786000000,1781870765789000000,0
VFS.contentStorage.recordsDecompressionTimeUs,1781870705786000000,1781870765789000000,0
VFS.contentStorage.recordsUncompressedSize,1781870705786000000,1781870765789000000,0
VFS.contentStorage.recordsReadSize,1781870705786000000,1781870765789000000,0
FileNameCache.queries,1781870705786000000,1781870765789000000,0
VFS.contentStorage.recordsStoredSize,1781870705786000000,1781870765789000000,0
FileNameCache.totalMisses,1781870705786000000,1781870765789000000,0
VFS.rootsCount,1781870705786000000,1781870765789000000,23.0
VFS.contentStorage.recordsStoredCompressed,1781870705786000000,1781870765789000000,0
VFS.invertedFileNameIndex.requests,1781870705786000000,1781870765789000000,0
VFS.cache.directoriesCreated,1781870705786000000,1781870765789000000,0
VFS.cache.segmentsCreated,1781870705786000000,1781870765789000000,0
VFS.folderCaseSensitivityReads,1781870705786000000,1781870765789000000,0
VFS.cache.filesCreated,1781870705786000000,1781870765789000000,0
VFS.fileByIdCache.hits,1781870705786000000,1781870765789000000,0
VFS.contentStorage.recordsRead,1781870705786000000,1781870765789000000,0
VFS.cache.segments,1781870705786000000,1781870765789000000,89.0
VFS.contentStorage.recordsReadDecompressed,1781870705786000000,1781870765789000000,0
workspaceModel.cachedValue.clear.count,1781870765789000000,1781870802977000000,0
workspaceModel.cachedValue.from.cache.count,1781870765789000000,1781870802977000000,2
workspaceModel.updates.precise.ms,1781870765789000000,1781870802977000000,0
workspaceModel.check.recursive.update.ms,1781870765789000000,1781870802977000000,0
workspaceModel.cachedValueWithParameters.total.get.count,1781870765789000000,1781870802977000000,0
workspaceModel.updates.ms,1781870765789000000,1781870802977000000,0
workspaceModel.collect.changes.ms,1781870765789000000,1781870802977000000,0
workspaceModel.initializing.ms,1781870765789000000,1781870802977000000,0
workspaceModel.workspaceFileIndexData.markDirty.ms,1781870765789000000,1781870802977000000,0
workspaceModel.full.replace.project.model.ms,1781870765789000000,1781870802977000000,0
workspaceModel.workspaceFileIndexData.getPackageName.ms,1781870765789000000,1781870802977000000,0
workspaceModel.on.before.changed.ms,1781870765789000000,1781870802977000000,0
workspaceModel.to.snapshot.ms,1781870765789000000,1781870802977000000,0
workspaceModel.update.unloaded.entities.ms,1781870765789000000,1781870802977000000,0
workspaceModel.init.bridges.ms,1781870765789000000,1781870802977000000,0
workspaceModel.workspaceFileIndexContributor.registerFileSets.ms,1781870765789000000,1781870802977000000,0
workspaceModel.pre.handlers.ms,1781870765789000000,1781870802977000000,0
workspaceModel.cachedValue.total.get.count,1781870765789000000,1781870802977000000,2
workspaceModel.workspaceFileIndexData.getDirectoriesByPackageName.ms,1781870765789000000,1781870802977000000,0
workspaceModel.cachedValue.calculated.count,1781870765789000000,1781870802977000000,0
workspaceModel.workspaceFileIndexData.visitFileSets.ms,1781870765789000000,1781870802977000000,0
workspaceModel.workspaceFileIndexData.getFileInfo.ms,1781870765789000000,1781870802977000000,0
workspaceModel.updates.count,1781870765789000000,1781870802977000000,0
workspaceModel.workspaceFileIndexData.updateDirtyEntities.ms,1781870765789000000,1781870802977000000,0
workspaceModel.workspaceFileIndexData.init.ms,1781870765789000000,1781870802977000000,0
workspaceModel.cachedValueWithParameters.calculated.count,1781870765789000000,1781870802977000000,0
workspaceModel.loading.from.cache.ms,1781870765789000000,1781870802977000000,0
workspaceModel.on.changed.ms,1781870765789000000,1781870802977000000,0
workspaceModel.loading.total.ms,1781870765789000000,1781870802977000000,0
workspaceModel.workspaceFileIndexData.processFileSets.ms,1781870765789000000,1781870802977000000,0
workspaceModel.cachedValueWithParameters.from.cache.count,1781870765789000000,1781870802977000000,0
workspaceModel.replace.project.model.ms,1781870765789000000,1781870802977000000,0
workspaceModel.entityStorageSnapshotImpl.instances.count,1781870765789000000,1781870802977000000,0
workspaceModel.workspaceFileIndexData.instances.count,1781870765789000000,1781870802977000000,0
workspaceModel.cachedValueWithParameters.clear.count,1781870765789000000,1781870802977000000,0
workspaceModel.workspaceFileIndexData.onEntitiesChanged.ms,1781870765789000000,1781870802977000000,0
FileChannelInterruptsRetryer.totalRetriedAttempts,1781870765789000000,1781870802977000000,0
DirectByteBufferAllocator.misses,1781870765789000000,1781870802977000000,15
FilePageCache.pageLoads,1781870765789000000,1781870802977000000,16
FilePageCache.uncachedFileAccess,1781870765789000000,1781870802977000000,28
DirectByteBufferAllocator.hits,1781870765789000000,1781870802977000000,1
FilePageCache.maxCacheSizeInBytes,1781870765789000000,1781870802977000000,629153792
FilePageCache.pageFastCacheHits,1781870765789000000,1781870802977000000,134
FilePageCache.totalPageDisposalsUs,1781870765789000000,1781870802977000000,34
DirectByteBufferAllocator.reclaimed,1781870765789000000,1781870802977000000,16
FilePageCache.pageLoadsAboveSizeThreshold,1781870765789000000,1781870802977000000,0
DirectByteBufferAllocator.totalSizeOfBuffersCachedInBytes,1781870765789000000,1781870802977000000,81854464
StorageLockContext.competingThreads.90P,1781870765789000000,1781870802977000000,0
FilePageCache.totalPageLoadsUs,1781870765789000000,1781870802977000000,14414
FilePageCache.disposedBuffers,1781870765789000000,1781870802977000000,16
FilePageCache.maxRegisteredFiles,1781870765789000000,1781870802977000000,1649
DirectByteBufferAllocator.disposed,1781870765789000000,1781870802977000000,0
StorageLockContext.competingThreads.max,1781870765789000000,1781870802977000000,0
DirectByteBufferAllocator.totalSizeOfBuffersAllocatedInBytes,1781870765789000000,1781870802977000000,12607488
FilePageCache.pageHits,1781870765789000000,1781870802977000000,0
FilePageCache.capacityInBytes,1781870765789000000,1781870802977000000,629145600
StorageLockContext.competingThreads.avg,1781870765789000000,1781870802977000000,0.0
compiler.ArtifactManagerBridge.addArtifact.ms,1781870765789000000,1781870802977000000,0
compiler.ArtifactManagerBridge.getArtifacts.ms,1781870765789000000,1781870802977000000,0
compiler.ArtifactManagerBridge.getArtifactsByType.ms,1781870765789000000,1781870802977000000,0
compiler.ArtifactManagerBridge.initBridges.ms,1781870765789000000,1781870802977000000,0
compiler.ArtifactManagerBridge.findArtifact.ms,1781870765789000000,1781870802977000000,0
compiler.ArtifactVirtualFileListener.filePathChanged.ms,1781870765789000000,1781870802977000000,0
compiler.ArtifactVirtualFileListener.propertyChanged.ms,1781870765789000000,1781870802977000000,0
compiler.ArtifactManagerBridge.commit.ms,1781870765789000000,1781870802977000000,0
compiler.ArtifactManagerBridge.dropMappings.ms,1781870765789000000,1781870802977000000,0
NonBlockingReadAction.finalizedExecutionsCount,1781870765789000000,1781870802977000000,13
NonBlockingReadAction.failedExecutionTimeUs,1781870765789000000,1781870802977000000,12725
NonBlockingReadAction.finalizedExecutionTimeUs,1781870765789000000,1781870802977000000,11258
AWTEventQueue.dispatchTimeTotalNS,1781870765789000000,1781870802977000000,3824111593
NonBlockingReadAction.failedExecutionsCount,1781870765789000000,1781870802977000000,1
workspaceModel.delayed.project.synchronizer.sync.ms,1781870765789000000,1781870802977000000,0
workspaceModel.load.cache.from.file.ms,1781870765789000000,1781870802977000000,0
workspaceModel.mutableEntityStorage.add.entity.ms,1781870765789000000,1781870802977000000,0
workspaceModel.moduleBridge.facet.initialization.ms,1781870765789000000,1781870802977000000,0
jps.storage.jps.conf.reader.load.component.ms,1781870765789000000,1781870802977000000,0
workspaceModel.mutableEntityStorage.entities.ms,1781870765789000000,1781870802977000000,0
jps.global.initialize.library.bridges.ms,1781870765789000000,1781870802977000000,0
jps.facet.change.listener.init.bridge.ms,1781870765789000000,1781870802977000000,0
jps.reload.project.entities.ms,1781870765789000000,1781870802977000000,0
jps.library.entities.serializer.load.entities.ms,1781870765789000000,1781870802977000000,0
jps.global.get.library.ms,1781870765789000000,1781870802977000000,0
workspaceModel.mutableEntityStorage.put.entity.ms,1781870765789000000,1781870802977000000,0
workspaceModel.moduleManagerBridge.create.module.instance.ms,1781870765789000000,1781870802977000000,0
jps.global.handle.changed.events.ms,1781870765789000000,1781870802977000000,0
workspaceModel.save.cache.to.file.ms,1781870765789000000,1781870802977000000,0
jps.save.changed.project.entities.ms,1781870765789000000,1781870802977000000,0
workspaceModel.moduleManagerBridge.build.module.graph.ms,1781870765789000000,1781870802977000000,0
workspaceModel.mutableEntityStorage.collect.changes.ms,1781870765789000000,1781870802977000000,0
jps.load.project.to.empty.storage.ms,1781870765789000000,1781870802977000000,0
workspaceModel.mutableEntityStorage.changeLog.addReplaceEventForRemovedChild.ms,1781870765789000000,1781870802977000000,0
jps.global.handle.before.change.events.ms,1781870765789000000,1781870802977000000,0
jps.app.storage.content.reader.load.component.ms,1781870765789000000,1781870802977000000,0
workspaceModel.mutableEntityStorage.changeLog.addReplaceEventForRemovedParent.ms,1781870765789000000,1781870802977000000,0
workspaceModel.global.updates.ms,1781870765789000000,1781870802977000000,0
workspaceModel.mutableEntityStorage.changeLog.addReplaceEventForNewChild.ms,1781870765789000000,1781870802977000000,0
jps.global.get.library.by.name.ms,1781870765789000000,1781870802977000000,0
workspaceModel.mutableEntityStorage.mutable.ext.mapping.ms,1781870765789000000,1781870802977000000,0
workspaceModel.moduleManagerBridge.get.modules.ms,1781870765789000000,1781870802977000000,0
workspaceModel.mutableEntityStorage.entities.by.source.ms,1781870765789000000,1781870802977000000,0
workspaceModel.mutableEntityStorage.changeLog.addReplaceEventForNewParent.ms,1781870765789000000,1781870802977000000,0
jps.module.iml.entities.serializer.save.entities.ms,1781870765789000000,1781870802977000000,0
jps.facet.change.listener.before.change.events.ms,1781870765789000000,1781870802977000000,0
workspaceModel.mutableEntityStorage.modify.entity.ms,1781870765789000000,1781870802977000000,0
workspaceModel.mutableEntityStorage.replace.by.source.ms,1781870765789000000,1781870802977000000,0
workspaceModel.moduleBridge.before.changed.ms,1781870765789000000,1781870802977000000,0
jps.module.dependency.index.workspace.model.listener.on.changed.ms,1781870765789000000,1781870802977000000,0
workspaceModel.mutableEntityStorage.hasReferrers.ms,1781870765789000000,1781870802977000000,0
workspaceModel.moduleManagerBridge.load.module.ms,1781870765789000000,1781870802977000000,0
workspaceModel.moduleBridgeLoader.loading.modules.ms,1781870765789000000,1781870802977000000,0
jps.facet.change.listener.process.change.events.ms,1781870765789000000,1781870802977000000,0
workspaceModel.mutableEntityStorage.instances.count,1781870765789000000,1781870802977000000,0
workspaceModel.sync.entities.ms,1781870765789000000,1781870802977000000,0
workspaceModel.load.cache.metadata.from.file.ms,1781870765789000000,1781870802977000000,0
workspaceModel.orphan.listener.update.ms,1781870765789000000,1781870802977000000,0
workspaceModel.mutableEntityStorage.apply.changes.from.ms,1781870765789000000,1781870802977000000,0
jps.project.serializers.save.ms,1781870765789000000,1781870802977000000,0
jps.global.initialize.library.bridges.after.loading.ms,1781870765789000000,1781870802977000000,0
workspaceModel.mutableEntityStorage.resolve.ms,1781870765789000000,1781870802977000000,0
jps.global.get.libraries.ms,1781870765789000000,1781870802977000000,0
jps.apply.loaded.storage.ms,1781870765789000000,1781870802977000000,0
workspaceModel.mutableEntityStorage.mutable.vfurl.index.ms,1781870765789000000,1781870802977000000,0
workspaceModel.global.apply.state.to.project.builder.ms,1781870765789000000,1781870802977000000,0
workspaceModel.moduleManagerBridge.new.nonPersistent.module.ms,1781870765789000000,1781870802977000000,0
jps.load.initial.state.ms,1781870765789000000,1781870802977000000,0
jps.app.storage.content.writer.save.component.ms,1781870765789000000,1781870802977000000,1
workspaceModel.moduleManagerBridge.load.all.modules.ms,1781870765789000000,1781870802977000000,0
workspaceModel.moduleManagerBridge.set.unloadedModules.ms,1781870765789000000,1781870802977000000,0
jps.project.serializers.load.ms,1781870765789000000,1781870802977000000,0
workspaceModel.moduleManagerBridge.newModule.ms,1781870765789000000,1781870802977000000,0
workspaceModel.global.updates.count,1781870765789000000,1781870802977000000,0
workspaceModel.do.save.caches.ms,1781870765789000000,1781870802977000000,0
workspaceModel.mutableEntityStorage.remove.entity.ms,1781870765789000000,1781870802977000000,0
jps.library.entities.serializer.save.entities.ms,1781870765789000000,1781870802977000000,0
workspaceModel.moduleBridge.update.option.ms,1781870765789000000,1781870802977000000,0
workspaceModel.global.apply.state.to.project.ms,1781870765789000000,1781870802977000000,0
jps.artifact.entities.serializer.save.entities.ms,1781870765789000000,1781870802977000000,0
workspaceModel.mutableEntityStorage.to.snapshot.ms,1781870765789000000,1781870802977000000,0
workspaceModel.mutableEntityStorage.referrers.ms,1781870765789000000,1781870802977000000,0
workspaceModel.mutableEntityStorage.has.same.entities.ms,1781870765789000000,1781870802977000000,0
jps.save.global.entities.ms,1781870765789000000,1781870802977000000,2
jps.module.iml.entities.serializer.load.entities.ms,1781870765789000000,1781870802977000000,0
jps.artifact.entities.serializer.load.entities.ms,1781870765789000000,1781870802977000000,0
Indexes.stubs.lookupDurationMaxMs,1781870765789000000,1781870802977000000,0.0
Indexes.stubs.lookupDuration90PMs,1781870765789000000,1781870802977000000,0.0
Indexes.entries.lookups,1781870765789000000,1781870802977000000,0
Indexes.allKeys.lookupDurationAvgMs,1781870765789000000,1781870802977000000,0.0
Indexes.allKeys.lookupDurationMaxMs,1781870765789000000,1781870802977000000,0.0
Indexes.allKeys.lookupDuration90PMs,1781870765789000000,1781870802977000000,0.0
Indexing.writesQueuedMax,1781870765789000000,1781870802977000000,0
Indexes.entries.lookupDurationMaxMs,1781870765789000000,1781870802977000000,0.0
Indexing.cache.totalCacheAccesses,1781870765789000000,1781870802977000000,9
Indexing.writesQueuedMin,1781870765789000000,1781870802977000000,9223372036854775807
Indexing.writer_0.totalTimeSpentWritingMs,1781870765789000000,1781870802977000000,0
Indexes.stubs.lookupDurationAvgMs,1781870765789000000,1781870802977000000,0.0
Indexes.entries.lookupDurationAvgMs,1781870765789000000,1781870802977000000,0.0
Indexing.cache.totalCacheMisses,1781870765789000000,1781870802977000000,3
Indexing.writer_3.totalTimeSpentWritingMs,1781870765789000000,1781870802977000000,0
Indexes.allKeys.lookups,1781870765789000000,1781870802977000000,0
Indexing.writer_1.totalTimeSpentWritingMs,1781870765789000000,1781870802977000000,0
Indexes.entries.lookupDuration90PMs,1781870765789000000,1781870802977000000,0.0
Indexing.totalTimeIndexersSleptMs,1781870765789000000,1781870802977000000,0
Indexing.cache.totalCacheEvicted,1781870765789000000,1781870802977000000,52
Indexing.writer_2.totalTimeSpentWritingMs,1781870765789000000,1781870802977000000,0
Indexes.stubs.lookups,1781870765789000000,1781870802977000000,8
writeAction.wait.ms,1781870765789000000,1781870802977000000,0
lexer.JAVA.size.bytes,1781870765789000000,1781870802977000000,952
writeAction.max.wait.ms,1781870765789000000,1781870802977000000,91
DiskQueryRelay.taskExecutionTotalTimeUs,1781870765789000000,1781870802977000000,0
DiskQueryRelay.taskWaitingTotalTimeUs,1781870765789000000,1781870802977000000,0
LowMemory.gcOverloaded,1781870765789000000,1781870802977000000,0
lexer.JAVA.time.ns,1781870765789000000,1781870802977000000,2484075
writeAction.median.wait.ms,1781870765789000000,1781870802977000000,0
DiskQueryRelay.tasksExecuted,1781870765789000000,1781870802977000000,0
DiskQueryRelay.tasksRequested,1781870765789000000,1781870802977000000,0
LowMemory.gcLoad,1781870765789000000,1781870802977000000,1.8155660044983456E-4
writeAction.count,1781870765789000000,1781870802977000000,2
cacheStateStorage.set.counter,1781870765789000000,1781870802977000000,11
cacheStateStorage.set.duration,1781870765789000000,1781870802977000000,2
cacheStateStorage.get.counter,1781870765789000000,1781870802977000000,0
cacheStateStorage.get.duration,1781870765789000000,1781870802977000000,0
JVM.usedNativeBytes,1781870765789000000,1781870802977000000,432416824
JVM.maxThreadCount,1781870765789000000,1781870802977000000,84
MEM.fileMappingsRamBytes,1781870765789000000,1781870802977000000,695435264
JVM.totalBytesAllocated,1781870765789000000,1781870802977000000,239554728
JVM.committedHeapBytes,1781870765789000000,1781870802977000000,468713472
JVM.totalTimeAtSafepointsMs,1781870765789000000,1781870802977000000,27
JVM.newThreadsCount,1781870765789000000,1781870802977000000,18
JVM.usedHeapBytes,1781870765789000000,1781870802977000000,303088928
OS.loadAverage,1781870765789000000,1781870802977000000,0.38623046875
MEM.ramBytes,1781870765789000000,1781870802977000000,1856421888
MEM.ramMinusFileMappingsBytes,1781870765789000000,1781870802977000000,1149689856
JVM.totalSafepointCount,1781870765789000000,1781870802977000000,2
JVM.totalDirectByteBuffersBytes,1781870765789000000,1781870802977000000,13780993
JVM.maxHeapBytes,1781870765789000000,1781870802977000000,2147483648
JVM.totalCpuTimeMs,1781870765789000000,1781870802977000000,15030
JVM.GC.collections,1781870765789000000,1781870802977000000,2
JVM.threadCount,1781870765789000000,1781870802977000000,65
MEM.ramPlusSwapMinusFileMappingsBytes,1781870765789000000,1781870802977000000,1149689856
JVM.GC.collectionTimesMs,1781870765789000000,1781870802977000000,27
JVM.totalTimeToSafepointsMs,1781870765789000000,1781870802977000000,0
