# OpenTelemetry Metrics report: .csv, 4 fields: 
# <metric name>, <period start, nanoseconds>, <period end, nanoseconds>, <metric value>
# See CsvMetricsExporter for details.
# 
# NAME, PERIOD_START_NANOS, PERIOD_END_NANOS, VALUE
compiler.ArtifactManagerBridge.dropMappings.ms,1781857584277000000,1781857644479000000,0
compiler.ArtifactManagerBridge.addArtifact.ms,1781857584277000000,1781857644479000000,0
compiler.ArtifactManagerBridge.getArtifacts.ms,1781857584277000000,1781857644479000000,0
compiler.ArtifactManagerBridge.getArtifactsByType.ms,1781857584277000000,1781857644479000000,10
compiler.ArtifactManagerBridge.findArtifact.ms,1781857584277000000,1781857644479000000,0
compiler.ArtifactVirtualFileListener.filePathChanged.ms,1781857584277000000,1781857644479000000,0
compiler.ArtifactManagerBridge.commit.ms,1781857584277000000,1781857644479000000,0
compiler.ArtifactVirtualFileListener.propertyChanged.ms,1781857584277000000,1781857644479000000,0
compiler.ArtifactManagerBridge.initBridges.ms,1781857584277000000,1781857644479000000,1
jps.facet.change.listener.init.bridge.ms,1781857584277000000,1781857644479000000,5
workspaceModel.mutableEntityStorage.has.same.entities.ms,1781857584277000000,1781857644479000000,0
jps.apply.loaded.storage.ms,1781857584277000000,1781857644479000000,111
workspaceModel.global.updates.count,1781857584277000000,1781857644479000000,1
jps.load.initial.state.ms,1781857584277000000,1781857644479000000,128
jps.global.initialize.library.bridges.after.loading.ms,1781857584277000000,1781857644479000000,10
workspaceModel.mutableEntityStorage.to.snapshot.ms,1781857584277000000,1781857644479000000,19
workspaceModel.mutableEntityStorage.modify.entity.ms,1781857584277000000,1781857644479000000,5
workspaceModel.mutableEntityStorage.hasReferrers.ms,1781857584277000000,1781857644479000000,0
workspaceModel.mutableEntityStorage.replace.by.source.ms,1781857584277000000,1781857644479000000,56
workspaceModel.load.cache.from.file.ms,1781857584277000000,1781857644479000000,1040
workspaceModel.mutableEntityStorage.changeLog.addReplaceEventForRemovedParent.ms,1781857584277000000,1781857644479000000,0
workspaceModel.moduleManagerBridge.load.module.ms,1781857584277000000,1781857644479000000,0
workspaceModel.mutableEntityStorage.referrers.ms,1781857584277000000,1781857644479000000,0
jps.library.entities.serializer.save.entities.ms,1781857584277000000,1781857644479000000,0
jps.save.changed.project.entities.ms,1781857584277000000,1781857644479000000,0
jps.facet.change.listener.before.change.events.ms,1781857584277000000,1781857644479000000,0
jps.artifact.entities.serializer.save.entities.ms,1781857584277000000,1781857644479000000,0
jps.global.get.library.by.name.ms,1781857584277000000,1781857644479000000,0
workspaceModel.mutableEntityStorage.remove.entity.ms,1781857584277000000,1781857644479000000,0
workspaceModel.mutableEntityStorage.changeLog.addReplaceEventForRemovedChild.ms,1781857584277000000,1781857644479000000,0
workspaceModel.mutableEntityStorage.resolve.ms,1781857584277000000,1781857644479000000,0
workspaceModel.do.save.caches.ms,1781857584277000000,1781857644479000000,287
workspaceModel.moduleBridge.update.option.ms,1781857584277000000,1781857644479000000,0
jps.module.dependency.index.workspace.model.listener.on.changed.ms,1781857584277000000,1781857644479000000,1
jps.storage.jps.conf.reader.load.component.ms,1781857584277000000,1781857644479000000,15
jps.global.initialize.library.bridges.ms,1781857584277000000,1781857644479000000,2
workspaceModel.moduleBridge.facet.initialization.ms,1781857584277000000,1781857644479000000,76
workspaceModel.moduleManagerBridge.new.nonPersistent.module.ms,1781857584277000000,1781857644479000000,0
workspaceModel.mutableEntityStorage.entities.ms,1781857584277000000,1781857644479000000,1
workspaceModel.moduleBridge.before.changed.ms,1781857584277000000,1781857644479000000,0
jps.facet.change.listener.process.change.events.ms,1781857584277000000,1781857644479000000,13
workspaceModel.sync.entities.ms,1781857584277000000,1781857644479000000,0
workspaceModel.moduleManagerBridge.load.all.modules.ms,1781857584277000000,1781857644479000000,171
workspaceModel.global.apply.state.to.project.ms,1781857584277000000,1781857644479000000,324
jps.global.get.libraries.ms,1781857584277000000,1781857644479000000,2
workspaceModel.delayed.project.synchronizer.sync.ms,1781857584277000000,1781857644479000000,582
jps.project.serializers.save.ms,1781857584277000000,1781857644479000000,0
jps.global.handle.before.change.events.ms,1781857584277000000,1781857644479000000,0
jps.save.global.entities.ms,1781857584277000000,1781857644479000000,0
jps.module.iml.entities.serializer.load.entities.ms,1781857584277000000,1781857644479000000,141
workspaceModel.moduleBridgeLoader.loading.modules.ms,1781857584277000000,1781857644479000000,855
workspaceModel.moduleManagerBridge.set.unloadedModules.ms,1781857584277000000,1781857644479000000,0
jps.global.get.library.ms,1781857584277000000,1781857644479000000,0
workspaceModel.moduleManagerBridge.build.module.graph.ms,1781857584277000000,1781857644479000000,4
workspaceModel.mutableEntityStorage.apply.changes.from.ms,1781857584277000000,1781857644479000000,41
jps.app.storage.content.reader.load.component.ms,1781857584277000000,1781857644479000000,9
workspaceModel.global.apply.state.to.project.builder.ms,1781857584277000000,1781857644479000000,11
workspaceModel.mutableEntityStorage.entities.by.source.ms,1781857584277000000,1781857644479000000,3
workspaceModel.mutableEntityStorage.mutable.ext.mapping.ms,1781857584277000000,1781857644479000000,7
workspaceModel.mutableEntityStorage.collect.changes.ms,1781857584277000000,1781857644479000000,6
jps.project.serializers.load.ms,1781857584277000000,1781857644479000000,221
workspaceModel.global.updates.ms,1781857584277000000,1781857644479000000,18
workspaceModel.save.cache.to.file.ms,1781857584277000000,1781857644479000000,236
workspaceModel.mutableEntityStorage.add.entity.ms,1781857584277000000,1781857644479000000,119
workspaceModel.moduleManagerBridge.create.module.instance.ms,1781857584277000000,1781857644479000000,0
workspaceModel.mutableEntityStorage.instances.count,1781857584277000000,1781857644479000000,33
jps.library.entities.serializer.load.entities.ms,1781857584277000000,1781857644479000000,2
workspaceModel.moduleManagerBridge.newModule.ms,1781857584277000000,1781857644479000000,0
workspaceModel.load.cache.metadata.from.file.ms,1781857584277000000,1781857644479000000,38
workspaceModel.mutableEntityStorage.put.entity.ms,1781857584277000000,1781857644479000000,28
workspaceModel.mutableEntityStorage.changeLog.addReplaceEventForNewChild.ms,1781857584277000000,1781857644479000000,2
jps.load.project.to.empty.storage.ms,1781857584277000000,1781857644479000000,460
jps.artifact.entities.serializer.load.entities.ms,1781857584277000000,1781857644479000000,0
workspaceModel.orphan.listener.update.ms,1781857584277000000,1781857644479000000,22
workspaceModel.moduleManagerBridge.get.modules.ms,1781857584277000000,1781857644479000000,2
jps.global.handle.changed.events.ms,1781857584277000000,1781857644479000000,0
workspaceModel.mutableEntityStorage.changeLog.addReplaceEventForNewParent.ms,1781857584277000000,1781857644479000000,6
jps.reload.project.entities.ms,1781857584277000000,1781857644479000000,0
workspaceModel.mutableEntityStorage.mutable.vfurl.index.ms,1781857584277000000,1781857644479000000,0
jps.module.iml.entities.serializer.save.entities.ms,1781857584277000000,1781857644479000000,0
cacheStateStorage.set.counter,1781857584277000000,1781857644479000000,3
cacheStateStorage.get.duration,1781857584277000000,1781857644479000000,438
cacheStateStorage.set.duration,1781857584277000000,1781857644479000000,16
cacheStateStorage.get.counter,1781857584277000000,1781857644479000000,31
VFS.contentStorage.recordsStoredCompressed,1781857584277000000,1781857644479000000,0
VFS.contentStorage.recordsUncompressedSize,1781857584277000000,1781857644479000000,0
VFS.folderCaseSensitivityReads,1781857584277000000,1781857644479000000,0
FileNameCache.totalMisses,1781857584277000000,1781857644479000000,512
VFS.contentStorage.recordsRead,1781857584277000000,1781857644479000000,9
VFS.contentStorage.recordsStored,1781857584277000000,1781857644479000000,0
VFS.invertedFileNameIndex.requests,1781857584277000000,1781857644479000000,8
VFS.fileChildByName,1781857584277000000,1781857644479000000,2992
VFS.contentStorage.recordsReadDecompressed,1781857584277000000,1781857644479000000,4
VFS.cache.directoriesCreated,1781857584277000000,1781857644479000000,362
VFS.rootsCount,1781857584277000000,1781857644479000000,12.0
VFS.fileByIdCache.misses,1781857584277000000,1781857644479000000,234
VFS.cache.segmentsCreated,1781857584277000000,1781857644479000000,62
VFS.cache.filesCreated,1781857584277000000,1781857644479000000,12140
VFS.fileByIdCache.hits,1781857584277000000,1781857644479000000,0
VFS.contentStorage.recordsReadSize,1781857584277000000,1781857644479000000,274263
VFS.contentStorage.recordsStoredSize,1781857584277000000,1781857644479000000,0
VFS.contentStorage.recordsDeduplicated,1781857584277000000,1781857644479000000,0
FileNameCache.queries,1781857584277000000,1781857644479000000,29248
VFS.contentStorage.recordsDecompressionTimeUs,1781857584277000000,1781857644479000000,2796
VFS.cache.segments,1781857584277000000,1781857644479000000,62.0
StreamlinedBlobStorage.totalLiveRecordsCapacityBytes,1781857584277000000,1781857644479000000,5368151
StreamlinedBlobStorage.recordsRelocated,1781857584277000000,1781857644479000000,0
StorageLockContext.competingThreads.max,1781857584277000000,1781857644479000000,0
MappedFileStorage.storages,1781857584277000000,1781857644479000000,11
DirectByteBufferAllocator.disposed,1781857584277000000,1781857644479000000,603
DirectByteBufferAllocator.reclaimed,1781857584277000000,1781857644479000000,49
DirectByteBufferAllocator.totalSizeOfBuffersAllocatedInBytes,1781857584277000000,1781857644479000000,34603008
StorageLockContext.competingThreads.90P,1781857584277000000,1781857644479000000,0
MappedFileStorage.totalPagesMapped,1781857584277000000,1781857644479000000,11
FilePageCache.disposedBuffers,1781857584277000000,1781857644479000000,610
StorageLockContext.competingThreads.avg,1781857584277000000,1781857644479000000,0.0
FilePageCache.capacityInBytes,1781857584277000000,1781857644479000000,629145600
FilePageCache.totalPageLoadsUs,1781857584277000000,1781857644479000000,3026662
FilePageCache.pageLoads,1781857584277000000,1781857644479000000,637
StreamlinedBlobStorage.recordsAllocated,1781857584277000000,1781857644479000000,60229
DirectByteBufferAllocator.totalSizeOfBuffersCachedInBytes,1781857584277000000,1781857644479000000,41959424
FilePageCache.pageLoadsAboveSizeThreshold,1781857584277000000,1781857644479000000,6
FilePageCache.maxCacheSizeInBytes,1781857584277000000,1781857644479000000,629153792
FilePageCache.pageFastCacheHits,1781857584277000000,1781857644479000000,14975
StreamlinedBlobStorage.totalLiveRecordsPayloadBytes,1781857584277000000,1781857644479000000,2928837
FilePageCache.totalPageDisposalsUs,1781857584277000000,1781857644479000000,13532
FilePageCache.uncachedFileAccess,1781857584277000000,1781857644479000000,507
FilePageCache.maxRegisteredFiles,1781857584277000000,1781857644479000000,1652
DirectByteBufferAllocator.misses,1781857584277000000,1781857644479000000,636
StreamlinedBlobStorage.recordsDeleted,1781857584277000000,1781857644479000000,3
MappedFileStorage.totalTimeSpentOnMappingUs,1781857584277000000,1781857644479000000,63018
FileChannelInterruptsRetryer.totalRetriedAttempts,1781857584277000000,1781857644479000000,0
MappedFileStorage.totalBytesMapped,1781857584277000000,1781857644479000000,181665792
DirectByteBufferAllocator.hits,1781857584277000000,1781857644479000000,7
FilePageCache.pageHits,1781857584277000000,1781857644479000000,0
LowMemory.gcOverloaded,1781857584277000000,1781857644479000000,0
lexer.JAVA.time.ns,1781857584277000000,1781857644479000000,24636769
writeAction.wait.ms,1781857584277000000,1781857644479000000,50
parser.JAVA.time.ns,1781857584277000000,1781857644479000000,236715495
DiskQueryRelay.tasksRequested,1781857584277000000,1781857644479000000,1000
parser.JAVA.size.bytes,1781857584277000000,1781857644479000000,3328
writeAction.median.wait.ms,1781857584277000000,1781857644479000000,0
writeAction.max.wait.ms,1781857584277000000,1781857644479000000,42
writeAction.count,1781857584277000000,1781857644479000000,6
LowMemory.gcLoad,1781857584277000000,1781857644479000000,0.0016697793871174355
lexer.JAVA.size.bytes,1781857584277000000,1781857644479000000,3328
DiskQueryRelay.taskWaitingTotalTimeUs,1781857584277000000,1781857644479000000,4878980
DiskQueryRelay.taskExecutionTotalTimeUs,1781857584277000000,1781857644479000000,987223
DiskQueryRelay.tasksExecuted,1781857584277000000,1781857644479000000,360
NonBlockingReadAction.finalizedExecutionTimeUs,1781857584277000000,1781857644479000000,886343
FlushQueue.executionTimeAvgNs,1781857584277000000,1781857644479000000,0.0
AWTEventQueue.dispatchTimeTotalNS,1781857584277000000,1781857644479000000,22098235419
FlushQueue.queueSize90P,1781857584277000000,1781857644479000000,0
FlushQueue.executionTime90PNs,1781857584277000000,1781857644479000000,0
AWTEventQueue.dispatchTimeAvgNs,1781857584277000000,1781857644479000000,0.0
FlushQueue.tasksExecuted,1781857584277000000,1781857644479000000,0
WriteAction.executionsCount,1781857584277000000,1781857644479000000,6
NonBlockingReadAction.finalizedExecutionsCount,1781857584277000000,1781857644479000000,51
FlushQueue.waitingTimeMaxNs,1781857584277000000,1781857644479000000,0
AWTEventQueue.eventsDispatched,1781857584277000000,1781857644479000000,0
FlushQueue.queueSizeAvg,1781857584277000000,1781857644479000000,0.0
ReadAction.executionsCount,1781857584277000000,1781857644479000000,3137
FlushQueue.queueSizeMax,1781857584277000000,1781857644479000000,0
AWTEventQueue.dispatchTimeMaxNs,1781857584277000000,1781857644479000000,0
FlushQueue.waitingTime90PNs,1781857584277000000,1781857644479000000,0
NonBlockingReadAction.failedExecutionTimeUs,1781857584277000000,1781857644479000000,0
FlushQueue.waitingTimeAvgNs,1781857584277000000,1781857644479000000,0.0
AWTEventQueue.dispatchTime90PNs,1781857584277000000,1781857644479000000,0
NonBlockingReadAction.failedExecutionsCount,1781857584277000000,1781857644479000000,0
FlushQueue.executionTimeMaxNs,1781857584277000000,1781857644479000000,0
workspaceModel.workspaceFileIndexContributor.registerFileSets.ms,1781857584277000000,1781857644479000000,799
workspaceModel.workspaceFileIndexData.onEntitiesChanged.ms,1781857584277000000,1781857644479000000,4
workspaceModel.workspaceFileIndexData.markDirty.ms,1781857584277000000,1781857644479000000,0
workspaceModel.cachedValue.calculated.count,1781857584277000000,1781857644479000000,16
workspaceModel.workspaceFileIndexData.visitFileSets.ms,1781857584277000000,1781857644479000000,0
workspaceModel.workspaceFileIndexData.init.ms,1781857584277000000,1781857644479000000,421
workspaceModel.collect.changes.ms,1781857584277000000,1781857644479000000,0
workspaceModel.updates.count,1781857584277000000,1781857644479000000,3
workspaceModel.initializing.ms,1781857584277000000,1781857644479000000,17
workspaceModel.cachedValueWithParameters.total.get.count,1781857584277000000,1781857644479000000,11578
workspaceModel.cachedValueWithParameters.calculated.count,1781857584277000000,1781857644479000000,3
workspaceModel.on.before.changed.ms,1781857584277000000,1781857644479000000,147
workspaceModel.update.unloaded.entities.ms,1781857584277000000,1781857644479000000,0
workspaceModel.loading.total.ms,1781857584277000000,1781857644479000000,1108
workspaceModel.workspaceFileIndexData.getFileInfo.ms,1781857584277000000,1781857644479000000,1523
workspaceModel.workspaceFileIndexData.instances.count,1781857584277000000,1781857644479000000,1
workspaceModel.replace.project.model.ms,1781857584277000000,1781857644479000000,0
workspaceModel.to.snapshot.ms,1781857584277000000,1781857644479000000,1
workspaceModel.pre.handlers.ms,1781857584277000000,1781857644479000000,2
workspaceModel.workspaceFileIndexData.getPackageName.ms,1781857584277000000,1781857644479000000,39
workspaceModel.cachedValue.from.cache.count,1781857584277000000,1781857644479000000,110
workspaceModel.workspaceFileIndexData.updateDirtyEntities.ms,1781857584277000000,1781857644479000000,0
workspaceModel.on.changed.ms,1781857584277000000,1781857644479000000,81
workspaceModel.updates.ms,1781857584277000000,1781857644479000000,323
workspaceModel.loading.from.cache.ms,1781857584277000000,1781857644479000000,1033
workspaceModel.check.recursive.update.ms,1781857584277000000,1781857644479000000,1
workspaceModel.entityStorageSnapshotImpl.instances.count,1781857584277000000,1781857644479000000,22
workspaceModel.init.bridges.ms,1781857584277000000,1781857644479000000,17
workspaceModel.workspaceFileIndexData.processFileSets.ms,1781857584277000000,1781857644479000000,0
workspaceModel.workspaceFileIndexData.getDirectoriesByPackageName.ms,1781857584277000000,1781857644479000000,126
workspaceModel.cachedValue.clear.count,1781857584277000000,1781857644479000000,0
workspaceModel.updates.precise.ms,1781857584277000000,1781857644479000000,71
workspaceModel.cachedValueWithParameters.clear.count,1781857584277000000,1781857644479000000,0
workspaceModel.full.replace.project.model.ms,1781857584277000000,1781857644479000000,15
workspaceModel.cachedValue.total.get.count,1781857584277000000,1781857644479000000,126
workspaceModel.cachedValueWithParameters.from.cache.count,1781857584277000000,1781857644479000000,11575
Indexing.writer_0.totalTimeSpentWritingMs,1781857584277000000,1781857644479000000,0
Indexing.writer_3.totalTimeSpentWritingMs,1781857584277000000,1781857644479000000,0
Indexes.entries.lookupDurationAvgMs,1781857584277000000,1781857644479000000,0.0
Indexes.stubs.lookupDuration90PMs,1781857584277000000,1781857644479000000,0.0
Indexes.stubs.lookups,1781857584277000000,1781857644479000000,1423
Indexes.allKeys.lookupDurationMaxMs,1781857584277000000,1781857644479000000,0.0
Indexing.writer_2.totalTimeSpentWritingMs,1781857584277000000,1781857644479000000,0
Indexing.writesQueuedMin,1781857584277000000,1781857644479000000,9223372036854775807
Indexing.cache.totalCacheEvicted,1781857584277000000,1781857644479000000,1368
Indexing.writer_1.totalTimeSpentWritingMs,1781857584277000000,1781857644479000000,0
Indexes.stubs.lookupDurationAvgMs,1781857584277000000,1781857644479000000,0.0
Indexes.entries.lookups,1781857584277000000,1781857644479000000,59
Indexes.allKeys.lookups,1781857584277000000,1781857644479000000,1
Indexing.cache.totalCacheAccesses,1781857584277000000,1781857644479000000,4934
Indexes.allKeys.lookupDurationAvgMs,1781857584277000000,1781857644479000000,0.0
Indexing.cache.totalCacheMisses,1781857584277000000,1781857644479000000,1954
Indexes.stubs.lookupDurationMaxMs,1781857584277000000,1781857644479000000,0.0
Indexing.totalTimeIndexersSleptMs,1781857584277000000,1781857644479000000,0
Indexing.writesQueuedMax,1781857584277000000,1781857644479000000,0
Indexes.entries.lookupDuration90PMs,1781857584277000000,1781857644479000000,0.0
Indexes.entries.lookupDurationMaxMs,1781857584277000000,1781857644479000000,0.0
Indexes.allKeys.lookupDuration90PMs,1781857584277000000,1781857644479000000,0.0
JVM.usedHeapBytes,1781857584277000000,1781857644479000000,655166664
JVM.totalTimeAtSafepointsMs,1781857584277000000,1781857644479000000,1308
JVM.totalSafepointCount,1781857584277000000,1781857644479000000,109
JVM.GC.collections,1781857584277000000,1781857644479000000,56
MEM.ramBytes,1781857584277000000,1781857644479000000,2101202944
MEM.fileMappingsRamBytes,1781857584277000000,1781857644479000000,713768960
JVM.threadCount,1781857584277000000,1781857644479000000,134
JVM.committedHeapBytes,1781857584277000000,1781857644479000000,662700032
MEM.ramPlusSwapMinusFileMappingsBytes,1781857584277000000,1781857644479000000,1374457856
JVM.usedNativeBytes,1781857584277000000,1781857644479000000,415203712
JVM.maxThreadCount,1781857584277000000,1781857644479000000,135
JVM.totalBytesAllocated,1781857584277000000,1781857644479000000,3181188432
JVM.GC.collectionTimesMs,1781857584277000000,1781857644479000000,1253
MEM.ramMinusFileMappingsBytes,1781857584277000000,1781857644479000000,1374457856
JVM.maxHeapBytes,1781857584277000000,1781857644479000000,2147483648
OS.loadAverage,1781857584277000000,1781857644479000000,2.4169921875
JVM.totalCpuTimeMs,1781857584277000000,1781857644479000000,195670
JVM.totalTimeToSafepointsMs,1781857584277000000,1781857644479000000,132
JVM.newThreadsCount,1781857584277000000,1781857644479000000,142
JVM.totalDirectByteBuffersBytes,1781857584277000000,1781857644479000000,34680833
compiler.ArtifactManagerBridge.dropMappings.ms,1781857644479000000,1781857704330000000,0
compiler.ArtifactManagerBridge.addArtifact.ms,1781857644479000000,1781857704330000000,0
compiler.ArtifactManagerBridge.getArtifacts.ms,1781857644479000000,1781857704330000000,0
compiler.ArtifactManagerBridge.getArtifactsByType.ms,1781857644479000000,1781857704330000000,0
compiler.ArtifactManagerBridge.findArtifact.ms,1781857644479000000,1781857704330000000,0
compiler.ArtifactVirtualFileListener.filePathChanged.ms,1781857644479000000,1781857704330000000,0
compiler.ArtifactManagerBridge.commit.ms,1781857644479000000,1781857704330000000,0
compiler.ArtifactVirtualFileListener.propertyChanged.ms,1781857644479000000,1781857704330000000,0
compiler.ArtifactManagerBridge.initBridges.ms,1781857644479000000,1781857704330000000,0
jps.facet.change.listener.init.bridge.ms,1781857644479000000,1781857704330000000,0
workspaceModel.mutableEntityStorage.has.same.entities.ms,1781857644479000000,1781857704330000000,0
jps.apply.loaded.storage.ms,1781857644479000000,1781857704330000000,0
workspaceModel.global.updates.count,1781857644479000000,1781857704330000000,0
jps.load.initial.state.ms,1781857644479000000,1781857704330000000,0
jps.global.initialize.library.bridges.after.loading.ms,1781857644479000000,1781857704330000000,0
workspaceModel.mutableEntityStorage.to.snapshot.ms,1781857644479000000,1781857704330000000,0
workspaceModel.mutableEntityStorage.modify.entity.ms,1781857644479000000,1781857704330000000,0
workspaceModel.mutableEntityStorage.hasReferrers.ms,1781857644479000000,1781857704330000000,0
workspaceModel.mutableEntityStorage.replace.by.source.ms,1781857644479000000,1781857704330000000,0
workspaceModel.load.cache.from.file.ms,1781857644479000000,1781857704330000000,0
workspaceModel.mutableEntityStorage.changeLog.addReplaceEventForRemovedParent.ms,1781857644479000000,1781857704330000000,0
workspaceModel.moduleManagerBridge.load.module.ms,1781857644479000000,1781857704330000000,0
workspaceModel.mutableEntityStorage.referrers.ms,1781857644479000000,1781857704330000000,0
jps.library.entities.serializer.save.entities.ms,1781857644479000000,1781857704330000000,0
jps.save.changed.project.entities.ms,1781857644479000000,1781857704330000000,5
jps.facet.change.listener.before.change.events.ms,1781857644479000000,1781857704330000000,0
jps.artifact.entities.serializer.save.entities.ms,1781857644479000000,1781857704330000000,0
jps.global.get.library.by.name.ms,1781857644479000000,1781857704330000000,0
workspaceModel.mutableEntityStorage.remove.entity.ms,1781857644479000000,1781857704330000000,0
workspaceModel.mutableEntityStorage.changeLog.addReplaceEventForRemovedChild.ms,1781857644479000000,1781857704330000000,0
workspaceModel.mutableEntityStorage.resolve.ms,1781857644479000000,1781857704330000000,0
workspaceModel.do.save.caches.ms,1781857644479000000,1781857704330000000,0
workspaceModel.moduleBridge.update.option.ms,1781857644479000000,1781857704330000000,0
jps.module.dependency.index.workspace.model.listener.on.changed.ms,1781857644479000000,1781857704330000000,0
jps.storage.jps.conf.reader.load.component.ms,1781857644479000000,1781857704330000000,0
jps.global.initialize.library.bridges.ms,1781857644479000000,1781857704330000000,0
workspaceModel.moduleBridge.facet.initialization.ms,1781857644479000000,1781857704330000000,0
workspaceModel.moduleManagerBridge.new.nonPersistent.module.ms,1781857644479000000,1781857704330000000,0
workspaceModel.mutableEntityStorage.entities.ms,1781857644479000000,1781857704330000000,0
workspaceModel.moduleBridge.before.changed.ms,1781857644479000000,1781857704330000000,0
jps.facet.change.listener.process.change.events.ms,1781857644479000000,1781857704330000000,0
workspaceModel.sync.entities.ms,1781857644479000000,1781857704330000000,0
workspaceModel.moduleManagerBridge.load.all.modules.ms,1781857644479000000,1781857704330000000,0
workspaceModel.global.apply.state.to.project.ms,1781857644479000000,1781857704330000000,0
jps.global.get.libraries.ms,1781857644479000000,1781857704330000000,0
workspaceModel.delayed.project.synchronizer.sync.ms,1781857644479000000,1781857704330000000,0
jps.project.serializers.save.ms,1781857644479000000,1781857704330000000,5
jps.global.handle.before.change.events.ms,1781857644479000000,1781857704330000000,0
jps.save.global.entities.ms,1781857644479000000,1781857704330000000,99
jps.module.iml.entities.serializer.load.entities.ms,1781857644479000000,1781857704330000000,0
workspaceModel.moduleBridgeLoader.loading.modules.ms,1781857644479000000,1781857704330000000,0
workspaceModel.moduleManagerBridge.set.unloadedModules.ms,1781857644479000000,1781857704330000000,0
jps.global.get.library.ms,1781857644479000000,1781857704330000000,0
workspaceModel.moduleManagerBridge.build.module.graph.ms,1781857644479000000,1781857704330000000,0
workspaceModel.mutableEntityStorage.apply.changes.from.ms,1781857644479000000,1781857704330000000,0
jps.app.storage.content.reader.load.component.ms,1781857644479000000,1781857704330000000,0
workspaceModel.global.apply.state.to.project.builder.ms,1781857644479000000,1781857704330000000,0
workspaceModel.mutableEntityStorage.entities.by.source.ms,1781857644479000000,1781857704330000000,0
workspaceModel.mutableEntityStorage.mutable.ext.mapping.ms,1781857644479000000,1781857704330000000,0
workspaceModel.mutableEntityStorage.collect.changes.ms,1781857644479000000,1781857704330000000,0
jps.project.serializers.load.ms,1781857644479000000,1781857704330000000,0
workspaceModel.global.updates.ms,1781857644479000000,1781857704330000000,0
workspaceModel.save.cache.to.file.ms,1781857644479000000,1781857704330000000,0
workspaceModel.mutableEntityStorage.add.entity.ms,1781857644479000000,1781857704330000000,0
workspaceModel.moduleManagerBridge.create.module.instance.ms,1781857644479000000,1781857704330000000,0
workspaceModel.mutableEntityStorage.instances.count,1781857644479000000,1781857704330000000,0
jps.library.entities.serializer.load.entities.ms,1781857644479000000,1781857704330000000,0
workspaceModel.moduleManagerBridge.newModule.ms,1781857644479000000,1781857704330000000,0
workspaceModel.load.cache.metadata.from.file.ms,1781857644479000000,1781857704330000000,0
workspaceModel.mutableEntityStorage.put.entity.ms,1781857644479000000,1781857704330000000,0
jps.app.storage.content.writer.save.component.ms,1781857644479000000,1781857704330000000,15
workspaceModel.mutableEntityStorage.changeLog.addReplaceEventForNewChild.ms,1781857644479000000,1781857704330000000,0
jps.load.project.to.empty.storage.ms,1781857644479000000,1781857704330000000,0
jps.artifact.entities.serializer.load.entities.ms,1781857644479000000,1781857704330000000,0
workspaceModel.orphan.listener.update.ms,1781857644479000000,1781857704330000000,0
workspaceModel.moduleManagerBridge.get.modules.ms,1781857644479000000,1781857704330000000,0
jps.global.handle.changed.events.ms,1781857644479000000,1781857704330000000,0
workspaceModel.mutableEntityStorage.changeLog.addReplaceEventForNewParent.ms,1781857644479000000,1781857704330000000,0
jps.reload.project.entities.ms,1781857644479000000,1781857704330000000,0
workspaceModel.mutableEntityStorage.mutable.vfurl.index.ms,1781857644479000000,1781857704330000000,0
jps.module.iml.entities.serializer.save.entities.ms,1781857644479000000,1781857704330000000,0
cacheStateStorage.set.counter,1781857644479000000,1781857704330000000,1
cacheStateStorage.get.duration,1781857644479000000,1781857704330000000,0
cacheStateStorage.set.duration,1781857644479000000,1781857704330000000,16
cacheStateStorage.get.counter,1781857644479000000,1781857704330000000,0
VFS.contentStorage.recordsStoredCompressed,1781857644479000000,1781857704330000000,0
VFS.contentStorage.recordsUncompressedSize,1781857644479000000,1781857704330000000,0
VFS.folderCaseSensitivityReads,1781857644479000000,1781857704330000000,0
FileNameCache.totalMisses,1781857644479000000,1781857704330000000,0
VFS.contentStorage.recordsRead,1781857644479000000,1781857704330000000,2
VFS.contentStorage.recordsStored,1781857644479000000,1781857704330000000,0
VFS.invertedFileNameIndex.requests,1781857644479000000,1781857704330000000,0
VFS.fileChildByName,1781857644479000000,1781857704330000000,544
VFS.contentStorage.recordsReadDecompressed,1781857644479000000,1781857704330000000,0
VFS.cache.directoriesCreated,1781857644479000000,1781857704330000000,0
VFS.rootsCount,1781857644479000000,1781857704330000000,12.0
VFS.fileByIdCache.misses,1781857644479000000,1781857704330000000,101
VFS.cache.segmentsCreated,1781857644479000000,1781857704330000000,0
VFS.cache.filesCreated,1781857644479000000,1781857704330000000,1526
VFS.fileByIdCache.hits,1781857644479000000,1781857704330000000,0
VFS.contentStorage.recordsReadSize,1781857644479000000,1781857704330000000,1556
VFS.contentStorage.recordsStoredSize,1781857644479000000,1781857704330000000,0
VFS.contentStorage.recordsDeduplicated,1781857644479000000,1781857704330000000,0
FileNameCache.queries,1781857644479000000,1781857704330000000,6144
VFS.contentStorage.recordsDecompressionTimeUs,1781857644479000000,1781857704330000000,0
VFS.cache.segments,1781857644479000000,1781857704330000000,62.0
StreamlinedBlobStorage.totalLiveRecordsCapacityBytes,1781857644479000000,1781857704330000000,0
StreamlinedBlobStorage.recordsRelocated,1781857644479000000,1781857704330000000,0
StorageLockContext.competingThreads.max,1781857644479000000,1781857704330000000,0
MappedFileStorage.storages,1781857644479000000,1781857704330000000,12
DirectByteBufferAllocator.disposed,1781857644479000000,1781857704330000000,33
DirectByteBufferAllocator.reclaimed,1781857644479000000,1781857704330000000,33
DirectByteBufferAllocator.totalSizeOfBuffersAllocatedInBytes,1781857644479000000,1781857704330000000,0
StorageLockContext.competingThreads.90P,1781857644479000000,1781857704330000000,0
MappedFileStorage.totalPagesMapped,1781857644479000000,1781857704330000000,12
FilePageCache.disposedBuffers,1781857644479000000,1781857704330000000,33
StorageLockContext.competingThreads.avg,1781857644479000000,1781857704330000000,0.0
FilePageCache.capacityInBytes,1781857644479000000,1781857704330000000,629145600
FilePageCache.totalPageLoadsUs,1781857644479000000,1781857704330000000,0
FilePageCache.pageLoads,1781857644479000000,1781857704330000000,0
StreamlinedBlobStorage.recordsAllocated,1781857644479000000,1781857704330000000,0
DirectByteBufferAllocator.totalSizeOfBuffersCachedInBytes,1781857644479000000,1781857704330000000,76562432
FilePageCache.pageLoadsAboveSizeThreshold,1781857644479000000,1781857704330000000,0
FilePageCache.maxCacheSizeInBytes,1781857644479000000,1781857704330000000,629153792
FilePageCache.pageFastCacheHits,1781857644479000000,1781857704330000000,353
StreamlinedBlobStorage.totalLiveRecordsPayloadBytes,1781857644479000000,1781857704330000000,0
FilePageCache.totalPageDisposalsUs,1781857644479000000,1781857704330000000,0
FilePageCache.uncachedFileAccess,1781857644479000000,1781857704330000000,0
FilePageCache.maxRegisteredFiles,1781857644479000000,1781857704330000000,1652
DirectByteBufferAllocator.misses,1781857644479000000,1781857704330000000,0
StreamlinedBlobStorage.recordsDeleted,1781857644479000000,1781857704330000000,0
MappedFileStorage.totalTimeSpentOnMappingUs,1781857644479000000,1781857704330000000,63839
FileChannelInterruptsRetryer.totalRetriedAttempts,1781857644479000000,1781857704330000000,0
MappedFileStorage.totalBytesMapped,1781857644479000000,1781857704330000000,185860096
DirectByteBufferAllocator.hits,1781857644479000000,1781857704330000000,0
FilePageCache.pageHits,1781857644479000000,1781857704330000000,0
LowMemory.gcOverloaded,1781857644479000000,1781857704330000000,0
lexer.JAVA.time.ns,1781857644479000000,1781857704330000000,753925
writeAction.wait.ms,1781857644479000000,1781857704330000000,0
parser.JAVA.time.ns,1781857644479000000,1781857704330000000,26851827
DiskQueryRelay.tasksRequested,1781857644479000000,1781857704330000000,48
parser.JAVA.size.bytes,1781857644479000000,1781857704330000000,508
writeAction.median.wait.ms,1781857644479000000,1781857704330000000,0
writeAction.max.wait.ms,1781857644479000000,1781857704330000000,42
writeAction.count,1781857644479000000,1781857704330000000,2
LowMemory.gcLoad,1781857644479000000,1781857704330000000,8.572552212751001E-4
lexer.JAVA.size.bytes,1781857644479000000,1781857704330000000,508
DiskQueryRelay.taskWaitingTotalTimeUs,1781857644479000000,1781857704330000000,75934
DiskQueryRelay.taskExecutionTotalTimeUs,1781857644479000000,1781857704330000000,73459
DiskQueryRelay.tasksExecuted,1781857644479000000,1781857704330000000,48
NonBlockingReadAction.finalizedExecutionTimeUs,1781857644479000000,1781857704330000000,14729
FlushQueue.executionTimeAvgNs,1781857644479000000,1781857704330000000,0.0
AWTEventQueue.dispatchTimeTotalNS,1781857644479000000,1781857704330000000,3288406747
FlushQueue.queueSize90P,1781857644479000000,1781857704330000000,0
FlushQueue.executionTime90PNs,1781857644479000000,1781857704330000000,0
AWTEventQueue.dispatchTimeAvgNs,1781857644479000000,1781857704330000000,0.0
FlushQueue.tasksExecuted,1781857644479000000,1781857704330000000,0
WriteAction.executionsCount,1781857644479000000,1781857704330000000,2
NonBlockingReadAction.finalizedExecutionsCount,1781857644479000000,1781857704330000000,28
FlushQueue.waitingTimeMaxNs,1781857644479000000,1781857704330000000,0
AWTEventQueue.eventsDispatched,1781857644479000000,1781857704330000000,0
FlushQueue.queueSizeAvg,1781857644479000000,1781857704330000000,0.0
ReadAction.executionsCount,1781857644479000000,1781857704330000000,2117
FlushQueue.queueSizeMax,1781857644479000000,1781857704330000000,0
AWTEventQueue.dispatchTimeMaxNs,1781857644479000000,1781857704330000000,0
FlushQueue.waitingTime90PNs,1781857644479000000,1781857704330000000,0
NonBlockingReadAction.failedExecutionTimeUs,1781857644479000000,1781857704330000000,0
FlushQueue.waitingTimeAvgNs,1781857644479000000,1781857704330000000,0.0
AWTEventQueue.dispatchTime90PNs,1781857644479000000,1781857704330000000,0
NonBlockingReadAction.failedExecutionsCount,1781857644479000000,1781857704330000000,0
FlushQueue.executionTimeMaxNs,1781857644479000000,1781857704330000000,0
workspaceModel.workspaceFileIndexContributor.registerFileSets.ms,1781857644479000000,1781857704330000000,0
workspaceModel.workspaceFileIndexData.onEntitiesChanged.ms,1781857644479000000,1781857704330000000,0
workspaceModel.workspaceFileIndexData.markDirty.ms,1781857644479000000,1781857704330000000,0
workspaceModel.cachedValue.calculated.count,1781857644479000000,1781857704330000000,1
workspaceModel.workspaceFileIndexData.visitFileSets.ms,1781857644479000000,1781857704330000000,0
workspaceModel.workspaceFileIndexData.init.ms,1781857644479000000,1781857704330000000,0
workspaceModel.collect.changes.ms,1781857644479000000,1781857704330000000,0
workspaceModel.updates.count,1781857644479000000,1781857704330000000,0
workspaceModel.initializing.ms,1781857644479000000,1781857704330000000,0
workspaceModel.cachedValueWithParameters.total.get.count,1781857644479000000,1781857704330000000,1045
workspaceModel.cachedValueWithParameters.calculated.count,1781857644479000000,1781857704330000000,0
workspaceModel.on.before.changed.ms,1781857644479000000,1781857704330000000,0
workspaceModel.update.unloaded.entities.ms,1781857644479000000,1781857704330000000,0
workspaceModel.loading.total.ms,1781857644479000000,1781857704330000000,0
workspaceModel.workspaceFileIndexData.getFileInfo.ms,1781857644479000000,1781857704330000000,24
workspaceModel.workspaceFileIndexData.instances.count,1781857644479000000,1781857704330000000,0
workspaceModel.replace.project.model.ms,1781857644479000000,1781857704330000000,0
workspaceModel.to.snapshot.ms,1781857644479000000,1781857704330000000,0
workspaceModel.pre.handlers.ms,1781857644479000000,1781857704330000000,0
workspaceModel.workspaceFileIndexData.getPackageName.ms,1781857644479000000,1781857704330000000,2
workspaceModel.cachedValue.from.cache.count,1781857644479000000,1781857704330000000,11
workspaceModel.workspaceFileIndexData.updateDirtyEntities.ms,1781857644479000000,1781857704330000000,0
workspaceModel.on.changed.ms,1781857644479000000,1781857704330000000,0
workspaceModel.updates.ms,1781857644479000000,1781857704330000000,0
workspaceModel.loading.from.cache.ms,1781857644479000000,1781857704330000000,0
workspaceModel.check.recursive.update.ms,1781857644479000000,1781857704330000000,0
workspaceModel.entityStorageSnapshotImpl.instances.count,1781857644479000000,1781857704330000000,0
workspaceModel.init.bridges.ms,1781857644479000000,1781857704330000000,0
workspaceModel.workspaceFileIndexData.processFileSets.ms,1781857644479000000,1781857704330000000,0
workspaceModel.workspaceFileIndexData.getDirectoriesByPackageName.ms,1781857644479000000,1781857704330000000,0
workspaceModel.cachedValue.clear.count,1781857644479000000,1781857704330000000,0
workspaceModel.updates.precise.ms,1781857644479000000,1781857704330000000,0
workspaceModel.cachedValueWithParameters.clear.count,1781857644479000000,1781857704330000000,0
workspaceModel.full.replace.project.model.ms,1781857644479000000,1781857704330000000,0
workspaceModel.cachedValue.total.get.count,1781857644479000000,1781857704330000000,12
workspaceModel.cachedValueWithParameters.from.cache.count,1781857644479000000,1781857704330000000,1045
Indexing.writer_0.totalTimeSpentWritingMs,1781857644479000000,1781857704330000000,0
Indexing.writer_3.totalTimeSpentWritingMs,1781857644479000000,1781857704330000000,0
Indexes.entries.lookupDurationAvgMs,1781857644479000000,1781857704330000000,0.0
Indexes.stubs.lookupDuration90PMs,1781857644479000000,1781857704330000000,0.0
Indexes.stubs.lookups,1781857644479000000,1781857704330000000,904
Indexes.allKeys.lookupDurationMaxMs,1781857644479000000,1781857704330000000,0.0
Indexing.writer_2.totalTimeSpentWritingMs,1781857644479000000,1781857704330000000,0
Indexing.writesQueuedMin,1781857644479000000,1781857704330000000,9223372036854775807
Indexing.cache.totalCacheEvicted,1781857644479000000,1781857704330000000,554
Indexing.writer_1.totalTimeSpentWritingMs,1781857644479000000,1781857704330000000,0
Indexes.stubs.lookupDurationAvgMs,1781857644479000000,1781857704330000000,0.0
Indexes.entries.lookups,1781857644479000000,1781857704330000000,13
Indexes.allKeys.lookups,1781857644479000000,1781857704330000000,1
Indexing.cache.totalCacheAccesses,1781857644479000000,1781857704330000000,2028
Indexes.allKeys.lookupDurationAvgMs,1781857644479000000,1781857704330000000,0.0
Indexing.cache.totalCacheMisses,1781857644479000000,1781857704330000000,554
Indexes.stubs.lookupDurationMaxMs,1781857644479000000,1781857704330000000,0.0
Indexing.totalTimeIndexersSleptMs,1781857644479000000,1781857704330000000,0
Indexing.writesQueuedMax,1781857644479000000,1781857704330000000,0
Indexes.entries.lookupDuration90PMs,1781857644479000000,1781857704330000000,0.0
Indexes.entries.lookupDurationMaxMs,1781857644479000000,1781857704330000000,0.0
Indexes.allKeys.lookupDuration90PMs,1781857644479000000,1781857704330000000,0.0
JVM.usedHeapBytes,1781857644479000000,1781857704330000000,365498072
JVM.totalTimeAtSafepointsMs,1781857644479000000,1781857704330000000,426
JVM.totalSafepointCount,1781857644479000000,1781857704330000000,2
JVM.GC.collections,1781857644479000000,1781857704330000000,2
MEM.ramBytes,1781857644479000000,1781857704330000000,2022379520
MEM.fileMappingsRamBytes,1781857644479000000,1781857704330000000,719273984
JVM.threadCount,1781857644479000000,1781857704330000000,80
JVM.committedHeapBytes,1781857644479000000,1781857704330000000,610271232
MEM.ramPlusSwapMinusFileMappingsBytes,1781857644479000000,1781857704330000000,1290129408
JVM.usedNativeBytes,1781857644479000000,1781857704330000000,431005584
JVM.maxThreadCount,1781857644479000000,1781857704330000000,135
JVM.totalBytesAllocated,1781857644479000000,1781857704330000000,142816152
JVM.GC.collectionTimesMs,1781857644479000000,1781857704330000000,426
MEM.ramMinusFileMappingsBytes,1781857644479000000,1781857704330000000,1290129408
JVM.maxHeapBytes,1781857644479000000,1781857704330000000,2147483648
OS.loadAverage,1781857644479000000,1781857704330000000,1.38037109375
JVM.totalCpuTimeMs,1781857644479000000,1781857704330000000,21360
JVM.totalTimeToSafepointsMs,1781857644479000000,1781857704330000000,0
JVM.newThreadsCount,1781857644479000000,1781857704330000000,14
JVM.totalDirectByteBuffersBytes,1781857644479000000,1781857704330000000,77825
compiler.ArtifactManagerBridge.dropMappings.ms,1781857704330000000,1781857764325000000,0
compiler.ArtifactManagerBridge.addArtifact.ms,1781857704330000000,1781857764325000000,0
compiler.ArtifactManagerBridge.getArtifacts.ms,1781857704330000000,1781857764325000000,0
compiler.ArtifactManagerBridge.getArtifactsByType.ms,1781857704330000000,1781857764325000000,0
compiler.ArtifactManagerBridge.findArtifact.ms,1781857704330000000,1781857764325000000,0
compiler.ArtifactVirtualFileListener.filePathChanged.ms,1781857704330000000,1781857764325000000,0
compiler.ArtifactManagerBridge.commit.ms,1781857704330000000,1781857764325000000,0
compiler.ArtifactVirtualFileListener.propertyChanged.ms,1781857704330000000,1781857764325000000,0
compiler.ArtifactManagerBridge.initBridges.ms,1781857704330000000,1781857764325000000,0
jps.facet.change.listener.init.bridge.ms,1781857704330000000,1781857764325000000,0
workspaceModel.mutableEntityStorage.has.same.entities.ms,1781857704330000000,1781857764325000000,0
jps.apply.loaded.storage.ms,1781857704330000000,1781857764325000000,0
workspaceModel.global.updates.count,1781857704330000000,1781857764325000000,0
jps.load.initial.state.ms,1781857704330000000,1781857764325000000,0
jps.global.initialize.library.bridges.after.loading.ms,1781857704330000000,1781857764325000000,0
workspaceModel.mutableEntityStorage.to.snapshot.ms,1781857704330000000,1781857764325000000,0
workspaceModel.mutableEntityStorage.modify.entity.ms,1781857704330000000,1781857764325000000,0
workspaceModel.mutableEntityStorage.hasReferrers.ms,1781857704330000000,1781857764325000000,0
workspaceModel.mutableEntityStorage.replace.by.source.ms,1781857704330000000,1781857764325000000,0
workspaceModel.load.cache.from.file.ms,1781857704330000000,1781857764325000000,0
workspaceModel.mutableEntityStorage.changeLog.addReplaceEventForRemovedParent.ms,1781857704330000000,1781857764325000000,0
workspaceModel.moduleManagerBridge.load.module.ms,1781857704330000000,1781857764325000000,0
workspaceModel.mutableEntityStorage.referrers.ms,1781857704330000000,1781857764325000000,0
jps.library.entities.serializer.save.entities.ms,1781857704330000000,1781857764325000000,0
jps.save.changed.project.entities.ms,1781857704330000000,1781857764325000000,0
jps.facet.change.listener.before.change.events.ms,1781857704330000000,1781857764325000000,0
jps.artifact.entities.serializer.save.entities.ms,1781857704330000000,1781857764325000000,0
jps.global.get.library.by.name.ms,1781857704330000000,1781857764325000000,0
workspaceModel.mutableEntityStorage.remove.entity.ms,1781857704330000000,1781857764325000000,0
workspaceModel.mutableEntityStorage.changeLog.addReplaceEventForRemovedChild.ms,1781857704330000000,1781857764325000000,0
workspaceModel.mutableEntityStorage.resolve.ms,1781857704330000000,1781857764325000000,0
workspaceModel.do.save.caches.ms,1781857704330000000,1781857764325000000,0
workspaceModel.moduleBridge.update.option.ms,1781857704330000000,1781857764325000000,0
jps.module.dependency.index.workspace.model.listener.on.changed.ms,1781857704330000000,1781857764325000000,0
jps.storage.jps.conf.reader.load.component.ms,1781857704330000000,1781857764325000000,0
jps.global.initialize.library.bridges.ms,1781857704330000000,1781857764325000000,0
workspaceModel.moduleBridge.facet.initialization.ms,1781857704330000000,1781857764325000000,0
workspaceModel.moduleManagerBridge.new.nonPersistent.module.ms,1781857704330000000,1781857764325000000,0
workspaceModel.mutableEntityStorage.entities.ms,1781857704330000000,1781857764325000000,0
workspaceModel.moduleBridge.before.changed.ms,1781857704330000000,1781857764325000000,0
jps.facet.change.listener.process.change.events.ms,1781857704330000000,1781857764325000000,0
workspaceModel.sync.entities.ms,1781857704330000000,1781857764325000000,0
workspaceModel.moduleManagerBridge.load.all.modules.ms,1781857704330000000,1781857764325000000,0
workspaceModel.global.apply.state.to.project.ms,1781857704330000000,1781857764325000000,0
jps.global.get.libraries.ms,1781857704330000000,1781857764325000000,0
workspaceModel.delayed.project.synchronizer.sync.ms,1781857704330000000,1781857764325000000,0
jps.project.serializers.save.ms,1781857704330000000,1781857764325000000,0
jps.global.handle.before.change.events.ms,1781857704330000000,1781857764325000000,0
jps.save.global.entities.ms,1781857704330000000,1781857764325000000,0
jps.module.iml.entities.serializer.load.entities.ms,1781857704330000000,1781857764325000000,0
workspaceModel.moduleBridgeLoader.loading.modules.ms,1781857704330000000,1781857764325000000,0
workspaceModel.moduleManagerBridge.set.unloadedModules.ms,1781857704330000000,1781857764325000000,0
jps.global.get.library.ms,1781857704330000000,1781857764325000000,0
workspaceModel.moduleManagerBridge.build.module.graph.ms,1781857704330000000,1781857764325000000,0
workspaceModel.mutableEntityStorage.apply.changes.from.ms,1781857704330000000,1781857764325000000,0
jps.app.storage.content.reader.load.component.ms,1781857704330000000,1781857764325000000,0
workspaceModel.global.apply.state.to.project.builder.ms,1781857704330000000,1781857764325000000,0
workspaceModel.mutableEntityStorage.entities.by.source.ms,1781857704330000000,1781857764325000000,0
workspaceModel.mutableEntityStorage.mutable.ext.mapping.ms,1781857704330000000,1781857764325000000,0
workspaceModel.mutableEntityStorage.collect.changes.ms,1781857704330000000,1781857764325000000,0
jps.project.serializers.load.ms,1781857704330000000,1781857764325000000,0
workspaceModel.global.updates.ms,1781857704330000000,1781857764325000000,0
workspaceModel.save.cache.to.file.ms,1781857704330000000,1781857764325000000,0
workspaceModel.mutableEntityStorage.add.entity.ms,1781857704330000000,1781857764325000000,0
workspaceModel.moduleManagerBridge.create.module.instance.ms,1781857704330000000,1781857764325000000,0
workspaceModel.mutableEntityStorage.instances.count,1781857704330000000,1781857764325000000,0
jps.library.entities.serializer.load.entities.ms,1781857704330000000,1781857764325000000,0
workspaceModel.moduleManagerBridge.newModule.ms,1781857704330000000,1781857764325000000,0
workspaceModel.load.cache.metadata.from.file.ms,1781857704330000000,1781857764325000000,0
workspaceModel.mutableEntityStorage.put.entity.ms,1781857704330000000,1781857764325000000,0
jps.app.storage.content.writer.save.component.ms,1781857704330000000,1781857764325000000,0
workspaceModel.mutableEntityStorage.changeLog.addReplaceEventForNewChild.ms,1781857704330000000,1781857764325000000,0
jps.load.project.to.empty.storage.ms,1781857704330000000,1781857764325000000,0
jps.artifact.entities.serializer.load.entities.ms,1781857704330000000,1781857764325000000,0
workspaceModel.orphan.listener.update.ms,1781857704330000000,1781857764325000000,0
workspaceModel.moduleManagerBridge.get.modules.ms,1781857704330000000,1781857764325000000,0
jps.global.handle.changed.events.ms,1781857704330000000,1781857764325000000,0
workspaceModel.mutableEntityStorage.changeLog.addReplaceEventForNewParent.ms,1781857704330000000,1781857764325000000,0
jps.reload.project.entities.ms,1781857704330000000,1781857764325000000,0
workspaceModel.mutableEntityStorage.mutable.vfurl.index.ms,1781857704330000000,1781857764325000000,0
jps.module.iml.entities.serializer.save.entities.ms,1781857704330000000,1781857764325000000,0
cacheStateStorage.set.counter,1781857704330000000,1781857764325000000,0
cacheStateStorage.get.duration,1781857704330000000,1781857764325000000,0
cacheStateStorage.set.duration,1781857704330000000,1781857764325000000,0
cacheStateStorage.get.counter,1781857704330000000,1781857764325000000,0
VFS.contentStorage.recordsStoredCompressed,1781857704330000000,1781857764325000000,0
VFS.contentStorage.recordsUncompressedSize,1781857704330000000,1781857764325000000,0
VFS.folderCaseSensitivityReads,1781857704330000000,1781857764325000000,0
FileNameCache.totalMisses,1781857704330000000,1781857764325000000,0
VFS.contentStorage.recordsRead,1781857704330000000,1781857764325000000,0
VFS.contentStorage.recordsStored,1781857704330000000,1781857764325000000,0
VFS.invertedFileNameIndex.requests,1781857704330000000,1781857764325000000,0
VFS.fileChildByName,1781857704330000000,1781857764325000000,0
VFS.contentStorage.recordsReadDecompressed,1781857704330000000,1781857764325000000,0
VFS.cache.directoriesCreated,1781857704330000000,1781857764325000000,0
VFS.rootsCount,1781857704330000000,1781857764325000000,12.0
VFS.fileByIdCache.misses,1781857704330000000,1781857764325000000,0
VFS.cache.segmentsCreated,1781857704330000000,1781857764325000000,0
VFS.cache.filesCreated,1781857704330000000,1781857764325000000,0
VFS.fileByIdCache.hits,1781857704330000000,1781857764325000000,0
VFS.contentStorage.recordsReadSize,1781857704330000000,1781857764325000000,0
VFS.contentStorage.recordsStoredSize,1781857704330000000,1781857764325000000,0
VFS.contentStorage.recordsDeduplicated,1781857704330000000,1781857764325000000,0
FileNameCache.queries,1781857704330000000,1781857764325000000,0
VFS.contentStorage.recordsDecompressionTimeUs,1781857704330000000,1781857764325000000,0
VFS.cache.segments,1781857704330000000,1781857764325000000,62.0
StreamlinedBlobStorage.totalLiveRecordsCapacityBytes,1781857704330000000,1781857764325000000,0
StreamlinedBlobStorage.recordsRelocated,1781857704330000000,1781857764325000000,0
StorageLockContext.competingThreads.max,1781857704330000000,1781857764325000000,0
MappedFileStorage.storages,1781857704330000000,1781857764325000000,12
DirectByteBufferAllocator.disposed,1781857704330000000,1781857764325000000,0
DirectByteBufferAllocator.reclaimed,1781857704330000000,1781857764325000000,0
DirectByteBufferAllocator.totalSizeOfBuffersAllocatedInBytes,1781857704330000000,1781857764325000000,0
StorageLockContext.competingThreads.90P,1781857704330000000,1781857764325000000,0
MappedFileStorage.totalPagesMapped,1781857704330000000,1781857764325000000,12
FilePageCache.disposedBuffers,1781857704330000000,1781857764325000000,0
StorageLockContext.competingThreads.avg,1781857704330000000,1781857764325000000,0.0
FilePageCache.capacityInBytes,1781857704330000000,1781857764325000000,629145600
FilePageCache.totalPageLoadsUs,1781857704330000000,1781857764325000000,0
FilePageCache.pageLoads,1781857704330000000,1781857764325000000,0
StreamlinedBlobStorage.recordsAllocated,1781857704330000000,1781857764325000000,0
DirectByteBufferAllocator.totalSizeOfBuffersCachedInBytes,1781857704330000000,1781857764325000000,76562432
FilePageCache.pageLoadsAboveSizeThreshold,1781857704330000000,1781857764325000000,0
FilePageCache.maxCacheSizeInBytes,1781857704330000000,1781857764325000000,629153792
FilePageCache.pageFastCacheHits,1781857704330000000,1781857764325000000,0
StreamlinedBlobStorage.totalLiveRecordsPayloadBytes,1781857704330000000,1781857764325000000,0
FilePageCache.totalPageDisposalsUs,1781857704330000000,1781857764325000000,0
FilePageCache.uncachedFileAccess,1781857704330000000,1781857764325000000,0
FilePageCache.maxRegisteredFiles,1781857704330000000,1781857764325000000,1652
DirectByteBufferAllocator.misses,1781857704330000000,1781857764325000000,0
StreamlinedBlobStorage.recordsDeleted,1781857704330000000,1781857764325000000,0
MappedFileStorage.totalTimeSpentOnMappingUs,1781857704330000000,1781857764325000000,63839
FileChannelInterruptsRetryer.totalRetriedAttempts,1781857704330000000,1781857764325000000,0
MappedFileStorage.totalBytesMapped,1781857704330000000,1781857764325000000,185860096
DirectByteBufferAllocator.hits,1781857704330000000,1781857764325000000,0
FilePageCache.pageHits,1781857704330000000,1781857764325000000,0
LowMemory.gcOverloaded,1781857704330000000,1781857764325000000,0
writeAction.wait.ms,1781857704330000000,1781857764325000000,0
DiskQueryRelay.tasksRequested,1781857704330000000,1781857764325000000,0
writeAction.median.wait.ms,1781857704330000000,1781857764325000000,0
writeAction.max.wait.ms,1781857704330000000,1781857764325000000,42
writeAction.count,1781857704330000000,1781857764325000000,0
LowMemory.gcLoad,1781857704330000000,1781857764325000000,0.0024675426409809346
DiskQueryRelay.taskWaitingTotalTimeUs,1781857704330000000,1781857764325000000,0
DiskQueryRelay.taskExecutionTotalTimeUs,1781857704330000000,1781857764325000000,0
DiskQueryRelay.tasksExecuted,1781857704330000000,1781857764325000000,0
NonBlockingReadAction.finalizedExecutionTimeUs,1781857704330000000,1781857764325000000,0
FlushQueue.executionTimeAvgNs,1781857704330000000,1781857764325000000,0.0
AWTEventQueue.dispatchTimeTotalNS,1781857704330000000,1781857764325000000,32278387
FlushQueue.queueSize90P,1781857704330000000,1781857764325000000,0
FlushQueue.executionTime90PNs,1781857704330000000,1781857764325000000,0
AWTEventQueue.dispatchTimeAvgNs,1781857704330000000,1781857764325000000,0.0
FlushQueue.tasksExecuted,1781857704330000000,1781857764325000000,0
WriteAction.executionsCount,1781857704330000000,1781857764325000000,0
NonBlockingReadAction.finalizedExecutionsCount,1781857704330000000,1781857764325000000,0
FlushQueue.waitingTimeMaxNs,1781857704330000000,1781857764325000000,0
AWTEventQueue.eventsDispatched,1781857704330000000,1781857764325000000,0
FlushQueue.queueSizeAvg,1781857704330000000,1781857764325000000,0.0
ReadAction.executionsCount,1781857704330000000,1781857764325000000,7
FlushQueue.queueSizeMax,1781857704330000000,1781857764325000000,0
AWTEventQueue.dispatchTimeMaxNs,1781857704330000000,1781857764325000000,0
FlushQueue.waitingTime90PNs,1781857704330000000,1781857764325000000,0
NonBlockingReadAction.failedExecutionTimeUs,1781857704330000000,1781857764325000000,0
FlushQueue.waitingTimeAvgNs,1781857704330000000,1781857764325000000,0.0
AWTEventQueue.dispatchTime90PNs,1781857704330000000,1781857764325000000,0
NonBlockingReadAction.failedExecutionsCount,1781857704330000000,1781857764325000000,0
FlushQueue.executionTimeMaxNs,1781857704330000000,1781857764325000000,0
workspaceModel.workspaceFileIndexContributor.registerFileSets.ms,1781857704330000000,1781857764325000000,0
workspaceModel.workspaceFileIndexData.onEntitiesChanged.ms,1781857704330000000,1781857764325000000,0
workspaceModel.workspaceFileIndexData.markDirty.ms,1781857704330000000,1781857764325000000,0
workspaceModel.cachedValue.calculated.count,1781857704330000000,1781857764325000000,0
workspaceModel.workspaceFileIndexData.visitFileSets.ms,1781857704330000000,1781857764325000000,0
workspaceModel.workspaceFileIndexData.init.ms,1781857704330000000,1781857764325000000,0
workspaceModel.collect.changes.ms,1781857704330000000,1781857764325000000,0
workspaceModel.updates.count,1781857704330000000,1781857764325000000,0
workspaceModel.initializing.ms,1781857704330000000,1781857764325000000,0
workspaceModel.cachedValueWithParameters.total.get.count,1781857704330000000,1781857764325000000,0
workspaceModel.cachedValueWithParameters.calculated.count,1781857704330000000,1781857764325000000,0
workspaceModel.on.before.changed.ms,1781857704330000000,1781857764325000000,0
workspaceModel.update.unloaded.entities.ms,1781857704330000000,1781857764325000000,0
workspaceModel.loading.total.ms,1781857704330000000,1781857764325000000,0
workspaceModel.workspaceFileIndexData.getFileInfo.ms,1781857704330000000,1781857764325000000,0
workspaceModel.workspaceFileIndexData.instances.count,1781857704330000000,1781857764325000000,0
workspaceModel.replace.project.model.ms,1781857704330000000,1781857764325000000,0
workspaceModel.to.snapshot.ms,1781857704330000000,1781857764325000000,0
workspaceModel.pre.handlers.ms,1781857704330000000,1781857764325000000,0
workspaceModel.workspaceFileIndexData.getPackageName.ms,1781857704330000000,1781857764325000000,0
workspaceModel.cachedValue.from.cache.count,1781857704330000000,1781857764325000000,0
workspaceModel.workspaceFileIndexData.updateDirtyEntities.ms,1781857704330000000,1781857764325000000,0
workspaceModel.on.changed.ms,1781857704330000000,1781857764325000000,0
workspaceModel.updates.ms,1781857704330000000,1781857764325000000,0
workspaceModel.loading.from.cache.ms,1781857704330000000,1781857764325000000,0
workspaceModel.check.recursive.update.ms,1781857704330000000,1781857764325000000,0
workspaceModel.entityStorageSnapshotImpl.instances.count,1781857704330000000,1781857764325000000,0
workspaceModel.init.bridges.ms,1781857704330000000,1781857764325000000,0
workspaceModel.workspaceFileIndexData.processFileSets.ms,1781857704330000000,1781857764325000000,0
workspaceModel.workspaceFileIndexData.getDirectoriesByPackageName.ms,1781857704330000000,1781857764325000000,0
workspaceModel.cachedValue.clear.count,1781857704330000000,1781857764325000000,0
workspaceModel.updates.precise.ms,1781857704330000000,1781857764325000000,0
workspaceModel.cachedValueWithParameters.clear.count,1781857704330000000,1781857764325000000,0
workspaceModel.full.replace.project.model.ms,1781857704330000000,1781857764325000000,0
workspaceModel.cachedValue.total.get.count,1781857704330000000,1781857764325000000,0
workspaceModel.cachedValueWithParameters.from.cache.count,1781857704330000000,1781857764325000000,0
Indexing.writer_0.totalTimeSpentWritingMs,1781857704330000000,1781857764325000000,0
Indexing.writer_3.totalTimeSpentWritingMs,1781857704330000000,1781857764325000000,0
Indexes.entries.lookupDurationAvgMs,1781857704330000000,1781857764325000000,0.0
Indexes.stubs.lookupDuration90PMs,1781857704330000000,1781857764325000000,0.0
Indexes.stubs.lookups,1781857704330000000,1781857764325000000,0
Indexes.allKeys.lookupDurationMaxMs,1781857704330000000,1781857764325000000,0.0
Indexing.writer_2.totalTimeSpentWritingMs,1781857704330000000,1781857764325000000,0
Indexing.writesQueuedMin,1781857704330000000,1781857764325000000,9223372036854775807
Indexing.cache.totalCacheEvicted,1781857704330000000,1781857764325000000,0
Indexing.writer_1.totalTimeSpentWritingMs,1781857704330000000,1781857764325000000,0
Indexes.stubs.lookupDurationAvgMs,1781857704330000000,1781857764325000000,0.0
Indexes.entries.lookups,1781857704330000000,1781857764325000000,0
Indexes.allKeys.lookups,1781857704330000000,1781857764325000000,0
Indexing.cache.totalCacheAccesses,1781857704330000000,1781857764325000000,0
Indexes.allKeys.lookupDurationAvgMs,1781857704330000000,1781857764325000000,0.0
Indexing.cache.totalCacheMisses,1781857704330000000,1781857764325000000,0
Indexes.stubs.lookupDurationMaxMs,1781857704330000000,1781857764325000000,0.0
Indexing.totalTimeIndexersSleptMs,1781857704330000000,1781857764325000000,0
Indexing.writesQueuedMax,1781857704330000000,1781857764325000000,0
Indexes.entries.lookupDuration90PMs,1781857704330000000,1781857764325000000,0.0
Indexes.entries.lookupDurationMaxMs,1781857704330000000,1781857764325000000,0.0
Indexes.allKeys.lookupDuration90PMs,1781857704330000000,1781857764325000000,0.0
JVM.usedHeapBytes,1781857704330000000,1781857764325000000,387518168
JVM.totalTimeAtSafepointsMs,1781857704330000000,1781857764325000000,0
JVM.totalSafepointCount,1781857704330000000,1781857764325000000,0
JVM.GC.collections,1781857704330000000,1781857764325000000,0
MEM.ramBytes,1781857704330000000,1781857764325000000,2032271360
MEM.fileMappingsRamBytes,1781857704330000000,1781857764325000000,719273984
JVM.threadCount,1781857704330000000,1781857764325000000,56
JVM.committedHeapBytes,1781857704330000000,1781857764325000000,610271232
MEM.ramPlusSwapMinusFileMappingsBytes,1781857704330000000,1781857764325000000,1300021248
JVM.usedNativeBytes,1781857704330000000,1781857764325000000,432119952
JVM.maxThreadCount,1781857704330000000,1781857764325000000,135
JVM.totalBytesAllocated,1781857704330000000,1781857764325000000,18785984
JVM.GC.collectionTimesMs,1781857704330000000,1781857764325000000,0
MEM.ramMinusFileMappingsBytes,1781857704330000000,1781857764325000000,1300021248
JVM.maxHeapBytes,1781857704330000000,1781857764325000000,2147483648
OS.loadAverage,1781857704330000000,1781857764325000000,0.8134765625
JVM.totalCpuTimeMs,1781857704330000000,1781857764325000000,2310
JVM.totalTimeToSafepointsMs,1781857704330000000,1781857764325000000,0
JVM.newThreadsCount,1781857704330000000,1781857764325000000,0
JVM.totalDirectByteBuffersBytes,1781857704330000000,1781857764325000000,77825
compiler.ArtifactManagerBridge.dropMappings.ms,1781857764325000000,1781857824319000000,0
compiler.ArtifactManagerBridge.addArtifact.ms,1781857764325000000,1781857824319000000,0
compiler.ArtifactManagerBridge.getArtifacts.ms,1781857764325000000,1781857824319000000,0
compiler.ArtifactManagerBridge.getArtifactsByType.ms,1781857764325000000,1781857824319000000,0
compiler.ArtifactManagerBridge.findArtifact.ms,1781857764325000000,1781857824319000000,0
compiler.ArtifactVirtualFileListener.filePathChanged.ms,1781857764325000000,1781857824319000000,0
compiler.ArtifactManagerBridge.commit.ms,1781857764325000000,1781857824319000000,0
compiler.ArtifactVirtualFileListener.propertyChanged.ms,1781857764325000000,1781857824319000000,0
compiler.ArtifactManagerBridge.initBridges.ms,1781857764325000000,1781857824319000000,0
jps.facet.change.listener.init.bridge.ms,1781857764325000000,1781857824319000000,0
workspaceModel.mutableEntityStorage.has.same.entities.ms,1781857764325000000,1781857824319000000,0
jps.apply.loaded.storage.ms,1781857764325000000,1781857824319000000,0
workspaceModel.global.updates.count,1781857764325000000,1781857824319000000,0
jps.load.initial.state.ms,1781857764325000000,1781857824319000000,0
jps.global.initialize.library.bridges.after.loading.ms,1781857764325000000,1781857824319000000,0
workspaceModel.mutableEntityStorage.to.snapshot.ms,1781857764325000000,1781857824319000000,0
workspaceModel.mutableEntityStorage.modify.entity.ms,1781857764325000000,1781857824319000000,0
workspaceModel.mutableEntityStorage.hasReferrers.ms,1781857764325000000,1781857824319000000,0
workspaceModel.mutableEntityStorage.replace.by.source.ms,1781857764325000000,1781857824319000000,0
workspaceModel.load.cache.from.file.ms,1781857764325000000,1781857824319000000,0
workspaceModel.mutableEntityStorage.changeLog.addReplaceEventForRemovedParent.ms,1781857764325000000,1781857824319000000,0
workspaceModel.moduleManagerBridge.load.module.ms,1781857764325000000,1781857824319000000,0
workspaceModel.mutableEntityStorage.referrers.ms,1781857764325000000,1781857824319000000,0
jps.library.entities.serializer.save.entities.ms,1781857764325000000,1781857824319000000,0
jps.save.changed.project.entities.ms,1781857764325000000,1781857824319000000,0
jps.facet.change.listener.before.change.events.ms,1781857764325000000,1781857824319000000,0
jps.artifact.entities.serializer.save.entities.ms,1781857764325000000,1781857824319000000,0
jps.global.get.library.by.name.ms,1781857764325000000,1781857824319000000,0
workspaceModel.mutableEntityStorage.remove.entity.ms,1781857764325000000,1781857824319000000,0
workspaceModel.mutableEntityStorage.changeLog.addReplaceEventForRemovedChild.ms,1781857764325000000,1781857824319000000,0
workspaceModel.mutableEntityStorage.resolve.ms,1781857764325000000,1781857824319000000,0
workspaceModel.do.save.caches.ms,1781857764325000000,1781857824319000000,0
workspaceModel.moduleBridge.update.option.ms,1781857764325000000,1781857824319000000,0
jps.module.dependency.index.workspace.model.listener.on.changed.ms,1781857764325000000,1781857824319000000,0
jps.storage.jps.conf.reader.load.component.ms,1781857764325000000,1781857824319000000,0
jps.global.initialize.library.bridges.ms,1781857764325000000,1781857824319000000,0
workspaceModel.moduleBridge.facet.initialization.ms,1781857764325000000,1781857824319000000,0
workspaceModel.moduleManagerBridge.new.nonPersistent.module.ms,1781857764325000000,1781857824319000000,0
workspaceModel.mutableEntityStorage.entities.ms,1781857764325000000,1781857824319000000,0
workspaceModel.moduleBridge.before.changed.ms,1781857764325000000,1781857824319000000,0
jps.facet.change.listener.process.change.events.ms,1781857764325000000,1781857824319000000,0
workspaceModel.sync.entities.ms,1781857764325000000,1781857824319000000,0
workspaceModel.moduleManagerBridge.load.all.modules.ms,1781857764325000000,1781857824319000000,0
workspaceModel.global.apply.state.to.project.ms,1781857764325000000,1781857824319000000,0
jps.global.get.libraries.ms,1781857764325000000,1781857824319000000,0
workspaceModel.delayed.project.synchronizer.sync.ms,1781857764325000000,1781857824319000000,0
jps.project.serializers.save.ms,1781857764325000000,1781857824319000000,0
jps.global.handle.before.change.events.ms,1781857764325000000,1781857824319000000,0
jps.save.global.entities.ms,1781857764325000000,1781857824319000000,0
jps.module.iml.entities.serializer.load.entities.ms,1781857764325000000,1781857824319000000,0
workspaceModel.moduleBridgeLoader.loading.modules.ms,1781857764325000000,1781857824319000000,0
workspaceModel.moduleManagerBridge.set.unloadedModules.ms,1781857764325000000,1781857824319000000,0
jps.global.get.library.ms,1781857764325000000,1781857824319000000,0
workspaceModel.moduleManagerBridge.build.module.graph.ms,1781857764325000000,1781857824319000000,0
workspaceModel.mutableEntityStorage.apply.changes.from.ms,1781857764325000000,1781857824319000000,0
jps.app.storage.content.reader.load.component.ms,1781857764325000000,1781857824319000000,0
workspaceModel.global.apply.state.to.project.builder.ms,1781857764325000000,1781857824319000000,0
workspaceModel.mutableEntityStorage.entities.by.source.ms,1781857764325000000,1781857824319000000,0
workspaceModel.mutableEntityStorage.mutable.ext.mapping.ms,1781857764325000000,1781857824319000000,0
workspaceModel.mutableEntityStorage.collect.changes.ms,1781857764325000000,1781857824319000000,0
jps.project.serializers.load.ms,1781857764325000000,1781857824319000000,0
workspaceModel.global.updates.ms,1781857764325000000,1781857824319000000,0
workspaceModel.save.cache.to.file.ms,1781857764325000000,1781857824319000000,0
workspaceModel.mutableEntityStorage.add.entity.ms,1781857764325000000,1781857824319000000,0
workspaceModel.moduleManagerBridge.create.module.instance.ms,1781857764325000000,1781857824319000000,0
workspaceModel.mutableEntityStorage.instances.count,1781857764325000000,1781857824319000000,0
jps.library.entities.serializer.load.entities.ms,1781857764325000000,1781857824319000000,0
workspaceModel.moduleManagerBridge.newModule.ms,1781857764325000000,1781857824319000000,0
workspaceModel.load.cache.metadata.from.file.ms,1781857764325000000,1781857824319000000,0
workspaceModel.mutableEntityStorage.put.entity.ms,1781857764325000000,1781857824319000000,0
jps.app.storage.content.writer.save.component.ms,1781857764325000000,1781857824319000000,0
workspaceModel.mutableEntityStorage.changeLog.addReplaceEventForNewChild.ms,1781857764325000000,1781857824319000000,0
jps.load.project.to.empty.storage.ms,1781857764325000000,1781857824319000000,0
jps.artifact.entities.serializer.load.entities.ms,1781857764325000000,1781857824319000000,0
workspaceModel.orphan.listener.update.ms,1781857764325000000,1781857824319000000,0
workspaceModel.moduleManagerBridge.get.modules.ms,1781857764325000000,1781857824319000000,0
jps.global.handle.changed.events.ms,1781857764325000000,1781857824319000000,0
workspaceModel.mutableEntityStorage.changeLog.addReplaceEventForNewParent.ms,1781857764325000000,1781857824319000000,0
jps.reload.project.entities.ms,1781857764325000000,1781857824319000000,0
workspaceModel.mutableEntityStorage.mutable.vfurl.index.ms,1781857764325000000,1781857824319000000,0
jps.module.iml.entities.serializer.save.entities.ms,1781857764325000000,1781857824319000000,0
cacheStateStorage.set.counter,1781857764325000000,1781857824319000000,0
cacheStateStorage.get.duration,1781857764325000000,1781857824319000000,0
cacheStateStorage.set.duration,1781857764325000000,1781857824319000000,0
cacheStateStorage.get.counter,1781857764325000000,1781857824319000000,0
VFS.contentStorage.recordsStoredCompressed,1781857764325000000,1781857824319000000,0
VFS.contentStorage.recordsUncompressedSize,1781857764325000000,1781857824319000000,0
VFS.folderCaseSensitivityReads,1781857764325000000,1781857824319000000,0
FileNameCache.totalMisses,1781857764325000000,1781857824319000000,0
VFS.contentStorage.recordsRead,1781857764325000000,1781857824319000000,0
VFS.contentStorage.recordsStored,1781857764325000000,1781857824319000000,0
VFS.invertedFileNameIndex.requests,1781857764325000000,1781857824319000000,0
VFS.fileChildByName,1781857764325000000,1781857824319000000,0
VFS.contentStorage.recordsReadDecompressed,1781857764325000000,1781857824319000000,0
VFS.cache.directoriesCreated,1781857764325000000,1781857824319000000,0
VFS.rootsCount,1781857764325000000,1781857824319000000,12.0
VFS.fileByIdCache.misses,1781857764325000000,1781857824319000000,0
VFS.cache.segmentsCreated,1781857764325000000,1781857824319000000,0
VFS.cache.filesCreated,1781857764325000000,1781857824319000000,0
VFS.fileByIdCache.hits,1781857764325000000,1781857824319000000,0
VFS.contentStorage.recordsReadSize,1781857764325000000,1781857824319000000,0
VFS.contentStorage.recordsStoredSize,1781857764325000000,1781857824319000000,0
VFS.contentStorage.recordsDeduplicated,1781857764325000000,1781857824319000000,0
FileNameCache.queries,1781857764325000000,1781857824319000000,0
VFS.contentStorage.recordsDecompressionTimeUs,1781857764325000000,1781857824319000000,0
VFS.cache.segments,1781857764325000000,1781857824319000000,62.0
StreamlinedBlobStorage.totalLiveRecordsCapacityBytes,1781857764325000000,1781857824319000000,0
StreamlinedBlobStorage.recordsRelocated,1781857764325000000,1781857824319000000,0
StorageLockContext.competingThreads.max,1781857764325000000,1781857824319000000,0
MappedFileStorage.storages,1781857764325000000,1781857824319000000,12
DirectByteBufferAllocator.disposed,1781857764325000000,1781857824319000000,0
DirectByteBufferAllocator.reclaimed,1781857764325000000,1781857824319000000,0
DirectByteBufferAllocator.totalSizeOfBuffersAllocatedInBytes,1781857764325000000,1781857824319000000,0
StorageLockContext.competingThreads.90P,1781857764325000000,1781857824319000000,0
MappedFileStorage.totalPagesMapped,1781857764325000000,1781857824319000000,12
FilePageCache.disposedBuffers,1781857764325000000,1781857824319000000,0
StorageLockContext.competingThreads.avg,1781857764325000000,1781857824319000000,0.0
FilePageCache.capacityInBytes,1781857764325000000,1781857824319000000,629145600
FilePageCache.totalPageLoadsUs,1781857764325000000,1781857824319000000,0
FilePageCache.pageLoads,1781857764325000000,1781857824319000000,0
StreamlinedBlobStorage.recordsAllocated,1781857764325000000,1781857824319000000,0
DirectByteBufferAllocator.totalSizeOfBuffersCachedInBytes,1781857764325000000,1781857824319000000,76562432
FilePageCache.pageLoadsAboveSizeThreshold,1781857764325000000,1781857824319000000,0
FilePageCache.maxCacheSizeInBytes,1781857764325000000,1781857824319000000,629153792
FilePageCache.pageFastCacheHits,1781857764325000000,1781857824319000000,0
StreamlinedBlobStorage.totalLiveRecordsPayloadBytes,1781857764325000000,1781857824319000000,0
FilePageCache.totalPageDisposalsUs,1781857764325000000,1781857824319000000,0
FilePageCache.uncachedFileAccess,1781857764325000000,1781857824319000000,0
FilePageCache.maxRegisteredFiles,1781857764325000000,1781857824319000000,1652
DirectByteBufferAllocator.misses,1781857764325000000,1781857824319000000,0
StreamlinedBlobStorage.recordsDeleted,1781857764325000000,1781857824319000000,0
MappedFileStorage.totalTimeSpentOnMappingUs,1781857764325000000,1781857824319000000,63839
FileChannelInterruptsRetryer.totalRetriedAttempts,1781857764325000000,1781857824319000000,0
MappedFileStorage.totalBytesMapped,1781857764325000000,1781857824319000000,185860096
DirectByteBufferAllocator.hits,1781857764325000000,1781857824319000000,0
FilePageCache.pageHits,1781857764325000000,1781857824319000000,0
LowMemory.gcOverloaded,1781857764325000000,1781857824319000000,0
writeAction.wait.ms,1781857764325000000,1781857824319000000,0
DiskQueryRelay.tasksRequested,1781857764325000000,1781857824319000000,0
writeAction.median.wait.ms,1781857764325000000,1781857824319000000,0
writeAction.max.wait.ms,1781857764325000000,1781857824319000000,42
writeAction.count,1781857764325000000,1781857824319000000,0
LowMemory.gcLoad,1781857764325000000,1781857824319000000,0.0012668364052385247
DiskQueryRelay.taskWaitingTotalTimeUs,1781857764325000000,1781857824319000000,0
DiskQueryRelay.taskExecutionTotalTimeUs,1781857764325000000,1781857824319000000,0
DiskQueryRelay.tasksExecuted,1781857764325000000,1781857824319000000,0
NonBlockingReadAction.finalizedExecutionTimeUs,1781857764325000000,1781857824319000000,0
FlushQueue.executionTimeAvgNs,1781857764325000000,1781857824319000000,0.0
AWTEventQueue.dispatchTimeTotalNS,1781857764325000000,1781857824319000000,33431776
FlushQueue.queueSize90P,1781857764325000000,1781857824319000000,0
FlushQueue.executionTime90PNs,1781857764325000000,1781857824319000000,0
AWTEventQueue.dispatchTimeAvgNs,1781857764325000000,1781857824319000000,0.0
FlushQueue.tasksExecuted,1781857764325000000,1781857824319000000,0
WriteAction.executionsCount,1781857764325000000,1781857824319000000,0
NonBlockingReadAction.finalizedExecutionsCount,1781857764325000000,1781857824319000000,0
FlushQueue.waitingTimeMaxNs,1781857764325000000,1781857824319000000,0
AWTEventQueue.eventsDispatched,1781857764325000000,1781857824319000000,0
FlushQueue.queueSizeAvg,1781857764325000000,1781857824319000000,0.0
ReadAction.executionsCount,1781857764325000000,1781857824319000000,7
FlushQueue.queueSizeMax,1781857764325000000,1781857824319000000,0
AWTEventQueue.dispatchTimeMaxNs,1781857764325000000,1781857824319000000,0
FlushQueue.waitingTime90PNs,1781857764325000000,1781857824319000000,0
NonBlockingReadAction.failedExecutionTimeUs,1781857764325000000,1781857824319000000,0
FlushQueue.waitingTimeAvgNs,1781857764325000000,1781857824319000000,0.0
AWTEventQueue.dispatchTime90PNs,1781857764325000000,1781857824319000000,0
NonBlockingReadAction.failedExecutionsCount,1781857764325000000,1781857824319000000,0
FlushQueue.executionTimeMaxNs,1781857764325000000,1781857824319000000,0
workspaceModel.workspaceFileIndexContributor.registerFileSets.ms,1781857764325000000,1781857824319000000,0
workspaceModel.workspaceFileIndexData.onEntitiesChanged.ms,1781857764325000000,1781857824319000000,0
workspaceModel.workspaceFileIndexData.markDirty.ms,1781857764325000000,1781857824319000000,0
workspaceModel.cachedValue.calculated.count,1781857764325000000,1781857824319000000,0
workspaceModel.workspaceFileIndexData.visitFileSets.ms,1781857764325000000,1781857824319000000,0
workspaceModel.workspaceFileIndexData.init.ms,1781857764325000000,1781857824319000000,0
workspaceModel.collect.changes.ms,1781857764325000000,1781857824319000000,0
workspaceModel.updates.count,1781857764325000000,1781857824319000000,0
workspaceModel.initializing.ms,1781857764325000000,1781857824319000000,0
workspaceModel.cachedValueWithParameters.total.get.count,1781857764325000000,1781857824319000000,0
workspaceModel.cachedValueWithParameters.calculated.count,1781857764325000000,1781857824319000000,0
workspaceModel.on.before.changed.ms,1781857764325000000,1781857824319000000,0
workspaceModel.update.unloaded.entities.ms,1781857764325000000,1781857824319000000,0
workspaceModel.loading.total.ms,1781857764325000000,1781857824319000000,0
workspaceModel.workspaceFileIndexData.getFileInfo.ms,1781857764325000000,1781857824319000000,0
workspaceModel.workspaceFileIndexData.instances.count,1781857764325000000,1781857824319000000,0
workspaceModel.replace.project.model.ms,1781857764325000000,1781857824319000000,0
workspaceModel.to.snapshot.ms,1781857764325000000,1781857824319000000,0
workspaceModel.pre.handlers.ms,1781857764325000000,1781857824319000000,0
workspaceModel.workspaceFileIndexData.getPackageName.ms,1781857764325000000,1781857824319000000,0
workspaceModel.cachedValue.from.cache.count,1781857764325000000,1781857824319000000,0
workspaceModel.workspaceFileIndexData.updateDirtyEntities.ms,1781857764325000000,1781857824319000000,0
workspaceModel.on.changed.ms,1781857764325000000,1781857824319000000,0
workspaceModel.updates.ms,1781857764325000000,1781857824319000000,0
workspaceModel.loading.from.cache.ms,1781857764325000000,1781857824319000000,0
workspaceModel.check.recursive.update.ms,1781857764325000000,1781857824319000000,0
workspaceModel.entityStorageSnapshotImpl.instances.count,1781857764325000000,1781857824319000000,0
workspaceModel.init.bridges.ms,1781857764325000000,1781857824319000000,0
workspaceModel.workspaceFileIndexData.processFileSets.ms,1781857764325000000,1781857824319000000,0
workspaceModel.workspaceFileIndexData.getDirectoriesByPackageName.ms,1781857764325000000,1781857824319000000,0
workspaceModel.cachedValue.clear.count,1781857764325000000,1781857824319000000,0
workspaceModel.updates.precise.ms,1781857764325000000,1781857824319000000,0
workspaceModel.cachedValueWithParameters.clear.count,1781857764325000000,1781857824319000000,0
workspaceModel.full.replace.project.model.ms,1781857764325000000,1781857824319000000,0
workspaceModel.cachedValue.total.get.count,1781857764325000000,1781857824319000000,0
workspaceModel.cachedValueWithParameters.from.cache.count,1781857764325000000,1781857824319000000,0
Indexing.writer_0.totalTimeSpentWritingMs,1781857764325000000,1781857824319000000,0
Indexing.writer_3.totalTimeSpentWritingMs,1781857764325000000,1781857824319000000,0
Indexes.entries.lookupDurationAvgMs,1781857764325000000,1781857824319000000,0.0
Indexes.stubs.lookupDuration90PMs,1781857764325000000,1781857824319000000,0.0
Indexes.stubs.lookups,1781857764325000000,1781857824319000000,0
Indexes.allKeys.lookupDurationMaxMs,1781857764325000000,1781857824319000000,0.0
Indexing.writer_2.totalTimeSpentWritingMs,1781857764325000000,1781857824319000000,0
Indexing.writesQueuedMin,1781857764325000000,1781857824319000000,9223372036854775807
Indexing.cache.totalCacheEvicted,1781857764325000000,1781857824319000000,0
Indexing.writer_1.totalTimeSpentWritingMs,1781857764325000000,1781857824319000000,0
Indexes.stubs.lookupDurationAvgMs,1781857764325000000,1781857824319000000,0.0
Indexes.entries.lookups,1781857764325000000,1781857824319000000,0
Indexes.allKeys.lookups,1781857764325000000,1781857824319000000,0
Indexing.cache.totalCacheAccesses,1781857764325000000,1781857824319000000,0
Indexes.allKeys.lookupDurationAvgMs,1781857764325000000,1781857824319000000,0.0
Indexing.cache.totalCacheMisses,1781857764325000000,1781857824319000000,0
Indexes.stubs.lookupDurationMaxMs,1781857764325000000,1781857824319000000,0.0
Indexing.totalTimeIndexersSleptMs,1781857764325000000,1781857824319000000,0
Indexing.writesQueuedMax,1781857764325000000,1781857824319000000,0
Indexes.entries.lookupDuration90PMs,1781857764325000000,1781857824319000000,0.0
Indexes.entries.lookupDurationMaxMs,1781857764325000000,1781857824319000000,0.0
Indexes.allKeys.lookupDuration90PMs,1781857764325000000,1781857824319000000,0.0
JVM.usedHeapBytes,1781857764325000000,1781857824319000000,415829720
JVM.totalTimeAtSafepointsMs,1781857764325000000,1781857824319000000,0
JVM.totalSafepointCount,1781857764325000000,1781857824319000000,0
JVM.GC.collections,1781857764325000000,1781857824319000000,0
MEM.ramBytes,1781857764325000000,1781857824319000000,2038562816
MEM.fileMappingsRamBytes,1781857764325000000,1781857824319000000,719273984
JVM.threadCount,1781857764325000000,1781857824319000000,76
JVM.committedHeapBytes,1781857764325000000,1781857824319000000,610271232
MEM.ramPlusSwapMinusFileMappingsBytes,1781857764325000000,1781857824319000000,1306312704
JVM.usedNativeBytes,1781857764325000000,1781857824319000000,433758880
JVM.maxThreadCount,1781857764325000000,1781857824319000000,135
JVM.totalBytesAllocated,1781857764325000000,1781857824319000000,26823792
JVM.GC.collectionTimesMs,1781857764325000000,1781857824319000000,0
MEM.ramMinusFileMappingsBytes,1781857764325000000,1781857824319000000,1306312704
JVM.maxHeapBytes,1781857764325000000,1781857824319000000,2147483648
OS.loadAverage,1781857764325000000,1781857824319000000,0.37109375
JVM.totalCpuTimeMs,1781857764325000000,1781857824319000000,2290
JVM.totalTimeToSafepointsMs,1781857764325000000,1781857824319000000,0
JVM.newThreadsCount,1781857764325000000,1781857824319000000,20
JVM.totalDirectByteBuffersBytes,1781857764325000000,1781857824319000000,159745
compiler.ArtifactManagerBridge.dropMappings.ms,1781857824319000000,1781857884338000000,0
compiler.ArtifactManagerBridge.addArtifact.ms,1781857824319000000,1781857884338000000,0
compiler.ArtifactManagerBridge.getArtifacts.ms,1781857824319000000,1781857884338000000,0
compiler.ArtifactManagerBridge.getArtifactsByType.ms,1781857824319000000,1781857884338000000,0
compiler.ArtifactManagerBridge.findArtifact.ms,1781857824319000000,1781857884338000000,0
compiler.ArtifactVirtualFileListener.filePathChanged.ms,1781857824319000000,1781857884338000000,0
compiler.ArtifactManagerBridge.commit.ms,1781857824319000000,1781857884338000000,0
compiler.ArtifactVirtualFileListener.propertyChanged.ms,1781857824319000000,1781857884338000000,0
compiler.ArtifactManagerBridge.initBridges.ms,1781857824319000000,1781857884338000000,0
jps.facet.change.listener.init.bridge.ms,1781857824319000000,1781857884338000000,0
workspaceModel.mutableEntityStorage.has.same.entities.ms,1781857824319000000,1781857884338000000,0
jps.apply.loaded.storage.ms,1781857824319000000,1781857884338000000,0
workspaceModel.global.updates.count,1781857824319000000,1781857884338000000,0
jps.load.initial.state.ms,1781857824319000000,1781857884338000000,0
jps.global.initialize.library.bridges.after.loading.ms,1781857824319000000,1781857884338000000,0
workspaceModel.mutableEntityStorage.to.snapshot.ms,1781857824319000000,1781857884338000000,0
workspaceModel.mutableEntityStorage.modify.entity.ms,1781857824319000000,1781857884338000000,0
workspaceModel.mutableEntityStorage.hasReferrers.ms,1781857824319000000,1781857884338000000,0
workspaceModel.mutableEntityStorage.replace.by.source.ms,1781857824319000000,1781857884338000000,0
workspaceModel.load.cache.from.file.ms,1781857824319000000,1781857884338000000,0
workspaceModel.mutableEntityStorage.changeLog.addReplaceEventForRemovedParent.ms,1781857824319000000,1781857884338000000,0
workspaceModel.moduleManagerBridge.load.module.ms,1781857824319000000,1781857884338000000,0
workspaceModel.mutableEntityStorage.referrers.ms,1781857824319000000,1781857884338000000,0
jps.library.entities.serializer.save.entities.ms,1781857824319000000,1781857884338000000,0
jps.save.changed.project.entities.ms,1781857824319000000,1781857884338000000,0
jps.facet.change.listener.before.change.events.ms,1781857824319000000,1781857884338000000,0
jps.artifact.entities.serializer.save.entities.ms,1781857824319000000,1781857884338000000,0
jps.global.get.library.by.name.ms,1781857824319000000,1781857884338000000,0
workspaceModel.mutableEntityStorage.remove.entity.ms,1781857824319000000,1781857884338000000,0
workspaceModel.mutableEntityStorage.changeLog.addReplaceEventForRemovedChild.ms,1781857824319000000,1781857884338000000,0
workspaceModel.mutableEntityStorage.resolve.ms,1781857824319000000,1781857884338000000,0
workspaceModel.do.save.caches.ms,1781857824319000000,1781857884338000000,0
workspaceModel.moduleBridge.update.option.ms,1781857824319000000,1781857884338000000,0
jps.module.dependency.index.workspace.model.listener.on.changed.ms,1781857824319000000,1781857884338000000,0
jps.storage.jps.conf.reader.load.component.ms,1781857824319000000,1781857884338000000,0
jps.global.initialize.library.bridges.ms,1781857824319000000,1781857884338000000,0
workspaceModel.moduleBridge.facet.initialization.ms,1781857824319000000,1781857884338000000,0
workspaceModel.moduleManagerBridge.new.nonPersistent.module.ms,1781857824319000000,1781857884338000000,0
workspaceModel.mutableEntityStorage.entities.ms,1781857824319000000,1781857884338000000,0
workspaceModel.moduleBridge.before.changed.ms,1781857824319000000,1781857884338000000,0
jps.facet.change.listener.process.change.events.ms,1781857824319000000,1781857884338000000,0
workspaceModel.sync.entities.ms,1781857824319000000,1781857884338000000,0
workspaceModel.moduleManagerBridge.load.all.modules.ms,1781857824319000000,1781857884338000000,0
workspaceModel.global.apply.state.to.project.ms,1781857824319000000,1781857884338000000,0
jps.global.get.libraries.ms,1781857824319000000,1781857884338000000,0
workspaceModel.delayed.project.synchronizer.sync.ms,1781857824319000000,1781857884338000000,0
jps.project.serializers.save.ms,1781857824319000000,1781857884338000000,0
jps.global.handle.before.change.events.ms,1781857824319000000,1781857884338000000,0
jps.save.global.entities.ms,1781857824319000000,1781857884338000000,0
jps.module.iml.entities.serializer.load.entities.ms,1781857824319000000,1781857884338000000,0
workspaceModel.moduleBridgeLoader.loading.modules.ms,1781857824319000000,1781857884338000000,0
workspaceModel.moduleManagerBridge.set.unloadedModules.ms,1781857824319000000,1781857884338000000,0
jps.global.get.library.ms,1781857824319000000,1781857884338000000,0
workspaceModel.moduleManagerBridge.build.module.graph.ms,1781857824319000000,1781857884338000000,0
workspaceModel.mutableEntityStorage.apply.changes.from.ms,1781857824319000000,1781857884338000000,0
jps.app.storage.content.reader.load.component.ms,1781857824319000000,1781857884338000000,0
workspaceModel.global.apply.state.to.project.builder.ms,1781857824319000000,1781857884338000000,0
workspaceModel.mutableEntityStorage.entities.by.source.ms,1781857824319000000,1781857884338000000,0
workspaceModel.mutableEntityStorage.mutable.ext.mapping.ms,1781857824319000000,1781857884338000000,0
workspaceModel.mutableEntityStorage.collect.changes.ms,1781857824319000000,1781857884338000000,0
jps.project.serializers.load.ms,1781857824319000000,1781857884338000000,0
workspaceModel.global.updates.ms,1781857824319000000,1781857884338000000,0
workspaceModel.save.cache.to.file.ms,1781857824319000000,1781857884338000000,0
workspaceModel.mutableEntityStorage.add.entity.ms,1781857824319000000,1781857884338000000,0
workspaceModel.moduleManagerBridge.create.module.instance.ms,1781857824319000000,1781857884338000000,0
workspaceModel.mutableEntityStorage.instances.count,1781857824319000000,1781857884338000000,0
jps.library.entities.serializer.load.entities.ms,1781857824319000000,1781857884338000000,0
workspaceModel.moduleManagerBridge.newModule.ms,1781857824319000000,1781857884338000000,0
workspaceModel.load.cache.metadata.from.file.ms,1781857824319000000,1781857884338000000,0
workspaceModel.mutableEntityStorage.put.entity.ms,1781857824319000000,1781857884338000000,0
jps.app.storage.content.writer.save.component.ms,1781857824319000000,1781857884338000000,0
workspaceModel.mutableEntityStorage.changeLog.addReplaceEventForNewChild.ms,1781857824319000000,1781857884338000000,0
jps.load.project.to.empty.storage.ms,1781857824319000000,1781857884338000000,0
jps.artifact.entities.serializer.load.entities.ms,1781857824319000000,1781857884338000000,0
workspaceModel.orphan.listener.update.ms,1781857824319000000,1781857884338000000,0
workspaceModel.moduleManagerBridge.get.modules.ms,1781857824319000000,1781857884338000000,0
jps.global.handle.changed.events.ms,1781857824319000000,1781857884338000000,0
workspaceModel.mutableEntityStorage.changeLog.addReplaceEventForNewParent.ms,1781857824319000000,1781857884338000000,0
jps.reload.project.entities.ms,1781857824319000000,1781857884338000000,0
workspaceModel.mutableEntityStorage.mutable.vfurl.index.ms,1781857824319000000,1781857884338000000,0
jps.module.iml.entities.serializer.save.entities.ms,1781857824319000000,1781857884338000000,0
cacheStateStorage.set.counter,1781857824319000000,1781857884338000000,0
cacheStateStorage.get.duration,1781857824319000000,1781857884338000000,0
cacheStateStorage.set.duration,1781857824319000000,1781857884338000000,0
cacheStateStorage.get.counter,1781857824319000000,1781857884338000000,0
VFS.contentStorage.recordsStoredCompressed,1781857824319000000,1781857884338000000,0
VFS.contentStorage.recordsUncompressedSize,1781857824319000000,1781857884338000000,0
VFS.folderCaseSensitivityReads,1781857824319000000,1781857884338000000,0
FileNameCache.totalMisses,1781857824319000000,1781857884338000000,0
VFS.contentStorage.recordsRead,1781857824319000000,1781857884338000000,0
VFS.contentStorage.recordsStored,1781857824319000000,1781857884338000000,0
VFS.invertedFileNameIndex.requests,1781857824319000000,1781857884338000000,0
VFS.fileChildByName,1781857824319000000,1781857884338000000,0
VFS.contentStorage.recordsReadDecompressed,1781857824319000000,1781857884338000000,0
VFS.cache.directoriesCreated,1781857824319000000,1781857884338000000,0
VFS.rootsCount,1781857824319000000,1781857884338000000,12.0
VFS.fileByIdCache.misses,1781857824319000000,1781857884338000000,0
VFS.cache.segmentsCreated,1781857824319000000,1781857884338000000,0
VFS.cache.filesCreated,1781857824319000000,1781857884338000000,0
VFS.fileByIdCache.hits,1781857824319000000,1781857884338000000,0
VFS.contentStorage.recordsReadSize,1781857824319000000,1781857884338000000,0
VFS.contentStorage.recordsStoredSize,1781857824319000000,1781857884338000000,0
VFS.contentStorage.recordsDeduplicated,1781857824319000000,1781857884338000000,0
FileNameCache.queries,1781857824319000000,1781857884338000000,0
VFS.contentStorage.recordsDecompressionTimeUs,1781857824319000000,1781857884338000000,0
VFS.cache.segments,1781857824319000000,1781857884338000000,62.0
StreamlinedBlobStorage.totalLiveRecordsCapacityBytes,1781857824319000000,1781857884338000000,0
StreamlinedBlobStorage.recordsRelocated,1781857824319000000,1781857884338000000,0
StorageLockContext.competingThreads.max,1781857824319000000,1781857884338000000,0
MappedFileStorage.storages,1781857824319000000,1781857884338000000,12
DirectByteBufferAllocator.disposed,1781857824319000000,1781857884338000000,0
DirectByteBufferAllocator.reclaimed,1781857824319000000,1781857884338000000,0
DirectByteBufferAllocator.totalSizeOfBuffersAllocatedInBytes,1781857824319000000,1781857884338000000,0
StorageLockContext.competingThreads.90P,1781857824319000000,1781857884338000000,0
MappedFileStorage.totalPagesMapped,1781857824319000000,1781857884338000000,12
FilePageCache.disposedBuffers,1781857824319000000,1781857884338000000,0
StorageLockContext.competingThreads.avg,1781857824319000000,1781857884338000000,0.0
FilePageCache.capacityInBytes,1781857824319000000,1781857884338000000,629145600
FilePageCache.totalPageLoadsUs,1781857824319000000,1781857884338000000,0
FilePageCache.pageLoads,1781857824319000000,1781857884338000000,0
StreamlinedBlobStorage.recordsAllocated,1781857824319000000,1781857884338000000,0
DirectByteBufferAllocator.totalSizeOfBuffersCachedInBytes,1781857824319000000,1781857884338000000,76562432
FilePageCache.pageLoadsAboveSizeThreshold,1781857824319000000,1781857884338000000,0
FilePageCache.maxCacheSizeInBytes,1781857824319000000,1781857884338000000,629153792
FilePageCache.pageFastCacheHits,1781857824319000000,1781857884338000000,0
StreamlinedBlobStorage.totalLiveRecordsPayloadBytes,1781857824319000000,1781857884338000000,0
FilePageCache.totalPageDisposalsUs,1781857824319000000,1781857884338000000,0
FilePageCache.uncachedFileAccess,1781857824319000000,1781857884338000000,0
FilePageCache.maxRegisteredFiles,1781857824319000000,1781857884338000000,1652
DirectByteBufferAllocator.misses,1781857824319000000,1781857884338000000,0
StreamlinedBlobStorage.recordsDeleted,1781857824319000000,1781857884338000000,0
MappedFileStorage.totalTimeSpentOnMappingUs,1781857824319000000,1781857884338000000,63839
FileChannelInterruptsRetryer.totalRetriedAttempts,1781857824319000000,1781857884338000000,0
MappedFileStorage.totalBytesMapped,1781857824319000000,1781857884338000000,185860096
DirectByteBufferAllocator.hits,1781857824319000000,1781857884338000000,0
FilePageCache.pageHits,1781857824319000000,1781857884338000000,0
LowMemory.gcOverloaded,1781857824319000000,1781857884338000000,0
writeAction.wait.ms,1781857824319000000,1781857884338000000,0
DiskQueryRelay.tasksRequested,1781857824319000000,1781857884338000000,0
writeAction.median.wait.ms,1781857824319000000,1781857884338000000,0
writeAction.max.wait.ms,1781857824319000000,1781857884338000000,42
writeAction.count,1781857824319000000,1781857884338000000,0
LowMemory.gcLoad,1781857824319000000,1781857884338000000,6.503938173079247E-4
DiskQueryRelay.taskWaitingTotalTimeUs,1781857824319000000,1781857884338000000,0
DiskQueryRelay.taskExecutionTotalTimeUs,1781857824319000000,1781857884338000000,0
DiskQueryRelay.tasksExecuted,1781857824319000000,1781857884338000000,0
NonBlockingReadAction.finalizedExecutionTimeUs,1781857824319000000,1781857884338000000,0
FlushQueue.executionTimeAvgNs,1781857824319000000,1781857884338000000,0.0
AWTEventQueue.dispatchTimeTotalNS,1781857824319000000,1781857884338000000,22038547
FlushQueue.queueSize90P,1781857824319000000,1781857884338000000,0
FlushQueue.executionTime90PNs,1781857824319000000,1781857884338000000,0
AWTEventQueue.dispatchTimeAvgNs,1781857824319000000,1781857884338000000,0.0
FlushQueue.tasksExecuted,1781857824319000000,1781857884338000000,0
WriteAction.executionsCount,1781857824319000000,1781857884338000000,0
NonBlockingReadAction.finalizedExecutionsCount,1781857824319000000,1781857884338000000,0
FlushQueue.waitingTimeMaxNs,1781857824319000000,1781857884338000000,0
AWTEventQueue.eventsDispatched,1781857824319000000,1781857884338000000,0
FlushQueue.queueSizeAvg,1781857824319000000,1781857884338000000,0.0
ReadAction.executionsCount,1781857824319000000,1781857884338000000,7
FlushQueue.queueSizeMax,1781857824319000000,1781857884338000000,0
AWTEventQueue.dispatchTimeMaxNs,1781857824319000000,1781857884338000000,0
FlushQueue.waitingTime90PNs,1781857824319000000,1781857884338000000,0
NonBlockingReadAction.failedExecutionTimeUs,1781857824319000000,1781857884338000000,0
FlushQueue.waitingTimeAvgNs,1781857824319000000,1781857884338000000,0.0
AWTEventQueue.dispatchTime90PNs,1781857824319000000,1781857884338000000,0
NonBlockingReadAction.failedExecutionsCount,1781857824319000000,1781857884338000000,0
FlushQueue.executionTimeMaxNs,1781857824319000000,1781857884338000000,0
workspaceModel.workspaceFileIndexContributor.registerFileSets.ms,1781857824319000000,1781857884338000000,0
workspaceModel.workspaceFileIndexData.onEntitiesChanged.ms,1781857824319000000,1781857884338000000,0
workspaceModel.workspaceFileIndexData.markDirty.ms,1781857824319000000,1781857884338000000,0
workspaceModel.cachedValue.calculated.count,1781857824319000000,1781857884338000000,0
workspaceModel.workspaceFileIndexData.visitFileSets.ms,1781857824319000000,1781857884338000000,0
workspaceModel.workspaceFileIndexData.init.ms,1781857824319000000,1781857884338000000,0
workspaceModel.collect.changes.ms,1781857824319000000,1781857884338000000,0
workspaceModel.updates.count,1781857824319000000,1781857884338000000,0
workspaceModel.initializing.ms,1781857824319000000,1781857884338000000,0
workspaceModel.cachedValueWithParameters.total.get.count,1781857824319000000,1781857884338000000,0
workspaceModel.cachedValueWithParameters.calculated.count,1781857824319000000,1781857884338000000,0
workspaceModel.on.before.changed.ms,1781857824319000000,1781857884338000000,0
workspaceModel.update.unloaded.entities.ms,1781857824319000000,1781857884338000000,0
workspaceModel.loading.total.ms,1781857824319000000,1781857884338000000,0
workspaceModel.workspaceFileIndexData.getFileInfo.ms,1781857824319000000,1781857884338000000,0
workspaceModel.workspaceFileIndexData.instances.count,1781857824319000000,1781857884338000000,0
workspaceModel.replace.project.model.ms,1781857824319000000,1781857884338000000,0
workspaceModel.to.snapshot.ms,1781857824319000000,1781857884338000000,0
workspaceModel.pre.handlers.ms,1781857824319000000,1781857884338000000,0
workspaceModel.workspaceFileIndexData.getPackageName.ms,1781857824319000000,1781857884338000000,0
workspaceModel.cachedValue.from.cache.count,1781857824319000000,1781857884338000000,0
workspaceModel.workspaceFileIndexData.updateDirtyEntities.ms,1781857824319000000,1781857884338000000,0
workspaceModel.on.changed.ms,1781857824319000000,1781857884338000000,0
workspaceModel.updates.ms,1781857824319000000,1781857884338000000,0
workspaceModel.loading.from.cache.ms,1781857824319000000,1781857884338000000,0
workspaceModel.check.recursive.update.ms,1781857824319000000,1781857884338000000,0
workspaceModel.entityStorageSnapshotImpl.instances.count,1781857824319000000,1781857884338000000,0
workspaceModel.init.bridges.ms,1781857824319000000,1781857884338000000,0
workspaceModel.workspaceFileIndexData.processFileSets.ms,1781857824319000000,1781857884338000000,0
workspaceModel.workspaceFileIndexData.getDirectoriesByPackageName.ms,1781857824319000000,1781857884338000000,0
workspaceModel.cachedValue.clear.count,1781857824319000000,1781857884338000000,0
workspaceModel.updates.precise.ms,1781857824319000000,1781857884338000000,0
workspaceModel.cachedValueWithParameters.clear.count,1781857824319000000,1781857884338000000,0
workspaceModel.full.replace.project.model.ms,1781857824319000000,1781857884338000000,0
workspaceModel.cachedValue.total.get.count,1781857824319000000,1781857884338000000,0
workspaceModel.cachedValueWithParameters.from.cache.count,1781857824319000000,1781857884338000000,0
Indexing.writer_0.totalTimeSpentWritingMs,1781857824319000000,1781857884338000000,0
Indexing.writer_3.totalTimeSpentWritingMs,1781857824319000000,1781857884338000000,0
Indexes.entries.lookupDurationAvgMs,1781857824319000000,1781857884338000000,0.0
Indexes.stubs.lookupDuration90PMs,1781857824319000000,1781857884338000000,0.0
Indexes.stubs.lookups,1781857824319000000,1781857884338000000,0
Indexes.allKeys.lookupDurationMaxMs,1781857824319000000,1781857884338000000,0.0
Indexing.writer_2.totalTimeSpentWritingMs,1781857824319000000,1781857884338000000,0
Indexing.writesQueuedMin,1781857824319000000,1781857884338000000,9223372036854775807
Indexing.cache.totalCacheEvicted,1781857824319000000,1781857884338000000,0
Indexing.writer_1.totalTimeSpentWritingMs,1781857824319000000,1781857884338000000,0
Indexes.stubs.lookupDurationAvgMs,1781857824319000000,1781857884338000000,0.0
Indexes.entries.lookups,1781857824319000000,1781857884338000000,0
Indexes.allKeys.lookups,1781857824319000000,1781857884338000000,0
Indexing.cache.totalCacheAccesses,1781857824319000000,1781857884338000000,0
Indexes.allKeys.lookupDurationAvgMs,1781857824319000000,1781857884338000000,0.0
Indexing.cache.totalCacheMisses,1781857824319000000,1781857884338000000,0
Indexes.stubs.lookupDurationMaxMs,1781857824319000000,1781857884338000000,0.0
Indexing.totalTimeIndexersSleptMs,1781857824319000000,1781857884338000000,0
Indexing.writesQueuedMax,1781857824319000000,1781857884338000000,0
Indexes.entries.lookupDuration90PMs,1781857824319000000,1781857884338000000,0.0
Indexes.entries.lookupDurationMaxMs,1781857824319000000,1781857884338000000,0.0
Indexes.allKeys.lookupDuration90PMs,1781857824319000000,1781857884338000000,0.0
JVM.usedHeapBytes,1781857824319000000,1781857884338000000,434704088
JVM.totalTimeAtSafepointsMs,1781857824319000000,1781857884338000000,0
JVM.totalSafepointCount,1781857824319000000,1781857884338000000,0
JVM.GC.collections,1781857824319000000,1781857884338000000,0
MEM.ramBytes,1781857824319000000,1781857884338000000,2039681024
MEM.fileMappingsRamBytes,1781857824319000000,1781857884338000000,719273984
JVM.threadCount,1781857824319000000,1781857884338000000,61
JVM.committedHeapBytes,1781857824319000000,1781857884338000000,610271232
MEM.ramPlusSwapMinusFileMappingsBytes,1781857824319000000,1781857884338000000,1307430912
JVM.usedNativeBytes,1781857824319000000,1781857884338000000,434647352
JVM.maxThreadCount,1781857824319000000,1781857884338000000,135
JVM.totalBytesAllocated,1781857824319000000,1781857884338000000,18732400
JVM.GC.collectionTimesMs,1781857824319000000,1781857884338000000,0
MEM.ramMinusFileMappingsBytes,1781857824319000000,1781857884338000000,1307430912
JVM.maxHeapBytes,1781857824319000000,1781857884338000000,2147483648
OS.loadAverage,1781857824319000000,1781857884338000000,0.1875
JVM.totalCpuTimeMs,1781857824319000000,1781857884338000000,1580
JVM.totalTimeToSafepointsMs,1781857824319000000,1781857884338000000,0
JVM.newThreadsCount,1781857824319000000,1781857884338000000,0
JVM.totalDirectByteBuffersBytes,1781857824319000000,1781857884338000000,159745
compiler.ArtifactManagerBridge.dropMappings.ms,1781857884338000000,1781857944324000000,0
compiler.ArtifactManagerBridge.addArtifact.ms,1781857884338000000,1781857944324000000,0
compiler.ArtifactManagerBridge.getArtifacts.ms,1781857884338000000,1781857944324000000,0
compiler.ArtifactManagerBridge.getArtifactsByType.ms,1781857884338000000,1781857944324000000,0
compiler.ArtifactManagerBridge.findArtifact.ms,1781857884338000000,1781857944324000000,0
compiler.ArtifactVirtualFileListener.filePathChanged.ms,1781857884338000000,1781857944324000000,0
compiler.ArtifactManagerBridge.commit.ms,1781857884338000000,1781857944324000000,0
compiler.ArtifactVirtualFileListener.propertyChanged.ms,1781857884338000000,1781857944324000000,0
compiler.ArtifactManagerBridge.initBridges.ms,1781857884338000000,1781857944324000000,0
jps.facet.change.listener.init.bridge.ms,1781857884338000000,1781857944324000000,0
workspaceModel.mutableEntityStorage.has.same.entities.ms,1781857884338000000,1781857944324000000,0
jps.apply.loaded.storage.ms,1781857884338000000,1781857944324000000,0
workspaceModel.global.updates.count,1781857884338000000,1781857944324000000,0
jps.load.initial.state.ms,1781857884338000000,1781857944324000000,0
jps.global.initialize.library.bridges.after.loading.ms,1781857884338000000,1781857944324000000,0
workspaceModel.mutableEntityStorage.to.snapshot.ms,1781857884338000000,1781857944324000000,0
workspaceModel.mutableEntityStorage.modify.entity.ms,1781857884338000000,1781857944324000000,0
workspaceModel.mutableEntityStorage.hasReferrers.ms,1781857884338000000,1781857944324000000,0
workspaceModel.mutableEntityStorage.replace.by.source.ms,1781857884338000000,1781857944324000000,0
workspaceModel.load.cache.from.file.ms,1781857884338000000,1781857944324000000,0
workspaceModel.mutableEntityStorage.changeLog.addReplaceEventForRemovedParent.ms,1781857884338000000,1781857944324000000,0
workspaceModel.moduleManagerBridge.load.module.ms,1781857884338000000,1781857944324000000,0
workspaceModel.mutableEntityStorage.referrers.ms,1781857884338000000,1781857944324000000,0
jps.library.entities.serializer.save.entities.ms,1781857884338000000,1781857944324000000,0
jps.save.changed.project.entities.ms,1781857884338000000,1781857944324000000,0
jps.facet.change.listener.before.change.events.ms,1781857884338000000,1781857944324000000,0
jps.artifact.entities.serializer.save.entities.ms,1781857884338000000,1781857944324000000,0
jps.global.get.library.by.name.ms,1781857884338000000,1781857944324000000,0
workspaceModel.mutableEntityStorage.remove.entity.ms,1781857884338000000,1781857944324000000,0
workspaceModel.mutableEntityStorage.changeLog.addReplaceEventForRemovedChild.ms,1781857884338000000,1781857944324000000,0
workspaceModel.mutableEntityStorage.resolve.ms,1781857884338000000,1781857944324000000,0
workspaceModel.do.save.caches.ms,1781857884338000000,1781857944324000000,0
workspaceModel.moduleBridge.update.option.ms,1781857884338000000,1781857944324000000,0
jps.module.dependency.index.workspace.model.listener.on.changed.ms,1781857884338000000,1781857944324000000,0
jps.storage.jps.conf.reader.load.component.ms,1781857884338000000,1781857944324000000,0
jps.global.initialize.library.bridges.ms,1781857884338000000,1781857944324000000,0
workspaceModel.moduleBridge.facet.initialization.ms,1781857884338000000,1781857944324000000,0
workspaceModel.moduleManagerBridge.new.nonPersistent.module.ms,1781857884338000000,1781857944324000000,0
workspaceModel.mutableEntityStorage.entities.ms,1781857884338000000,1781857944324000000,0
workspaceModel.moduleBridge.before.changed.ms,1781857884338000000,1781857944324000000,0
jps.facet.change.listener.process.change.events.ms,1781857884338000000,1781857944324000000,0
workspaceModel.sync.entities.ms,1781857884338000000,1781857944324000000,0
workspaceModel.moduleManagerBridge.load.all.modules.ms,1781857884338000000,1781857944324000000,0
workspaceModel.global.apply.state.to.project.ms,1781857884338000000,1781857944324000000,0
jps.global.get.libraries.ms,1781857884338000000,1781857944324000000,0
workspaceModel.delayed.project.synchronizer.sync.ms,1781857884338000000,1781857944324000000,0
jps.project.serializers.save.ms,1781857884338000000,1781857944324000000,0
jps.global.handle.before.change.events.ms,1781857884338000000,1781857944324000000,0
jps.save.global.entities.ms,1781857884338000000,1781857944324000000,0
jps.module.iml.entities.serializer.load.entities.ms,1781857884338000000,1781857944324000000,0
workspaceModel.moduleBridgeLoader.loading.modules.ms,1781857884338000000,1781857944324000000,0
workspaceModel.moduleManagerBridge.set.unloadedModules.ms,1781857884338000000,1781857944324000000,0
jps.global.get.library.ms,1781857884338000000,1781857944324000000,0
workspaceModel.moduleManagerBridge.build.module.graph.ms,1781857884338000000,1781857944324000000,0
workspaceModel.mutableEntityStorage.apply.changes.from.ms,1781857884338000000,1781857944324000000,0
jps.app.storage.content.reader.load.component.ms,1781857884338000000,1781857944324000000,0
workspaceModel.global.apply.state.to.project.builder.ms,1781857884338000000,1781857944324000000,0
workspaceModel.mutableEntityStorage.entities.by.source.ms,1781857884338000000,1781857944324000000,0
workspaceModel.mutableEntityStorage.mutable.ext.mapping.ms,1781857884338000000,1781857944324000000,0
workspaceModel.mutableEntityStorage.collect.changes.ms,1781857884338000000,1781857944324000000,0
jps.project.serializers.load.ms,1781857884338000000,1781857944324000000,0
workspaceModel.global.updates.ms,1781857884338000000,1781857944324000000,0
workspaceModel.save.cache.to.file.ms,1781857884338000000,1781857944324000000,0
workspaceModel.mutableEntityStorage.add.entity.ms,1781857884338000000,1781857944324000000,0
workspaceModel.moduleManagerBridge.create.module.instance.ms,1781857884338000000,1781857944324000000,0
workspaceModel.mutableEntityStorage.instances.count,1781857884338000000,1781857944324000000,0
jps.library.entities.serializer.load.entities.ms,1781857884338000000,1781857944324000000,0
workspaceModel.moduleManagerBridge.newModule.ms,1781857884338000000,1781857944324000000,0
workspaceModel.load.cache.metadata.from.file.ms,1781857884338000000,1781857944324000000,0
workspaceModel.mutableEntityStorage.put.entity.ms,1781857884338000000,1781857944324000000,0
jps.app.storage.content.writer.save.component.ms,1781857884338000000,1781857944324000000,0
workspaceModel.mutableEntityStorage.changeLog.addReplaceEventForNewChild.ms,1781857884338000000,1781857944324000000,0
jps.load.project.to.empty.storage.ms,1781857884338000000,1781857944324000000,0
jps.artifact.entities.serializer.load.entities.ms,1781857884338000000,1781857944324000000,0
workspaceModel.orphan.listener.update.ms,1781857884338000000,1781857944324000000,0
workspaceModel.moduleManagerBridge.get.modules.ms,1781857884338000000,1781857944324000000,0
jps.global.handle.changed.events.ms,1781857884338000000,1781857944324000000,0
workspaceModel.mutableEntityStorage.changeLog.addReplaceEventForNewParent.ms,1781857884338000000,1781857944324000000,0
jps.reload.project.entities.ms,1781857884338000000,1781857944324000000,0
workspaceModel.mutableEntityStorage.mutable.vfurl.index.ms,1781857884338000000,1781857944324000000,0
jps.module.iml.entities.serializer.save.entities.ms,1781857884338000000,1781857944324000000,0
cacheStateStorage.set.counter,1781857884338000000,1781857944324000000,0
cacheStateStorage.get.duration,1781857884338000000,1781857944324000000,0
cacheStateStorage.set.duration,1781857884338000000,1781857944324000000,0
cacheStateStorage.get.counter,1781857884338000000,1781857944324000000,0
VFS.contentStorage.recordsStoredCompressed,1781857884338000000,1781857944324000000,0
VFS.contentStorage.recordsUncompressedSize,1781857884338000000,1781857944324000000,0
VFS.folderCaseSensitivityReads,1781857884338000000,1781857944324000000,0
FileNameCache.totalMisses,1781857884338000000,1781857944324000000,28800
VFS.contentStorage.recordsRead,1781857884338000000,1781857944324000000,0
VFS.contentStorage.recordsStored,1781857884338000000,1781857944324000000,0
VFS.invertedFileNameIndex.requests,1781857884338000000,1781857944324000000,0
VFS.fileChildByName,1781857884338000000,1781857944324000000,51
VFS.contentStorage.recordsReadDecompressed,1781857884338000000,1781857944324000000,0
VFS.cache.directoriesCreated,1781857884338000000,1781857944324000000,1051
VFS.rootsCount,1781857884338000000,1781857944324000000,12.0
VFS.fileByIdCache.misses,1781857884338000000,1781857944324000000,0
VFS.cache.segmentsCreated,1781857884338000000,1781857944324000000,27
VFS.cache.filesCreated,1781857884338000000,1781857944324000000,531
VFS.fileByIdCache.hits,1781857884338000000,1781857944324000000,0
VFS.contentStorage.recordsReadSize,1781857884338000000,1781857944324000000,0
VFS.contentStorage.recordsStoredSize,1781857884338000000,1781857944324000000,0
VFS.contentStorage.recordsDeduplicated,1781857884338000000,1781857944324000000,0
FileNameCache.queries,1781857884338000000,1781857944324000000,367168
VFS.contentStorage.recordsDecompressionTimeUs,1781857884338000000,1781857944324000000,0
VFS.cache.segments,1781857884338000000,1781857944324000000,89.0
StreamlinedBlobStorage.totalLiveRecordsCapacityBytes,1781857884338000000,1781857944324000000,0
StreamlinedBlobStorage.recordsRelocated,1781857884338000000,1781857944324000000,0
StorageLockContext.competingThreads.max,1781857884338000000,1781857944324000000,0
MappedFileStorage.storages,1781857884338000000,1781857944324000000,12
DirectByteBufferAllocator.disposed,1781857884338000000,1781857944324000000,0
DirectByteBufferAllocator.reclaimed,1781857884338000000,1781857944324000000,0
DirectByteBufferAllocator.totalSizeOfBuffersAllocatedInBytes,1781857884338000000,1781857944324000000,0
StorageLockContext.competingThreads.90P,1781857884338000000,1781857944324000000,0
MappedFileStorage.totalPagesMapped,1781857884338000000,1781857944324000000,12
FilePageCache.disposedBuffers,1781857884338000000,1781857944324000000,0
StorageLockContext.competingThreads.avg,1781857884338000000,1781857944324000000,0.0
FilePageCache.capacityInBytes,1781857884338000000,1781857944324000000,629145600
FilePageCache.totalPageLoadsUs,1781857884338000000,1781857944324000000,0
FilePageCache.pageLoads,1781857884338000000,1781857944324000000,0
StreamlinedBlobStorage.recordsAllocated,1781857884338000000,1781857944324000000,0
DirectByteBufferAllocator.totalSizeOfBuffersCachedInBytes,1781857884338000000,1781857944324000000,76562432
FilePageCache.pageLoadsAboveSizeThreshold,1781857884338000000,1781857944324000000,0
FilePageCache.maxCacheSizeInBytes,1781857884338000000,1781857944324000000,629153792
FilePageCache.pageFastCacheHits,1781857884338000000,1781857944324000000,0
StreamlinedBlobStorage.totalLiveRecordsPayloadBytes,1781857884338000000,1781857944324000000,0
FilePageCache.totalPageDisposalsUs,1781857884338000000,1781857944324000000,0
FilePageCache.uncachedFileAccess,1781857884338000000,1781857944324000000,0
FilePageCache.maxRegisteredFiles,1781857884338000000,1781857944324000000,1652
DirectByteBufferAllocator.misses,1781857884338000000,1781857944324000000,0
StreamlinedBlobStorage.recordsDeleted,1781857884338000000,1781857944324000000,0
MappedFileStorage.totalTimeSpentOnMappingUs,1781857884338000000,1781857944324000000,63839
FileChannelInterruptsRetryer.totalRetriedAttempts,1781857884338000000,1781857944324000000,0
MappedFileStorage.totalBytesMapped,1781857884338000000,1781857944324000000,185860096
DirectByteBufferAllocator.hits,1781857884338000000,1781857944324000000,0
FilePageCache.pageHits,1781857884338000000,1781857944324000000,0
LowMemory.gcOverloaded,1781857884338000000,1781857944324000000,0
writeAction.wait.ms,1781857884338000000,1781857944324000000,0
DiskQueryRelay.tasksRequested,1781857884338000000,1781857944324000000,0
writeAction.median.wait.ms,1781857884338000000,1781857944324000000,0
writeAction.max.wait.ms,1781857884338000000,1781857944324000000,42
writeAction.count,1781857884338000000,1781857944324000000,0
LowMemory.gcLoad,1781857884338000000,1781857944324000000,3.339121893270251E-4
DiskQueryRelay.taskWaitingTotalTimeUs,1781857884338000000,1781857944324000000,0
DiskQueryRelay.taskExecutionTotalTimeUs,1781857884338000000,1781857944324000000,0
DiskQueryRelay.tasksExecuted,1781857884338000000,1781857944324000000,0
NonBlockingReadAction.finalizedExecutionTimeUs,1781857884338000000,1781857944324000000,9504
FlushQueue.executionTimeAvgNs,1781857884338000000,1781857944324000000,0.0
AWTEventQueue.dispatchTimeTotalNS,1781857884338000000,1781857944324000000,26570761
FlushQueue.queueSize90P,1781857884338000000,1781857944324000000,0
FlushQueue.executionTime90PNs,1781857884338000000,1781857944324000000,0
AWTEventQueue.dispatchTimeAvgNs,1781857884338000000,1781857944324000000,0.0
FlushQueue.tasksExecuted,1781857884338000000,1781857944324000000,0
WriteAction.executionsCount,1781857884338000000,1781857944324000000,0
NonBlockingReadAction.finalizedExecutionsCount,1781857884338000000,1781857944324000000,1
FlushQueue.waitingTimeMaxNs,1781857884338000000,1781857944324000000,0
AWTEventQueue.eventsDispatched,1781857884338000000,1781857944324000000,0
FlushQueue.queueSizeAvg,1781857884338000000,1781857944324000000,0.0
ReadAction.executionsCount,1781857884338000000,1781857944324000000,29777
FlushQueue.queueSizeMax,1781857884338000000,1781857944324000000,0
AWTEventQueue.dispatchTimeMaxNs,1781857884338000000,1781857944324000000,0
FlushQueue.waitingTime90PNs,1781857884338000000,1781857944324000000,0
NonBlockingReadAction.failedExecutionTimeUs,1781857884338000000,1781857944324000000,0
FlushQueue.waitingTimeAvgNs,1781857884338000000,1781857944324000000,0.0
AWTEventQueue.dispatchTime90PNs,1781857884338000000,1781857944324000000,0
NonBlockingReadAction.failedExecutionsCount,1781857884338000000,1781857944324000000,0
FlushQueue.executionTimeMaxNs,1781857884338000000,1781857944324000000,0
workspaceModel.workspaceFileIndexContributor.registerFileSets.ms,1781857884338000000,1781857944324000000,0
workspaceModel.workspaceFileIndexData.onEntitiesChanged.ms,1781857884338000000,1781857944324000000,0
workspaceModel.workspaceFileIndexData.markDirty.ms,1781857884338000000,1781857944324000000,0
workspaceModel.cachedValue.calculated.count,1781857884338000000,1781857944324000000,0
workspaceModel.workspaceFileIndexData.visitFileSets.ms,1781857884338000000,1781857944324000000,7
workspaceModel.workspaceFileIndexData.init.ms,1781857884338000000,1781857944324000000,0
workspaceModel.collect.changes.ms,1781857884338000000,1781857944324000000,0
workspaceModel.updates.count,1781857884338000000,1781857944324000000,0
workspaceModel.initializing.ms,1781857884338000000,1781857944324000000,0
workspaceModel.cachedValueWithParameters.total.get.count,1781857884338000000,1781857944324000000,0
workspaceModel.cachedValueWithParameters.calculated.count,1781857884338000000,1781857944324000000,0
workspaceModel.on.before.changed.ms,1781857884338000000,1781857944324000000,0
workspaceModel.update.unloaded.entities.ms,1781857884338000000,1781857944324000000,0
workspaceModel.loading.total.ms,1781857884338000000,1781857944324000000,0
workspaceModel.workspaceFileIndexData.getFileInfo.ms,1781857884338000000,1781857944324000000,40
workspaceModel.workspaceFileIndexData.instances.count,1781857884338000000,1781857944324000000,0
workspaceModel.replace.project.model.ms,1781857884338000000,1781857944324000000,0
workspaceModel.to.snapshot.ms,1781857884338000000,1781857944324000000,0
workspaceModel.pre.handlers.ms,1781857884338000000,1781857944324000000,0
workspaceModel.workspaceFileIndexData.getPackageName.ms,1781857884338000000,1781857944324000000,0
workspaceModel.cachedValue.from.cache.count,1781857884338000000,1781857944324000000,0
workspaceModel.workspaceFileIndexData.updateDirtyEntities.ms,1781857884338000000,1781857944324000000,0
workspaceModel.on.changed.ms,1781857884338000000,1781857944324000000,0
workspaceModel.updates.ms,1781857884338000000,1781857944324000000,0
workspaceModel.loading.from.cache.ms,1781857884338000000,1781857944324000000,0
workspaceModel.check.recursive.update.ms,1781857884338000000,1781857944324000000,0
workspaceModel.entityStorageSnapshotImpl.instances.count,1781857884338000000,1781857944324000000,0
workspaceModel.init.bridges.ms,1781857884338000000,1781857944324000000,0
workspaceModel.workspaceFileIndexData.processFileSets.ms,1781857884338000000,1781857944324000000,0
workspaceModel.workspaceFileIndexData.getDirectoriesByPackageName.ms,1781857884338000000,1781857944324000000,0
workspaceModel.cachedValue.clear.count,1781857884338000000,1781857944324000000,0
workspaceModel.updates.precise.ms,1781857884338000000,1781857944324000000,0
workspaceModel.cachedValueWithParameters.clear.count,1781857884338000000,1781857944324000000,0
workspaceModel.full.replace.project.model.ms,1781857884338000000,1781857944324000000,0
workspaceModel.cachedValue.total.get.count,1781857884338000000,1781857944324000000,0
workspaceModel.cachedValueWithParameters.from.cache.count,1781857884338000000,1781857944324000000,0
Indexing.writer_0.totalTimeSpentWritingMs,1781857884338000000,1781857944324000000,0
Indexing.writer_3.totalTimeSpentWritingMs,1781857884338000000,1781857944324000000,0
Indexes.entries.lookupDurationAvgMs,1781857884338000000,1781857944324000000,0.0
Indexes.stubs.lookupDuration90PMs,1781857884338000000,1781857944324000000,0.0
Indexes.stubs.lookups,1781857884338000000,1781857944324000000,0
Indexes.allKeys.lookupDurationMaxMs,1781857884338000000,1781857944324000000,0.0
Indexing.writer_2.totalTimeSpentWritingMs,1781857884338000000,1781857944324000000,0
Indexing.writesQueuedMin,1781857884338000000,1781857944324000000,9223372036854775807
Indexing.cache.totalCacheEvicted,1781857884338000000,1781857944324000000,0
Indexing.writer_1.totalTimeSpentWritingMs,1781857884338000000,1781857944324000000,0
Indexes.stubs.lookupDurationAvgMs,1781857884338000000,1781857944324000000,0.0
Indexes.entries.lookups,1781857884338000000,1781857944324000000,0
Indexes.allKeys.lookups,1781857884338000000,1781857944324000000,0
Indexing.cache.totalCacheAccesses,1781857884338000000,1781857944324000000,0
Indexes.allKeys.lookupDurationAvgMs,1781857884338000000,1781857944324000000,0.0
Indexing.cache.totalCacheMisses,1781857884338000000,1781857944324000000,0
Indexes.stubs.lookupDurationMaxMs,1781857884338000000,1781857944324000000,0.0
Indexing.totalTimeIndexersSleptMs,1781857884338000000,1781857944324000000,0
Indexing.writesQueuedMax,1781857884338000000,1781857944324000000,0
Indexes.entries.lookupDuration90PMs,1781857884338000000,1781857944324000000,0.0
Indexes.entries.lookupDurationMaxMs,1781857884338000000,1781857944324000000,0.0
Indexes.allKeys.lookupDuration90PMs,1781857884338000000,1781857944324000000,0.0
JVM.usedHeapBytes,1781857884338000000,1781857944324000000,519638744
JVM.totalTimeAtSafepointsMs,1781857884338000000,1781857944324000000,0
JVM.totalSafepointCount,1781857884338000000,1781857944324000000,0
JVM.GC.collections,1781857884338000000,1781857944324000000,0
MEM.ramBytes,1781857884338000000,1781857944324000000,2066288640
MEM.fileMappingsRamBytes,1781857884338000000,1781857944324000000,734085120
JVM.threadCount,1781857884338000000,1781857944324000000,65
JVM.committedHeapBytes,1781857884338000000,1781857944324000000,610271232
MEM.ramPlusSwapMinusFileMappingsBytes,1781857884338000000,1781857944324000000,1319227392
JVM.usedNativeBytes,1781857884338000000,1781857944324000000,445225224
JVM.maxThreadCount,1781857884338000000,1781857944324000000,135
JVM.totalBytesAllocated,1781857884338000000,1781857944324000000,83760856
JVM.GC.collectionTimesMs,1781857884338000000,1781857944324000000,0
MEM.ramMinusFileMappingsBytes,1781857884338000000,1781857944324000000,1319227392
JVM.maxHeapBytes,1781857884338000000,1781857944324000000,2147483648
OS.loadAverage,1781857884338000000,1781857944324000000,0.19287109375
JVM.totalCpuTimeMs,1781857884338000000,1781857944324000000,3750
JVM.totalTimeToSafepointsMs,1781857884338000000,1781857944324000000,0
JVM.newThreadsCount,1781857884338000000,1781857944324000000,7
JVM.totalDirectByteBuffersBytes,1781857884338000000,1781857944324000000,176129
compiler.ArtifactManagerBridge.dropMappings.ms,1781857944324000000,1781858004320000000,0
compiler.ArtifactManagerBridge.addArtifact.ms,1781857944324000000,1781858004320000000,0
compiler.ArtifactManagerBridge.getArtifacts.ms,1781857944324000000,1781858004320000000,0
compiler.ArtifactManagerBridge.getArtifactsByType.ms,1781857944324000000,1781858004320000000,0
compiler.ArtifactManagerBridge.findArtifact.ms,1781857944324000000,1781858004320000000,0
compiler.ArtifactVirtualFileListener.filePathChanged.ms,1781857944324000000,1781858004320000000,0
compiler.ArtifactManagerBridge.commit.ms,1781857944324000000,1781858004320000000,0
compiler.ArtifactVirtualFileListener.propertyChanged.ms,1781857944324000000,1781858004320000000,0
compiler.ArtifactManagerBridge.initBridges.ms,1781857944324000000,1781858004320000000,0
jps.facet.change.listener.init.bridge.ms,1781857944324000000,1781858004320000000,0
workspaceModel.mutableEntityStorage.has.same.entities.ms,1781857944324000000,1781858004320000000,0
jps.apply.loaded.storage.ms,1781857944324000000,1781858004320000000,0
workspaceModel.global.updates.count,1781857944324000000,1781858004320000000,0
jps.load.initial.state.ms,1781857944324000000,1781858004320000000,0
jps.global.initialize.library.bridges.after.loading.ms,1781857944324000000,1781858004320000000,0
workspaceModel.mutableEntityStorage.to.snapshot.ms,1781857944324000000,1781858004320000000,0
workspaceModel.mutableEntityStorage.modify.entity.ms,1781857944324000000,1781858004320000000,0
workspaceModel.mutableEntityStorage.hasReferrers.ms,1781857944324000000,1781858004320000000,0
workspaceModel.mutableEntityStorage.replace.by.source.ms,1781857944324000000,1781858004320000000,0
workspaceModel.load.cache.from.file.ms,1781857944324000000,1781858004320000000,0
workspaceModel.mutableEntityStorage.changeLog.addReplaceEventForRemovedParent.ms,1781857944324000000,1781858004320000000,0
workspaceModel.moduleManagerBridge.load.module.ms,1781857944324000000,1781858004320000000,0
workspaceModel.mutableEntityStorage.referrers.ms,1781857944324000000,1781858004320000000,0
jps.library.entities.serializer.save.entities.ms,1781857944324000000,1781858004320000000,0
jps.save.changed.project.entities.ms,1781857944324000000,1781858004320000000,0
jps.facet.change.listener.before.change.events.ms,1781857944324000000,1781858004320000000,0
jps.artifact.entities.serializer.save.entities.ms,1781857944324000000,1781858004320000000,0
jps.global.get.library.by.name.ms,1781857944324000000,1781858004320000000,0
workspaceModel.mutableEntityStorage.remove.entity.ms,1781857944324000000,1781858004320000000,0
workspaceModel.mutableEntityStorage.changeLog.addReplaceEventForRemovedChild.ms,1781857944324000000,1781858004320000000,0
workspaceModel.mutableEntityStorage.resolve.ms,1781857944324000000,1781858004320000000,0
workspaceModel.do.save.caches.ms,1781857944324000000,1781858004320000000,0
workspaceModel.moduleBridge.update.option.ms,1781857944324000000,1781858004320000000,0
jps.module.dependency.index.workspace.model.listener.on.changed.ms,1781857944324000000,1781858004320000000,0
jps.storage.jps.conf.reader.load.component.ms,1781857944324000000,1781858004320000000,0
jps.global.initialize.library.bridges.ms,1781857944324000000,1781858004320000000,0
workspaceModel.moduleBridge.facet.initialization.ms,1781857944324000000,1781858004320000000,0
workspaceModel.moduleManagerBridge.new.nonPersistent.module.ms,1781857944324000000,1781858004320000000,0
workspaceModel.mutableEntityStorage.entities.ms,1781857944324000000,1781858004320000000,0
workspaceModel.moduleBridge.before.changed.ms,1781857944324000000,1781858004320000000,0
jps.facet.change.listener.process.change.events.ms,1781857944324000000,1781858004320000000,0
workspaceModel.sync.entities.ms,1781857944324000000,1781858004320000000,0
workspaceModel.moduleManagerBridge.load.all.modules.ms,1781857944324000000,1781858004320000000,0
workspaceModel.global.apply.state.to.project.ms,1781857944324000000,1781858004320000000,0
jps.global.get.libraries.ms,1781857944324000000,1781858004320000000,0
workspaceModel.delayed.project.synchronizer.sync.ms,1781857944324000000,1781858004320000000,0
jps.project.serializers.save.ms,1781857944324000000,1781858004320000000,0
jps.global.handle.before.change.events.ms,1781857944324000000,1781858004320000000,0
jps.save.global.entities.ms,1781857944324000000,1781858004320000000,0
jps.module.iml.entities.serializer.load.entities.ms,1781857944324000000,1781858004320000000,0
workspaceModel.moduleBridgeLoader.loading.modules.ms,1781857944324000000,1781858004320000000,0
workspaceModel.moduleManagerBridge.set.unloadedModules.ms,1781857944324000000,1781858004320000000,0
jps.global.get.library.ms,1781857944324000000,1781858004320000000,0
workspaceModel.moduleManagerBridge.build.module.graph.ms,1781857944324000000,1781858004320000000,0
workspaceModel.mutableEntityStorage.apply.changes.from.ms,1781857944324000000,1781858004320000000,0
jps.app.storage.content.reader.load.component.ms,1781857944324000000,1781858004320000000,0
workspaceModel.global.apply.state.to.project.builder.ms,1781857944324000000,1781858004320000000,0
workspaceModel.mutableEntityStorage.entities.by.source.ms,1781857944324000000,1781858004320000000,0
workspaceModel.mutableEntityStorage.mutable.ext.mapping.ms,1781857944324000000,1781858004320000000,0
workspaceModel.mutableEntityStorage.collect.changes.ms,1781857944324000000,1781858004320000000,0
jps.project.serializers.load.ms,1781857944324000000,1781858004320000000,0
workspaceModel.global.updates.ms,1781857944324000000,1781858004320000000,0
workspaceModel.save.cache.to.file.ms,1781857944324000000,1781858004320000000,0
workspaceModel.mutableEntityStorage.add.entity.ms,1781857944324000000,1781858004320000000,0
workspaceModel.moduleManagerBridge.create.module.instance.ms,1781857944324000000,1781858004320000000,0
workspaceModel.mutableEntityStorage.instances.count,1781857944324000000,1781858004320000000,0
jps.library.entities.serializer.load.entities.ms,1781857944324000000,1781858004320000000,0
workspaceModel.moduleManagerBridge.newModule.ms,1781857944324000000,1781858004320000000,0
workspaceModel.load.cache.metadata.from.file.ms,1781857944324000000,1781858004320000000,0
workspaceModel.mutableEntityStorage.put.entity.ms,1781857944324000000,1781858004320000000,0
jps.app.storage.content.writer.save.component.ms,1781857944324000000,1781858004320000000,0
workspaceModel.mutableEntityStorage.changeLog.addReplaceEventForNewChild.ms,1781857944324000000,1781858004320000000,0
jps.load.project.to.empty.storage.ms,1781857944324000000,1781858004320000000,0
jps.artifact.entities.serializer.load.entities.ms,1781857944324000000,1781858004320000000,0
workspaceModel.orphan.listener.update.ms,1781857944324000000,1781858004320000000,0
workspaceModel.moduleManagerBridge.get.modules.ms,1781857944324000000,1781858004320000000,0
jps.global.handle.changed.events.ms,1781857944324000000,1781858004320000000,0
workspaceModel.mutableEntityStorage.changeLog.addReplaceEventForNewParent.ms,1781857944324000000,1781858004320000000,0
jps.reload.project.entities.ms,1781857944324000000,1781858004320000000,0
workspaceModel.mutableEntityStorage.mutable.vfurl.index.ms,1781857944324000000,1781858004320000000,0
jps.module.iml.entities.serializer.save.entities.ms,1781857944324000000,1781858004320000000,0
cacheStateStorage.set.counter,1781857944324000000,1781858004320000000,0
cacheStateStorage.get.duration,1781857944324000000,1781858004320000000,0
cacheStateStorage.set.duration,1781857944324000000,1781858004320000000,0
cacheStateStorage.get.counter,1781857944324000000,1781858004320000000,0
VFS.contentStorage.recordsStoredCompressed,1781857944324000000,1781858004320000000,0
VFS.contentStorage.recordsUncompressedSize,1781857944324000000,1781858004320000000,0
VFS.folderCaseSensitivityReads,1781857944324000000,1781858004320000000,0
FileNameCache.totalMisses,1781857944324000000,1781858004320000000,0
VFS.contentStorage.recordsRead,1781857944324000000,1781858004320000000,0
VFS.contentStorage.recordsStored,1781857944324000000,1781858004320000000,0
VFS.invertedFileNameIndex.requests,1781857944324000000,1781858004320000000,0
VFS.fileChildByName,1781857944324000000,1781858004320000000,0
VFS.contentStorage.recordsReadDecompressed,1781857944324000000,1781858004320000000,0
VFS.cache.directoriesCreated,1781857944324000000,1781858004320000000,0
VFS.rootsCount,1781857944324000000,1781858004320000000,12.0
VFS.fileByIdCache.misses,1781857944324000000,1781858004320000000,0
VFS.cache.segmentsCreated,1781857944324000000,1781858004320000000,0
VFS.cache.filesCreated,1781857944324000000,1781858004320000000,0
VFS.fileByIdCache.hits,1781857944324000000,1781858004320000000,0
VFS.contentStorage.recordsReadSize,1781857944324000000,1781858004320000000,0
VFS.contentStorage.recordsStoredSize,1781857944324000000,1781858004320000000,0
VFS.contentStorage.recordsDeduplicated,1781857944324000000,1781858004320000000,0
FileNameCache.queries,1781857944324000000,1781858004320000000,0
VFS.contentStorage.recordsDecompressionTimeUs,1781857944324000000,1781858004320000000,0
VFS.cache.segments,1781857944324000000,1781858004320000000,89.0
StreamlinedBlobStorage.totalLiveRecordsCapacityBytes,1781857944324000000,1781858004320000000,0
StreamlinedBlobStorage.recordsRelocated,1781857944324000000,1781858004320000000,0
StorageLockContext.competingThreads.max,1781857944324000000,1781858004320000000,0
MappedFileStorage.storages,1781857944324000000,1781858004320000000,12
DirectByteBufferAllocator.disposed,1781857944324000000,1781858004320000000,0
DirectByteBufferAllocator.reclaimed,1781857944324000000,1781858004320000000,0
DirectByteBufferAllocator.totalSizeOfBuffersAllocatedInBytes,1781857944324000000,1781858004320000000,0
StorageLockContext.competingThreads.90P,1781857944324000000,1781858004320000000,0
MappedFileStorage.totalPagesMapped,1781857944324000000,1781858004320000000,12
FilePageCache.disposedBuffers,1781857944324000000,1781858004320000000,0
StorageLockContext.competingThreads.avg,1781857944324000000,1781858004320000000,0.0
FilePageCache.capacityInBytes,1781857944324000000,1781858004320000000,629145600
FilePageCache.totalPageLoadsUs,1781857944324000000,1781858004320000000,0
FilePageCache.pageLoads,1781857944324000000,1781858004320000000,0
StreamlinedBlobStorage.recordsAllocated,1781857944324000000,1781858004320000000,0
DirectByteBufferAllocator.totalSizeOfBuffersCachedInBytes,1781857944324000000,1781858004320000000,76562432
FilePageCache.pageLoadsAboveSizeThreshold,1781857944324000000,1781858004320000000,0
FilePageCache.maxCacheSizeInBytes,1781857944324000000,1781858004320000000,629153792
FilePageCache.pageFastCacheHits,1781857944324000000,1781858004320000000,0
StreamlinedBlobStorage.totalLiveRecordsPayloadBytes,1781857944324000000,1781858004320000000,0
FilePageCache.totalPageDisposalsUs,1781857944324000000,1781858004320000000,0
FilePageCache.uncachedFileAccess,1781857944324000000,1781858004320000000,0
FilePageCache.maxRegisteredFiles,1781857944324000000,1781858004320000000,1652
DirectByteBufferAllocator.misses,1781857944324000000,1781858004320000000,0
StreamlinedBlobStorage.recordsDeleted,1781857944324000000,1781858004320000000,0
MappedFileStorage.totalTimeSpentOnMappingUs,1781857944324000000,1781858004320000000,63839
FileChannelInterruptsRetryer.totalRetriedAttempts,1781857944324000000,1781858004320000000,0
MappedFileStorage.totalBytesMapped,1781857944324000000,1781858004320000000,185860096
DirectByteBufferAllocator.hits,1781857944324000000,1781858004320000000,0
FilePageCache.pageHits,1781857944324000000,1781858004320000000,0
LowMemory.gcOverloaded,1781857944324000000,1781858004320000000,0
writeAction.wait.ms,1781857944324000000,1781858004320000000,0
DiskQueryRelay.tasksRequested,1781857944324000000,1781858004320000000,0
writeAction.median.wait.ms,1781857944324000000,1781858004320000000,0
writeAction.max.wait.ms,1781857944324000000,1781858004320000000,42
writeAction.count,1781857944324000000,1781858004320000000,0
LowMemory.gcLoad,1781857944324000000,1781858004320000000,1.7143242460238177E-4
DiskQueryRelay.taskWaitingTotalTimeUs,1781857944324000000,1781858004320000000,0
DiskQueryRelay.taskExecutionTotalTimeUs,1781857944324000000,1781858004320000000,0
DiskQueryRelay.tasksExecuted,1781857944324000000,1781858004320000000,0
NonBlockingReadAction.finalizedExecutionTimeUs,1781857944324000000,1781858004320000000,0
FlushQueue.executionTimeAvgNs,1781857944324000000,1781858004320000000,0.0
AWTEventQueue.dispatchTimeTotalNS,1781857944324000000,1781858004320000000,24851909
FlushQueue.queueSize90P,1781857944324000000,1781858004320000000,0
FlushQueue.executionTime90PNs,1781857944324000000,1781858004320000000,0
AWTEventQueue.dispatchTimeAvgNs,1781857944324000000,1781858004320000000,0.0
FlushQueue.tasksExecuted,1781857944324000000,1781858004320000000,0
WriteAction.executionsCount,1781857944324000000,1781858004320000000,0
NonBlockingReadAction.finalizedExecutionsCount,1781857944324000000,1781858004320000000,0
FlushQueue.waitingTimeMaxNs,1781857944324000000,1781858004320000000,0
AWTEventQueue.eventsDispatched,1781857944324000000,1781858004320000000,0
FlushQueue.queueSizeAvg,1781857944324000000,1781858004320000000,0.0
ReadAction.executionsCount,1781857944324000000,1781858004320000000,7
FlushQueue.queueSizeMax,1781857944324000000,1781858004320000000,0
AWTEventQueue.dispatchTimeMaxNs,1781857944324000000,1781858004320000000,0
FlushQueue.waitingTime90PNs,1781857944324000000,1781858004320000000,0
NonBlockingReadAction.failedExecutionTimeUs,1781857944324000000,1781858004320000000,0
FlushQueue.waitingTimeAvgNs,1781857944324000000,1781858004320000000,0.0
AWTEventQueue.dispatchTime90PNs,1781857944324000000,1781858004320000000,0
NonBlockingReadAction.failedExecutionsCount,1781857944324000000,1781858004320000000,0
FlushQueue.executionTimeMaxNs,1781857944324000000,1781858004320000000,0
workspaceModel.workspaceFileIndexContributor.registerFileSets.ms,1781857944324000000,1781858004320000000,0
workspaceModel.workspaceFileIndexData.onEntitiesChanged.ms,1781857944324000000,1781858004320000000,0
workspaceModel.workspaceFileIndexData.markDirty.ms,1781857944324000000,1781858004320000000,0
workspaceModel.cachedValue.calculated.count,1781857944324000000,1781858004320000000,0
workspaceModel.workspaceFileIndexData.visitFileSets.ms,1781857944324000000,1781858004320000000,0
workspaceModel.workspaceFileIndexData.init.ms,1781857944324000000,1781858004320000000,0
workspaceModel.collect.changes.ms,1781857944324000000,1781858004320000000,0
workspaceModel.updates.count,1781857944324000000,1781858004320000000,0
workspaceModel.initializing.ms,1781857944324000000,1781858004320000000,0
workspaceModel.cachedValueWithParameters.total.get.count,1781857944324000000,1781858004320000000,0
workspaceModel.cachedValueWithParameters.calculated.count,1781857944324000000,1781858004320000000,0
workspaceModel.on.before.changed.ms,1781857944324000000,1781858004320000000,0
workspaceModel.update.unloaded.entities.ms,1781857944324000000,1781858004320000000,0
workspaceModel.loading.total.ms,1781857944324000000,1781858004320000000,0
workspaceModel.workspaceFileIndexData.getFileInfo.ms,1781857944324000000,1781858004320000000,0
workspaceModel.workspaceFileIndexData.instances.count,1781857944324000000,1781858004320000000,0
workspaceModel.replace.project.model.ms,1781857944324000000,1781858004320000000,0
workspaceModel.to.snapshot.ms,1781857944324000000,1781858004320000000,0
workspaceModel.pre.handlers.ms,1781857944324000000,1781858004320000000,0
workspaceModel.workspaceFileIndexData.getPackageName.ms,1781857944324000000,1781858004320000000,0
workspaceModel.cachedValue.from.cache.count,1781857944324000000,1781858004320000000,0
workspaceModel.workspaceFileIndexData.updateDirtyEntities.ms,1781857944324000000,1781858004320000000,0
workspaceModel.on.changed.ms,1781857944324000000,1781858004320000000,0
workspaceModel.updates.ms,1781857944324000000,1781858004320000000,0
workspaceModel.loading.from.cache.ms,1781857944324000000,1781858004320000000,0
workspaceModel.check.recursive.update.ms,1781857944324000000,1781858004320000000,0
workspaceModel.entityStorageSnapshotImpl.instances.count,1781857944324000000,1781858004320000000,0
workspaceModel.init.bridges.ms,1781857944324000000,1781858004320000000,0
workspaceModel.workspaceFileIndexData.processFileSets.ms,1781857944324000000,1781858004320000000,0
workspaceModel.workspaceFileIndexData.getDirectoriesByPackageName.ms,1781857944324000000,1781858004320000000,0
workspaceModel.cachedValue.clear.count,1781857944324000000,1781858004320000000,0
workspaceModel.updates.precise.ms,1781857944324000000,1781858004320000000,0
workspaceModel.cachedValueWithParameters.clear.count,1781857944324000000,1781858004320000000,0
workspaceModel.full.replace.project.model.ms,1781857944324000000,1781858004320000000,0
workspaceModel.cachedValue.total.get.count,1781857944324000000,1781858004320000000,0
workspaceModel.cachedValueWithParameters.from.cache.count,1781857944324000000,1781858004320000000,0
Indexing.writer_0.totalTimeSpentWritingMs,1781857944324000000,1781858004320000000,0
Indexing.writer_3.totalTimeSpentWritingMs,1781857944324000000,1781858004320000000,0
Indexes.entries.lookupDurationAvgMs,1781857944324000000,1781858004320000000,0.0
Indexes.stubs.lookupDuration90PMs,1781857944324000000,1781858004320000000,0.0
Indexes.stubs.lookups,1781857944324000000,1781858004320000000,0
Indexes.allKeys.lookupDurationMaxMs,1781857944324000000,1781858004320000000,0.0
Indexing.writer_2.totalTimeSpentWritingMs,1781857944324000000,1781858004320000000,0
Indexing.writesQueuedMin,1781857944324000000,1781858004320000000,9223372036854775807
Indexing.cache.totalCacheEvicted,1781857944324000000,1781858004320000000,0
Indexing.writer_1.totalTimeSpentWritingMs,1781857944324000000,1781858004320000000,0
Indexes.stubs.lookupDurationAvgMs,1781857944324000000,1781858004320000000,0.0
Indexes.entries.lookups,1781857944324000000,1781858004320000000,0
Indexes.allKeys.lookups,1781857944324000000,1781858004320000000,0
Indexing.cache.totalCacheAccesses,1781857944324000000,1781858004320000000,0
Indexes.allKeys.lookupDurationAvgMs,1781857944324000000,1781858004320000000,0.0
Indexing.cache.totalCacheMisses,1781857944324000000,1781858004320000000,0
Indexes.stubs.lookupDurationMaxMs,1781857944324000000,1781858004320000000,0.0
Indexing.totalTimeIndexersSleptMs,1781857944324000000,1781858004320000000,0
Indexing.writesQueuedMax,1781857944324000000,1781858004320000000,0
Indexes.entries.lookupDuration90PMs,1781857944324000000,1781858004320000000,0.0
Indexes.entries.lookupDurationMaxMs,1781857944324000000,1781858004320000000,0.0
Indexes.allKeys.lookupDuration90PMs,1781857944324000000,1781858004320000000,0.0
JVM.usedHeapBytes,1781857944324000000,1781858004320000000,375375720
JVM.totalTimeAtSafepointsMs,1781857944324000000,1781858004320000000,35
JVM.totalSafepointCount,1781857944324000000,1781858004320000000,3
JVM.GC.collections,1781857944324000000,1781858004320000000,3
MEM.ramBytes,1781857944324000000,1781858004320000000,2069164032
MEM.fileMappingsRamBytes,1781857944324000000,1781858004320000000,734085120
JVM.threadCount,1781857944324000000,1781858004320000000,56
JVM.committedHeapBytes,1781857944324000000,1781858004320000000,633339904
MEM.ramPlusSwapMinusFileMappingsBytes,1781857944324000000,1781858004320000000,1322102784
JVM.usedNativeBytes,1781857944324000000,1781858004320000000,439002000
JVM.maxThreadCount,1781857944324000000,1781858004320000000,135
JVM.totalBytesAllocated,1781857944324000000,1781858004320000000,18221816
JVM.GC.collectionTimesMs,1781857944324000000,1781858004320000000,35
MEM.ramMinusFileMappingsBytes,1781857944324000000,1781858004320000000,1322102784
JVM.maxHeapBytes,1781857944324000000,1781858004320000000,2147483648
OS.loadAverage,1781857944324000000,1781858004320000000,0.3642578125
JVM.totalCpuTimeMs,1781857944324000000,1781858004320000000,2320
JVM.totalTimeToSafepointsMs,1781857944324000000,1781858004320000000,0
JVM.newThreadsCount,1781857944324000000,1781858004320000000,0
JVM.totalDirectByteBuffersBytes,1781857944324000000,1781858004320000000,176129
compiler.ArtifactManagerBridge.dropMappings.ms,1781858004320000000,1781858064319000000,0
compiler.ArtifactManagerBridge.addArtifact.ms,1781858004320000000,1781858064319000000,0
compiler.ArtifactManagerBridge.getArtifacts.ms,1781858004320000000,1781858064319000000,0
compiler.ArtifactManagerBridge.getArtifactsByType.ms,1781858004320000000,1781858064319000000,0
compiler.ArtifactManagerBridge.findArtifact.ms,1781858004320000000,1781858064319000000,0
compiler.ArtifactVirtualFileListener.filePathChanged.ms,1781858004320000000,1781858064319000000,0
compiler.ArtifactManagerBridge.commit.ms,1781858004320000000,1781858064319000000,0
compiler.ArtifactVirtualFileListener.propertyChanged.ms,1781858004320000000,1781858064319000000,0
compiler.ArtifactManagerBridge.initBridges.ms,1781858004320000000,1781858064319000000,0
jps.facet.change.listener.init.bridge.ms,1781858004320000000,1781858064319000000,0
workspaceModel.mutableEntityStorage.has.same.entities.ms,1781858004320000000,1781858064319000000,0
jps.apply.loaded.storage.ms,1781858004320000000,1781858064319000000,0
workspaceModel.global.updates.count,1781858004320000000,1781858064319000000,0
jps.load.initial.state.ms,1781858004320000000,1781858064319000000,0
jps.global.initialize.library.bridges.after.loading.ms,1781858004320000000,1781858064319000000,0
workspaceModel.mutableEntityStorage.to.snapshot.ms,1781858004320000000,1781858064319000000,0
workspaceModel.mutableEntityStorage.modify.entity.ms,1781858004320000000,1781858064319000000,0
workspaceModel.mutableEntityStorage.hasReferrers.ms,1781858004320000000,1781858064319000000,0
workspaceModel.mutableEntityStorage.replace.by.source.ms,1781858004320000000,1781858064319000000,0
workspaceModel.load.cache.from.file.ms,1781858004320000000,1781858064319000000,0
workspaceModel.mutableEntityStorage.changeLog.addReplaceEventForRemovedParent.ms,1781858004320000000,1781858064319000000,0
workspaceModel.moduleManagerBridge.load.module.ms,1781858004320000000,1781858064319000000,0
workspaceModel.mutableEntityStorage.referrers.ms,1781858004320000000,1781858064319000000,0
jps.library.entities.serializer.save.entities.ms,1781858004320000000,1781858064319000000,0
jps.save.changed.project.entities.ms,1781858004320000000,1781858064319000000,0
jps.facet.change.listener.before.change.events.ms,1781858004320000000,1781858064319000000,0
jps.artifact.entities.serializer.save.entities.ms,1781858004320000000,1781858064319000000,0
jps.global.get.library.by.name.ms,1781858004320000000,1781858064319000000,0
workspaceModel.mutableEntityStorage.remove.entity.ms,1781858004320000000,1781858064319000000,0
workspaceModel.mutableEntityStorage.changeLog.addReplaceEventForRemovedChild.ms,1781858004320000000,1781858064319000000,0
workspaceModel.mutableEntityStorage.resolve.ms,1781858004320000000,1781858064319000000,0
workspaceModel.do.save.caches.ms,1781858004320000000,1781858064319000000,0
workspaceModel.moduleBridge.update.option.ms,1781858004320000000,1781858064319000000,0
jps.module.dependency.index.workspace.model.listener.on.changed.ms,1781858004320000000,1781858064319000000,0
jps.storage.jps.conf.reader.load.component.ms,1781858004320000000,1781858064319000000,0
jps.global.initialize.library.bridges.ms,1781858004320000000,1781858064319000000,0
workspaceModel.moduleBridge.facet.initialization.ms,1781858004320000000,1781858064319000000,0
workspaceModel.moduleManagerBridge.new.nonPersistent.module.ms,1781858004320000000,1781858064319000000,0
workspaceModel.mutableEntityStorage.entities.ms,1781858004320000000,1781858064319000000,0
workspaceModel.moduleBridge.before.changed.ms,1781858004320000000,1781858064319000000,0
jps.facet.change.listener.process.change.events.ms,1781858004320000000,1781858064319000000,0
workspaceModel.sync.entities.ms,1781858004320000000,1781858064319000000,0
workspaceModel.moduleManagerBridge.load.all.modules.ms,1781858004320000000,1781858064319000000,0
workspaceModel.global.apply.state.to.project.ms,1781858004320000000,1781858064319000000,0
jps.global.get.libraries.ms,1781858004320000000,1781858064319000000,0
workspaceModel.delayed.project.synchronizer.sync.ms,1781858004320000000,1781858064319000000,0
jps.project.serializers.save.ms,1781858004320000000,1781858064319000000,0
jps.global.handle.before.change.events.ms,1781858004320000000,1781858064319000000,0
jps.save.global.entities.ms,1781858004320000000,1781858064319000000,0
jps.module.iml.entities.serializer.load.entities.ms,1781858004320000000,1781858064319000000,0
workspaceModel.moduleBridgeLoader.loading.modules.ms,1781858004320000000,1781858064319000000,0
workspaceModel.moduleManagerBridge.set.unloadedModules.ms,1781858004320000000,1781858064319000000,0
jps.global.get.library.ms,1781858004320000000,1781858064319000000,0
workspaceModel.moduleManagerBridge.build.module.graph.ms,1781858004320000000,1781858064319000000,0
workspaceModel.mutableEntityStorage.apply.changes.from.ms,1781858004320000000,1781858064319000000,0
jps.app.storage.content.reader.load.component.ms,1781858004320000000,1781858064319000000,0
workspaceModel.global.apply.state.to.project.builder.ms,1781858004320000000,1781858064319000000,0
workspaceModel.mutableEntityStorage.entities.by.source.ms,1781858004320000000,1781858064319000000,0
workspaceModel.mutableEntityStorage.mutable.ext.mapping.ms,1781858004320000000,1781858064319000000,0
workspaceModel.mutableEntityStorage.collect.changes.ms,1781858004320000000,1781858064319000000,0
jps.project.serializers.load.ms,1781858004320000000,1781858064319000000,0
workspaceModel.global.updates.ms,1781858004320000000,1781858064319000000,0
workspaceModel.save.cache.to.file.ms,1781858004320000000,1781858064319000000,0
workspaceModel.mutableEntityStorage.add.entity.ms,1781858004320000000,1781858064319000000,0
workspaceModel.moduleManagerBridge.create.module.instance.ms,1781858004320000000,1781858064319000000,0
workspaceModel.mutableEntityStorage.instances.count,1781858004320000000,1781858064319000000,0
jps.library.entities.serializer.load.entities.ms,1781858004320000000,1781858064319000000,0
workspaceModel.moduleManagerBridge.newModule.ms,1781858004320000000,1781858064319000000,0
workspaceModel.load.cache.metadata.from.file.ms,1781858004320000000,1781858064319000000,0
workspaceModel.mutableEntityStorage.put.entity.ms,1781858004320000000,1781858064319000000,0
jps.app.storage.content.writer.save.component.ms,1781858004320000000,1781858064319000000,0
workspaceModel.mutableEntityStorage.changeLog.addReplaceEventForNewChild.ms,1781858004320000000,1781858064319000000,0
jps.load.project.to.empty.storage.ms,1781858004320000000,1781858064319000000,0
jps.artifact.entities.serializer.load.entities.ms,1781858004320000000,1781858064319000000,0
workspaceModel.orphan.listener.update.ms,1781858004320000000,1781858064319000000,0
workspaceModel.moduleManagerBridge.get.modules.ms,1781858004320000000,1781858064319000000,0
jps.global.handle.changed.events.ms,1781858004320000000,1781858064319000000,0
workspaceModel.mutableEntityStorage.changeLog.addReplaceEventForNewParent.ms,1781858004320000000,1781858064319000000,0
jps.reload.project.entities.ms,1781858004320000000,1781858064319000000,0
workspaceModel.mutableEntityStorage.mutable.vfurl.index.ms,1781858004320000000,1781858064319000000,0
jps.module.iml.entities.serializer.save.entities.ms,1781858004320000000,1781858064319000000,0
cacheStateStorage.set.counter,1781858004320000000,1781858064319000000,0
cacheStateStorage.get.duration,1781858004320000000,1781858064319000000,0
cacheStateStorage.set.duration,1781858004320000000,1781858064319000000,0
cacheStateStorage.get.counter,1781858004320000000,1781858064319000000,0
VFS.contentStorage.recordsStoredCompressed,1781858004320000000,1781858064319000000,0
VFS.contentStorage.recordsUncompressedSize,1781858004320000000,1781858064319000000,0
VFS.folderCaseSensitivityReads,1781858004320000000,1781858064319000000,0
FileNameCache.totalMisses,1781858004320000000,1781858064319000000,0
VFS.contentStorage.recordsRead,1781858004320000000,1781858064319000000,0
VFS.contentStorage.recordsStored,1781858004320000000,1781858064319000000,0
VFS.invertedFileNameIndex.requests,1781858004320000000,1781858064319000000,0
VFS.fileChildByName,1781858004320000000,1781858064319000000,0
VFS.contentStorage.recordsReadDecompressed,1781858004320000000,1781858064319000000,0
VFS.cache.directoriesCreated,1781858004320000000,1781858064319000000,0
VFS.rootsCount,1781858004320000000,1781858064319000000,12.0
VFS.fileByIdCache.misses,1781858004320000000,1781858064319000000,0
VFS.cache.segmentsCreated,1781858004320000000,1781858064319000000,0
VFS.cache.filesCreated,1781858004320000000,1781858064319000000,0
VFS.fileByIdCache.hits,1781858004320000000,1781858064319000000,0
VFS.contentStorage.recordsReadSize,1781858004320000000,1781858064319000000,0
VFS.contentStorage.recordsStoredSize,1781858004320000000,1781858064319000000,0
VFS.contentStorage.recordsDeduplicated,1781858004320000000,1781858064319000000,0
FileNameCache.queries,1781858004320000000,1781858064319000000,0
VFS.contentStorage.recordsDecompressionTimeUs,1781858004320000000,1781858064319000000,0
VFS.cache.segments,1781858004320000000,1781858064319000000,89.0
StreamlinedBlobStorage.totalLiveRecordsCapacityBytes,1781858004320000000,1781858064319000000,0
StreamlinedBlobStorage.recordsRelocated,1781858004320000000,1781858064319000000,0
StorageLockContext.competingThreads.max,1781858004320000000,1781858064319000000,0
MappedFileStorage.storages,1781858004320000000,1781858064319000000,12
DirectByteBufferAllocator.disposed,1781858004320000000,1781858064319000000,0
DirectByteBufferAllocator.reclaimed,1781858004320000000,1781858064319000000,0
DirectByteBufferAllocator.totalSizeOfBuffersAllocatedInBytes,1781858004320000000,1781858064319000000,0
StorageLockContext.competingThreads.90P,1781858004320000000,1781858064319000000,0
MappedFileStorage.totalPagesMapped,1781858004320000000,1781858064319000000,12
FilePageCache.disposedBuffers,1781858004320000000,1781858064319000000,0
StorageLockContext.competingThreads.avg,1781858004320000000,1781858064319000000,0.0
FilePageCache.capacityInBytes,1781858004320000000,1781858064319000000,629145600
FilePageCache.totalPageLoadsUs,1781858004320000000,1781858064319000000,0
FilePageCache.pageLoads,1781858004320000000,1781858064319000000,0
StreamlinedBlobStorage.recordsAllocated,1781858004320000000,1781858064319000000,0
DirectByteBufferAllocator.totalSizeOfBuffersCachedInBytes,1781858004320000000,1781858064319000000,76562432
FilePageCache.pageLoadsAboveSizeThreshold,1781858004320000000,1781858064319000000,0
FilePageCache.maxCacheSizeInBytes,1781858004320000000,1781858064319000000,629153792
FilePageCache.pageFastCacheHits,1781858004320000000,1781858064319000000,0
StreamlinedBlobStorage.totalLiveRecordsPayloadBytes,1781858004320000000,1781858064319000000,0
FilePageCache.totalPageDisposalsUs,1781858004320000000,1781858064319000000,0
FilePageCache.uncachedFileAccess,1781858004320000000,1781858064319000000,0
FilePageCache.maxRegisteredFiles,1781858004320000000,1781858064319000000,1652
DirectByteBufferAllocator.misses,1781858004320000000,1781858064319000000,0
StreamlinedBlobStorage.recordsDeleted,1781858004320000000,1781858064319000000,0
MappedFileStorage.totalTimeSpentOnMappingUs,1781858004320000000,1781858064319000000,63839
FileChannelInterruptsRetryer.totalRetriedAttempts,1781858004320000000,1781858064319000000,0
MappedFileStorage.totalBytesMapped,1781858004320000000,1781858064319000000,185860096
DirectByteBufferAllocator.hits,1781858004320000000,1781858064319000000,0
FilePageCache.pageHits,1781858004320000000,1781858064319000000,0
LowMemory.gcOverloaded,1781858004320000000,1781858064319000000,0
writeAction.wait.ms,1781858004320000000,1781858064319000000,0
DiskQueryRelay.tasksRequested,1781858004320000000,1781858064319000000,0
writeAction.median.wait.ms,1781858004320000000,1781858064319000000,0
writeAction.max.wait.ms,1781858004320000000,1781858064319000000,42
writeAction.count,1781858004320000000,1781858064319000000,0
LowMemory.gcLoad,1781858004320000000,1781858064319000000,8.801242979765323E-5
DiskQueryRelay.taskWaitingTotalTimeUs,1781858004320000000,1781858064319000000,0
DiskQueryRelay.taskExecutionTotalTimeUs,1781858004320000000,1781858064319000000,0
DiskQueryRelay.tasksExecuted,1781858004320000000,1781858064319000000,0
NonBlockingReadAction.finalizedExecutionTimeUs,1781858004320000000,1781858064319000000,0
FlushQueue.executionTimeAvgNs,1781858004320000000,1781858064319000000,0.0
AWTEventQueue.dispatchTimeTotalNS,1781858004320000000,1781858064319000000,21812876
FlushQueue.queueSize90P,1781858004320000000,1781858064319000000,0
FlushQueue.executionTime90PNs,1781858004320000000,1781858064319000000,0
AWTEventQueue.dispatchTimeAvgNs,1781858004320000000,1781858064319000000,0.0
FlushQueue.tasksExecuted,1781858004320000000,1781858064319000000,0
WriteAction.executionsCount,1781858004320000000,1781858064319000000,0
NonBlockingReadAction.finalizedExecutionsCount,1781858004320000000,1781858064319000000,0
FlushQueue.waitingTimeMaxNs,1781858004320000000,1781858064319000000,0
AWTEventQueue.eventsDispatched,1781858004320000000,1781858064319000000,0
FlushQueue.queueSizeAvg,1781858004320000000,1781858064319000000,0.0
ReadAction.executionsCount,1781858004320000000,1781858064319000000,7
FlushQueue.queueSizeMax,1781858004320000000,1781858064319000000,0
AWTEventQueue.dispatchTimeMaxNs,1781858004320000000,1781858064319000000,0
FlushQueue.waitingTime90PNs,1781858004320000000,1781858064319000000,0
NonBlockingReadAction.failedExecutionTimeUs,1781858004320000000,1781858064319000000,0
FlushQueue.waitingTimeAvgNs,1781858004320000000,1781858064319000000,0.0
AWTEventQueue.dispatchTime90PNs,1781858004320000000,1781858064319000000,0
NonBlockingReadAction.failedExecutionsCount,1781858004320000000,1781858064319000000,0
FlushQueue.executionTimeMaxNs,1781858004320000000,1781858064319000000,0
workspaceModel.workspaceFileIndexContributor.registerFileSets.ms,1781858004320000000,1781858064319000000,0
workspaceModel.workspaceFileIndexData.onEntitiesChanged.ms,1781858004320000000,1781858064319000000,0
workspaceModel.workspaceFileIndexData.markDirty.ms,1781858004320000000,1781858064319000000,0
workspaceModel.cachedValue.calculated.count,1781858004320000000,1781858064319000000,0
workspaceModel.workspaceFileIndexData.visitFileSets.ms,1781858004320000000,1781858064319000000,0
workspaceModel.workspaceFileIndexData.init.ms,1781858004320000000,1781858064319000000,0
workspaceModel.collect.changes.ms,1781858004320000000,1781858064319000000,0
workspaceModel.updates.count,1781858004320000000,1781858064319000000,0
workspaceModel.initializing.ms,1781858004320000000,1781858064319000000,0
workspaceModel.cachedValueWithParameters.total.get.count,1781858004320000000,1781858064319000000,0
workspaceModel.cachedValueWithParameters.calculated.count,1781858004320000000,1781858064319000000,0
workspaceModel.on.before.changed.ms,1781858004320000000,1781858064319000000,0
workspaceModel.update.unloaded.entities.ms,1781858004320000000,1781858064319000000,0
workspaceModel.loading.total.ms,1781858004320000000,1781858064319000000,0
workspaceModel.workspaceFileIndexData.getFileInfo.ms,1781858004320000000,1781858064319000000,0
workspaceModel.workspaceFileIndexData.instances.count,1781858004320000000,1781858064319000000,0
workspaceModel.replace.project.model.ms,1781858004320000000,1781858064319000000,0
workspaceModel.to.snapshot.ms,1781858004320000000,1781858064319000000,0
workspaceModel.pre.handlers.ms,1781858004320000000,1781858064319000000,0
workspaceModel.workspaceFileIndexData.getPackageName.ms,1781858004320000000,1781858064319000000,0
workspaceModel.cachedValue.from.cache.count,1781858004320000000,1781858064319000000,0
workspaceModel.workspaceFileIndexData.updateDirtyEntities.ms,1781858004320000000,1781858064319000000,0
workspaceModel.on.changed.ms,1781858004320000000,1781858064319000000,0
workspaceModel.updates.ms,1781858004320000000,1781858064319000000,0
workspaceModel.loading.from.cache.ms,1781858004320000000,1781858064319000000,0
workspaceModel.check.recursive.update.ms,1781858004320000000,1781858064319000000,0
workspaceModel.entityStorageSnapshotImpl.instances.count,1781858004320000000,1781858064319000000,0
workspaceModel.init.bridges.ms,1781858004320000000,1781858064319000000,0
workspaceModel.workspaceFileIndexData.processFileSets.ms,1781858004320000000,1781858064319000000,0
workspaceModel.workspaceFileIndexData.getDirectoriesByPackageName.ms,1781858004320000000,1781858064319000000,0
workspaceModel.cachedValue.clear.count,1781858004320000000,1781858064319000000,0
workspaceModel.updates.precise.ms,1781858004320000000,1781858064319000000,0
workspaceModel.cachedValueWithParameters.clear.count,1781858004320000000,1781858064319000000,0
workspaceModel.full.replace.project.model.ms,1781858004320000000,1781858064319000000,0
workspaceModel.cachedValue.total.get.count,1781858004320000000,1781858064319000000,0
workspaceModel.cachedValueWithParameters.from.cache.count,1781858004320000000,1781858064319000000,0
Indexing.writer_0.totalTimeSpentWritingMs,1781858004320000000,1781858064319000000,0
Indexing.writer_3.totalTimeSpentWritingMs,1781858004320000000,1781858064319000000,0
Indexes.entries.lookupDurationAvgMs,1781858004320000000,1781858064319000000,0.0
Indexes.stubs.lookupDuration90PMs,1781858004320000000,1781858064319000000,0.0
Indexes.stubs.lookups,1781858004320000000,1781858064319000000,0
Indexes.allKeys.lookupDurationMaxMs,1781858004320000000,1781858064319000000,0.0
Indexing.writer_2.totalTimeSpentWritingMs,1781858004320000000,1781858064319000000,0
Indexing.writesQueuedMin,1781858004320000000,1781858064319000000,9223372036854775807
Indexing.cache.totalCacheEvicted,1781858004320000000,1781858064319000000,0
Indexing.writer_1.totalTimeSpentWritingMs,1781858004320000000,1781858064319000000,0
Indexes.stubs.lookupDurationAvgMs,1781858004320000000,1781858064319000000,0.0
Indexes.entries.lookups,1781858004320000000,1781858064319000000,0
Indexes.allKeys.lookups,1781858004320000000,1781858064319000000,0
Indexing.cache.totalCacheAccesses,1781858004320000000,1781858064319000000,0
Indexes.allKeys.lookupDurationAvgMs,1781858004320000000,1781858064319000000,0.0
Indexing.cache.totalCacheMisses,1781858004320000000,1781858064319000000,0
Indexes.stubs.lookupDurationMaxMs,1781858004320000000,1781858064319000000,0.0
Indexing.totalTimeIndexersSleptMs,1781858004320000000,1781858064319000000,0
Indexing.writesQueuedMax,1781858004320000000,1781858064319000000,0
Indexes.entries.lookupDuration90PMs,1781858004320000000,1781858064319000000,0.0
Indexes.entries.lookupDurationMaxMs,1781858004320000000,1781858064319000000,0.0
Indexes.allKeys.lookupDuration90PMs,1781858004320000000,1781858064319000000,0.0
JVM.usedHeapBytes,1781858004320000000,1781858064319000000,393201512
JVM.totalTimeAtSafepointsMs,1781858004320000000,1781858064319000000,0
JVM.totalSafepointCount,1781858004320000000,1781858064319000000,0
JVM.GC.collections,1781858004320000000,1781858064319000000,0
MEM.ramBytes,1781858004320000000,1781858064319000000,2086989824
MEM.fileMappingsRamBytes,1781858004320000000,1781858064319000000,734085120
JVM.threadCount,1781858004320000000,1781858064319000000,56
JVM.committedHeapBytes,1781858004320000000,1781858064319000000,633339904
MEM.ramPlusSwapMinusFileMappingsBytes,1781858004320000000,1781858064319000000,1339928576
JVM.usedNativeBytes,1781858004320000000,1781858064319000000,439455496
JVM.maxThreadCount,1781858004320000000,1781858064319000000,135
JVM.totalBytesAllocated,1781858004320000000,1781858064319000000,17622000
JVM.GC.collectionTimesMs,1781858004320000000,1781858064319000000,0
MEM.ramMinusFileMappingsBytes,1781858004320000000,1781858064319000000,1339928576
JVM.maxHeapBytes,1781858004320000000,1781858064319000000,2147483648
OS.loadAverage,1781858004320000000,1781858064319000000,0.1767578125
JVM.totalCpuTimeMs,1781858004320000000,1781858064319000000,1400
JVM.totalTimeToSafepointsMs,1781858004320000000,1781858064319000000,0
JVM.newThreadsCount,1781858004320000000,1781858064319000000,0
JVM.totalDirectByteBuffersBytes,1781858004320000000,1781858064319000000,176129
compiler.ArtifactManagerBridge.dropMappings.ms,1781858064319000000,1781858124321000000,0
compiler.ArtifactManagerBridge.addArtifact.ms,1781858064319000000,1781858124321000000,0
compiler.ArtifactManagerBridge.getArtifacts.ms,1781858064319000000,1781858124321000000,0
compiler.ArtifactManagerBridge.getArtifactsByType.ms,1781858064319000000,1781858124321000000,0
compiler.ArtifactManagerBridge.findArtifact.ms,1781858064319000000,1781858124321000000,0
compiler.ArtifactVirtualFileListener.filePathChanged.ms,1781858064319000000,1781858124321000000,0
compiler.ArtifactManagerBridge.commit.ms,1781858064319000000,1781858124321000000,0
compiler.ArtifactVirtualFileListener.propertyChanged.ms,1781858064319000000,1781858124321000000,0
compiler.ArtifactManagerBridge.initBridges.ms,1781858064319000000,1781858124321000000,0
jps.facet.change.listener.init.bridge.ms,1781858064319000000,1781858124321000000,0
workspaceModel.mutableEntityStorage.has.same.entities.ms,1781858064319000000,1781858124321000000,0
jps.apply.loaded.storage.ms,1781858064319000000,1781858124321000000,0
workspaceModel.global.updates.count,1781858064319000000,1781858124321000000,0
jps.load.initial.state.ms,1781858064319000000,1781858124321000000,0
jps.global.initialize.library.bridges.after.loading.ms,1781858064319000000,1781858124321000000,0
workspaceModel.mutableEntityStorage.to.snapshot.ms,1781858064319000000,1781858124321000000,0
workspaceModel.mutableEntityStorage.modify.entity.ms,1781858064319000000,1781858124321000000,0
workspaceModel.mutableEntityStorage.hasReferrers.ms,1781858064319000000,1781858124321000000,0
workspaceModel.mutableEntityStorage.replace.by.source.ms,1781858064319000000,1781858124321000000,0
workspaceModel.load.cache.from.file.ms,1781858064319000000,1781858124321000000,0
workspaceModel.mutableEntityStorage.changeLog.addReplaceEventForRemovedParent.ms,1781858064319000000,1781858124321000000,0
workspaceModel.moduleManagerBridge.load.module.ms,1781858064319000000,1781858124321000000,0
workspaceModel.mutableEntityStorage.referrers.ms,1781858064319000000,1781858124321000000,0
jps.library.entities.serializer.save.entities.ms,1781858064319000000,1781858124321000000,0
jps.save.changed.project.entities.ms,1781858064319000000,1781858124321000000,0
jps.facet.change.listener.before.change.events.ms,1781858064319000000,1781858124321000000,0
jps.artifact.entities.serializer.save.entities.ms,1781858064319000000,1781858124321000000,0
jps.global.get.library.by.name.ms,1781858064319000000,1781858124321000000,0
workspaceModel.mutableEntityStorage.remove.entity.ms,1781858064319000000,1781858124321000000,0
workspaceModel.mutableEntityStorage.changeLog.addReplaceEventForRemovedChild.ms,1781858064319000000,1781858124321000000,0
workspaceModel.mutableEntityStorage.resolve.ms,1781858064319000000,1781858124321000000,0
workspaceModel.do.save.caches.ms,1781858064319000000,1781858124321000000,0
workspaceModel.moduleBridge.update.option.ms,1781858064319000000,1781858124321000000,0
jps.module.dependency.index.workspace.model.listener.on.changed.ms,1781858064319000000,1781858124321000000,0
jps.storage.jps.conf.reader.load.component.ms,1781858064319000000,1781858124321000000,0
jps.global.initialize.library.bridges.ms,1781858064319000000,1781858124321000000,0
workspaceModel.moduleBridge.facet.initialization.ms,1781858064319000000,1781858124321000000,0
workspaceModel.moduleManagerBridge.new.nonPersistent.module.ms,1781858064319000000,1781858124321000000,0
workspaceModel.mutableEntityStorage.entities.ms,1781858064319000000,1781858124321000000,0
workspaceModel.moduleBridge.before.changed.ms,1781858064319000000,1781858124321000000,0
jps.facet.change.listener.process.change.events.ms,1781858064319000000,1781858124321000000,0
workspaceModel.sync.entities.ms,1781858064319000000,1781858124321000000,0
workspaceModel.moduleManagerBridge.load.all.modules.ms,1781858064319000000,1781858124321000000,0
workspaceModel.global.apply.state.to.project.ms,1781858064319000000,1781858124321000000,0
jps.global.get.libraries.ms,1781858064319000000,1781858124321000000,0
workspaceModel.delayed.project.synchronizer.sync.ms,1781858064319000000,1781858124321000000,0
jps.project.serializers.save.ms,1781858064319000000,1781858124321000000,0
jps.global.handle.before.change.events.ms,1781858064319000000,1781858124321000000,0
jps.save.global.entities.ms,1781858064319000000,1781858124321000000,0
jps.module.iml.entities.serializer.load.entities.ms,1781858064319000000,1781858124321000000,0
workspaceModel.moduleBridgeLoader.loading.modules.ms,1781858064319000000,1781858124321000000,0
workspaceModel.moduleManagerBridge.set.unloadedModules.ms,1781858064319000000,1781858124321000000,0
jps.global.get.library.ms,1781858064319000000,1781858124321000000,0
workspaceModel.moduleManagerBridge.build.module.graph.ms,1781858064319000000,1781858124321000000,0
workspaceModel.mutableEntityStorage.apply.changes.from.ms,1781858064319000000,1781858124321000000,0
jps.app.storage.content.reader.load.component.ms,1781858064319000000,1781858124321000000,0
workspaceModel.global.apply.state.to.project.builder.ms,1781858064319000000,1781858124321000000,0
workspaceModel.mutableEntityStorage.entities.by.source.ms,1781858064319000000,1781858124321000000,0
workspaceModel.mutableEntityStorage.mutable.ext.mapping.ms,1781858064319000000,1781858124321000000,0
workspaceModel.mutableEntityStorage.collect.changes.ms,1781858064319000000,1781858124321000000,0
jps.project.serializers.load.ms,1781858064319000000,1781858124321000000,0
workspaceModel.global.updates.ms,1781858064319000000,1781858124321000000,0
workspaceModel.save.cache.to.file.ms,1781858064319000000,1781858124321000000,0
workspaceModel.mutableEntityStorage.add.entity.ms,1781858064319000000,1781858124321000000,0
workspaceModel.moduleManagerBridge.create.module.instance.ms,1781858064319000000,1781858124321000000,0
workspaceModel.mutableEntityStorage.instances.count,1781858064319000000,1781858124321000000,0
jps.library.entities.serializer.load.entities.ms,1781858064319000000,1781858124321000000,0
workspaceModel.moduleManagerBridge.newModule.ms,1781858064319000000,1781858124321000000,0
workspaceModel.load.cache.metadata.from.file.ms,1781858064319000000,1781858124321000000,0
workspaceModel.mutableEntityStorage.put.entity.ms,1781858064319000000,1781858124321000000,0
jps.app.storage.content.writer.save.component.ms,1781858064319000000,1781858124321000000,0
workspaceModel.mutableEntityStorage.changeLog.addReplaceEventForNewChild.ms,1781858064319000000,1781858124321000000,0
jps.load.project.to.empty.storage.ms,1781858064319000000,1781858124321000000,0
jps.artifact.entities.serializer.load.entities.ms,1781858064319000000,1781858124321000000,0
workspaceModel.orphan.listener.update.ms,1781858064319000000,1781858124321000000,0
workspaceModel.moduleManagerBridge.get.modules.ms,1781858064319000000,1781858124321000000,0
jps.global.handle.changed.events.ms,1781858064319000000,1781858124321000000,0
workspaceModel.mutableEntityStorage.changeLog.addReplaceEventForNewParent.ms,1781858064319000000,1781858124321000000,0
jps.reload.project.entities.ms,1781858064319000000,1781858124321000000,0
workspaceModel.mutableEntityStorage.mutable.vfurl.index.ms,1781858064319000000,1781858124321000000,0
jps.module.iml.entities.serializer.save.entities.ms,1781858064319000000,1781858124321000000,0
cacheStateStorage.set.counter,1781858064319000000,1781858124321000000,0
cacheStateStorage.get.duration,1781858064319000000,1781858124321000000,0
cacheStateStorage.set.duration,1781858064319000000,1781858124321000000,0
cacheStateStorage.get.counter,1781858064319000000,1781858124321000000,0
VFS.contentStorage.recordsStoredCompressed,1781858064319000000,1781858124321000000,0
VFS.contentStorage.recordsUncompressedSize,1781858064319000000,1781858124321000000,0
VFS.folderCaseSensitivityReads,1781858064319000000,1781858124321000000,0
FileNameCache.totalMisses,1781858064319000000,1781858124321000000,0
VFS.contentStorage.recordsRead,1781858064319000000,1781858124321000000,0
VFS.contentStorage.recordsStored,1781858064319000000,1781858124321000000,0
VFS.invertedFileNameIndex.requests,1781858064319000000,1781858124321000000,0
VFS.fileChildByName,1781858064319000000,1781858124321000000,0
VFS.contentStorage.recordsReadDecompressed,1781858064319000000,1781858124321000000,0
VFS.cache.directoriesCreated,1781858064319000000,1781858124321000000,0
VFS.rootsCount,1781858064319000000,1781858124321000000,12.0
VFS.fileByIdCache.misses,1781858064319000000,1781858124321000000,0
VFS.cache.segmentsCreated,1781858064319000000,1781858124321000000,0
VFS.cache.filesCreated,1781858064319000000,1781858124321000000,0
VFS.fileByIdCache.hits,1781858064319000000,1781858124321000000,0
VFS.contentStorage.recordsReadSize,1781858064319000000,1781858124321000000,0
VFS.contentStorage.recordsStoredSize,1781858064319000000,1781858124321000000,0
VFS.contentStorage.recordsDeduplicated,1781858064319000000,1781858124321000000,0
FileNameCache.queries,1781858064319000000,1781858124321000000,0
VFS.contentStorage.recordsDecompressionTimeUs,1781858064319000000,1781858124321000000,0
VFS.cache.segments,1781858064319000000,1781858124321000000,89.0
StreamlinedBlobStorage.totalLiveRecordsCapacityBytes,1781858064319000000,1781858124321000000,0
StreamlinedBlobStorage.recordsRelocated,1781858064319000000,1781858124321000000,0
StorageLockContext.competingThreads.max,1781858064319000000,1781858124321000000,0
MappedFileStorage.storages,1781858064319000000,1781858124321000000,12
DirectByteBufferAllocator.disposed,1781858064319000000,1781858124321000000,0
DirectByteBufferAllocator.reclaimed,1781858064319000000,1781858124321000000,0
DirectByteBufferAllocator.totalSizeOfBuffersAllocatedInBytes,1781858064319000000,1781858124321000000,0
StorageLockContext.competingThreads.90P,1781858064319000000,1781858124321000000,0
MappedFileStorage.totalPagesMapped,1781858064319000000,1781858124321000000,12
FilePageCache.disposedBuffers,1781858064319000000,1781858124321000000,0
StorageLockContext.competingThreads.avg,1781858064319000000,1781858124321000000,0.0
FilePageCache.capacityInBytes,1781858064319000000,1781858124321000000,629145600
FilePageCache.totalPageLoadsUs,1781858064319000000,1781858124321000000,0
FilePageCache.pageLoads,1781858064319000000,1781858124321000000,0
StreamlinedBlobStorage.recordsAllocated,1781858064319000000,1781858124321000000,0
DirectByteBufferAllocator.totalSizeOfBuffersCachedInBytes,1781858064319000000,1781858124321000000,76562432
FilePageCache.pageLoadsAboveSizeThreshold,1781858064319000000,1781858124321000000,0
FilePageCache.maxCacheSizeInBytes,1781858064319000000,1781858124321000000,629153792
FilePageCache.pageFastCacheHits,1781858064319000000,1781858124321000000,0
StreamlinedBlobStorage.totalLiveRecordsPayloadBytes,1781858064319000000,1781858124321000000,0
FilePageCache.totalPageDisposalsUs,1781858064319000000,1781858124321000000,0
FilePageCache.uncachedFileAccess,1781858064319000000,1781858124321000000,0
FilePageCache.maxRegisteredFiles,1781858064319000000,1781858124321000000,1652
DirectByteBufferAllocator.misses,1781858064319000000,1781858124321000000,0
StreamlinedBlobStorage.recordsDeleted,1781858064319000000,1781858124321000000,0
MappedFileStorage.totalTimeSpentOnMappingUs,1781858064319000000,1781858124321000000,63839
FileChannelInterruptsRetryer.totalRetriedAttempts,1781858064319000000,1781858124321000000,0
MappedFileStorage.totalBytesMapped,1781858064319000000,1781858124321000000,185860096
DirectByteBufferAllocator.hits,1781858064319000000,1781858124321000000,0
FilePageCache.pageHits,1781858064319000000,1781858124321000000,0
LowMemory.gcOverloaded,1781858064319000000,1781858124321000000,0
writeAction.wait.ms,1781858064319000000,1781858124321000000,0
DiskQueryRelay.tasksRequested,1781858064319000000,1781858124321000000,0
writeAction.median.wait.ms,1781858064319000000,1781858124321000000,0
writeAction.max.wait.ms,1781858064319000000,1781858124321000000,42
writeAction.count,1781858064319000000,1781858124321000000,0
LowMemory.gcLoad,1781858064319000000,1781858124321000000,4.518558193460152E-5
DiskQueryRelay.taskWaitingTotalTimeUs,1781858064319000000,1781858124321000000,0
DiskQueryRelay.taskExecutionTotalTimeUs,1781858064319000000,1781858124321000000,0
DiskQueryRelay.tasksExecuted,1781858064319000000,1781858124321000000,0
NonBlockingReadAction.finalizedExecutionTimeUs,1781858064319000000,1781858124321000000,0
FlushQueue.executionTimeAvgNs,1781858064319000000,1781858124321000000,0.0
AWTEventQueue.dispatchTimeTotalNS,1781858064319000000,1781858124321000000,30317764
FlushQueue.queueSize90P,1781858064319000000,1781858124321000000,0
FlushQueue.executionTime90PNs,1781858064319000000,1781858124321000000,0
AWTEventQueue.dispatchTimeAvgNs,1781858064319000000,1781858124321000000,0.0
FlushQueue.tasksExecuted,1781858064319000000,1781858124321000000,0
WriteAction.executionsCount,1781858064319000000,1781858124321000000,0
NonBlockingReadAction.finalizedExecutionsCount,1781858064319000000,1781858124321000000,0
FlushQueue.waitingTimeMaxNs,1781858064319000000,1781858124321000000,0
AWTEventQueue.eventsDispatched,1781858064319000000,1781858124321000000,0
FlushQueue.queueSizeAvg,1781858064319000000,1781858124321000000,0.0
ReadAction.executionsCount,1781858064319000000,1781858124321000000,7
FlushQueue.queueSizeMax,1781858064319000000,1781858124321000000,0
AWTEventQueue.dispatchTimeMaxNs,1781858064319000000,1781858124321000000,0
FlushQueue.waitingTime90PNs,1781858064319000000,1781858124321000000,0
NonBlockingReadAction.failedExecutionTimeUs,1781858064319000000,1781858124321000000,0
FlushQueue.waitingTimeAvgNs,1781858064319000000,1781858124321000000,0.0
AWTEventQueue.dispatchTime90PNs,1781858064319000000,1781858124321000000,0
NonBlockingReadAction.failedExecutionsCount,1781858064319000000,1781858124321000000,0
FlushQueue.executionTimeMaxNs,1781858064319000000,1781858124321000000,0
workspaceModel.workspaceFileIndexContributor.registerFileSets.ms,1781858064319000000,1781858124321000000,0
workspaceModel.workspaceFileIndexData.onEntitiesChanged.ms,1781858064319000000,1781858124321000000,0
workspaceModel.workspaceFileIndexData.markDirty.ms,1781858064319000000,1781858124321000000,0
workspaceModel.cachedValue.calculated.count,1781858064319000000,1781858124321000000,0
workspaceModel.workspaceFileIndexData.visitFileSets.ms,1781858064319000000,1781858124321000000,0
workspaceModel.workspaceFileIndexData.init.ms,1781858064319000000,1781858124321000000,0
workspaceModel.collect.changes.ms,1781858064319000000,1781858124321000000,0
workspaceModel.updates.count,1781858064319000000,1781858124321000000,0
workspaceModel.initializing.ms,1781858064319000000,1781858124321000000,0
workspaceModel.cachedValueWithParameters.total.get.count,1781858064319000000,1781858124321000000,0
workspaceModel.cachedValueWithParameters.calculated.count,1781858064319000000,1781858124321000000,0
workspaceModel.on.before.changed.ms,1781858064319000000,1781858124321000000,0
workspaceModel.update.unloaded.entities.ms,1781858064319000000,1781858124321000000,0
workspaceModel.loading.total.ms,1781858064319000000,1781858124321000000,0
workspaceModel.workspaceFileIndexData.getFileInfo.ms,1781858064319000000,1781858124321000000,0
workspaceModel.workspaceFileIndexData.instances.count,1781858064319000000,1781858124321000000,0
workspaceModel.replace.project.model.ms,1781858064319000000,1781858124321000000,0
workspaceModel.to.snapshot.ms,1781858064319000000,1781858124321000000,0
workspaceModel.pre.handlers.ms,1781858064319000000,1781858124321000000,0
workspaceModel.workspaceFileIndexData.getPackageName.ms,1781858064319000000,1781858124321000000,0
workspaceModel.cachedValue.from.cache.count,1781858064319000000,1781858124321000000,0
workspaceModel.workspaceFileIndexData.updateDirtyEntities.ms,1781858064319000000,1781858124321000000,0
workspaceModel.on.changed.ms,1781858064319000000,1781858124321000000,0
workspaceModel.updates.ms,1781858064319000000,1781858124321000000,0
workspaceModel.loading.from.cache.ms,1781858064319000000,1781858124321000000,0
workspaceModel.check.recursive.update.ms,1781858064319000000,1781858124321000000,0
workspaceModel.entityStorageSnapshotImpl.instances.count,1781858064319000000,1781858124321000000,0
workspaceModel.init.bridges.ms,1781858064319000000,1781858124321000000,0
workspaceModel.workspaceFileIndexData.processFileSets.ms,1781858064319000000,1781858124321000000,0
workspaceModel.workspaceFileIndexData.getDirectoriesByPackageName.ms,1781858064319000000,1781858124321000000,0
workspaceModel.cachedValue.clear.count,1781858064319000000,1781858124321000000,0
workspaceModel.updates.precise.ms,1781858064319000000,1781858124321000000,0
workspaceModel.cachedValueWithParameters.clear.count,1781858064319000000,1781858124321000000,0
workspaceModel.full.replace.project.model.ms,1781858064319000000,1781858124321000000,0
workspaceModel.cachedValue.total.get.count,1781858064319000000,1781858124321000000,0
workspaceModel.cachedValueWithParameters.from.cache.count,1781858064319000000,1781858124321000000,0
Indexing.writer_0.totalTimeSpentWritingMs,1781858064319000000,1781858124321000000,0
Indexing.writer_3.totalTimeSpentWritingMs,1781858064319000000,1781858124321000000,0
Indexes.entries.lookupDurationAvgMs,1781858064319000000,1781858124321000000,0.0
Indexes.stubs.lookupDuration90PMs,1781858064319000000,1781858124321000000,0.0
Indexes.stubs.lookups,1781858064319000000,1781858124321000000,0
Indexes.allKeys.lookupDurationMaxMs,1781858064319000000,1781858124321000000,0.0
Indexing.writer_2.totalTimeSpentWritingMs,1781858064319000000,1781858124321000000,0
Indexing.writesQueuedMin,1781858064319000000,1781858124321000000,9223372036854775807
Indexing.cache.totalCacheEvicted,1781858064319000000,1781858124321000000,0
Indexing.writer_1.totalTimeSpentWritingMs,1781858064319000000,1781858124321000000,0
Indexes.stubs.lookupDurationAvgMs,1781858064319000000,1781858124321000000,0.0
Indexes.entries.lookups,1781858064319000000,1781858124321000000,0
Indexes.allKeys.lookups,1781858064319000000,1781858124321000000,0
Indexing.cache.totalCacheAccesses,1781858064319000000,1781858124321000000,0
Indexes.allKeys.lookupDurationAvgMs,1781858064319000000,1781858124321000000,0.0
Indexing.cache.totalCacheMisses,1781858064319000000,1781858124321000000,0
Indexes.stubs.lookupDurationMaxMs,1781858064319000000,1781858124321000000,0.0
Indexing.totalTimeIndexersSleptMs,1781858064319000000,1781858124321000000,0
Indexing.writesQueuedMax,1781858064319000000,1781858124321000000,0
Indexes.entries.lookupDuration90PMs,1781858064319000000,1781858124321000000,0.0
Indexes.entries.lookupDurationMaxMs,1781858064319000000,1781858124321000000,0.0
Indexes.allKeys.lookupDuration90PMs,1781858064319000000,1781858124321000000,0.0
JVM.usedHeapBytes,1781858064319000000,1781858124321000000,411027304
JVM.totalTimeAtSafepointsMs,1781858064319000000,1781858124321000000,0
JVM.totalSafepointCount,1781858064319000000,1781858124321000000,0
JVM.GC.collections,1781858064319000000,1781858124321000000,0
MEM.ramBytes,1781858064319000000,1781858124321000000,2090135552
MEM.fileMappingsRamBytes,1781858064319000000,1781858124321000000,734085120
JVM.threadCount,1781858064319000000,1781858124321000000,56
JVM.committedHeapBytes,1781858064319000000,1781858124321000000,633339904
MEM.ramPlusSwapMinusFileMappingsBytes,1781858064319000000,1781858124321000000,1343074304
JVM.usedNativeBytes,1781858064319000000,1781858124321000000,439933288
JVM.maxThreadCount,1781858064319000000,1781858124321000000,135
JVM.totalBytesAllocated,1781858064319000000,1781858124321000000,18027656
JVM.GC.collectionTimesMs,1781858064319000000,1781858124321000000,0
MEM.ramMinusFileMappingsBytes,1781858064319000000,1781858124321000000,1343074304
JVM.maxHeapBytes,1781858064319000000,1781858124321000000,2147483648
OS.loadAverage,1781858064319000000,1781858124321000000,0.06298828125
JVM.totalCpuTimeMs,1781858064319000000,1781858124321000000,1690
JVM.totalTimeToSafepointsMs,1781858064319000000,1781858124321000000,0
JVM.newThreadsCount,1781858064319000000,1781858124321000000,0
JVM.totalDirectByteBuffersBytes,1781858064319000000,1781858124321000000,176129
compiler.ArtifactManagerBridge.dropMappings.ms,1781858124321000000,1781858184314000000,0
compiler.ArtifactManagerBridge.addArtifact.ms,1781858124321000000,1781858184314000000,0
compiler.ArtifactManagerBridge.getArtifacts.ms,1781858124321000000,1781858184314000000,0
compiler.ArtifactManagerBridge.getArtifactsByType.ms,1781858124321000000,1781858184314000000,0
compiler.ArtifactManagerBridge.findArtifact.ms,1781858124321000000,1781858184314000000,0
compiler.ArtifactVirtualFileListener.filePathChanged.ms,1781858124321000000,1781858184314000000,0
compiler.ArtifactManagerBridge.commit.ms,1781858124321000000,1781858184314000000,0
compiler.ArtifactVirtualFileListener.propertyChanged.ms,1781858124321000000,1781858184314000000,0
compiler.ArtifactManagerBridge.initBridges.ms,1781858124321000000,1781858184314000000,0
jps.facet.change.listener.init.bridge.ms,1781858124321000000,1781858184314000000,0
workspaceModel.mutableEntityStorage.has.same.entities.ms,1781858124321000000,1781858184314000000,0
jps.apply.loaded.storage.ms,1781858124321000000,1781858184314000000,0
workspaceModel.global.updates.count,1781858124321000000,1781858184314000000,0
jps.load.initial.state.ms,1781858124321000000,1781858184314000000,0
jps.global.initialize.library.bridges.after.loading.ms,1781858124321000000,1781858184314000000,0
workspaceModel.mutableEntityStorage.to.snapshot.ms,1781858124321000000,1781858184314000000,0
workspaceModel.mutableEntityStorage.modify.entity.ms,1781858124321000000,1781858184314000000,0
workspaceModel.mutableEntityStorage.hasReferrers.ms,1781858124321000000,1781858184314000000,0
workspaceModel.mutableEntityStorage.replace.by.source.ms,1781858124321000000,1781858184314000000,0
workspaceModel.load.cache.from.file.ms,1781858124321000000,1781858184314000000,0
workspaceModel.mutableEntityStorage.changeLog.addReplaceEventForRemovedParent.ms,1781858124321000000,1781858184314000000,0
workspaceModel.moduleManagerBridge.load.module.ms,1781858124321000000,1781858184314000000,0
workspaceModel.mutableEntityStorage.referrers.ms,1781858124321000000,1781858184314000000,0
jps.library.entities.serializer.save.entities.ms,1781858124321000000,1781858184314000000,0
jps.save.changed.project.entities.ms,1781858124321000000,1781858184314000000,0
jps.facet.change.listener.before.change.events.ms,1781858124321000000,1781858184314000000,0
jps.artifact.entities.serializer.save.entities.ms,1781858124321000000,1781858184314000000,0
jps.global.get.library.by.name.ms,1781858124321000000,1781858184314000000,0
workspaceModel.mutableEntityStorage.remove.entity.ms,1781858124321000000,1781858184314000000,0
workspaceModel.mutableEntityStorage.changeLog.addReplaceEventForRemovedChild.ms,1781858124321000000,1781858184314000000,0
workspaceModel.mutableEntityStorage.resolve.ms,1781858124321000000,1781858184314000000,0
workspaceModel.do.save.caches.ms,1781858124321000000,1781858184314000000,0
workspaceModel.moduleBridge.update.option.ms,1781858124321000000,1781858184314000000,0
jps.module.dependency.index.workspace.model.listener.on.changed.ms,1781858124321000000,1781858184314000000,0
jps.storage.jps.conf.reader.load.component.ms,1781858124321000000,1781858184314000000,0
jps.global.initialize.library.bridges.ms,1781858124321000000,1781858184314000000,0
workspaceModel.moduleBridge.facet.initialization.ms,1781858124321000000,1781858184314000000,0
workspaceModel.moduleManagerBridge.new.nonPersistent.module.ms,1781858124321000000,1781858184314000000,0
workspaceModel.mutableEntityStorage.entities.ms,1781858124321000000,1781858184314000000,0
workspaceModel.moduleBridge.before.changed.ms,1781858124321000000,1781858184314000000,0
jps.facet.change.listener.process.change.events.ms,1781858124321000000,1781858184314000000,0
workspaceModel.sync.entities.ms,1781858124321000000,1781858184314000000,0
workspaceModel.moduleManagerBridge.load.all.modules.ms,1781858124321000000,1781858184314000000,0
workspaceModel.global.apply.state.to.project.ms,1781858124321000000,1781858184314000000,0
jps.global.get.libraries.ms,1781858124321000000,1781858184314000000,0
workspaceModel.delayed.project.synchronizer.sync.ms,1781858124321000000,1781858184314000000,0
jps.project.serializers.save.ms,1781858124321000000,1781858184314000000,0
jps.global.handle.before.change.events.ms,1781858124321000000,1781858184314000000,0
jps.save.global.entities.ms,1781858124321000000,1781858184314000000,0
jps.module.iml.entities.serializer.load.entities.ms,1781858124321000000,1781858184314000000,0
workspaceModel.moduleBridgeLoader.loading.modules.ms,1781858124321000000,1781858184314000000,0
workspaceModel.moduleManagerBridge.set.unloadedModules.ms,1781858124321000000,1781858184314000000,0
jps.global.get.library.ms,1781858124321000000,1781858184314000000,0
workspaceModel.moduleManagerBridge.build.module.graph.ms,1781858124321000000,1781858184314000000,0
workspaceModel.mutableEntityStorage.apply.changes.from.ms,1781858124321000000,1781858184314000000,0
jps.app.storage.content.reader.load.component.ms,1781858124321000000,1781858184314000000,0
workspaceModel.global.apply.state.to.project.builder.ms,1781858124321000000,1781858184314000000,0
workspaceModel.mutableEntityStorage.entities.by.source.ms,1781858124321000000,1781858184314000000,0
workspaceModel.mutableEntityStorage.mutable.ext.mapping.ms,1781858124321000000,1781858184314000000,0
workspaceModel.mutableEntityStorage.collect.changes.ms,1781858124321000000,1781858184314000000,0
jps.project.serializers.load.ms,1781858124321000000,1781858184314000000,0
workspaceModel.global.updates.ms,1781858124321000000,1781858184314000000,0
workspaceModel.save.cache.to.file.ms,1781858124321000000,1781858184314000000,0
workspaceModel.mutableEntityStorage.add.entity.ms,1781858124321000000,1781858184314000000,0
workspaceModel.moduleManagerBridge.create.module.instance.ms,1781858124321000000,1781858184314000000,0
workspaceModel.mutableEntityStorage.instances.count,1781858124321000000,1781858184314000000,0
jps.library.entities.serializer.load.entities.ms,1781858124321000000,1781858184314000000,0
workspaceModel.moduleManagerBridge.newModule.ms,1781858124321000000,1781858184314000000,0
workspaceModel.load.cache.metadata.from.file.ms,1781858124321000000,1781858184314000000,0
workspaceModel.mutableEntityStorage.put.entity.ms,1781858124321000000,1781858184314000000,0
jps.app.storage.content.writer.save.component.ms,1781858124321000000,1781858184314000000,0
workspaceModel.mutableEntityStorage.changeLog.addReplaceEventForNewChild.ms,1781858124321000000,1781858184314000000,0
jps.load.project.to.empty.storage.ms,1781858124321000000,1781858184314000000,0
jps.artifact.entities.serializer.load.entities.ms,1781858124321000000,1781858184314000000,0
workspaceModel.orphan.listener.update.ms,1781858124321000000,1781858184314000000,0
workspaceModel.moduleManagerBridge.get.modules.ms,1781858124321000000,1781858184314000000,0
jps.global.handle.changed.events.ms,1781858124321000000,1781858184314000000,0
workspaceModel.mutableEntityStorage.changeLog.addReplaceEventForNewParent.ms,1781858124321000000,1781858184314000000,0
jps.reload.project.entities.ms,1781858124321000000,1781858184314000000,0
workspaceModel.mutableEntityStorage.mutable.vfurl.index.ms,1781858124321000000,1781858184314000000,0
jps.module.iml.entities.serializer.save.entities.ms,1781858124321000000,1781858184314000000,0
cacheStateStorage.set.counter,1781858124321000000,1781858184314000000,0
cacheStateStorage.get.duration,1781858124321000000,1781858184314000000,0
cacheStateStorage.set.duration,1781858124321000000,1781858184314000000,0
cacheStateStorage.get.counter,1781858124321000000,1781858184314000000,0
VFS.contentStorage.recordsStoredCompressed,1781858124321000000,1781858184314000000,0
VFS.contentStorage.recordsUncompressedSize,1781858124321000000,1781858184314000000,0
VFS.folderCaseSensitivityReads,1781858124321000000,1781858184314000000,0
FileNameCache.totalMisses,1781858124321000000,1781858184314000000,0
VFS.contentStorage.recordsRead,1781858124321000000,1781858184314000000,0
VFS.contentStorage.recordsStored,1781858124321000000,1781858184314000000,0
VFS.invertedFileNameIndex.requests,1781858124321000000,1781858184314000000,0
VFS.fileChildByName,1781858124321000000,1781858184314000000,0
VFS.contentStorage.recordsReadDecompressed,1781858124321000000,1781858184314000000,0
VFS.cache.directoriesCreated,1781858124321000000,1781858184314000000,0
VFS.rootsCount,1781858124321000000,1781858184314000000,12.0
VFS.fileByIdCache.misses,1781858124321000000,1781858184314000000,0
VFS.cache.segmentsCreated,1781858124321000000,1781858184314000000,0
VFS.cache.filesCreated,1781858124321000000,1781858184314000000,0
VFS.fileByIdCache.hits,1781858124321000000,1781858184314000000,0
VFS.contentStorage.recordsReadSize,1781858124321000000,1781858184314000000,0
VFS.contentStorage.recordsStoredSize,1781858124321000000,1781858184314000000,0
VFS.contentStorage.recordsDeduplicated,1781858124321000000,1781858184314000000,0
FileNameCache.queries,1781858124321000000,1781858184314000000,0
VFS.contentStorage.recordsDecompressionTimeUs,1781858124321000000,1781858184314000000,0
VFS.cache.segments,1781858124321000000,1781858184314000000,89.0
StreamlinedBlobStorage.totalLiveRecordsCapacityBytes,1781858124321000000,1781858184314000000,0
StreamlinedBlobStorage.recordsRelocated,1781858124321000000,1781858184314000000,0
StorageLockContext.competingThreads.max,1781858124321000000,1781858184314000000,0
MappedFileStorage.storages,1781858124321000000,1781858184314000000,12
DirectByteBufferAllocator.disposed,1781858124321000000,1781858184314000000,0
DirectByteBufferAllocator.reclaimed,1781858124321000000,1781858184314000000,0
DirectByteBufferAllocator.totalSizeOfBuffersAllocatedInBytes,1781858124321000000,1781858184314000000,0
StorageLockContext.competingThreads.90P,1781858124321000000,1781858184314000000,0
MappedFileStorage.totalPagesMapped,1781858124321000000,1781858184314000000,12
FilePageCache.disposedBuffers,1781858124321000000,1781858184314000000,0
StorageLockContext.competingThreads.avg,1781858124321000000,1781858184314000000,0.0
FilePageCache.capacityInBytes,1781858124321000000,1781858184314000000,629145600
FilePageCache.totalPageLoadsUs,1781858124321000000,1781858184314000000,0
FilePageCache.pageLoads,1781858124321000000,1781858184314000000,0
StreamlinedBlobStorage.recordsAllocated,1781858124321000000,1781858184314000000,0
DirectByteBufferAllocator.totalSizeOfBuffersCachedInBytes,1781858124321000000,1781858184314000000,76562432
FilePageCache.pageLoadsAboveSizeThreshold,1781858124321000000,1781858184314000000,0
FilePageCache.maxCacheSizeInBytes,1781858124321000000,1781858184314000000,629153792
FilePageCache.pageFastCacheHits,1781858124321000000,1781858184314000000,0
StreamlinedBlobStorage.totalLiveRecordsPayloadBytes,1781858124321000000,1781858184314000000,0
FilePageCache.totalPageDisposalsUs,1781858124321000000,1781858184314000000,0
FilePageCache.uncachedFileAccess,1781858124321000000,1781858184314000000,0
FilePageCache.maxRegisteredFiles,1781858124321000000,1781858184314000000,1652
DirectByteBufferAllocator.misses,1781858124321000000,1781858184314000000,0
StreamlinedBlobStorage.recordsDeleted,1781858124321000000,1781858184314000000,0
MappedFileStorage.totalTimeSpentOnMappingUs,1781858124321000000,1781858184314000000,63839
FileChannelInterruptsRetryer.totalRetriedAttempts,1781858124321000000,1781858184314000000,0
MappedFileStorage.totalBytesMapped,1781858124321000000,1781858184314000000,185860096
DirectByteBufferAllocator.hits,1781858124321000000,1781858184314000000,0
FilePageCache.pageHits,1781858124321000000,1781858184314000000,0
LowMemory.gcOverloaded,1781858124321000000,1781858184314000000,0
writeAction.wait.ms,1781858124321000000,1781858184314000000,0
DiskQueryRelay.tasksRequested,1781858124321000000,1781858184314000000,0
writeAction.median.wait.ms,1781858124321000000,1781858184314000000,0
writeAction.max.wait.ms,1781858124321000000,1781858184314000000,42
writeAction.count,1781858124321000000,1781858184314000000,0
LowMemory.gcLoad,1781858124321000000,1781858184314000000,2.3198278009852526E-5
DiskQueryRelay.taskWaitingTotalTimeUs,1781858124321000000,1781858184314000000,0
DiskQueryRelay.taskExecutionTotalTimeUs,1781858124321000000,1781858184314000000,0
DiskQueryRelay.tasksExecuted,1781858124321000000,1781858184314000000,0
NonBlockingReadAction.finalizedExecutionTimeUs,1781858124321000000,1781858184314000000,0
FlushQueue.executionTimeAvgNs,1781858124321000000,1781858184314000000,0.0
AWTEventQueue.dispatchTimeTotalNS,1781858124321000000,1781858184314000000,27403161
FlushQueue.queueSize90P,1781858124321000000,1781858184314000000,0
FlushQueue.executionTime90PNs,1781858124321000000,1781858184314000000,0
AWTEventQueue.dispatchTimeAvgNs,1781858124321000000,1781858184314000000,0.0
FlushQueue.tasksExecuted,1781858124321000000,1781858184314000000,0
WriteAction.executionsCount,1781858124321000000,1781858184314000000,0
NonBlockingReadAction.finalizedExecutionsCount,1781858124321000000,1781858184314000000,0
FlushQueue.waitingTimeMaxNs,1781858124321000000,1781858184314000000,0
AWTEventQueue.eventsDispatched,1781858124321000000,1781858184314000000,0
FlushQueue.queueSizeAvg,1781858124321000000,1781858184314000000,0.0
ReadAction.executionsCount,1781858124321000000,1781858184314000000,7
FlushQueue.queueSizeMax,1781858124321000000,1781858184314000000,0
AWTEventQueue.dispatchTimeMaxNs,1781858124321000000,1781858184314000000,0
FlushQueue.waitingTime90PNs,1781858124321000000,1781858184314000000,0
NonBlockingReadAction.failedExecutionTimeUs,1781858124321000000,1781858184314000000,0
FlushQueue.waitingTimeAvgNs,1781858124321000000,1781858184314000000,0.0
AWTEventQueue.dispatchTime90PNs,1781858124321000000,1781858184314000000,0
NonBlockingReadAction.failedExecutionsCount,1781858124321000000,1781858184314000000,0
FlushQueue.executionTimeMaxNs,1781858124321000000,1781858184314000000,0
workspaceModel.workspaceFileIndexContributor.registerFileSets.ms,1781858124321000000,1781858184314000000,0
workspaceModel.workspaceFileIndexData.onEntitiesChanged.ms,1781858124321000000,1781858184314000000,0
workspaceModel.workspaceFileIndexData.markDirty.ms,1781858124321000000,1781858184314000000,0
workspaceModel.cachedValue.calculated.count,1781858124321000000,1781858184314000000,0
workspaceModel.workspaceFileIndexData.visitFileSets.ms,1781858124321000000,1781858184314000000,0
workspaceModel.workspaceFileIndexData.init.ms,1781858124321000000,1781858184314000000,0
workspaceModel.collect.changes.ms,1781858124321000000,1781858184314000000,0
workspaceModel.updates.count,1781858124321000000,1781858184314000000,0
workspaceModel.initializing.ms,1781858124321000000,1781858184314000000,0
workspaceModel.cachedValueWithParameters.total.get.count,1781858124321000000,1781858184314000000,0
workspaceModel.cachedValueWithParameters.calculated.count,1781858124321000000,1781858184314000000,0
workspaceModel.on.before.changed.ms,1781858124321000000,1781858184314000000,0
workspaceModel.update.unloaded.entities.ms,1781858124321000000,1781858184314000000,0
workspaceModel.loading.total.ms,1781858124321000000,1781858184314000000,0
workspaceModel.workspaceFileIndexData.getFileInfo.ms,1781858124321000000,1781858184314000000,0
workspaceModel.workspaceFileIndexData.instances.count,1781858124321000000,1781858184314000000,0
workspaceModel.replace.project.model.ms,1781858124321000000,1781858184314000000,0
workspaceModel.to.snapshot.ms,1781858124321000000,1781858184314000000,0
workspaceModel.pre.handlers.ms,1781858124321000000,1781858184314000000,0
workspaceModel.workspaceFileIndexData.getPackageName.ms,1781858124321000000,1781858184314000000,0
workspaceModel.cachedValue.from.cache.count,1781858124321000000,1781858184314000000,0
workspaceModel.workspaceFileIndexData.updateDirtyEntities.ms,1781858124321000000,1781858184314000000,0
workspaceModel.on.changed.ms,1781858124321000000,1781858184314000000,0
workspaceModel.updates.ms,1781858124321000000,1781858184314000000,0
workspaceModel.loading.from.cache.ms,1781858124321000000,1781858184314000000,0
workspaceModel.check.recursive.update.ms,1781858124321000000,1781858184314000000,0
workspaceModel.entityStorageSnapshotImpl.instances.count,1781858124321000000,1781858184314000000,0
workspaceModel.init.bridges.ms,1781858124321000000,1781858184314000000,0
workspaceModel.workspaceFileIndexData.processFileSets.ms,1781858124321000000,1781858184314000000,0
workspaceModel.workspaceFileIndexData.getDirectoriesByPackageName.ms,1781858124321000000,1781858184314000000,0
workspaceModel.cachedValue.clear.count,1781858124321000000,1781858184314000000,0
workspaceModel.updates.precise.ms,1781858124321000000,1781858184314000000,0
workspaceModel.cachedValueWithParameters.clear.count,1781858124321000000,1781858184314000000,0
workspaceModel.full.replace.project.model.ms,1781858124321000000,1781858184314000000,0
workspaceModel.cachedValue.total.get.count,1781858124321000000,1781858184314000000,0
workspaceModel.cachedValueWithParameters.from.cache.count,1781858124321000000,1781858184314000000,0
Indexing.writer_0.totalTimeSpentWritingMs,1781858124321000000,1781858184314000000,0
Indexing.writer_3.totalTimeSpentWritingMs,1781858124321000000,1781858184314000000,0
Indexes.entries.lookupDurationAvgMs,1781858124321000000,1781858184314000000,0.0
Indexes.stubs.lookupDuration90PMs,1781858124321000000,1781858184314000000,0.0
Indexes.stubs.lookups,1781858124321000000,1781858184314000000,0
Indexes.allKeys.lookupDurationMaxMs,1781858124321000000,1781858184314000000,0.0
Indexing.writer_2.totalTimeSpentWritingMs,1781858124321000000,1781858184314000000,0
Indexing.writesQueuedMin,1781858124321000000,1781858184314000000,9223372036854775807
Indexing.cache.totalCacheEvicted,1781858124321000000,1781858184314000000,0
Indexing.writer_1.totalTimeSpentWritingMs,1781858124321000000,1781858184314000000,0
Indexes.stubs.lookupDurationAvgMs,1781858124321000000,1781858184314000000,0.0
Indexes.entries.lookups,1781858124321000000,1781858184314000000,0
Indexes.allKeys.lookups,1781858124321000000,1781858184314000000,0
Indexing.cache.totalCacheAccesses,1781858124321000000,1781858184314000000,0
Indexes.allKeys.lookupDurationAvgMs,1781858124321000000,1781858184314000000,0.0
Indexing.cache.totalCacheMisses,1781858124321000000,1781858184314000000,0
Indexes.stubs.lookupDurationMaxMs,1781858124321000000,1781858184314000000,0.0
Indexing.totalTimeIndexersSleptMs,1781858124321000000,1781858184314000000,0
Indexing.writesQueuedMax,1781858124321000000,1781858184314000000,0
Indexes.entries.lookupDuration90PMs,1781858124321000000,1781858184314000000,0.0
Indexes.entries.lookupDurationMaxMs,1781858124321000000,1781858184314000000,0.0
Indexes.allKeys.lookupDuration90PMs,1781858124321000000,1781858184314000000,0.0
JVM.usedHeapBytes,1781858124321000000,1781858184314000000,428853096
JVM.totalTimeAtSafepointsMs,1781858124321000000,1781858184314000000,0
JVM.totalSafepointCount,1781858124321000000,1781858184314000000,0
JVM.GC.collections,1781858124321000000,1781858184314000000,0
MEM.ramBytes,1781858124321000000,1781858184314000000,2090397696
MEM.fileMappingsRamBytes,1781858124321000000,1781858184314000000,734085120
JVM.threadCount,1781858124321000000,1781858184314000000,56
JVM.committedHeapBytes,1781858124321000000,1781858184314000000,633339904
MEM.ramPlusSwapMinusFileMappingsBytes,1781858124321000000,1781858184314000000,1343336448
JVM.usedNativeBytes,1781858124321000000,1781858184314000000,440696352
JVM.maxThreadCount,1781858124321000000,1781858184314000000,135
JVM.totalBytesAllocated,1781858124321000000,1781858184314000000,18439504
JVM.GC.collectionTimesMs,1781858124321000000,1781858184314000000,0
MEM.ramMinusFileMappingsBytes,1781858124321000000,1781858184314000000,1343336448
JVM.maxHeapBytes,1781858124321000000,1781858184314000000,2147483648
OS.loadAverage,1781858124321000000,1781858184314000000,0.08935546875
JVM.totalCpuTimeMs,1781858124321000000,1781858184314000000,1590
JVM.totalTimeToSafepointsMs,1781858124321000000,1781858184314000000,0
JVM.newThreadsCount,1781858124321000000,1781858184314000000,0
JVM.totalDirectByteBuffersBytes,1781858124321000000,1781858184314000000,176129
compiler.ArtifactManagerBridge.dropMappings.ms,1781858184314000000,1781858244312000000,0
compiler.ArtifactManagerBridge.addArtifact.ms,1781858184314000000,1781858244312000000,0
compiler.ArtifactManagerBridge.getArtifacts.ms,1781858184314000000,1781858244312000000,0
compiler.ArtifactManagerBridge.getArtifactsByType.ms,1781858184314000000,1781858244312000000,0
compiler.ArtifactManagerBridge.findArtifact.ms,1781858184314000000,1781858244312000000,0
compiler.ArtifactVirtualFileListener.filePathChanged.ms,1781858184314000000,1781858244312000000,0
compiler.ArtifactManagerBridge.commit.ms,1781858184314000000,1781858244312000000,0
compiler.ArtifactVirtualFileListener.propertyChanged.ms,1781858184314000000,1781858244312000000,0
compiler.ArtifactManagerBridge.initBridges.ms,1781858184314000000,1781858244312000000,0
jps.facet.change.listener.init.bridge.ms,1781858184314000000,1781858244312000000,0
workspaceModel.mutableEntityStorage.has.same.entities.ms,1781858184314000000,1781858244312000000,0
jps.apply.loaded.storage.ms,1781858184314000000,1781858244312000000,0
workspaceModel.global.updates.count,1781858184314000000,1781858244312000000,0
jps.load.initial.state.ms,1781858184314000000,1781858244312000000,0
jps.global.initialize.library.bridges.after.loading.ms,1781858184314000000,1781858244312000000,0
workspaceModel.mutableEntityStorage.to.snapshot.ms,1781858184314000000,1781858244312000000,0
workspaceModel.mutableEntityStorage.modify.entity.ms,1781858184314000000,1781858244312000000,0
workspaceModel.mutableEntityStorage.hasReferrers.ms,1781858184314000000,1781858244312000000,0
workspaceModel.mutableEntityStorage.replace.by.source.ms,1781858184314000000,1781858244312000000,0
workspaceModel.load.cache.from.file.ms,1781858184314000000,1781858244312000000,0
workspaceModel.mutableEntityStorage.changeLog.addReplaceEventForRemovedParent.ms,1781858184314000000,1781858244312000000,0
workspaceModel.moduleManagerBridge.load.module.ms,1781858184314000000,1781858244312000000,0
workspaceModel.mutableEntityStorage.referrers.ms,1781858184314000000,1781858244312000000,0
jps.library.entities.serializer.save.entities.ms,1781858184314000000,1781858244312000000,0
jps.save.changed.project.entities.ms,1781858184314000000,1781858244312000000,0
jps.facet.change.listener.before.change.events.ms,1781858184314000000,1781858244312000000,0
jps.artifact.entities.serializer.save.entities.ms,1781858184314000000,1781858244312000000,0
jps.global.get.library.by.name.ms,1781858184314000000,1781858244312000000,0
workspaceModel.mutableEntityStorage.remove.entity.ms,1781858184314000000,1781858244312000000,0
workspaceModel.mutableEntityStorage.changeLog.addReplaceEventForRemovedChild.ms,1781858184314000000,1781858244312000000,0
workspaceModel.mutableEntityStorage.resolve.ms,1781858184314000000,1781858244312000000,0
workspaceModel.do.save.caches.ms,1781858184314000000,1781858244312000000,0
workspaceModel.moduleBridge.update.option.ms,1781858184314000000,1781858244312000000,0
jps.module.dependency.index.workspace.model.listener.on.changed.ms,1781858184314000000,1781858244312000000,0
jps.storage.jps.conf.reader.load.component.ms,1781858184314000000,1781858244312000000,0
jps.global.initialize.library.bridges.ms,1781858184314000000,1781858244312000000,0
workspaceModel.moduleBridge.facet.initialization.ms,1781858184314000000,1781858244312000000,0
workspaceModel.moduleManagerBridge.new.nonPersistent.module.ms,1781858184314000000,1781858244312000000,0
workspaceModel.mutableEntityStorage.entities.ms,1781858184314000000,1781858244312000000,0
workspaceModel.moduleBridge.before.changed.ms,1781858184314000000,1781858244312000000,0
jps.facet.change.listener.process.change.events.ms,1781858184314000000,1781858244312000000,0
workspaceModel.sync.entities.ms,1781858184314000000,1781858244312000000,0
workspaceModel.moduleManagerBridge.load.all.modules.ms,1781858184314000000,1781858244312000000,0
workspaceModel.global.apply.state.to.project.ms,1781858184314000000,1781858244312000000,0
jps.global.get.libraries.ms,1781858184314000000,1781858244312000000,0
workspaceModel.delayed.project.synchronizer.sync.ms,1781858184314000000,1781858244312000000,0
jps.project.serializers.save.ms,1781858184314000000,1781858244312000000,0
jps.global.handle.before.change.events.ms,1781858184314000000,1781858244312000000,0
jps.save.global.entities.ms,1781858184314000000,1781858244312000000,0
jps.module.iml.entities.serializer.load.entities.ms,1781858184314000000,1781858244312000000,0
workspaceModel.moduleBridgeLoader.loading.modules.ms,1781858184314000000,1781858244312000000,0
workspaceModel.moduleManagerBridge.set.unloadedModules.ms,1781858184314000000,1781858244312000000,0
jps.global.get.library.ms,1781858184314000000,1781858244312000000,0
workspaceModel.moduleManagerBridge.build.module.graph.ms,1781858184314000000,1781858244312000000,0
workspaceModel.mutableEntityStorage.apply.changes.from.ms,1781858184314000000,1781858244312000000,0
jps.app.storage.content.reader.load.component.ms,1781858184314000000,1781858244312000000,0
workspaceModel.global.apply.state.to.project.builder.ms,1781858184314000000,1781858244312000000,0
workspaceModel.mutableEntityStorage.entities.by.source.ms,1781858184314000000,1781858244312000000,0
workspaceModel.mutableEntityStorage.mutable.ext.mapping.ms,1781858184314000000,1781858244312000000,0
workspaceModel.mutableEntityStorage.collect.changes.ms,1781858184314000000,1781858244312000000,0
jps.project.serializers.load.ms,1781858184314000000,1781858244312000000,0
workspaceModel.global.updates.ms,1781858184314000000,1781858244312000000,0
workspaceModel.save.cache.to.file.ms,1781858184314000000,1781858244312000000,0
workspaceModel.mutableEntityStorage.add.entity.ms,1781858184314000000,1781858244312000000,0
workspaceModel.moduleManagerBridge.create.module.instance.ms,1781858184314000000,1781858244312000000,0
workspaceModel.mutableEntityStorage.instances.count,1781858184314000000,1781858244312000000,0
jps.library.entities.serializer.load.entities.ms,1781858184314000000,1781858244312000000,0
workspaceModel.moduleManagerBridge.newModule.ms,1781858184314000000,1781858244312000000,0
workspaceModel.load.cache.metadata.from.file.ms,1781858184314000000,1781858244312000000,0
workspaceModel.mutableEntityStorage.put.entity.ms,1781858184314000000,1781858244312000000,0
jps.app.storage.content.writer.save.component.ms,1781858184314000000,1781858244312000000,0
workspaceModel.mutableEntityStorage.changeLog.addReplaceEventForNewChild.ms,1781858184314000000,1781858244312000000,0
jps.load.project.to.empty.storage.ms,1781858184314000000,1781858244312000000,0
jps.artifact.entities.serializer.load.entities.ms,1781858184314000000,1781858244312000000,0
workspaceModel.orphan.listener.update.ms,1781858184314000000,1781858244312000000,0
workspaceModel.moduleManagerBridge.get.modules.ms,1781858184314000000,1781858244312000000,0
jps.global.handle.changed.events.ms,1781858184314000000,1781858244312000000,0
workspaceModel.mutableEntityStorage.changeLog.addReplaceEventForNewParent.ms,1781858184314000000,1781858244312000000,0
jps.reload.project.entities.ms,1781858184314000000,1781858244312000000,0
workspaceModel.mutableEntityStorage.mutable.vfurl.index.ms,1781858184314000000,1781858244312000000,0
jps.module.iml.entities.serializer.save.entities.ms,1781858184314000000,1781858244312000000,0
cacheStateStorage.set.counter,1781858184314000000,1781858244312000000,1
cacheStateStorage.get.duration,1781858184314000000,1781858244312000000,1
cacheStateStorage.set.duration,1781858184314000000,1781858244312000000,1
cacheStateStorage.get.counter,1781858184314000000,1781858244312000000,1
VFS.contentStorage.recordsStoredCompressed,1781858184314000000,1781858244312000000,0
VFS.contentStorage.recordsUncompressedSize,1781858184314000000,1781858244312000000,0
VFS.folderCaseSensitivityReads,1781858184314000000,1781858244312000000,0
FileNameCache.totalMisses,1781858184314000000,1781858244312000000,0
VFS.contentStorage.recordsRead,1781858184314000000,1781858244312000000,0
VFS.contentStorage.recordsStored,1781858184314000000,1781858244312000000,0
VFS.invertedFileNameIndex.requests,1781858184314000000,1781858244312000000,0
VFS.fileChildByName,1781858184314000000,1781858244312000000,35
VFS.contentStorage.recordsReadDecompressed,1781858184314000000,1781858244312000000,0
VFS.cache.directoriesCreated,1781858184314000000,1781858244312000000,0
VFS.rootsCount,1781858184314000000,1781858244312000000,12.0
VFS.fileByIdCache.misses,1781858184314000000,1781858244312000000,0
VFS.cache.segmentsCreated,1781858184314000000,1781858244312000000,0
VFS.cache.filesCreated,1781858184314000000,1781858244312000000,28716
VFS.fileByIdCache.hits,1781858184314000000,1781858244312000000,0
VFS.contentStorage.recordsReadSize,1781858184314000000,1781858244312000000,0
VFS.contentStorage.recordsStoredSize,1781858184314000000,1781858244312000000,0
VFS.contentStorage.recordsDeduplicated,1781858184314000000,1781858244312000000,0
FileNameCache.queries,1781858184314000000,1781858244312000000,64
VFS.contentStorage.recordsDecompressionTimeUs,1781858184314000000,1781858244312000000,0
VFS.cache.segments,1781858184314000000,1781858244312000000,89.0
StreamlinedBlobStorage.totalLiveRecordsCapacityBytes,1781858184314000000,1781858244312000000,0
StreamlinedBlobStorage.recordsRelocated,1781858184314000000,1781858244312000000,0
StorageLockContext.competingThreads.max,1781858184314000000,1781858244312000000,0
MappedFileStorage.storages,1781858184314000000,1781858244312000000,12
DirectByteBufferAllocator.disposed,1781858184314000000,1781858244312000000,0
DirectByteBufferAllocator.reclaimed,1781858184314000000,1781858244312000000,0
DirectByteBufferAllocator.totalSizeOfBuffersAllocatedInBytes,1781858184314000000,1781858244312000000,0
StorageLockContext.competingThreads.90P,1781858184314000000,1781858244312000000,0
MappedFileStorage.totalPagesMapped,1781858184314000000,1781858244312000000,12
FilePageCache.disposedBuffers,1781858184314000000,1781858244312000000,0
StorageLockContext.competingThreads.avg,1781858184314000000,1781858244312000000,0.0
FilePageCache.capacityInBytes,1781858184314000000,1781858244312000000,629145600
FilePageCache.totalPageLoadsUs,1781858184314000000,1781858244312000000,0
FilePageCache.pageLoads,1781858184314000000,1781858244312000000,0
StreamlinedBlobStorage.recordsAllocated,1781858184314000000,1781858244312000000,0
DirectByteBufferAllocator.totalSizeOfBuffersCachedInBytes,1781858184314000000,1781858244312000000,76562432
FilePageCache.pageLoadsAboveSizeThreshold,1781858184314000000,1781858244312000000,0
FilePageCache.maxCacheSizeInBytes,1781858184314000000,1781858244312000000,629153792
FilePageCache.pageFastCacheHits,1781858184314000000,1781858244312000000,0
StreamlinedBlobStorage.totalLiveRecordsPayloadBytes,1781858184314000000,1781858244312000000,0
FilePageCache.totalPageDisposalsUs,1781858184314000000,1781858244312000000,0
FilePageCache.uncachedFileAccess,1781858184314000000,1781858244312000000,0
FilePageCache.maxRegisteredFiles,1781858184314000000,1781858244312000000,1652
DirectByteBufferAllocator.misses,1781858184314000000,1781858244312000000,0
StreamlinedBlobStorage.recordsDeleted,1781858184314000000,1781858244312000000,0
MappedFileStorage.totalTimeSpentOnMappingUs,1781858184314000000,1781858244312000000,63839
FileChannelInterruptsRetryer.totalRetriedAttempts,1781858184314000000,1781858244312000000,0
MappedFileStorage.totalBytesMapped,1781858184314000000,1781858244312000000,185860096
DirectByteBufferAllocator.hits,1781858184314000000,1781858244312000000,0
FilePageCache.pageHits,1781858184314000000,1781858244312000000,0
LowMemory.gcOverloaded,1781858184314000000,1781858244312000000,0
writeAction.wait.ms,1781858184314000000,1781858244312000000,0
DiskQueryRelay.tasksRequested,1781858184314000000,1781858244312000000,0
writeAction.median.wait.ms,1781858184314000000,1781858244312000000,0
writeAction.max.wait.ms,1781858184314000000,1781858244312000000,42
writeAction.count,1781858184314000000,1781858244312000000,0
LowMemory.gcLoad,1781858184314000000,1781858244312000000,1.1909731392212052E-5
DiskQueryRelay.taskWaitingTotalTimeUs,1781858184314000000,1781858244312000000,0
DiskQueryRelay.taskExecutionTotalTimeUs,1781858184314000000,1781858244312000000,0
DiskQueryRelay.tasksExecuted,1781858184314000000,1781858244312000000,0
NonBlockingReadAction.finalizedExecutionTimeUs,1781858184314000000,1781858244312000000,1839
FlushQueue.executionTimeAvgNs,1781858184314000000,1781858244312000000,0.0
AWTEventQueue.dispatchTimeTotalNS,1781858184314000000,1781858244312000000,24415619
FlushQueue.queueSize90P,1781858184314000000,1781858244312000000,0
FlushQueue.executionTime90PNs,1781858184314000000,1781858244312000000,0
AWTEventQueue.dispatchTimeAvgNs,1781858184314000000,1781858244312000000,0.0
FlushQueue.tasksExecuted,1781858184314000000,1781858244312000000,0
WriteAction.executionsCount,1781858184314000000,1781858244312000000,0
NonBlockingReadAction.finalizedExecutionsCount,1781858184314000000,1781858244312000000,1
FlushQueue.waitingTimeMaxNs,1781858184314000000,1781858244312000000,0
AWTEventQueue.eventsDispatched,1781858184314000000,1781858244312000000,0
FlushQueue.queueSizeAvg,1781858184314000000,1781858244312000000,0.0
ReadAction.executionsCount,1781858184314000000,1781858244312000000,29777
FlushQueue.queueSizeMax,1781858184314000000,1781858244312000000,0
AWTEventQueue.dispatchTimeMaxNs,1781858184314000000,1781858244312000000,0
FlushQueue.waitingTime90PNs,1781858184314000000,1781858244312000000,0
NonBlockingReadAction.failedExecutionTimeUs,1781858184314000000,1781858244312000000,0
FlushQueue.waitingTimeAvgNs,1781858184314000000,1781858244312000000,0.0
AWTEventQueue.dispatchTime90PNs,1781858184314000000,1781858244312000000,0
NonBlockingReadAction.failedExecutionsCount,1781858184314000000,1781858244312000000,0
FlushQueue.executionTimeMaxNs,1781858184314000000,1781858244312000000,0
workspaceModel.workspaceFileIndexContributor.registerFileSets.ms,1781858184314000000,1781858244312000000,0
workspaceModel.workspaceFileIndexData.onEntitiesChanged.ms,1781858184314000000,1781858244312000000,0
workspaceModel.workspaceFileIndexData.markDirty.ms,1781858184314000000,1781858244312000000,0
workspaceModel.cachedValue.calculated.count,1781858184314000000,1781858244312000000,0
workspaceModel.workspaceFileIndexData.visitFileSets.ms,1781858184314000000,1781858244312000000,1
workspaceModel.workspaceFileIndexData.init.ms,1781858184314000000,1781858244312000000,0
workspaceModel.collect.changes.ms,1781858184314000000,1781858244312000000,0
workspaceModel.updates.count,1781858184314000000,1781858244312000000,0
workspaceModel.initializing.ms,1781858184314000000,1781858244312000000,0
workspaceModel.cachedValueWithParameters.total.get.count,1781858184314000000,1781858244312000000,0
workspaceModel.cachedValueWithParameters.calculated.count,1781858184314000000,1781858244312000000,0
workspaceModel.on.before.changed.ms,1781858184314000000,1781858244312000000,0
workspaceModel.update.unloaded.entities.ms,1781858184314000000,1781858244312000000,0
workspaceModel.loading.total.ms,1781858184314000000,1781858244312000000,0
workspaceModel.workspaceFileIndexData.getFileInfo.ms,1781858184314000000,1781858244312000000,5
workspaceModel.workspaceFileIndexData.instances.count,1781858184314000000,1781858244312000000,0
workspaceModel.replace.project.model.ms,1781858184314000000,1781858244312000000,0
workspaceModel.to.snapshot.ms,1781858184314000000,1781858244312000000,0
workspaceModel.pre.handlers.ms,1781858184314000000,1781858244312000000,0
workspaceModel.workspaceFileIndexData.getPackageName.ms,1781858184314000000,1781858244312000000,0
workspaceModel.cachedValue.from.cache.count,1781858184314000000,1781858244312000000,0
workspaceModel.workspaceFileIndexData.updateDirtyEntities.ms,1781858184314000000,1781858244312000000,0
workspaceModel.on.changed.ms,1781858184314000000,1781858244312000000,0
workspaceModel.updates.ms,1781858184314000000,1781858244312000000,0
workspaceModel.loading.from.cache.ms,1781858184314000000,1781858244312000000,0
workspaceModel.check.recursive.update.ms,1781858184314000000,1781858244312000000,0
workspaceModel.entityStorageSnapshotImpl.instances.count,1781858184314000000,1781858244312000000,0
workspaceModel.init.bridges.ms,1781858184314000000,1781858244312000000,0
workspaceModel.workspaceFileIndexData.processFileSets.ms,1781858184314000000,1781858244312000000,0
workspaceModel.workspaceFileIndexData.getDirectoriesByPackageName.ms,1781858184314000000,1781858244312000000,0
workspaceModel.cachedValue.clear.count,1781858184314000000,1781858244312000000,0
workspaceModel.updates.precise.ms,1781858184314000000,1781858244312000000,0
workspaceModel.cachedValueWithParameters.clear.count,1781858184314000000,1781858244312000000,0
workspaceModel.full.replace.project.model.ms,1781858184314000000,1781858244312000000,0
workspaceModel.cachedValue.total.get.count,1781858184314000000,1781858244312000000,0
workspaceModel.cachedValueWithParameters.from.cache.count,1781858184314000000,1781858244312000000,0
Indexing.writer_0.totalTimeSpentWritingMs,1781858184314000000,1781858244312000000,0
Indexing.writer_3.totalTimeSpentWritingMs,1781858184314000000,1781858244312000000,0
Indexes.entries.lookupDurationAvgMs,1781858184314000000,1781858244312000000,0.0
Indexes.stubs.lookupDuration90PMs,1781858184314000000,1781858244312000000,0.0
Indexes.stubs.lookups,1781858184314000000,1781858244312000000,0
Indexes.allKeys.lookupDurationMaxMs,1781858184314000000,1781858244312000000,0.0
Indexing.writer_2.totalTimeSpentWritingMs,1781858184314000000,1781858244312000000,0
Indexing.writesQueuedMin,1781858184314000000,1781858244312000000,9223372036854775807
Indexing.cache.totalCacheEvicted,1781858184314000000,1781858244312000000,0
Indexing.writer_1.totalTimeSpentWritingMs,1781858184314000000,1781858244312000000,0
Indexes.stubs.lookupDurationAvgMs,1781858184314000000,1781858244312000000,0.0
Indexes.entries.lookups,1781858184314000000,1781858244312000000,0
Indexes.allKeys.lookups,1781858184314000000,1781858244312000000,0
Indexing.cache.totalCacheAccesses,1781858184314000000,1781858244312000000,0
Indexes.allKeys.lookupDurationAvgMs,1781858184314000000,1781858244312000000,0.0
Indexing.cache.totalCacheMisses,1781858184314000000,1781858244312000000,0
Indexes.stubs.lookupDurationMaxMs,1781858184314000000,1781858244312000000,0.0
Indexing.totalTimeIndexersSleptMs,1781858184314000000,1781858244312000000,0
Indexing.writesQueuedMax,1781858184314000000,1781858244312000000,0
Indexes.entries.lookupDuration90PMs,1781858184314000000,1781858244312000000,0.0
Indexes.entries.lookupDurationMaxMs,1781858184314000000,1781858244312000000,0.0
Indexes.allKeys.lookupDuration90PMs,1781858184314000000,1781858244312000000,0.0
JVM.usedHeapBytes,1781858184314000000,1781858244312000000,458213224
JVM.totalTimeAtSafepointsMs,1781858184314000000,1781858244312000000,0
JVM.totalSafepointCount,1781858184314000000,1781858244312000000,0
JVM.GC.collections,1781858184314000000,1781858244312000000,0
MEM.ramBytes,1781858184314000000,1781858244312000000,2091315200
MEM.fileMappingsRamBytes,1781858184314000000,1781858244312000000,734085120
JVM.threadCount,1781858184314000000,1781858244312000000,56
JVM.committedHeapBytes,1781858184314000000,1781858244312000000,633339904
MEM.ramPlusSwapMinusFileMappingsBytes,1781858184314000000,1781858244312000000,1344253952
JVM.usedNativeBytes,1781858184314000000,1781858244312000000,441509448
JVM.maxThreadCount,1781858184314000000,1781858244312000000,135
JVM.totalBytesAllocated,1781858184314000000,1781858244312000000,28564656
JVM.GC.collectionTimesMs,1781858184314000000,1781858244312000000,0
MEM.ramMinusFileMappingsBytes,1781858184314000000,1781858244312000000,1344253952
JVM.maxHeapBytes,1781858184314000000,1781858244312000000,2147483648
OS.loadAverage,1781858184314000000,1781858244312000000,0.03076171875
JVM.totalCpuTimeMs,1781858184314000000,1781858244312000000,1700
JVM.totalTimeToSafepointsMs,1781858184314000000,1781858244312000000,0
JVM.newThreadsCount,1781858184314000000,1781858244312000000,0
JVM.totalDirectByteBuffersBytes,1781858184314000000,1781858244312000000,176129
compiler.ArtifactManagerBridge.dropMappings.ms,1781858244312000000,1781858304314000000,0
compiler.ArtifactManagerBridge.addArtifact.ms,1781858244312000000,1781858304314000000,0
compiler.ArtifactManagerBridge.getArtifacts.ms,1781858244312000000,1781858304314000000,0
compiler.ArtifactManagerBridge.getArtifactsByType.ms,1781858244312000000,1781858304314000000,0
compiler.ArtifactManagerBridge.findArtifact.ms,1781858244312000000,1781858304314000000,0
compiler.ArtifactVirtualFileListener.filePathChanged.ms,1781858244312000000,1781858304314000000,0
compiler.ArtifactManagerBridge.commit.ms,1781858244312000000,1781858304314000000,0
compiler.ArtifactVirtualFileListener.propertyChanged.ms,1781858244312000000,1781858304314000000,0
compiler.ArtifactManagerBridge.initBridges.ms,1781858244312000000,1781858304314000000,0
jps.facet.change.listener.init.bridge.ms,1781858244312000000,1781858304314000000,0
workspaceModel.mutableEntityStorage.has.same.entities.ms,1781858244312000000,1781858304314000000,0
jps.apply.loaded.storage.ms,1781858244312000000,1781858304314000000,0
workspaceModel.global.updates.count,1781858244312000000,1781858304314000000,0
jps.load.initial.state.ms,1781858244312000000,1781858304314000000,0
jps.global.initialize.library.bridges.after.loading.ms,1781858244312000000,1781858304314000000,0
workspaceModel.mutableEntityStorage.to.snapshot.ms,1781858244312000000,1781858304314000000,0
workspaceModel.mutableEntityStorage.modify.entity.ms,1781858244312000000,1781858304314000000,0
workspaceModel.mutableEntityStorage.hasReferrers.ms,1781858244312000000,1781858304314000000,0
workspaceModel.mutableEntityStorage.replace.by.source.ms,1781858244312000000,1781858304314000000,0
workspaceModel.load.cache.from.file.ms,1781858244312000000,1781858304314000000,0
workspaceModel.mutableEntityStorage.changeLog.addReplaceEventForRemovedParent.ms,1781858244312000000,1781858304314000000,0
workspaceModel.moduleManagerBridge.load.module.ms,1781858244312000000,1781858304314000000,0
workspaceModel.mutableEntityStorage.referrers.ms,1781858244312000000,1781858304314000000,0
jps.library.entities.serializer.save.entities.ms,1781858244312000000,1781858304314000000,0
jps.save.changed.project.entities.ms,1781858244312000000,1781858304314000000,0
jps.facet.change.listener.before.change.events.ms,1781858244312000000,1781858304314000000,0
jps.artifact.entities.serializer.save.entities.ms,1781858244312000000,1781858304314000000,0
jps.global.get.library.by.name.ms,1781858244312000000,1781858304314000000,0
workspaceModel.mutableEntityStorage.remove.entity.ms,1781858244312000000,1781858304314000000,0
workspaceModel.mutableEntityStorage.changeLog.addReplaceEventForRemovedChild.ms,1781858244312000000,1781858304314000000,0
workspaceModel.mutableEntityStorage.resolve.ms,1781858244312000000,1781858304314000000,0
workspaceModel.do.save.caches.ms,1781858244312000000,1781858304314000000,0
workspaceModel.moduleBridge.update.option.ms,1781858244312000000,1781858304314000000,0
jps.module.dependency.index.workspace.model.listener.on.changed.ms,1781858244312000000,1781858304314000000,0
jps.storage.jps.conf.reader.load.component.ms,1781858244312000000,1781858304314000000,0
jps.global.initialize.library.bridges.ms,1781858244312000000,1781858304314000000,0
workspaceModel.moduleBridge.facet.initialization.ms,1781858244312000000,1781858304314000000,0
workspaceModel.moduleManagerBridge.new.nonPersistent.module.ms,1781858244312000000,1781858304314000000,0
workspaceModel.mutableEntityStorage.entities.ms,1781858244312000000,1781858304314000000,0
workspaceModel.moduleBridge.before.changed.ms,1781858244312000000,1781858304314000000,0
jps.facet.change.listener.process.change.events.ms,1781858244312000000,1781858304314000000,0
workspaceModel.sync.entities.ms,1781858244312000000,1781858304314000000,0
workspaceModel.moduleManagerBridge.load.all.modules.ms,1781858244312000000,1781858304314000000,0
workspaceModel.global.apply.state.to.project.ms,1781858244312000000,1781858304314000000,0
jps.global.get.libraries.ms,1781858244312000000,1781858304314000000,0
workspaceModel.delayed.project.synchronizer.sync.ms,1781858244312000000,1781858304314000000,0
jps.project.serializers.save.ms,1781858244312000000,1781858304314000000,0
jps.global.handle.before.change.events.ms,1781858244312000000,1781858304314000000,0
jps.save.global.entities.ms,1781858244312000000,1781858304314000000,0
jps.module.iml.entities.serializer.load.entities.ms,1781858244312000000,1781858304314000000,0
workspaceModel.moduleBridgeLoader.loading.modules.ms,1781858244312000000,1781858304314000000,0
workspaceModel.moduleManagerBridge.set.unloadedModules.ms,1781858244312000000,1781858304314000000,0
jps.global.get.library.ms,1781858244312000000,1781858304314000000,0
workspaceModel.moduleManagerBridge.build.module.graph.ms,1781858244312000000,1781858304314000000,0
workspaceModel.mutableEntityStorage.apply.changes.from.ms,1781858244312000000,1781858304314000000,0
jps.app.storage.content.reader.load.component.ms,1781858244312000000,1781858304314000000,0
workspaceModel.global.apply.state.to.project.builder.ms,1781858244312000000,1781858304314000000,0
workspaceModel.mutableEntityStorage.entities.by.source.ms,1781858244312000000,1781858304314000000,0
workspaceModel.mutableEntityStorage.mutable.ext.mapping.ms,1781858244312000000,1781858304314000000,0
workspaceModel.mutableEntityStorage.collect.changes.ms,1781858244312000000,1781858304314000000,0
jps.project.serializers.load.ms,1781858244312000000,1781858304314000000,0
workspaceModel.global.updates.ms,1781858244312000000,1781858304314000000,0
workspaceModel.save.cache.to.file.ms,1781858244312000000,1781858304314000000,0
workspaceModel.mutableEntityStorage.add.entity.ms,1781858244312000000,1781858304314000000,0
workspaceModel.moduleManagerBridge.create.module.instance.ms,1781858244312000000,1781858304314000000,0
workspaceModel.mutableEntityStorage.instances.count,1781858244312000000,1781858304314000000,0
jps.library.entities.serializer.load.entities.ms,1781858244312000000,1781858304314000000,0
workspaceModel.moduleManagerBridge.newModule.ms,1781858244312000000,1781858304314000000,0
workspaceModel.load.cache.metadata.from.file.ms,1781858244312000000,1781858304314000000,0
workspaceModel.mutableEntityStorage.put.entity.ms,1781858244312000000,1781858304314000000,0
jps.app.storage.content.writer.save.component.ms,1781858244312000000,1781858304314000000,0
workspaceModel.mutableEntityStorage.changeLog.addReplaceEventForNewChild.ms,1781858244312000000,1781858304314000000,0
jps.load.project.to.empty.storage.ms,1781858244312000000,1781858304314000000,0
jps.artifact.entities.serializer.load.entities.ms,1781858244312000000,1781858304314000000,0
workspaceModel.orphan.listener.update.ms,1781858244312000000,1781858304314000000,0
workspaceModel.moduleManagerBridge.get.modules.ms,1781858244312000000,1781858304314000000,0
jps.global.handle.changed.events.ms,1781858244312000000,1781858304314000000,0
workspaceModel.mutableEntityStorage.changeLog.addReplaceEventForNewParent.ms,1781858244312000000,1781858304314000000,0
jps.reload.project.entities.ms,1781858244312000000,1781858304314000000,0
workspaceModel.mutableEntityStorage.mutable.vfurl.index.ms,1781858244312000000,1781858304314000000,0
jps.module.iml.entities.serializer.save.entities.ms,1781858244312000000,1781858304314000000,0
cacheStateStorage.set.counter,1781858244312000000,1781858304314000000,0
cacheStateStorage.get.duration,1781858244312000000,1781858304314000000,0
cacheStateStorage.set.duration,1781858244312000000,1781858304314000000,0
cacheStateStorage.get.counter,1781858244312000000,1781858304314000000,0
VFS.contentStorage.recordsStoredCompressed,1781858244312000000,1781858304314000000,0
VFS.contentStorage.recordsUncompressedSize,1781858244312000000,1781858304314000000,0
VFS.folderCaseSensitivityReads,1781858244312000000,1781858304314000000,0
FileNameCache.totalMisses,1781858244312000000,1781858304314000000,0
VFS.contentStorage.recordsRead,1781858244312000000,1781858304314000000,0
VFS.contentStorage.recordsStored,1781858244312000000,1781858304314000000,0
VFS.invertedFileNameIndex.requests,1781858244312000000,1781858304314000000,0
VFS.fileChildByName,1781858244312000000,1781858304314000000,0
VFS.contentStorage.recordsReadDecompressed,1781858244312000000,1781858304314000000,0
VFS.cache.directoriesCreated,1781858244312000000,1781858304314000000,0
VFS.rootsCount,1781858244312000000,1781858304314000000,12.0
VFS.fileByIdCache.misses,1781858244312000000,1781858304314000000,0
VFS.cache.segmentsCreated,1781858244312000000,1781858304314000000,0
VFS.cache.filesCreated,1781858244312000000,1781858304314000000,0
VFS.fileByIdCache.hits,1781858244312000000,1781858304314000000,0
VFS.contentStorage.recordsReadSize,1781858244312000000,1781858304314000000,0
VFS.contentStorage.recordsStoredSize,1781858244312000000,1781858304314000000,0
VFS.contentStorage.recordsDeduplicated,1781858244312000000,1781858304314000000,0
FileNameCache.queries,1781858244312000000,1781858304314000000,0
VFS.contentStorage.recordsDecompressionTimeUs,1781858244312000000,1781858304314000000,0
VFS.cache.segments,1781858244312000000,1781858304314000000,89.0
StreamlinedBlobStorage.totalLiveRecordsCapacityBytes,1781858244312000000,1781858304314000000,0
StreamlinedBlobStorage.recordsRelocated,1781858244312000000,1781858304314000000,0
StorageLockContext.competingThreads.max,1781858244312000000,1781858304314000000,0
MappedFileStorage.storages,1781858244312000000,1781858304314000000,12
DirectByteBufferAllocator.disposed,1781858244312000000,1781858304314000000,0
DirectByteBufferAllocator.reclaimed,1781858244312000000,1781858304314000000,0
DirectByteBufferAllocator.totalSizeOfBuffersAllocatedInBytes,1781858244312000000,1781858304314000000,0
StorageLockContext.competingThreads.90P,1781858244312000000,1781858304314000000,0
MappedFileStorage.totalPagesMapped,1781858244312000000,1781858304314000000,12
FilePageCache.disposedBuffers,1781858244312000000,1781858304314000000,0
StorageLockContext.competingThreads.avg,1781858244312000000,1781858304314000000,0.0
FilePageCache.capacityInBytes,1781858244312000000,1781858304314000000,629145600
FilePageCache.totalPageLoadsUs,1781858244312000000,1781858304314000000,0
FilePageCache.pageLoads,1781858244312000000,1781858304314000000,0
StreamlinedBlobStorage.recordsAllocated,1781858244312000000,1781858304314000000,0
DirectByteBufferAllocator.totalSizeOfBuffersCachedInBytes,1781858244312000000,1781858304314000000,76562432
FilePageCache.pageLoadsAboveSizeThreshold,1781858244312000000,1781858304314000000,0
FilePageCache.maxCacheSizeInBytes,1781858244312000000,1781858304314000000,629153792
FilePageCache.pageFastCacheHits,1781858244312000000,1781858304314000000,0
StreamlinedBlobStorage.totalLiveRecordsPayloadBytes,1781858244312000000,1781858304314000000,0
FilePageCache.totalPageDisposalsUs,1781858244312000000,1781858304314000000,0
FilePageCache.uncachedFileAccess,1781858244312000000,1781858304314000000,0
FilePageCache.maxRegisteredFiles,1781858244312000000,1781858304314000000,1652
DirectByteBufferAllocator.misses,1781858244312000000,1781858304314000000,0
StreamlinedBlobStorage.recordsDeleted,1781858244312000000,1781858304314000000,0
MappedFileStorage.totalTimeSpentOnMappingUs,1781858244312000000,1781858304314000000,63839
FileChannelInterruptsRetryer.totalRetriedAttempts,1781858244312000000,1781858304314000000,0
MappedFileStorage.totalBytesMapped,1781858244312000000,1781858304314000000,185860096
DirectByteBufferAllocator.hits,1781858244312000000,1781858304314000000,0
FilePageCache.pageHits,1781858244312000000,1781858304314000000,0
LowMemory.gcOverloaded,1781858244312000000,1781858304314000000,0
writeAction.wait.ms,1781858244312000000,1781858304314000000,0
DiskQueryRelay.tasksRequested,1781858244312000000,1781858304314000000,0
writeAction.median.wait.ms,1781858244312000000,1781858304314000000,0
writeAction.max.wait.ms,1781858244312000000,1781858304314000000,42
writeAction.count,1781858244312000000,1781858304314000000,0
LowMemory.gcLoad,1781858244312000000,1781858304314000000,6.114388223214845E-6
DiskQueryRelay.taskWaitingTotalTimeUs,1781858244312000000,1781858304314000000,0
DiskQueryRelay.taskExecutionTotalTimeUs,1781858244312000000,1781858304314000000,0
DiskQueryRelay.tasksExecuted,1781858244312000000,1781858304314000000,0
NonBlockingReadAction.finalizedExecutionTimeUs,1781858244312000000,1781858304314000000,0
FlushQueue.executionTimeAvgNs,1781858244312000000,1781858304314000000,0.0
AWTEventQueue.dispatchTimeTotalNS,1781858244312000000,1781858304314000000,30612435
FlushQueue.queueSize90P,1781858244312000000,1781858304314000000,0
FlushQueue.executionTime90PNs,1781858244312000000,1781858304314000000,0
AWTEventQueue.dispatchTimeAvgNs,1781858244312000000,1781858304314000000,0.0
FlushQueue.tasksExecuted,1781858244312000000,1781858304314000000,0
WriteAction.executionsCount,1781858244312000000,1781858304314000000,0
NonBlockingReadAction.finalizedExecutionsCount,1781858244312000000,1781858304314000000,0
FlushQueue.waitingTimeMaxNs,1781858244312000000,1781858304314000000,0
AWTEventQueue.eventsDispatched,1781858244312000000,1781858304314000000,0
FlushQueue.queueSizeAvg,1781858244312000000,1781858304314000000,0.0
ReadAction.executionsCount,1781858244312000000,1781858304314000000,2323
FlushQueue.queueSizeMax,1781858244312000000,1781858304314000000,0
AWTEventQueue.dispatchTimeMaxNs,1781858244312000000,1781858304314000000,0
FlushQueue.waitingTime90PNs,1781858244312000000,1781858304314000000,0
NonBlockingReadAction.failedExecutionTimeUs,1781858244312000000,1781858304314000000,0
FlushQueue.waitingTimeAvgNs,1781858244312000000,1781858304314000000,0.0
AWTEventQueue.dispatchTime90PNs,1781858244312000000,1781858304314000000,0
NonBlockingReadAction.failedExecutionsCount,1781858244312000000,1781858304314000000,0
FlushQueue.executionTimeMaxNs,1781858244312000000,1781858304314000000,0
workspaceModel.workspaceFileIndexContributor.registerFileSets.ms,1781858244312000000,1781858304314000000,0
workspaceModel.workspaceFileIndexData.onEntitiesChanged.ms,1781858244312000000,1781858304314000000,0
workspaceModel.workspaceFileIndexData.markDirty.ms,1781858244312000000,1781858304314000000,0
workspaceModel.cachedValue.calculated.count,1781858244312000000,1781858304314000000,0
workspaceModel.workspaceFileIndexData.visitFileSets.ms,1781858244312000000,1781858304314000000,0
workspaceModel.workspaceFileIndexData.init.ms,1781858244312000000,1781858304314000000,0
workspaceModel.collect.changes.ms,1781858244312000000,1781858304314000000,0
workspaceModel.updates.count,1781858244312000000,1781858304314000000,0
workspaceModel.initializing.ms,1781858244312000000,1781858304314000000,0
workspaceModel.cachedValueWithParameters.total.get.count,1781858244312000000,1781858304314000000,0
workspaceModel.cachedValueWithParameters.calculated.count,1781858244312000000,1781858304314000000,0
workspaceModel.on.before.changed.ms,1781858244312000000,1781858304314000000,0
workspaceModel.update.unloaded.entities.ms,1781858244312000000,1781858304314000000,0
workspaceModel.loading.total.ms,1781858244312000000,1781858304314000000,0
workspaceModel.workspaceFileIndexData.getFileInfo.ms,1781858244312000000,1781858304314000000,0
workspaceModel.workspaceFileIndexData.instances.count,1781858244312000000,1781858304314000000,0
workspaceModel.replace.project.model.ms,1781858244312000000,1781858304314000000,0
workspaceModel.to.snapshot.ms,1781858244312000000,1781858304314000000,0
workspaceModel.pre.handlers.ms,1781858244312000000,1781858304314000000,0
workspaceModel.workspaceFileIndexData.getPackageName.ms,1781858244312000000,1781858304314000000,0
workspaceModel.cachedValue.from.cache.count,1781858244312000000,1781858304314000000,0
workspaceModel.workspaceFileIndexData.updateDirtyEntities.ms,1781858244312000000,1781858304314000000,0
workspaceModel.on.changed.ms,1781858244312000000,1781858304314000000,0
workspaceModel.updates.ms,1781858244312000000,1781858304314000000,0
workspaceModel.loading.from.cache.ms,1781858244312000000,1781858304314000000,0
workspaceModel.check.recursive.update.ms,1781858244312000000,1781858304314000000,0
workspaceModel.entityStorageSnapshotImpl.instances.count,1781858244312000000,1781858304314000000,0
workspaceModel.init.bridges.ms,1781858244312000000,1781858304314000000,0
workspaceModel.workspaceFileIndexData.processFileSets.ms,1781858244312000000,1781858304314000000,0
workspaceModel.workspaceFileIndexData.getDirectoriesByPackageName.ms,1781858244312000000,1781858304314000000,0
workspaceModel.cachedValue.clear.count,1781858244312000000,1781858304314000000,0
workspaceModel.updates.precise.ms,1781858244312000000,1781858304314000000,0
workspaceModel.cachedValueWithParameters.clear.count,1781858244312000000,1781858304314000000,0
workspaceModel.full.replace.project.model.ms,1781858244312000000,1781858304314000000,0
workspaceModel.cachedValue.total.get.count,1781858244312000000,1781858304314000000,0
workspaceModel.cachedValueWithParameters.from.cache.count,1781858244312000000,1781858304314000000,0
Indexing.writer_0.totalTimeSpentWritingMs,1781858244312000000,1781858304314000000,0
Indexing.writer_3.totalTimeSpentWritingMs,1781858244312000000,1781858304314000000,0
Indexes.entries.lookupDurationAvgMs,1781858244312000000,1781858304314000000,0.0
Indexes.stubs.lookupDuration90PMs,1781858244312000000,1781858304314000000,0.0
Indexes.stubs.lookups,1781858244312000000,1781858304314000000,0
Indexes.allKeys.lookupDurationMaxMs,1781858244312000000,1781858304314000000,0.0
Indexing.writer_2.totalTimeSpentWritingMs,1781858244312000000,1781858304314000000,0
Indexing.writesQueuedMin,1781858244312000000,1781858304314000000,9223372036854775807
Indexing.cache.totalCacheEvicted,1781858244312000000,1781858304314000000,0
Indexing.writer_1.totalTimeSpentWritingMs,1781858244312000000,1781858304314000000,0
Indexes.stubs.lookupDurationAvgMs,1781858244312000000,1781858304314000000,0.0
Indexes.entries.lookups,1781858244312000000,1781858304314000000,0
Indexes.allKeys.lookups,1781858244312000000,1781858304314000000,0
Indexing.cache.totalCacheAccesses,1781858244312000000,1781858304314000000,0
Indexes.allKeys.lookupDurationAvgMs,1781858244312000000,1781858304314000000,0.0
Indexing.cache.totalCacheMisses,1781858244312000000,1781858304314000000,0
Indexes.stubs.lookupDurationMaxMs,1781858244312000000,1781858304314000000,0.0
Indexing.totalTimeIndexersSleptMs,1781858244312000000,1781858304314000000,0
Indexing.writesQueuedMax,1781858244312000000,1781858304314000000,0
Indexes.entries.lookupDuration90PMs,1781858244312000000,1781858304314000000,0.0
Indexes.entries.lookupDurationMaxMs,1781858244312000000,1781858304314000000,0.0
Indexes.allKeys.lookupDuration90PMs,1781858244312000000,1781858304314000000,0.0
JVM.usedHeapBytes,1781858244312000000,1781858304314000000,395129904
JVM.totalTimeAtSafepointsMs,1781858244312000000,1781858304314000000,9
JVM.totalSafepointCount,1781858244312000000,1781858304314000000,1
JVM.GC.collections,1781858244312000000,1781858304314000000,1
MEM.ramBytes,1781858244312000000,1781858304314000000,2095771648
MEM.fileMappingsRamBytes,1781858244312000000,1781858304314000000,737230848
JVM.threadCount,1781858244312000000,1781858304314000000,56
JVM.committedHeapBytes,1781858244312000000,1781858304314000000,633339904
MEM.ramPlusSwapMinusFileMappingsBytes,1781858244312000000,1781858304314000000,1345564672
JVM.usedNativeBytes,1781858244312000000,1781858304314000000,442611632
JVM.maxThreadCount,1781858244312000000,1781858304314000000,135
JVM.totalBytesAllocated,1781858244312000000,1781858304314000000,109556360
JVM.GC.collectionTimesMs,1781858244312000000,1781858304314000000,10
MEM.ramMinusFileMappingsBytes,1781858244312000000,1781858304314000000,1345564672
JVM.maxHeapBytes,1781858244312000000,1781858304314000000,2147483648
OS.loadAverage,1781858244312000000,1781858304314000000,0.00927734375
JVM.totalCpuTimeMs,1781858244312000000,1781858304314000000,2760
JVM.totalTimeToSafepointsMs,1781858244312000000,1781858304314000000,0
JVM.newThreadsCount,1781858244312000000,1781858304314000000,0
JVM.totalDirectByteBuffersBytes,1781858244312000000,1781858304314000000,77825
compiler.ArtifactManagerBridge.dropMappings.ms,1781858304314000000,1781858364331000000,0
compiler.ArtifactManagerBridge.addArtifact.ms,1781858304314000000,1781858364331000000,0
compiler.ArtifactManagerBridge.getArtifacts.ms,1781858304314000000,1781858364331000000,0
compiler.ArtifactManagerBridge.getArtifactsByType.ms,1781858304314000000,1781858364331000000,0
compiler.ArtifactManagerBridge.findArtifact.ms,1781858304314000000,1781858364331000000,0
compiler.ArtifactVirtualFileListener.filePathChanged.ms,1781858304314000000,1781858364331000000,0
compiler.ArtifactManagerBridge.commit.ms,1781858304314000000,1781858364331000000,0
compiler.ArtifactVirtualFileListener.propertyChanged.ms,1781858304314000000,1781858364331000000,0
compiler.ArtifactManagerBridge.initBridges.ms,1781858304314000000,1781858364331000000,0
jps.facet.change.listener.init.bridge.ms,1781858304314000000,1781858364331000000,0
workspaceModel.mutableEntityStorage.has.same.entities.ms,1781858304314000000,1781858364331000000,0
jps.apply.loaded.storage.ms,1781858304314000000,1781858364331000000,0
workspaceModel.global.updates.count,1781858304314000000,1781858364331000000,0
jps.load.initial.state.ms,1781858304314000000,1781858364331000000,0
jps.global.initialize.library.bridges.after.loading.ms,1781858304314000000,1781858364331000000,0
workspaceModel.mutableEntityStorage.to.snapshot.ms,1781858304314000000,1781858364331000000,0
workspaceModel.mutableEntityStorage.modify.entity.ms,1781858304314000000,1781858364331000000,0
workspaceModel.mutableEntityStorage.hasReferrers.ms,1781858304314000000,1781858364331000000,0
workspaceModel.mutableEntityStorage.replace.by.source.ms,1781858304314000000,1781858364331000000,0
workspaceModel.load.cache.from.file.ms,1781858304314000000,1781858364331000000,0
workspaceModel.mutableEntityStorage.changeLog.addReplaceEventForRemovedParent.ms,1781858304314000000,1781858364331000000,0
workspaceModel.moduleManagerBridge.load.module.ms,1781858304314000000,1781858364331000000,0
workspaceModel.mutableEntityStorage.referrers.ms,1781858304314000000,1781858364331000000,0
jps.library.entities.serializer.save.entities.ms,1781858304314000000,1781858364331000000,0
jps.save.changed.project.entities.ms,1781858304314000000,1781858364331000000,0
jps.facet.change.listener.before.change.events.ms,1781858304314000000,1781858364331000000,0
jps.artifact.entities.serializer.save.entities.ms,1781858304314000000,1781858364331000000,0
jps.global.get.library.by.name.ms,1781858304314000000,1781858364331000000,0
workspaceModel.mutableEntityStorage.remove.entity.ms,1781858304314000000,1781858364331000000,0
workspaceModel.mutableEntityStorage.changeLog.addReplaceEventForRemovedChild.ms,1781858304314000000,1781858364331000000,0
workspaceModel.mutableEntityStorage.resolve.ms,1781858304314000000,1781858364331000000,0
workspaceModel.do.save.caches.ms,1781858304314000000,1781858364331000000,0
workspaceModel.moduleBridge.update.option.ms,1781858304314000000,1781858364331000000,0
jps.module.dependency.index.workspace.model.listener.on.changed.ms,1781858304314000000,1781858364331000000,0
jps.storage.jps.conf.reader.load.component.ms,1781858304314000000,1781858364331000000,0
jps.global.initialize.library.bridges.ms,1781858304314000000,1781858364331000000,0
workspaceModel.moduleBridge.facet.initialization.ms,1781858304314000000,1781858364331000000,0
workspaceModel.moduleManagerBridge.new.nonPersistent.module.ms,1781858304314000000,1781858364331000000,0
workspaceModel.mutableEntityStorage.entities.ms,1781858304314000000,1781858364331000000,0
workspaceModel.moduleBridge.before.changed.ms,1781858304314000000,1781858364331000000,0
jps.facet.change.listener.process.change.events.ms,1781858304314000000,1781858364331000000,0
workspaceModel.sync.entities.ms,1781858304314000000,1781858364331000000,0
workspaceModel.moduleManagerBridge.load.all.modules.ms,1781858304314000000,1781858364331000000,0
workspaceModel.global.apply.state.to.project.ms,1781858304314000000,1781858364331000000,0
jps.global.get.libraries.ms,1781858304314000000,1781858364331000000,0
workspaceModel.delayed.project.synchronizer.sync.ms,1781858304314000000,1781858364331000000,0
jps.project.serializers.save.ms,1781858304314000000,1781858364331000000,0
jps.global.handle.before.change.events.ms,1781858304314000000,1781858364331000000,0
jps.save.global.entities.ms,1781858304314000000,1781858364331000000,0
jps.module.iml.entities.serializer.load.entities.ms,1781858304314000000,1781858364331000000,0
workspaceModel.moduleBridgeLoader.loading.modules.ms,1781858304314000000,1781858364331000000,0
workspaceModel.moduleManagerBridge.set.unloadedModules.ms,1781858304314000000,1781858364331000000,0
jps.global.get.library.ms,1781858304314000000,1781858364331000000,0
workspaceModel.moduleManagerBridge.build.module.graph.ms,1781858304314000000,1781858364331000000,0
workspaceModel.mutableEntityStorage.apply.changes.from.ms,1781858304314000000,1781858364331000000,0
jps.app.storage.content.reader.load.component.ms,1781858304314000000,1781858364331000000,0
workspaceModel.global.apply.state.to.project.builder.ms,1781858304314000000,1781858364331000000,0
workspaceModel.mutableEntityStorage.entities.by.source.ms,1781858304314000000,1781858364331000000,0
workspaceModel.mutableEntityStorage.mutable.ext.mapping.ms,1781858304314000000,1781858364331000000,0
workspaceModel.mutableEntityStorage.collect.changes.ms,1781858304314000000,1781858364331000000,0
jps.project.serializers.load.ms,1781858304314000000,1781858364331000000,0
workspaceModel.global.updates.ms,1781858304314000000,1781858364331000000,0
workspaceModel.save.cache.to.file.ms,1781858304314000000,1781858364331000000,0
workspaceModel.mutableEntityStorage.add.entity.ms,1781858304314000000,1781858364331000000,0
workspaceModel.moduleManagerBridge.create.module.instance.ms,1781858304314000000,1781858364331000000,0
workspaceModel.mutableEntityStorage.instances.count,1781858304314000000,1781858364331000000,0
jps.library.entities.serializer.load.entities.ms,1781858304314000000,1781858364331000000,0
workspaceModel.moduleManagerBridge.newModule.ms,1781858304314000000,1781858364331000000,0
workspaceModel.load.cache.metadata.from.file.ms,1781858304314000000,1781858364331000000,0
workspaceModel.mutableEntityStorage.put.entity.ms,1781858304314000000,1781858364331000000,0
jps.app.storage.content.writer.save.component.ms,1781858304314000000,1781858364331000000,0
workspaceModel.mutableEntityStorage.changeLog.addReplaceEventForNewChild.ms,1781858304314000000,1781858364331000000,0
jps.load.project.to.empty.storage.ms,1781858304314000000,1781858364331000000,0
jps.artifact.entities.serializer.load.entities.ms,1781858304314000000,1781858364331000000,0
workspaceModel.orphan.listener.update.ms,1781858304314000000,1781858364331000000,0
workspaceModel.moduleManagerBridge.get.modules.ms,1781858304314000000,1781858364331000000,0
jps.global.handle.changed.events.ms,1781858304314000000,1781858364331000000,0
workspaceModel.mutableEntityStorage.changeLog.addReplaceEventForNewParent.ms,1781858304314000000,1781858364331000000,0
jps.reload.project.entities.ms,1781858304314000000,1781858364331000000,0
workspaceModel.mutableEntityStorage.mutable.vfurl.index.ms,1781858304314000000,1781858364331000000,0
jps.module.iml.entities.serializer.save.entities.ms,1781858304314000000,1781858364331000000,0
cacheStateStorage.set.counter,1781858304314000000,1781858364331000000,0
cacheStateStorage.get.duration,1781858304314000000,1781858364331000000,0
cacheStateStorage.set.duration,1781858304314000000,1781858364331000000,0
cacheStateStorage.get.counter,1781858304314000000,1781858364331000000,0
VFS.contentStorage.recordsStoredCompressed,1781858304314000000,1781858364331000000,0
VFS.contentStorage.recordsUncompressedSize,1781858304314000000,1781858364331000000,0
VFS.folderCaseSensitivityReads,1781858304314000000,1781858364331000000,0
FileNameCache.totalMisses,1781858304314000000,1781858364331000000,0
VFS.contentStorage.recordsRead,1781858304314000000,1781858364331000000,0
VFS.contentStorage.recordsStored,1781858304314000000,1781858364331000000,0
VFS.invertedFileNameIndex.requests,1781858304314000000,1781858364331000000,0
VFS.fileChildByName,1781858304314000000,1781858364331000000,0
VFS.contentStorage.recordsReadDecompressed,1781858304314000000,1781858364331000000,0
VFS.cache.directoriesCreated,1781858304314000000,1781858364331000000,0
VFS.rootsCount,1781858304314000000,1781858364331000000,12.0
VFS.fileByIdCache.misses,1781858304314000000,1781858364331000000,0
VFS.cache.segmentsCreated,1781858304314000000,1781858364331000000,0
VFS.cache.filesCreated,1781858304314000000,1781858364331000000,0
VFS.fileByIdCache.hits,1781858304314000000,1781858364331000000,0
VFS.contentStorage.recordsReadSize,1781858304314000000,1781858364331000000,0
VFS.contentStorage.recordsStoredSize,1781858304314000000,1781858364331000000,0
VFS.contentStorage.recordsDeduplicated,1781858304314000000,1781858364331000000,0
FileNameCache.queries,1781858304314000000,1781858364331000000,0
VFS.contentStorage.recordsDecompressionTimeUs,1781858304314000000,1781858364331000000,0
VFS.cache.segments,1781858304314000000,1781858364331000000,89.0
StreamlinedBlobStorage.totalLiveRecordsCapacityBytes,1781858304314000000,1781858364331000000,0
StreamlinedBlobStorage.recordsRelocated,1781858304314000000,1781858364331000000,0
StorageLockContext.competingThreads.max,1781858304314000000,1781858364331000000,0
MappedFileStorage.storages,1781858304314000000,1781858364331000000,12
DirectByteBufferAllocator.disposed,1781858304314000000,1781858364331000000,0
DirectByteBufferAllocator.reclaimed,1781858304314000000,1781858364331000000,0
DirectByteBufferAllocator.totalSizeOfBuffersAllocatedInBytes,1781858304314000000,1781858364331000000,0
StorageLockContext.competingThreads.90P,1781858304314000000,1781858364331000000,0
MappedFileStorage.totalPagesMapped,1781858304314000000,1781858364331000000,12
FilePageCache.disposedBuffers,1781858304314000000,1781858364331000000,0
StorageLockContext.competingThreads.avg,1781858304314000000,1781858364331000000,0.0
FilePageCache.capacityInBytes,1781858304314000000,1781858364331000000,629145600
FilePageCache.totalPageLoadsUs,1781858304314000000,1781858364331000000,0
FilePageCache.pageLoads,1781858304314000000,1781858364331000000,0
StreamlinedBlobStorage.recordsAllocated,1781858304314000000,1781858364331000000,0
DirectByteBufferAllocator.totalSizeOfBuffersCachedInBytes,1781858304314000000,1781858364331000000,76562432
FilePageCache.pageLoadsAboveSizeThreshold,1781858304314000000,1781858364331000000,0
FilePageCache.maxCacheSizeInBytes,1781858304314000000,1781858364331000000,629153792
FilePageCache.pageFastCacheHits,1781858304314000000,1781858364331000000,0
StreamlinedBlobStorage.totalLiveRecordsPayloadBytes,1781858304314000000,1781858364331000000,0
FilePageCache.totalPageDisposalsUs,1781858304314000000,1781858364331000000,0
FilePageCache.uncachedFileAccess,1781858304314000000,1781858364331000000,0
FilePageCache.maxRegisteredFiles,1781858304314000000,1781858364331000000,1652
DirectByteBufferAllocator.misses,1781858304314000000,1781858364331000000,0
StreamlinedBlobStorage.recordsDeleted,1781858304314000000,1781858364331000000,0
MappedFileStorage.totalTimeSpentOnMappingUs,1781858304314000000,1781858364331000000,63839
FileChannelInterruptsRetryer.totalRetriedAttempts,1781858304314000000,1781858364331000000,0
MappedFileStorage.totalBytesMapped,1781858304314000000,1781858364331000000,185860096
DirectByteBufferAllocator.hits,1781858304314000000,1781858364331000000,0
FilePageCache.pageHits,1781858304314000000,1781858364331000000,0
LowMemory.gcOverloaded,1781858304314000000,1781858364331000000,0
writeAction.wait.ms,1781858304314000000,1781858364331000000,0
DiskQueryRelay.tasksRequested,1781858304314000000,1781858364331000000,0
writeAction.median.wait.ms,1781858304314000000,1781858364331000000,0
writeAction.max.wait.ms,1781858304314000000,1781858364331000000,42
writeAction.count,1781858304314000000,1781858364331000000,0
LowMemory.gcLoad,1781858304314000000,1781858364331000000,3.13905718929939E-6
DiskQueryRelay.taskWaitingTotalTimeUs,1781858304314000000,1781858364331000000,0
DiskQueryRelay.taskExecutionTotalTimeUs,1781858304314000000,1781858364331000000,0
DiskQueryRelay.tasksExecuted,1781858304314000000,1781858364331000000,0
NonBlockingReadAction.finalizedExecutionTimeUs,1781858304314000000,1781858364331000000,0
FlushQueue.executionTimeAvgNs,1781858304314000000,1781858364331000000,0.0
AWTEventQueue.dispatchTimeTotalNS,1781858304314000000,1781858364331000000,31378243
FlushQueue.queueSize90P,1781858304314000000,1781858364331000000,0
FlushQueue.executionTime90PNs,1781858304314000000,1781858364331000000,0
AWTEventQueue.dispatchTimeAvgNs,1781858304314000000,1781858364331000000,0.0
FlushQueue.tasksExecuted,1781858304314000000,1781858364331000000,0
WriteAction.executionsCount,1781858304314000000,1781858364331000000,0
NonBlockingReadAction.finalizedExecutionsCount,1781858304314000000,1781858364331000000,0
FlushQueue.waitingTimeMaxNs,1781858304314000000,1781858364331000000,0
AWTEventQueue.eventsDispatched,1781858304314000000,1781858364331000000,0
FlushQueue.queueSizeAvg,1781858304314000000,1781858364331000000,0.0
ReadAction.executionsCount,1781858304314000000,1781858364331000000,7
FlushQueue.queueSizeMax,1781858304314000000,1781858364331000000,0
AWTEventQueue.dispatchTimeMaxNs,1781858304314000000,1781858364331000000,0
FlushQueue.waitingTime90PNs,1781858304314000000,1781858364331000000,0
NonBlockingReadAction.failedExecutionTimeUs,1781858304314000000,1781858364331000000,0
FlushQueue.waitingTimeAvgNs,1781858304314000000,1781858364331000000,0.0
AWTEventQueue.dispatchTime90PNs,1781858304314000000,1781858364331000000,0
NonBlockingReadAction.failedExecutionsCount,1781858304314000000,1781858364331000000,0
FlushQueue.executionTimeMaxNs,1781858304314000000,1781858364331000000,0
workspaceModel.workspaceFileIndexContributor.registerFileSets.ms,1781858304314000000,1781858364331000000,0
workspaceModel.workspaceFileIndexData.onEntitiesChanged.ms,1781858304314000000,1781858364331000000,0
workspaceModel.workspaceFileIndexData.markDirty.ms,1781858304314000000,1781858364331000000,0
workspaceModel.cachedValue.calculated.count,1781858304314000000,1781858364331000000,0
workspaceModel.workspaceFileIndexData.visitFileSets.ms,1781858304314000000,1781858364331000000,0
workspaceModel.workspaceFileIndexData.init.ms,1781858304314000000,1781858364331000000,0
workspaceModel.collect.changes.ms,1781858304314000000,1781858364331000000,0
workspaceModel.updates.count,1781858304314000000,1781858364331000000,0
workspaceModel.initializing.ms,1781858304314000000,1781858364331000000,0
workspaceModel.cachedValueWithParameters.total.get.count,1781858304314000000,1781858364331000000,0
workspaceModel.cachedValueWithParameters.calculated.count,1781858304314000000,1781858364331000000,0
workspaceModel.on.before.changed.ms,1781858304314000000,1781858364331000000,0
workspaceModel.update.unloaded.entities.ms,1781858304314000000,1781858364331000000,0
workspaceModel.loading.total.ms,1781858304314000000,1781858364331000000,0
workspaceModel.workspaceFileIndexData.getFileInfo.ms,1781858304314000000,1781858364331000000,0
workspaceModel.workspaceFileIndexData.instances.count,1781858304314000000,1781858364331000000,0
workspaceModel.replace.project.model.ms,1781858304314000000,1781858364331000000,0
workspaceModel.to.snapshot.ms,1781858304314000000,1781858364331000000,0
workspaceModel.pre.handlers.ms,1781858304314000000,1781858364331000000,0
workspaceModel.workspaceFileIndexData.getPackageName.ms,1781858304314000000,1781858364331000000,0
workspaceModel.cachedValue.from.cache.count,1781858304314000000,1781858364331000000,0
workspaceModel.workspaceFileIndexData.updateDirtyEntities.ms,1781858304314000000,1781858364331000000,0
workspaceModel.on.changed.ms,1781858304314000000,1781858364331000000,0
workspaceModel.updates.ms,1781858304314000000,1781858364331000000,0
workspaceModel.loading.from.cache.ms,1781858304314000000,1781858364331000000,0
workspaceModel.check.recursive.update.ms,1781858304314000000,1781858364331000000,0
workspaceModel.entityStorageSnapshotImpl.instances.count,1781858304314000000,1781858364331000000,0
workspaceModel.init.bridges.ms,1781858304314000000,1781858364331000000,0
workspaceModel.workspaceFileIndexData.processFileSets.ms,1781858304314000000,1781858364331000000,0
workspaceModel.workspaceFileIndexData.getDirectoriesByPackageName.ms,1781858304314000000,1781858364331000000,0
workspaceModel.cachedValue.clear.count,1781858304314000000,1781858364331000000,0
workspaceModel.updates.precise.ms,1781858304314000000,1781858364331000000,0
workspaceModel.cachedValueWithParameters.clear.count,1781858304314000000,1781858364331000000,0
workspaceModel.full.replace.project.model.ms,1781858304314000000,1781858364331000000,0
workspaceModel.cachedValue.total.get.count,1781858304314000000,1781858364331000000,0
workspaceModel.cachedValueWithParameters.from.cache.count,1781858304314000000,1781858364331000000,0
Indexing.writer_0.totalTimeSpentWritingMs,1781858304314000000,1781858364331000000,0
Indexing.writer_3.totalTimeSpentWritingMs,1781858304314000000,1781858364331000000,0
Indexes.entries.lookupDurationAvgMs,1781858304314000000,1781858364331000000,0.0
Indexes.stubs.lookupDuration90PMs,1781858304314000000,1781858364331000000,0.0
Indexes.stubs.lookups,1781858304314000000,1781858364331000000,0
Indexes.allKeys.lookupDurationMaxMs,1781858304314000000,1781858364331000000,0.0
Indexing.writer_2.totalTimeSpentWritingMs,1781858304314000000,1781858364331000000,0
Indexing.writesQueuedMin,1781858304314000000,1781858364331000000,9223372036854775807
Indexing.cache.totalCacheEvicted,1781858304314000000,1781858364331000000,0
Indexing.writer_1.totalTimeSpentWritingMs,1781858304314000000,1781858364331000000,0
Indexes.stubs.lookupDurationAvgMs,1781858304314000000,1781858364331000000,0.0
Indexes.entries.lookups,1781858304314000000,1781858364331000000,0
Indexes.allKeys.lookups,1781858304314000000,1781858364331000000,0
Indexing.cache.totalCacheAccesses,1781858304314000000,1781858364331000000,0
Indexes.allKeys.lookupDurationAvgMs,1781858304314000000,1781858364331000000,0.0
Indexing.cache.totalCacheMisses,1781858304314000000,1781858364331000000,0
Indexes.stubs.lookupDurationMaxMs,1781858304314000000,1781858364331000000,0.0
Indexing.totalTimeIndexersSleptMs,1781858304314000000,1781858364331000000,0
Indexing.writesQueuedMax,1781858304314000000,1781858364331000000,0
Indexes.entries.lookupDuration90PMs,1781858304314000000,1781858364331000000,0.0
Indexes.entries.lookupDurationMaxMs,1781858304314000000,1781858364331000000,0.0
Indexes.allKeys.lookupDuration90PMs,1781858304314000000,1781858364331000000,0.0
JVM.usedHeapBytes,1781858304314000000,1781858364331000000,412955696
JVM.totalTimeAtSafepointsMs,1781858304314000000,1781858364331000000,0
JVM.totalSafepointCount,1781858304314000000,1781858364331000000,0
JVM.GC.collections,1781858304314000000,1781858364331000000,0
MEM.ramBytes,1781858304314000000,1781858364331000000,2095771648
MEM.fileMappingsRamBytes,1781858304314000000,1781858364331000000,737230848
JVM.threadCount,1781858304314000000,1781858364331000000,56
JVM.committedHeapBytes,1781858304314000000,1781858364331000000,633339904
MEM.ramPlusSwapMinusFileMappingsBytes,1781858304314000000,1781858364331000000,1345564672
JVM.usedNativeBytes,1781858304314000000,1781858364331000000,443014952
JVM.maxThreadCount,1781858304314000000,1781858364331000000,135
JVM.totalBytesAllocated,1781858304314000000,1781858364331000000,17282248
JVM.GC.collectionTimesMs,1781858304314000000,1781858364331000000,0
MEM.ramMinusFileMappingsBytes,1781858304314000000,1781858364331000000,1345564672
JVM.maxHeapBytes,1781858304314000000,1781858364331000000,2147483648
OS.loadAverage,1781858304314000000,1781858364331000000,0.07421875
JVM.totalCpuTimeMs,1781858304314000000,1781858364331000000,1580
JVM.totalTimeToSafepointsMs,1781858304314000000,1781858364331000000,0
JVM.newThreadsCount,1781858304314000000,1781858364331000000,0
JVM.totalDirectByteBuffersBytes,1781858304314000000,1781858364331000000,77825
compiler.ArtifactManagerBridge.dropMappings.ms,1781858364331000000,1781858424318000000,0
compiler.ArtifactManagerBridge.addArtifact.ms,1781858364331000000,1781858424318000000,0
compiler.ArtifactManagerBridge.getArtifacts.ms,1781858364331000000,1781858424318000000,0
compiler.ArtifactManagerBridge.getArtifactsByType.ms,1781858364331000000,1781858424318000000,0
compiler.ArtifactManagerBridge.findArtifact.ms,1781858364331000000,1781858424318000000,0
compiler.ArtifactVirtualFileListener.filePathChanged.ms,1781858364331000000,1781858424318000000,0
compiler.ArtifactManagerBridge.commit.ms,1781858364331000000,1781858424318000000,0
compiler.ArtifactVirtualFileListener.propertyChanged.ms,1781858364331000000,1781858424318000000,0
compiler.ArtifactManagerBridge.initBridges.ms,1781858364331000000,1781858424318000000,0
jps.facet.change.listener.init.bridge.ms,1781858364331000000,1781858424318000000,0
workspaceModel.mutableEntityStorage.has.same.entities.ms,1781858364331000000,1781858424318000000,0
jps.apply.loaded.storage.ms,1781858364331000000,1781858424318000000,0
workspaceModel.global.updates.count,1781858364331000000,1781858424318000000,0
jps.load.initial.state.ms,1781858364331000000,1781858424318000000,0
jps.global.initialize.library.bridges.after.loading.ms,1781858364331000000,1781858424318000000,0
workspaceModel.mutableEntityStorage.to.snapshot.ms,1781858364331000000,1781858424318000000,0
workspaceModel.mutableEntityStorage.modify.entity.ms,1781858364331000000,1781858424318000000,0
workspaceModel.mutableEntityStorage.hasReferrers.ms,1781858364331000000,1781858424318000000,0
workspaceModel.mutableEntityStorage.replace.by.source.ms,1781858364331000000,1781858424318000000,0
workspaceModel.load.cache.from.file.ms,1781858364331000000,1781858424318000000,0
workspaceModel.mutableEntityStorage.changeLog.addReplaceEventForRemovedParent.ms,1781858364331000000,1781858424318000000,0
workspaceModel.moduleManagerBridge.load.module.ms,1781858364331000000,1781858424318000000,0
workspaceModel.mutableEntityStorage.referrers.ms,1781858364331000000,1781858424318000000,0
jps.library.entities.serializer.save.entities.ms,1781858364331000000,1781858424318000000,0
jps.save.changed.project.entities.ms,1781858364331000000,1781858424318000000,0
jps.facet.change.listener.before.change.events.ms,1781858364331000000,1781858424318000000,0
jps.artifact.entities.serializer.save.entities.ms,1781858364331000000,1781858424318000000,0
jps.global.get.library.by.name.ms,1781858364331000000,1781858424318000000,0
workspaceModel.mutableEntityStorage.remove.entity.ms,1781858364331000000,1781858424318000000,0
workspaceModel.mutableEntityStorage.changeLog.addReplaceEventForRemovedChild.ms,1781858364331000000,1781858424318000000,0
workspaceModel.mutableEntityStorage.resolve.ms,1781858364331000000,1781858424318000000,0
workspaceModel.do.save.caches.ms,1781858364331000000,1781858424318000000,0
workspaceModel.moduleBridge.update.option.ms,1781858364331000000,1781858424318000000,0
jps.module.dependency.index.workspace.model.listener.on.changed.ms,1781858364331000000,1781858424318000000,0
jps.storage.jps.conf.reader.load.component.ms,1781858364331000000,1781858424318000000,0
jps.global.initialize.library.bridges.ms,1781858364331000000,1781858424318000000,0
workspaceModel.moduleBridge.facet.initialization.ms,1781858364331000000,1781858424318000000,0
workspaceModel.moduleManagerBridge.new.nonPersistent.module.ms,1781858364331000000,1781858424318000000,0
workspaceModel.mutableEntityStorage.entities.ms,1781858364331000000,1781858424318000000,0
workspaceModel.moduleBridge.before.changed.ms,1781858364331000000,1781858424318000000,0
jps.facet.change.listener.process.change.events.ms,1781858364331000000,1781858424318000000,0
workspaceModel.sync.entities.ms,1781858364331000000,1781858424318000000,0
workspaceModel.moduleManagerBridge.load.all.modules.ms,1781858364331000000,1781858424318000000,0
workspaceModel.global.apply.state.to.project.ms,1781858364331000000,1781858424318000000,0
jps.global.get.libraries.ms,1781858364331000000,1781858424318000000,0
workspaceModel.delayed.project.synchronizer.sync.ms,1781858364331000000,1781858424318000000,0
jps.project.serializers.save.ms,1781858364331000000,1781858424318000000,0
jps.global.handle.before.change.events.ms,1781858364331000000,1781858424318000000,0
jps.save.global.entities.ms,1781858364331000000,1781858424318000000,0
jps.module.iml.entities.serializer.load.entities.ms,1781858364331000000,1781858424318000000,0
workspaceModel.moduleBridgeLoader.loading.modules.ms,1781858364331000000,1781858424318000000,0
workspaceModel.moduleManagerBridge.set.unloadedModules.ms,1781858364331000000,1781858424318000000,0
jps.global.get.library.ms,1781858364331000000,1781858424318000000,0
workspaceModel.moduleManagerBridge.build.module.graph.ms,1781858364331000000,1781858424318000000,0
workspaceModel.mutableEntityStorage.apply.changes.from.ms,1781858364331000000,1781858424318000000,0
jps.app.storage.content.reader.load.component.ms,1781858364331000000,1781858424318000000,0
workspaceModel.global.apply.state.to.project.builder.ms,1781858364331000000,1781858424318000000,0
workspaceModel.mutableEntityStorage.entities.by.source.ms,1781858364331000000,1781858424318000000,0
workspaceModel.mutableEntityStorage.mutable.ext.mapping.ms,1781858364331000000,1781858424318000000,0
workspaceModel.mutableEntityStorage.collect.changes.ms,1781858364331000000,1781858424318000000,0
jps.project.serializers.load.ms,1781858364331000000,1781858424318000000,0
workspaceModel.global.updates.ms,1781858364331000000,1781858424318000000,0
workspaceModel.save.cache.to.file.ms,1781858364331000000,1781858424318000000,0
workspaceModel.mutableEntityStorage.add.entity.ms,1781858364331000000,1781858424318000000,0
workspaceModel.moduleManagerBridge.create.module.instance.ms,1781858364331000000,1781858424318000000,0
workspaceModel.mutableEntityStorage.instances.count,1781858364331000000,1781858424318000000,0
jps.library.entities.serializer.load.entities.ms,1781858364331000000,1781858424318000000,0
workspaceModel.moduleManagerBridge.newModule.ms,1781858364331000000,1781858424318000000,0
workspaceModel.load.cache.metadata.from.file.ms,1781858364331000000,1781858424318000000,0
workspaceModel.mutableEntityStorage.put.entity.ms,1781858364331000000,1781858424318000000,0
jps.app.storage.content.writer.save.component.ms,1781858364331000000,1781858424318000000,0
workspaceModel.mutableEntityStorage.changeLog.addReplaceEventForNewChild.ms,1781858364331000000,1781858424318000000,0
jps.load.project.to.empty.storage.ms,1781858364331000000,1781858424318000000,0
jps.artifact.entities.serializer.load.entities.ms,1781858364331000000,1781858424318000000,0
workspaceModel.orphan.listener.update.ms,1781858364331000000,1781858424318000000,0
workspaceModel.moduleManagerBridge.get.modules.ms,1781858364331000000,1781858424318000000,0
jps.global.handle.changed.events.ms,1781858364331000000,1781858424318000000,0
workspaceModel.mutableEntityStorage.changeLog.addReplaceEventForNewParent.ms,1781858364331000000,1781858424318000000,0
jps.reload.project.entities.ms,1781858364331000000,1781858424318000000,0
workspaceModel.mutableEntityStorage.mutable.vfurl.index.ms,1781858364331000000,1781858424318000000,0
jps.module.iml.entities.serializer.save.entities.ms,1781858364331000000,1781858424318000000,0
cacheStateStorage.set.counter,1781858364331000000,1781858424318000000,0
cacheStateStorage.get.duration,1781858364331000000,1781858424318000000,0
cacheStateStorage.set.duration,1781858364331000000,1781858424318000000,0
cacheStateStorage.get.counter,1781858364331000000,1781858424318000000,0
VFS.contentStorage.recordsStoredCompressed,1781858364331000000,1781858424318000000,0
VFS.contentStorage.recordsUncompressedSize,1781858364331000000,1781858424318000000,0
VFS.folderCaseSensitivityReads,1781858364331000000,1781858424318000000,0
FileNameCache.totalMisses,1781858364331000000,1781858424318000000,0
VFS.contentStorage.recordsRead,1781858364331000000,1781858424318000000,0
VFS.contentStorage.recordsStored,1781858364331000000,1781858424318000000,0
VFS.invertedFileNameIndex.requests,1781858364331000000,1781858424318000000,0
VFS.fileChildByName,1781858364331000000,1781858424318000000,0
VFS.contentStorage.recordsReadDecompressed,1781858364331000000,1781858424318000000,0
VFS.cache.directoriesCreated,1781858364331000000,1781858424318000000,0
VFS.rootsCount,1781858364331000000,1781858424318000000,12.0
VFS.fileByIdCache.misses,1781858364331000000,1781858424318000000,0
VFS.cache.segmentsCreated,1781858364331000000,1781858424318000000,0
VFS.cache.filesCreated,1781858364331000000,1781858424318000000,0
VFS.fileByIdCache.hits,1781858364331000000,1781858424318000000,0
VFS.contentStorage.recordsReadSize,1781858364331000000,1781858424318000000,0
VFS.contentStorage.recordsStoredSize,1781858364331000000,1781858424318000000,0
VFS.contentStorage.recordsDeduplicated,1781858364331000000,1781858424318000000,0
FileNameCache.queries,1781858364331000000,1781858424318000000,0
VFS.contentStorage.recordsDecompressionTimeUs,1781858364331000000,1781858424318000000,0
VFS.cache.segments,1781858364331000000,1781858424318000000,89.0
StreamlinedBlobStorage.totalLiveRecordsCapacityBytes,1781858364331000000,1781858424318000000,0
StreamlinedBlobStorage.recordsRelocated,1781858364331000000,1781858424318000000,0
StorageLockContext.competingThreads.max,1781858364331000000,1781858424318000000,0
MappedFileStorage.storages,1781858364331000000,1781858424318000000,12
DirectByteBufferAllocator.disposed,1781858364331000000,1781858424318000000,0
DirectByteBufferAllocator.reclaimed,1781858364331000000,1781858424318000000,0
DirectByteBufferAllocator.totalSizeOfBuffersAllocatedInBytes,1781858364331000000,1781858424318000000,0
StorageLockContext.competingThreads.90P,1781858364331000000,1781858424318000000,0
MappedFileStorage.totalPagesMapped,1781858364331000000,1781858424318000000,12
FilePageCache.disposedBuffers,1781858364331000000,1781858424318000000,0
StorageLockContext.competingThreads.avg,1781858364331000000,1781858424318000000,0.0
FilePageCache.capacityInBytes,1781858364331000000,1781858424318000000,629145600
FilePageCache.totalPageLoadsUs,1781858364331000000,1781858424318000000,0
FilePageCache.pageLoads,1781858364331000000,1781858424318000000,0
StreamlinedBlobStorage.recordsAllocated,1781858364331000000,1781858424318000000,0
DirectByteBufferAllocator.totalSizeOfBuffersCachedInBytes,1781858364331000000,1781858424318000000,76562432
FilePageCache.pageLoadsAboveSizeThreshold,1781858364331000000,1781858424318000000,0
FilePageCache.maxCacheSizeInBytes,1781858364331000000,1781858424318000000,629153792
FilePageCache.pageFastCacheHits,1781858364331000000,1781858424318000000,0
StreamlinedBlobStorage.totalLiveRecordsPayloadBytes,1781858364331000000,1781858424318000000,0
FilePageCache.totalPageDisposalsUs,1781858364331000000,1781858424318000000,0
FilePageCache.uncachedFileAccess,1781858364331000000,1781858424318000000,0
FilePageCache.maxRegisteredFiles,1781858364331000000,1781858424318000000,1652
DirectByteBufferAllocator.misses,1781858364331000000,1781858424318000000,0
StreamlinedBlobStorage.recordsDeleted,1781858364331000000,1781858424318000000,0
MappedFileStorage.totalTimeSpentOnMappingUs,1781858364331000000,1781858424318000000,63839
FileChannelInterruptsRetryer.totalRetriedAttempts,1781858364331000000,1781858424318000000,0
MappedFileStorage.totalBytesMapped,1781858364331000000,1781858424318000000,185860096
DirectByteBufferAllocator.hits,1781858364331000000,1781858424318000000,0
FilePageCache.pageHits,1781858364331000000,1781858424318000000,0
LowMemory.gcOverloaded,1781858364331000000,1781858424318000000,0
writeAction.wait.ms,1781858364331000000,1781858424318000000,0
DiskQueryRelay.tasksRequested,1781858364331000000,1781858424318000000,0
writeAction.median.wait.ms,1781858364331000000,1781858424318000000,0
writeAction.max.wait.ms,1781858364331000000,1781858424318000000,42
writeAction.count,1781858364331000000,1781858424318000000,0
LowMemory.gcLoad,1781858364331000000,1781858424318000000,1.6115740715026486E-6
DiskQueryRelay.taskWaitingTotalTimeUs,1781858364331000000,1781858424318000000,0
DiskQueryRelay.taskExecutionTotalTimeUs,1781858364331000000,1781858424318000000,0
DiskQueryRelay.tasksExecuted,1781858364331000000,1781858424318000000,0
NonBlockingReadAction.finalizedExecutionTimeUs,1781858364331000000,1781858424318000000,0
FlushQueue.executionTimeAvgNs,1781858364331000000,1781858424318000000,0.0
AWTEventQueue.dispatchTimeTotalNS,1781858364331000000,1781858424318000000,30415804
FlushQueue.queueSize90P,1781858364331000000,1781858424318000000,0
FlushQueue.executionTime90PNs,1781858364331000000,1781858424318000000,0
AWTEventQueue.dispatchTimeAvgNs,1781858364331000000,1781858424318000000,0.0
FlushQueue.tasksExecuted,1781858364331000000,1781858424318000000,0
WriteAction.executionsCount,1781858364331000000,1781858424318000000,0
NonBlockingReadAction.finalizedExecutionsCount,1781858364331000000,1781858424318000000,0
FlushQueue.waitingTimeMaxNs,1781858364331000000,1781858424318000000,0
AWTEventQueue.eventsDispatched,1781858364331000000,1781858424318000000,0
FlushQueue.queueSizeAvg,1781858364331000000,1781858424318000000,0.0
ReadAction.executionsCount,1781858364331000000,1781858424318000000,7
FlushQueue.queueSizeMax,1781858364331000000,1781858424318000000,0
AWTEventQueue.dispatchTimeMaxNs,1781858364331000000,1781858424318000000,0
FlushQueue.waitingTime90PNs,1781858364331000000,1781858424318000000,0
NonBlockingReadAction.failedExecutionTimeUs,1781858364331000000,1781858424318000000,0
FlushQueue.waitingTimeAvgNs,1781858364331000000,1781858424318000000,0.0
AWTEventQueue.dispatchTime90PNs,1781858364331000000,1781858424318000000,0
NonBlockingReadAction.failedExecutionsCount,1781858364331000000,1781858424318000000,0
FlushQueue.executionTimeMaxNs,1781858364331000000,1781858424318000000,0
workspaceModel.workspaceFileIndexContributor.registerFileSets.ms,1781858364331000000,1781858424318000000,0
workspaceModel.workspaceFileIndexData.onEntitiesChanged.ms,1781858364331000000,1781858424318000000,0
workspaceModel.workspaceFileIndexData.markDirty.ms,1781858364331000000,1781858424318000000,0
workspaceModel.cachedValue.calculated.count,1781858364331000000,1781858424318000000,0
workspaceModel.workspaceFileIndexData.visitFileSets.ms,1781858364331000000,1781858424318000000,0
workspaceModel.workspaceFileIndexData.init.ms,1781858364331000000,1781858424318000000,0
workspaceModel.collect.changes.ms,1781858364331000000,1781858424318000000,0
workspaceModel.updates.count,1781858364331000000,1781858424318000000,0
workspaceModel.initializing.ms,1781858364331000000,1781858424318000000,0
workspaceModel.cachedValueWithParameters.total.get.count,1781858364331000000,1781858424318000000,0
workspaceModel.cachedValueWithParameters.calculated.count,1781858364331000000,1781858424318000000,0
workspaceModel.on.before.changed.ms,1781858364331000000,1781858424318000000,0
workspaceModel.update.unloaded.entities.ms,1781858364331000000,1781858424318000000,0
workspaceModel.loading.total.ms,1781858364331000000,1781858424318000000,0
workspaceModel.workspaceFileIndexData.getFileInfo.ms,1781858364331000000,1781858424318000000,0
workspaceModel.workspaceFileIndexData.instances.count,1781858364331000000,1781858424318000000,0
workspaceModel.replace.project.model.ms,1781858364331000000,1781858424318000000,0
workspaceModel.to.snapshot.ms,1781858364331000000,1781858424318000000,0
workspaceModel.pre.handlers.ms,1781858364331000000,1781858424318000000,0
workspaceModel.workspaceFileIndexData.getPackageName.ms,1781858364331000000,1781858424318000000,0
workspaceModel.cachedValue.from.cache.count,1781858364331000000,1781858424318000000,0
workspaceModel.workspaceFileIndexData.updateDirtyEntities.ms,1781858364331000000,1781858424318000000,0
workspaceModel.on.changed.ms,1781858364331000000,1781858424318000000,0
workspaceModel.updates.ms,1781858364331000000,1781858424318000000,0
workspaceModel.loading.from.cache.ms,1781858364331000000,1781858424318000000,0
workspaceModel.check.recursive.update.ms,1781858364331000000,1781858424318000000,0
workspaceModel.entityStorageSnapshotImpl.instances.count,1781858364331000000,1781858424318000000,0
workspaceModel.init.bridges.ms,1781858364331000000,1781858424318000000,0
workspaceModel.workspaceFileIndexData.processFileSets.ms,1781858364331000000,1781858424318000000,0
workspaceModel.workspaceFileIndexData.getDirectoriesByPackageName.ms,1781858364331000000,1781858424318000000,0
workspaceModel.cachedValue.clear.count,1781858364331000000,1781858424318000000,0
workspaceModel.updates.precise.ms,1781858364331000000,1781858424318000000,0
workspaceModel.cachedValueWithParameters.clear.count,1781858364331000000,1781858424318000000,0
workspaceModel.full.replace.project.model.ms,1781858364331000000,1781858424318000000,0
workspaceModel.cachedValue.total.get.count,1781858364331000000,1781858424318000000,0
workspaceModel.cachedValueWithParameters.from.cache.count,1781858364331000000,1781858424318000000,0
Indexing.writer_0.totalTimeSpentWritingMs,1781858364331000000,1781858424318000000,0
Indexing.writer_3.totalTimeSpentWritingMs,1781858364331000000,1781858424318000000,0
Indexes.entries.lookupDurationAvgMs,1781858364331000000,1781858424318000000,0.0
Indexes.stubs.lookupDuration90PMs,1781858364331000000,1781858424318000000,0.0
Indexes.stubs.lookups,1781858364331000000,1781858424318000000,0
Indexes.allKeys.lookupDurationMaxMs,1781858364331000000,1781858424318000000,0.0
Indexing.writer_2.totalTimeSpentWritingMs,1781858364331000000,1781858424318000000,0
Indexing.writesQueuedMin,1781858364331000000,1781858424318000000,9223372036854775807
Indexing.cache.totalCacheEvicted,1781858364331000000,1781858424318000000,0
Indexing.writer_1.totalTimeSpentWritingMs,1781858364331000000,1781858424318000000,0
Indexes.stubs.lookupDurationAvgMs,1781858364331000000,1781858424318000000,0.0
Indexes.entries.lookups,1781858364331000000,1781858424318000000,0
Indexes.allKeys.lookups,1781858364331000000,1781858424318000000,0
Indexing.cache.totalCacheAccesses,1781858364331000000,1781858424318000000,0
Indexes.allKeys.lookupDurationAvgMs,1781858364331000000,1781858424318000000,0.0
Indexing.cache.totalCacheMisses,1781858364331000000,1781858424318000000,0
Indexes.stubs.lookupDurationMaxMs,1781858364331000000,1781858424318000000,0.0
Indexing.totalTimeIndexersSleptMs,1781858364331000000,1781858424318000000,0
Indexing.writesQueuedMax,1781858364331000000,1781858424318000000,0
Indexes.entries.lookupDuration90PMs,1781858364331000000,1781858424318000000,0.0
Indexes.entries.lookupDurationMaxMs,1781858364331000000,1781858424318000000,0.0
Indexes.allKeys.lookupDuration90PMs,1781858364331000000,1781858424318000000,0.0
JVM.usedHeapBytes,1781858364331000000,1781858424318000000,430781488
JVM.totalTimeAtSafepointsMs,1781858364331000000,1781858424318000000,0
JVM.totalSafepointCount,1781858364331000000,1781858424318000000,0
JVM.GC.collections,1781858364331000000,1781858424318000000,0
MEM.ramBytes,1781858364331000000,1781858424318000000,2095902720
MEM.fileMappingsRamBytes,1781858364331000000,1781858424318000000,737230848
JVM.threadCount,1781858364331000000,1781858424318000000,56
JVM.committedHeapBytes,1781858364331000000,1781858424318000000,633339904
MEM.ramPlusSwapMinusFileMappingsBytes,1781858364331000000,1781858424318000000,1345695744
JVM.usedNativeBytes,1781858364331000000,1781858424318000000,443313112
JVM.maxThreadCount,1781858364331000000,1781858424318000000,135
JVM.totalBytesAllocated,1781858364331000000,1781858424318000000,17984992
JVM.GC.collectionTimesMs,1781858364331000000,1781858424318000000,0
MEM.ramMinusFileMappingsBytes,1781858364331000000,1781858424318000000,1345695744
JVM.maxHeapBytes,1781858364331000000,1781858424318000000,2147483648
OS.loadAverage,1781858364331000000,1781858424318000000,0.025390625
JVM.totalCpuTimeMs,1781858364331000000,1781858424318000000,1740
JVM.totalTimeToSafepointsMs,1781858364331000000,1781858424318000000,0
JVM.newThreadsCount,1781858364331000000,1781858424318000000,0
JVM.totalDirectByteBuffersBytes,1781858364331000000,1781858424318000000,77825
compiler.ArtifactManagerBridge.dropMappings.ms,1781858424318000000,1781858484317000000,0
compiler.ArtifactManagerBridge.addArtifact.ms,1781858424318000000,1781858484317000000,0
compiler.ArtifactManagerBridge.getArtifacts.ms,1781858424318000000,1781858484317000000,0
compiler.ArtifactManagerBridge.getArtifactsByType.ms,1781858424318000000,1781858484317000000,0
compiler.ArtifactManagerBridge.findArtifact.ms,1781858424318000000,1781858484317000000,0
compiler.ArtifactVirtualFileListener.filePathChanged.ms,1781858424318000000,1781858484317000000,0
compiler.ArtifactManagerBridge.commit.ms,1781858424318000000,1781858484317000000,0
compiler.ArtifactVirtualFileListener.propertyChanged.ms,1781858424318000000,1781858484317000000,0
compiler.ArtifactManagerBridge.initBridges.ms,1781858424318000000,1781858484317000000,0
jps.facet.change.listener.init.bridge.ms,1781858424318000000,1781858484317000000,0
workspaceModel.mutableEntityStorage.has.same.entities.ms,1781858424318000000,1781858484317000000,0
jps.apply.loaded.storage.ms,1781858424318000000,1781858484317000000,0
workspaceModel.global.updates.count,1781858424318000000,1781858484317000000,0
jps.load.initial.state.ms,1781858424318000000,1781858484317000000,0
jps.global.initialize.library.bridges.after.loading.ms,1781858424318000000,1781858484317000000,0
workspaceModel.mutableEntityStorage.to.snapshot.ms,1781858424318000000,1781858484317000000,0
workspaceModel.mutableEntityStorage.modify.entity.ms,1781858424318000000,1781858484317000000,0
workspaceModel.mutableEntityStorage.hasReferrers.ms,1781858424318000000,1781858484317000000,0
workspaceModel.mutableEntityStorage.replace.by.source.ms,1781858424318000000,1781858484317000000,0
workspaceModel.load.cache.from.file.ms,1781858424318000000,1781858484317000000,0
workspaceModel.mutableEntityStorage.changeLog.addReplaceEventForRemovedParent.ms,1781858424318000000,1781858484317000000,0
workspaceModel.moduleManagerBridge.load.module.ms,1781858424318000000,1781858484317000000,0
workspaceModel.mutableEntityStorage.referrers.ms,1781858424318000000,1781858484317000000,0
jps.library.entities.serializer.save.entities.ms,1781858424318000000,1781858484317000000,0
jps.save.changed.project.entities.ms,1781858424318000000,1781858484317000000,0
jps.facet.change.listener.before.change.events.ms,1781858424318000000,1781858484317000000,0
jps.artifact.entities.serializer.save.entities.ms,1781858424318000000,1781858484317000000,0
jps.global.get.library.by.name.ms,1781858424318000000,1781858484317000000,0
workspaceModel.mutableEntityStorage.remove.entity.ms,1781858424318000000,1781858484317000000,0
workspaceModel.mutableEntityStorage.changeLog.addReplaceEventForRemovedChild.ms,1781858424318000000,1781858484317000000,0
workspaceModel.mutableEntityStorage.resolve.ms,1781858424318000000,1781858484317000000,0
workspaceModel.do.save.caches.ms,1781858424318000000,1781858484317000000,0
workspaceModel.moduleBridge.update.option.ms,1781858424318000000,1781858484317000000,0
jps.module.dependency.index.workspace.model.listener.on.changed.ms,1781858424318000000,1781858484317000000,0
jps.storage.jps.conf.reader.load.component.ms,1781858424318000000,1781858484317000000,0
jps.global.initialize.library.bridges.ms,1781858424318000000,1781858484317000000,0
workspaceModel.moduleBridge.facet.initialization.ms,1781858424318000000,1781858484317000000,0
workspaceModel.moduleManagerBridge.new.nonPersistent.module.ms,1781858424318000000,1781858484317000000,0
workspaceModel.mutableEntityStorage.entities.ms,1781858424318000000,1781858484317000000,0
workspaceModel.moduleBridge.before.changed.ms,1781858424318000000,1781858484317000000,0
jps.facet.change.listener.process.change.events.ms,1781858424318000000,1781858484317000000,0
workspaceModel.sync.entities.ms,1781858424318000000,1781858484317000000,0
workspaceModel.moduleManagerBridge.load.all.modules.ms,1781858424318000000,1781858484317000000,0
workspaceModel.global.apply.state.to.project.ms,1781858424318000000,1781858484317000000,0
jps.global.get.libraries.ms,1781858424318000000,1781858484317000000,0
workspaceModel.delayed.project.synchronizer.sync.ms,1781858424318000000,1781858484317000000,0
jps.project.serializers.save.ms,1781858424318000000,1781858484317000000,0
jps.global.handle.before.change.events.ms,1781858424318000000,1781858484317000000,0
jps.save.global.entities.ms,1781858424318000000,1781858484317000000,0
jps.module.iml.entities.serializer.load.entities.ms,1781858424318000000,1781858484317000000,0
workspaceModel.moduleBridgeLoader.loading.modules.ms,1781858424318000000,1781858484317000000,0
workspaceModel.moduleManagerBridge.set.unloadedModules.ms,1781858424318000000,1781858484317000000,0
jps.global.get.library.ms,1781858424318000000,1781858484317000000,0
workspaceModel.moduleManagerBridge.build.module.graph.ms,1781858424318000000,1781858484317000000,0
workspaceModel.mutableEntityStorage.apply.changes.from.ms,1781858424318000000,1781858484317000000,0
jps.app.storage.content.reader.load.component.ms,1781858424318000000,1781858484317000000,0
workspaceModel.global.apply.state.to.project.builder.ms,1781858424318000000,1781858484317000000,0
workspaceModel.mutableEntityStorage.entities.by.source.ms,1781858424318000000,1781858484317000000,0
workspaceModel.mutableEntityStorage.mutable.ext.mapping.ms,1781858424318000000,1781858484317000000,0
workspaceModel.mutableEntityStorage.collect.changes.ms,1781858424318000000,1781858484317000000,0
jps.project.serializers.load.ms,1781858424318000000,1781858484317000000,0
workspaceModel.global.updates.ms,1781858424318000000,1781858484317000000,0
workspaceModel.save.cache.to.file.ms,1781858424318000000,1781858484317000000,0
workspaceModel.mutableEntityStorage.add.entity.ms,1781858424318000000,1781858484317000000,0
workspaceModel.moduleManagerBridge.create.module.instance.ms,1781858424318000000,1781858484317000000,0
workspaceModel.mutableEntityStorage.instances.count,1781858424318000000,1781858484317000000,0
jps.library.entities.serializer.load.entities.ms,1781858424318000000,1781858484317000000,0
workspaceModel.moduleManagerBridge.newModule.ms,1781858424318000000,1781858484317000000,0
workspaceModel.load.cache.metadata.from.file.ms,1781858424318000000,1781858484317000000,0
workspaceModel.mutableEntityStorage.put.entity.ms,1781858424318000000,1781858484317000000,0
jps.app.storage.content.writer.save.component.ms,1781858424318000000,1781858484317000000,0
workspaceModel.mutableEntityStorage.changeLog.addReplaceEventForNewChild.ms,1781858424318000000,1781858484317000000,0
jps.load.project.to.empty.storage.ms,1781858424318000000,1781858484317000000,0
jps.artifact.entities.serializer.load.entities.ms,1781858424318000000,1781858484317000000,0
workspaceModel.orphan.listener.update.ms,1781858424318000000,1781858484317000000,0
workspaceModel.moduleManagerBridge.get.modules.ms,1781858424318000000,1781858484317000000,0
jps.global.handle.changed.events.ms,1781858424318000000,1781858484317000000,0
workspaceModel.mutableEntityStorage.changeLog.addReplaceEventForNewParent.ms,1781858424318000000,1781858484317000000,0
jps.reload.project.entities.ms,1781858424318000000,1781858484317000000,0
workspaceModel.mutableEntityStorage.mutable.vfurl.index.ms,1781858424318000000,1781858484317000000,0
jps.module.iml.entities.serializer.save.entities.ms,1781858424318000000,1781858484317000000,0
cacheStateStorage.set.counter,1781858424318000000,1781858484317000000,0
cacheStateStorage.get.duration,1781858424318000000,1781858484317000000,0
cacheStateStorage.set.duration,1781858424318000000,1781858484317000000,0
cacheStateStorage.get.counter,1781858424318000000,1781858484317000000,0
VFS.contentStorage.recordsStoredCompressed,1781858424318000000,1781858484317000000,0
VFS.contentStorage.recordsUncompressedSize,1781858424318000000,1781858484317000000,0
VFS.folderCaseSensitivityReads,1781858424318000000,1781858484317000000,0
FileNameCache.totalMisses,1781858424318000000,1781858484317000000,0
VFS.contentStorage.recordsRead,1781858424318000000,1781858484317000000,0
VFS.contentStorage.recordsStored,1781858424318000000,1781858484317000000,0
VFS.invertedFileNameIndex.requests,1781858424318000000,1781858484317000000,0
VFS.fileChildByName,1781858424318000000,1781858484317000000,0
VFS.contentStorage.recordsReadDecompressed,1781858424318000000,1781858484317000000,0
VFS.cache.directoriesCreated,1781858424318000000,1781858484317000000,0
VFS.rootsCount,1781858424318000000,1781858484317000000,12.0
VFS.fileByIdCache.misses,1781858424318000000,1781858484317000000,0
VFS.cache.segmentsCreated,1781858424318000000,1781858484317000000,0
VFS.cache.filesCreated,1781858424318000000,1781858484317000000,0
VFS.fileByIdCache.hits,1781858424318000000,1781858484317000000,0
VFS.contentStorage.recordsReadSize,1781858424318000000,1781858484317000000,0
VFS.contentStorage.recordsStoredSize,1781858424318000000,1781858484317000000,0
VFS.contentStorage.recordsDeduplicated,1781858424318000000,1781858484317000000,0
FileNameCache.queries,1781858424318000000,1781858484317000000,0
VFS.contentStorage.recordsDecompressionTimeUs,1781858424318000000,1781858484317000000,0
VFS.cache.segments,1781858424318000000,1781858484317000000,89.0
StreamlinedBlobStorage.totalLiveRecordsCapacityBytes,1781858424318000000,1781858484317000000,0
StreamlinedBlobStorage.recordsRelocated,1781858424318000000,1781858484317000000,0
StorageLockContext.competingThreads.max,1781858424318000000,1781858484317000000,0
MappedFileStorage.storages,1781858424318000000,1781858484317000000,12
DirectByteBufferAllocator.disposed,1781858424318000000,1781858484317000000,0
DirectByteBufferAllocator.reclaimed,1781858424318000000,1781858484317000000,0
DirectByteBufferAllocator.totalSizeOfBuffersAllocatedInBytes,1781858424318000000,1781858484317000000,0
StorageLockContext.competingThreads.90P,1781858424318000000,1781858484317000000,0
MappedFileStorage.totalPagesMapped,1781858424318000000,1781858484317000000,12
FilePageCache.disposedBuffers,1781858424318000000,1781858484317000000,0
StorageLockContext.competingThreads.avg,1781858424318000000,1781858484317000000,0.0
FilePageCache.capacityInBytes,1781858424318000000,1781858484317000000,629145600
FilePageCache.totalPageLoadsUs,1781858424318000000,1781858484317000000,0
FilePageCache.pageLoads,1781858424318000000,1781858484317000000,0
StreamlinedBlobStorage.recordsAllocated,1781858424318000000,1781858484317000000,0
DirectByteBufferAllocator.totalSizeOfBuffersCachedInBytes,1781858424318000000,1781858484317000000,76562432
FilePageCache.pageLoadsAboveSizeThreshold,1781858424318000000,1781858484317000000,0
FilePageCache.maxCacheSizeInBytes,1781858424318000000,1781858484317000000,629153792
FilePageCache.pageFastCacheHits,1781858424318000000,1781858484317000000,0
StreamlinedBlobStorage.totalLiveRecordsPayloadBytes,1781858424318000000,1781858484317000000,0
FilePageCache.totalPageDisposalsUs,1781858424318000000,1781858484317000000,0
FilePageCache.uncachedFileAccess,1781858424318000000,1781858484317000000,0
FilePageCache.maxRegisteredFiles,1781858424318000000,1781858484317000000,1652
DirectByteBufferAllocator.misses,1781858424318000000,1781858484317000000,0
StreamlinedBlobStorage.recordsDeleted,1781858424318000000,1781858484317000000,0
MappedFileStorage.totalTimeSpentOnMappingUs,1781858424318000000,1781858484317000000,63839
FileChannelInterruptsRetryer.totalRetriedAttempts,1781858424318000000,1781858484317000000,0
MappedFileStorage.totalBytesMapped,1781858424318000000,1781858484317000000,185860096
DirectByteBufferAllocator.hits,1781858424318000000,1781858484317000000,0
FilePageCache.pageHits,1781858424318000000,1781858484317000000,0
LowMemory.gcOverloaded,1781858424318000000,1781858484317000000,0
writeAction.wait.ms,1781858424318000000,1781858484317000000,0
DiskQueryRelay.tasksRequested,1781858424318000000,1781858484317000000,0
writeAction.median.wait.ms,1781858424318000000,1781858484317000000,0
writeAction.max.wait.ms,1781858424318000000,1781858484317000000,42
writeAction.count,1781858424318000000,1781858484317000000,0
LowMemory.gcLoad,1781858424318000000,1781858484317000000,8.273637509688634E-7
DiskQueryRelay.taskWaitingTotalTimeUs,1781858424318000000,1781858484317000000,0
DiskQueryRelay.taskExecutionTotalTimeUs,1781858424318000000,1781858484317000000,0
DiskQueryRelay.tasksExecuted,1781858424318000000,1781858484317000000,0
NonBlockingReadAction.finalizedExecutionTimeUs,1781858424318000000,1781858484317000000,0
FlushQueue.executionTimeAvgNs,1781858424318000000,1781858484317000000,0.0
AWTEventQueue.dispatchTimeTotalNS,1781858424318000000,1781858484317000000,24510180
FlushQueue.queueSize90P,1781858424318000000,1781858484317000000,0
FlushQueue.executionTime90PNs,1781858424318000000,1781858484317000000,0
AWTEventQueue.dispatchTimeAvgNs,1781858424318000000,1781858484317000000,0.0
FlushQueue.tasksExecuted,1781858424318000000,1781858484317000000,0
WriteAction.executionsCount,1781858424318000000,1781858484317000000,0
NonBlockingReadAction.finalizedExecutionsCount,1781858424318000000,1781858484317000000,0
FlushQueue.waitingTimeMaxNs,1781858424318000000,1781858484317000000,0
AWTEventQueue.eventsDispatched,1781858424318000000,1781858484317000000,0
FlushQueue.queueSizeAvg,1781858424318000000,1781858484317000000,0.0
ReadAction.executionsCount,1781858424318000000,1781858484317000000,7
FlushQueue.queueSizeMax,1781858424318000000,1781858484317000000,0
AWTEventQueue.dispatchTimeMaxNs,1781858424318000000,1781858484317000000,0
FlushQueue.waitingTime90PNs,1781858424318000000,1781858484317000000,0
NonBlockingReadAction.failedExecutionTimeUs,1781858424318000000,1781858484317000000,0
FlushQueue.waitingTimeAvgNs,1781858424318000000,1781858484317000000,0.0
AWTEventQueue.dispatchTime90PNs,1781858424318000000,1781858484317000000,0
NonBlockingReadAction.failedExecutionsCount,1781858424318000000,1781858484317000000,0
FlushQueue.executionTimeMaxNs,1781858424318000000,1781858484317000000,0
workspaceModel.workspaceFileIndexContributor.registerFileSets.ms,1781858424318000000,1781858484317000000,0
workspaceModel.workspaceFileIndexData.onEntitiesChanged.ms,1781858424318000000,1781858484317000000,0
workspaceModel.workspaceFileIndexData.markDirty.ms,1781858424318000000,1781858484317000000,0
workspaceModel.cachedValue.calculated.count,1781858424318000000,1781858484317000000,0
workspaceModel.workspaceFileIndexData.visitFileSets.ms,1781858424318000000,1781858484317000000,0
workspaceModel.workspaceFileIndexData.init.ms,1781858424318000000,1781858484317000000,0
workspaceModel.collect.changes.ms,1781858424318000000,1781858484317000000,0
workspaceModel.updates.count,1781858424318000000,1781858484317000000,0
workspaceModel.initializing.ms,1781858424318000000,1781858484317000000,0
workspaceModel.cachedValueWithParameters.total.get.count,1781858424318000000,1781858484317000000,0
workspaceModel.cachedValueWithParameters.calculated.count,1781858424318000000,1781858484317000000,0
workspaceModel.on.before.changed.ms,1781858424318000000,1781858484317000000,0
workspaceModel.update.unloaded.entities.ms,1781858424318000000,1781858484317000000,0
workspaceModel.loading.total.ms,1781858424318000000,1781858484317000000,0
workspaceModel.workspaceFileIndexData.getFileInfo.ms,1781858424318000000,1781858484317000000,0
workspaceModel.workspaceFileIndexData.instances.count,1781858424318000000,1781858484317000000,0
workspaceModel.replace.project.model.ms,1781858424318000000,1781858484317000000,0
workspaceModel.to.snapshot.ms,1781858424318000000,1781858484317000000,0
workspaceModel.pre.handlers.ms,1781858424318000000,1781858484317000000,0
workspaceModel.workspaceFileIndexData.getPackageName.ms,1781858424318000000,1781858484317000000,0
workspaceModel.cachedValue.from.cache.count,1781858424318000000,1781858484317000000,0
workspaceModel.workspaceFileIndexData.updateDirtyEntities.ms,1781858424318000000,1781858484317000000,0
workspaceModel.on.changed.ms,1781858424318000000,1781858484317000000,0
workspaceModel.updates.ms,1781858424318000000,1781858484317000000,0
workspaceModel.loading.from.cache.ms,1781858424318000000,1781858484317000000,0
workspaceModel.check.recursive.update.ms,1781858424318000000,1781858484317000000,0
workspaceModel.entityStorageSnapshotImpl.instances.count,1781858424318000000,1781858484317000000,0
workspaceModel.init.bridges.ms,1781858424318000000,1781858484317000000,0
workspaceModel.workspaceFileIndexData.processFileSets.ms,1781858424318000000,1781858484317000000,0
workspaceModel.workspaceFileIndexData.getDirectoriesByPackageName.ms,1781858424318000000,1781858484317000000,0
workspaceModel.cachedValue.clear.count,1781858424318000000,1781858484317000000,0
workspaceModel.updates.precise.ms,1781858424318000000,1781858484317000000,0
workspaceModel.cachedValueWithParameters.clear.count,1781858424318000000,1781858484317000000,0
workspaceModel.full.replace.project.model.ms,1781858424318000000,1781858484317000000,0
workspaceModel.cachedValue.total.get.count,1781858424318000000,1781858484317000000,0
workspaceModel.cachedValueWithParameters.from.cache.count,1781858424318000000,1781858484317000000,0
Indexing.writer_0.totalTimeSpentWritingMs,1781858424318000000,1781858484317000000,0
Indexing.writer_3.totalTimeSpentWritingMs,1781858424318000000,1781858484317000000,0
Indexes.entries.lookupDurationAvgMs,1781858424318000000,1781858484317000000,0.0
Indexes.stubs.lookupDuration90PMs,1781858424318000000,1781858484317000000,0.0
Indexes.stubs.lookups,1781858424318000000,1781858484317000000,0
Indexes.allKeys.lookupDurationMaxMs,1781858424318000000,1781858484317000000,0.0
Indexing.writer_2.totalTimeSpentWritingMs,1781858424318000000,1781858484317000000,0
Indexing.writesQueuedMin,1781858424318000000,1781858484317000000,9223372036854775807
Indexing.cache.totalCacheEvicted,1781858424318000000,1781858484317000000,0
Indexing.writer_1.totalTimeSpentWritingMs,1781858424318000000,1781858484317000000,0
Indexes.stubs.lookupDurationAvgMs,1781858424318000000,1781858484317000000,0.0
Indexes.entries.lookups,1781858424318000000,1781858484317000000,0
Indexes.allKeys.lookups,1781858424318000000,1781858484317000000,0
Indexing.cache.totalCacheAccesses,1781858424318000000,1781858484317000000,0
Indexes.allKeys.lookupDurationAvgMs,1781858424318000000,1781858484317000000,0.0
Indexing.cache.totalCacheMisses,1781858424318000000,1781858484317000000,0
Indexes.stubs.lookupDurationMaxMs,1781858424318000000,1781858484317000000,0.0
Indexing.totalTimeIndexersSleptMs,1781858424318000000,1781858484317000000,0
Indexing.writesQueuedMax,1781858424318000000,1781858484317000000,0
Indexes.entries.lookupDuration90PMs,1781858424318000000,1781858484317000000,0.0
Indexes.entries.lookupDurationMaxMs,1781858424318000000,1781858484317000000,0.0
Indexes.allKeys.lookupDuration90PMs,1781858424318000000,1781858484317000000,0.0
JVM.usedHeapBytes,1781858424318000000,1781858484317000000,448607280
JVM.totalTimeAtSafepointsMs,1781858424318000000,1781858484317000000,0
JVM.totalSafepointCount,1781858424318000000,1781858484317000000,0
JVM.GC.collections,1781858424318000000,1781858484317000000,0
MEM.ramBytes,1781858424318000000,1781858484317000000,2096033792
MEM.fileMappingsRamBytes,1781858424318000000,1781858484317000000,737230848
JVM.threadCount,1781858424318000000,1781858484317000000,56
JVM.committedHeapBytes,1781858424318000000,1781858484317000000,633339904
MEM.ramPlusSwapMinusFileMappingsBytes,1781858424318000000,1781858484317000000,1345826816
JVM.usedNativeBytes,1781858424318000000,1781858484317000000,443704192
JVM.maxThreadCount,1781858424318000000,1781858484317000000,135
JVM.totalBytesAllocated,1781858424318000000,1781858484317000000,17738176
JVM.GC.collectionTimesMs,1781858424318000000,1781858484317000000,0
MEM.ramMinusFileMappingsBytes,1781858424318000000,1781858484317000000,1345826816
JVM.maxHeapBytes,1781858424318000000,1781858484317000000,2147483648
OS.loadAverage,1781858424318000000,1781858484317000000,0.00732421875
JVM.totalCpuTimeMs,1781858424318000000,1781858484317000000,1700
JVM.totalTimeToSafepointsMs,1781858424318000000,1781858484317000000,0
JVM.newThreadsCount,1781858424318000000,1781858484317000000,0
JVM.totalDirectByteBuffersBytes,1781858424318000000,1781858484317000000,77825
compiler.ArtifactManagerBridge.dropMappings.ms,1781858484317000000,1781858544322000000,0
compiler.ArtifactManagerBridge.addArtifact.ms,1781858484317000000,1781858544322000000,0
compiler.ArtifactManagerBridge.getArtifacts.ms,1781858484317000000,1781858544322000000,0
compiler.ArtifactManagerBridge.getArtifactsByType.ms,1781858484317000000,1781858544322000000,0
compiler.ArtifactManagerBridge.findArtifact.ms,1781858484317000000,1781858544322000000,0
compiler.ArtifactVirtualFileListener.filePathChanged.ms,1781858484317000000,1781858544322000000,0
compiler.ArtifactManagerBridge.commit.ms,1781858484317000000,1781858544322000000,0
compiler.ArtifactVirtualFileListener.propertyChanged.ms,1781858484317000000,1781858544322000000,0
compiler.ArtifactManagerBridge.initBridges.ms,1781858484317000000,1781858544322000000,0
jps.facet.change.listener.init.bridge.ms,1781858484317000000,1781858544322000000,0
workspaceModel.mutableEntityStorage.has.same.entities.ms,1781858484317000000,1781858544322000000,0
jps.apply.loaded.storage.ms,1781858484317000000,1781858544322000000,0
workspaceModel.global.updates.count,1781858484317000000,1781858544322000000,0
jps.load.initial.state.ms,1781858484317000000,1781858544322000000,0
jps.global.initialize.library.bridges.after.loading.ms,1781858484317000000,1781858544322000000,0
workspaceModel.mutableEntityStorage.to.snapshot.ms,1781858484317000000,1781858544322000000,0
workspaceModel.mutableEntityStorage.modify.entity.ms,1781858484317000000,1781858544322000000,0
workspaceModel.mutableEntityStorage.hasReferrers.ms,1781858484317000000,1781858544322000000,0
workspaceModel.mutableEntityStorage.replace.by.source.ms,1781858484317000000,1781858544322000000,0
workspaceModel.load.cache.from.file.ms,1781858484317000000,1781858544322000000,0
workspaceModel.mutableEntityStorage.changeLog.addReplaceEventForRemovedParent.ms,1781858484317000000,1781858544322000000,0
workspaceModel.moduleManagerBridge.load.module.ms,1781858484317000000,1781858544322000000,0
workspaceModel.mutableEntityStorage.referrers.ms,1781858484317000000,1781858544322000000,0
jps.library.entities.serializer.save.entities.ms,1781858484317000000,1781858544322000000,0
jps.save.changed.project.entities.ms,1781858484317000000,1781858544322000000,0
jps.facet.change.listener.before.change.events.ms,1781858484317000000,1781858544322000000,0
jps.artifact.entities.serializer.save.entities.ms,1781858484317000000,1781858544322000000,0
jps.global.get.library.by.name.ms,1781858484317000000,1781858544322000000,0
workspaceModel.mutableEntityStorage.remove.entity.ms,1781858484317000000,1781858544322000000,0
workspaceModel.mutableEntityStorage.changeLog.addReplaceEventForRemovedChild.ms,1781858484317000000,1781858544322000000,0
workspaceModel.mutableEntityStorage.resolve.ms,1781858484317000000,1781858544322000000,0
workspaceModel.do.save.caches.ms,1781858484317000000,1781858544322000000,0
workspaceModel.moduleBridge.update.option.ms,1781858484317000000,1781858544322000000,0
jps.module.dependency.index.workspace.model.listener.on.changed.ms,1781858484317000000,1781858544322000000,0
jps.storage.jps.conf.reader.load.component.ms,1781858484317000000,1781858544322000000,0
jps.global.initialize.library.bridges.ms,1781858484317000000,1781858544322000000,0
workspaceModel.moduleBridge.facet.initialization.ms,1781858484317000000,1781858544322000000,0
workspaceModel.moduleManagerBridge.new.nonPersistent.module.ms,1781858484317000000,1781858544322000000,0
workspaceModel.mutableEntityStorage.entities.ms,1781858484317000000,1781858544322000000,0
workspaceModel.moduleBridge.before.changed.ms,1781858484317000000,1781858544322000000,0
jps.facet.change.listener.process.change.events.ms,1781858484317000000,1781858544322000000,0
workspaceModel.sync.entities.ms,1781858484317000000,1781858544322000000,0
workspaceModel.moduleManagerBridge.load.all.modules.ms,1781858484317000000,1781858544322000000,0
workspaceModel.global.apply.state.to.project.ms,1781858484317000000,1781858544322000000,0
jps.global.get.libraries.ms,1781858484317000000,1781858544322000000,0
workspaceModel.delayed.project.synchronizer.sync.ms,1781858484317000000,1781858544322000000,0
jps.project.serializers.save.ms,1781858484317000000,1781858544322000000,0
jps.global.handle.before.change.events.ms,1781858484317000000,1781858544322000000,0
jps.save.global.entities.ms,1781858484317000000,1781858544322000000,0
jps.module.iml.entities.serializer.load.entities.ms,1781858484317000000,1781858544322000000,0
workspaceModel.moduleBridgeLoader.loading.modules.ms,1781858484317000000,1781858544322000000,0
workspaceModel.moduleManagerBridge.set.unloadedModules.ms,1781858484317000000,1781858544322000000,0
jps.global.get.library.ms,1781858484317000000,1781858544322000000,0
workspaceModel.moduleManagerBridge.build.module.graph.ms,1781858484317000000,1781858544322000000,0
workspaceModel.mutableEntityStorage.apply.changes.from.ms,1781858484317000000,1781858544322000000,0
jps.app.storage.content.reader.load.component.ms,1781858484317000000,1781858544322000000,0
workspaceModel.global.apply.state.to.project.builder.ms,1781858484317000000,1781858544322000000,0
workspaceModel.mutableEntityStorage.entities.by.source.ms,1781858484317000000,1781858544322000000,0
workspaceModel.mutableEntityStorage.mutable.ext.mapping.ms,1781858484317000000,1781858544322000000,0
workspaceModel.mutableEntityStorage.collect.changes.ms,1781858484317000000,1781858544322000000,0
jps.project.serializers.load.ms,1781858484317000000,1781858544322000000,0
workspaceModel.global.updates.ms,1781858484317000000,1781858544322000000,0
workspaceModel.save.cache.to.file.ms,1781858484317000000,1781858544322000000,0
workspaceModel.mutableEntityStorage.add.entity.ms,1781858484317000000,1781858544322000000,0
workspaceModel.moduleManagerBridge.create.module.instance.ms,1781858484317000000,1781858544322000000,0
workspaceModel.mutableEntityStorage.instances.count,1781858484317000000,1781858544322000000,0
jps.library.entities.serializer.load.entities.ms,1781858484317000000,1781858544322000000,0
workspaceModel.moduleManagerBridge.newModule.ms,1781858484317000000,1781858544322000000,0
workspaceModel.load.cache.metadata.from.file.ms,1781858484317000000,1781858544322000000,0
workspaceModel.mutableEntityStorage.put.entity.ms,1781858484317000000,1781858544322000000,0
jps.app.storage.content.writer.save.component.ms,1781858484317000000,1781858544322000000,0
workspaceModel.mutableEntityStorage.changeLog.addReplaceEventForNewChild.ms,1781858484317000000,1781858544322000000,0
jps.load.project.to.empty.storage.ms,1781858484317000000,1781858544322000000,0
jps.artifact.entities.serializer.load.entities.ms,1781858484317000000,1781858544322000000,0
workspaceModel.orphan.listener.update.ms,1781858484317000000,1781858544322000000,0
workspaceModel.moduleManagerBridge.get.modules.ms,1781858484317000000,1781858544322000000,0
jps.global.handle.changed.events.ms,1781858484317000000,1781858544322000000,0
workspaceModel.mutableEntityStorage.changeLog.addReplaceEventForNewParent.ms,1781858484317000000,1781858544322000000,0
jps.reload.project.entities.ms,1781858484317000000,1781858544322000000,0
workspaceModel.mutableEntityStorage.mutable.vfurl.index.ms,1781858484317000000,1781858544322000000,0
jps.module.iml.entities.serializer.save.entities.ms,1781858484317000000,1781858544322000000,0
cacheStateStorage.set.counter,1781858484317000000,1781858544322000000,0
cacheStateStorage.get.duration,1781858484317000000,1781858544322000000,0
cacheStateStorage.set.duration,1781858484317000000,1781858544322000000,0
cacheStateStorage.get.counter,1781858484317000000,1781858544322000000,0
VFS.contentStorage.recordsStoredCompressed,1781858484317000000,1781858544322000000,0
VFS.contentStorage.recordsUncompressedSize,1781858484317000000,1781858544322000000,0
VFS.folderCaseSensitivityReads,1781858484317000000,1781858544322000000,0
FileNameCache.totalMisses,1781858484317000000,1781858544322000000,0
VFS.contentStorage.recordsRead,1781858484317000000,1781858544322000000,0
VFS.contentStorage.recordsStored,1781858484317000000,1781858544322000000,0
VFS.invertedFileNameIndex.requests,1781858484317000000,1781858544322000000,0
VFS.fileChildByName,1781858484317000000,1781858544322000000,599
VFS.contentStorage.recordsReadDecompressed,1781858484317000000,1781858544322000000,0
VFS.cache.directoriesCreated,1781858484317000000,1781858544322000000,0
VFS.rootsCount,1781858484317000000,1781858544322000000,12.0
VFS.fileByIdCache.misses,1781858484317000000,1781858544322000000,0
VFS.cache.segmentsCreated,1781858484317000000,1781858544322000000,0
VFS.cache.filesCreated,1781858484317000000,1781858544322000000,28716
VFS.fileByIdCache.hits,1781858484317000000,1781858544322000000,0
VFS.contentStorage.recordsReadSize,1781858484317000000,1781858544322000000,0
VFS.contentStorage.recordsStoredSize,1781858484317000000,1781858544322000000,0
VFS.contentStorage.recordsDeduplicated,1781858484317000000,1781858544322000000,0
FileNameCache.queries,1781858484317000000,1781858544322000000,64
VFS.contentStorage.recordsDecompressionTimeUs,1781858484317000000,1781858544322000000,0
VFS.cache.segments,1781858484317000000,1781858544322000000,89.0
StreamlinedBlobStorage.totalLiveRecordsCapacityBytes,1781858484317000000,1781858544322000000,0
StreamlinedBlobStorage.recordsRelocated,1781858484317000000,1781858544322000000,0
StorageLockContext.competingThreads.max,1781858484317000000,1781858544322000000,0
MappedFileStorage.storages,1781858484317000000,1781858544322000000,12
DirectByteBufferAllocator.disposed,1781858484317000000,1781858544322000000,0
DirectByteBufferAllocator.reclaimed,1781858484317000000,1781858544322000000,0
DirectByteBufferAllocator.totalSizeOfBuffersAllocatedInBytes,1781858484317000000,1781858544322000000,0
StorageLockContext.competingThreads.90P,1781858484317000000,1781858544322000000,0
MappedFileStorage.totalPagesMapped,1781858484317000000,1781858544322000000,12
FilePageCache.disposedBuffers,1781858484317000000,1781858544322000000,0
StorageLockContext.competingThreads.avg,1781858484317000000,1781858544322000000,0.0
FilePageCache.capacityInBytes,1781858484317000000,1781858544322000000,629145600
FilePageCache.totalPageLoadsUs,1781858484317000000,1781858544322000000,0
FilePageCache.pageLoads,1781858484317000000,1781858544322000000,0
StreamlinedBlobStorage.recordsAllocated,1781858484317000000,1781858544322000000,0
DirectByteBufferAllocator.totalSizeOfBuffersCachedInBytes,1781858484317000000,1781858544322000000,76562432
FilePageCache.pageLoadsAboveSizeThreshold,1781858484317000000,1781858544322000000,0
FilePageCache.maxCacheSizeInBytes,1781858484317000000,1781858544322000000,629153792
FilePageCache.pageFastCacheHits,1781858484317000000,1781858544322000000,0
StreamlinedBlobStorage.totalLiveRecordsPayloadBytes,1781858484317000000,1781858544322000000,0
FilePageCache.totalPageDisposalsUs,1781858484317000000,1781858544322000000,0
FilePageCache.uncachedFileAccess,1781858484317000000,1781858544322000000,0
FilePageCache.maxRegisteredFiles,1781858484317000000,1781858544322000000,1652
DirectByteBufferAllocator.misses,1781858484317000000,1781858544322000000,0
StreamlinedBlobStorage.recordsDeleted,1781858484317000000,1781858544322000000,0
MappedFileStorage.totalTimeSpentOnMappingUs,1781858484317000000,1781858544322000000,63839
FileChannelInterruptsRetryer.totalRetriedAttempts,1781858484317000000,1781858544322000000,0
MappedFileStorage.totalBytesMapped,1781858484317000000,1781858544322000000,185860096
DirectByteBufferAllocator.hits,1781858484317000000,1781858544322000000,0
FilePageCache.pageHits,1781858484317000000,1781858544322000000,0
LowMemory.gcOverloaded,1781858484317000000,1781858544322000000,0
writeAction.wait.ms,1781858484317000000,1781858544322000000,0
DiskQueryRelay.tasksRequested,1781858484317000000,1781858544322000000,1
writeAction.median.wait.ms,1781858484317000000,1781858544322000000,0
writeAction.max.wait.ms,1781858484317000000,1781858544322000000,42
writeAction.count,1781858484317000000,1781858544322000000,1
LowMemory.gcLoad,1781858484317000000,1781858544322000000,4.24763834602258E-7
DiskQueryRelay.taskWaitingTotalTimeUs,1781858484317000000,1781858544322000000,949
DiskQueryRelay.taskExecutionTotalTimeUs,1781858484317000000,1781858544322000000,914
DiskQueryRelay.tasksExecuted,1781858484317000000,1781858544322000000,1
NonBlockingReadAction.finalizedExecutionTimeUs,1781858484317000000,1781858544322000000,4671
FlushQueue.executionTimeAvgNs,1781858484317000000,1781858544322000000,0.0
AWTEventQueue.dispatchTimeTotalNS,1781858484317000000,1781858544322000000,952362962
FlushQueue.queueSize90P,1781858484317000000,1781858544322000000,0
FlushQueue.executionTime90PNs,1781858484317000000,1781858544322000000,0
AWTEventQueue.dispatchTimeAvgNs,1781858484317000000,1781858544322000000,0.0
FlushQueue.tasksExecuted,1781858484317000000,1781858544322000000,0
WriteAction.executionsCount,1781858484317000000,1781858544322000000,1
NonBlockingReadAction.finalizedExecutionsCount,1781858484317000000,1781858544322000000,4
FlushQueue.waitingTimeMaxNs,1781858484317000000,1781858544322000000,0
AWTEventQueue.eventsDispatched,1781858484317000000,1781858544322000000,0
FlushQueue.queueSizeAvg,1781858484317000000,1781858544322000000,0.0
ReadAction.executionsCount,1781858484317000000,1781858544322000000,30238
FlushQueue.queueSizeMax,1781858484317000000,1781858544322000000,0
AWTEventQueue.dispatchTimeMaxNs,1781858484317000000,1781858544322000000,0
FlushQueue.waitingTime90PNs,1781858484317000000,1781858544322000000,0
NonBlockingReadAction.failedExecutionTimeUs,1781858484317000000,1781858544322000000,0
FlushQueue.waitingTimeAvgNs,1781858484317000000,1781858544322000000,0.0
AWTEventQueue.dispatchTime90PNs,1781858484317000000,1781858544322000000,0
NonBlockingReadAction.failedExecutionsCount,1781858484317000000,1781858544322000000,0
FlushQueue.executionTimeMaxNs,1781858484317000000,1781858544322000000,0
workspaceModel.workspaceFileIndexContributor.registerFileSets.ms,1781858484317000000,1781858544322000000,0
workspaceModel.workspaceFileIndexData.onEntitiesChanged.ms,1781858484317000000,1781858544322000000,0
workspaceModel.workspaceFileIndexData.markDirty.ms,1781858484317000000,1781858544322000000,0
workspaceModel.cachedValue.calculated.count,1781858484317000000,1781858544322000000,0
workspaceModel.workspaceFileIndexData.visitFileSets.ms,1781858484317000000,1781858544322000000,2
workspaceModel.workspaceFileIndexData.init.ms,1781858484317000000,1781858544322000000,0
workspaceModel.collect.changes.ms,1781858484317000000,1781858544322000000,0
workspaceModel.updates.count,1781858484317000000,1781858544322000000,0
workspaceModel.initializing.ms,1781858484317000000,1781858544322000000,0
workspaceModel.cachedValueWithParameters.total.get.count,1781858484317000000,1781858544322000000,0
workspaceModel.cachedValueWithParameters.calculated.count,1781858484317000000,1781858544322000000,0
workspaceModel.on.before.changed.ms,1781858484317000000,1781858544322000000,0
workspaceModel.update.unloaded.entities.ms,1781858484317000000,1781858544322000000,0
workspaceModel.loading.total.ms,1781858484317000000,1781858544322000000,0
workspaceModel.workspaceFileIndexData.getFileInfo.ms,1781858484317000000,1781858544322000000,7
workspaceModel.workspaceFileIndexData.instances.count,1781858484317000000,1781858544322000000,0
workspaceModel.replace.project.model.ms,1781858484317000000,1781858544322000000,0
workspaceModel.to.snapshot.ms,1781858484317000000,1781858544322000000,0
workspaceModel.pre.handlers.ms,1781858484317000000,1781858544322000000,0
workspaceModel.workspaceFileIndexData.getPackageName.ms,1781858484317000000,1781858544322000000,0
workspaceModel.cachedValue.from.cache.count,1781858484317000000,1781858544322000000,1
workspaceModel.workspaceFileIndexData.updateDirtyEntities.ms,1781858484317000000,1781858544322000000,0
workspaceModel.on.changed.ms,1781858484317000000,1781858544322000000,0
workspaceModel.updates.ms,1781858484317000000,1781858544322000000,0
workspaceModel.loading.from.cache.ms,1781858484317000000,1781858544322000000,0
workspaceModel.check.recursive.update.ms,1781858484317000000,1781858544322000000,0
workspaceModel.entityStorageSnapshotImpl.instances.count,1781858484317000000,1781858544322000000,0
workspaceModel.init.bridges.ms,1781858484317000000,1781858544322000000,0
workspaceModel.workspaceFileIndexData.processFileSets.ms,1781858484317000000,1781858544322000000,0
workspaceModel.workspaceFileIndexData.getDirectoriesByPackageName.ms,1781858484317000000,1781858544322000000,0
workspaceModel.cachedValue.clear.count,1781858484317000000,1781858544322000000,0
workspaceModel.updates.precise.ms,1781858484317000000,1781858544322000000,0
workspaceModel.cachedValueWithParameters.clear.count,1781858484317000000,1781858544322000000,0
workspaceModel.full.replace.project.model.ms,1781858484317000000,1781858544322000000,0
workspaceModel.cachedValue.total.get.count,1781858484317000000,1781858544322000000,1
workspaceModel.cachedValueWithParameters.from.cache.count,1781858484317000000,1781858544322000000,0
Indexing.writer_0.totalTimeSpentWritingMs,1781858484317000000,1781858544322000000,0
Indexing.writer_3.totalTimeSpentWritingMs,1781858484317000000,1781858544322000000,0
Indexes.entries.lookupDurationAvgMs,1781858484317000000,1781858544322000000,0.0
Indexes.stubs.lookupDuration90PMs,1781858484317000000,1781858544322000000,0.0
Indexes.stubs.lookups,1781858484317000000,1781858544322000000,0
Indexes.allKeys.lookupDurationMaxMs,1781858484317000000,1781858544322000000,0.0
Indexing.writer_2.totalTimeSpentWritingMs,1781858484317000000,1781858544322000000,0
Indexing.writesQueuedMin,1781858484317000000,1781858544322000000,9223372036854775807
Indexing.cache.totalCacheEvicted,1781858484317000000,1781858544322000000,0
Indexing.writer_1.totalTimeSpentWritingMs,1781858484317000000,1781858544322000000,0
Indexes.stubs.lookupDurationAvgMs,1781858484317000000,1781858544322000000,0.0
Indexes.entries.lookups,1781858484317000000,1781858544322000000,0
Indexes.allKeys.lookups,1781858484317000000,1781858544322000000,0
Indexing.cache.totalCacheAccesses,1781858484317000000,1781858544322000000,0
Indexes.allKeys.lookupDurationAvgMs,1781858484317000000,1781858544322000000,0.0
Indexing.cache.totalCacheMisses,1781858484317000000,1781858544322000000,0
Indexes.stubs.lookupDurationMaxMs,1781858484317000000,1781858544322000000,0.0
Indexing.totalTimeIndexersSleptMs,1781858484317000000,1781858544322000000,0
Indexing.writesQueuedMax,1781858484317000000,1781858544322000000,0
Indexes.entries.lookupDuration90PMs,1781858484317000000,1781858544322000000,0.0
Indexes.entries.lookupDurationMaxMs,1781858484317000000,1781858544322000000,0.0
Indexes.allKeys.lookupDuration90PMs,1781858484317000000,1781858544322000000,0.0
JVM.usedHeapBytes,1781858484317000000,1781858544322000000,510473264
JVM.totalTimeAtSafepointsMs,1781858484317000000,1781858544322000000,0
JVM.totalSafepointCount,1781858484317000000,1781858544322000000,0
JVM.GC.collections,1781858484317000000,1781858544322000000,0
MEM.ramBytes,1781858484317000000,1781858544322000000,2105208832
MEM.fileMappingsRamBytes,1781858484317000000,1781858544322000000,739328000
JVM.threadCount,1781858484317000000,1781858544322000000,72
JVM.committedHeapBytes,1781858484317000000,1781858544322000000,633339904
MEM.ramPlusSwapMinusFileMappingsBytes,1781858484317000000,1781858544322000000,1352904704
JVM.usedNativeBytes,1781858484317000000,1781858544322000000,448136544
JVM.maxThreadCount,1781858484317000000,1781858544322000000,135
JVM.totalBytesAllocated,1781858484317000000,1781858544322000000,60169720
JVM.GC.collectionTimesMs,1781858484317000000,1781858544322000000,0
MEM.ramMinusFileMappingsBytes,1781858484317000000,1781858544322000000,1352904704
JVM.maxHeapBytes,1781858484317000000,1781858544322000000,2147483648
OS.loadAverage,1781858484317000000,1781858544322000000,4.8828125E-4
JVM.totalCpuTimeMs,1781858484317000000,1781858544322000000,4490
JVM.totalTimeToSafepointsMs,1781858484317000000,1781858544322000000,0
JVM.newThreadsCount,1781858484317000000,1781858544322000000,16
JVM.totalDirectByteBuffersBytes,1781858484317000000,1781858544322000000,77825
compiler.ArtifactManagerBridge.dropMappings.ms,1781858544322000000,1781858549289000000,0
compiler.ArtifactManagerBridge.addArtifact.ms,1781858544322000000,1781858549289000000,0
compiler.ArtifactManagerBridge.getArtifacts.ms,1781858544322000000,1781858549289000000,0
compiler.ArtifactManagerBridge.getArtifactsByType.ms,1781858544322000000,1781858549289000000,0
compiler.ArtifactManagerBridge.findArtifact.ms,1781858544322000000,1781858549289000000,0
compiler.ArtifactVirtualFileListener.filePathChanged.ms,1781858544322000000,1781858549289000000,0
compiler.ArtifactManagerBridge.commit.ms,1781858544322000000,1781858549289000000,0
compiler.ArtifactVirtualFileListener.propertyChanged.ms,1781858544322000000,1781858549289000000,0
compiler.ArtifactManagerBridge.initBridges.ms,1781858544322000000,1781858549289000000,0
jps.facet.change.listener.init.bridge.ms,1781858544322000000,1781858549289000000,0
workspaceModel.mutableEntityStorage.has.same.entities.ms,1781858544322000000,1781858549289000000,0
jps.apply.loaded.storage.ms,1781858544322000000,1781858549289000000,0
workspaceModel.global.updates.count,1781858544322000000,1781858549289000000,0
jps.load.initial.state.ms,1781858544322000000,1781858549289000000,0
jps.global.initialize.library.bridges.after.loading.ms,1781858544322000000,1781858549289000000,0
workspaceModel.mutableEntityStorage.to.snapshot.ms,1781858544322000000,1781858549289000000,0
workspaceModel.mutableEntityStorage.modify.entity.ms,1781858544322000000,1781858549289000000,0
workspaceModel.mutableEntityStorage.hasReferrers.ms,1781858544322000000,1781858549289000000,0
workspaceModel.mutableEntityStorage.replace.by.source.ms,1781858544322000000,1781858549289000000,0
workspaceModel.load.cache.from.file.ms,1781858544322000000,1781858549289000000,0
workspaceModel.mutableEntityStorage.changeLog.addReplaceEventForRemovedParent.ms,1781858544322000000,1781858549289000000,0
workspaceModel.moduleManagerBridge.load.module.ms,1781858544322000000,1781858549289000000,0
workspaceModel.mutableEntityStorage.referrers.ms,1781858544322000000,1781858549289000000,0
jps.library.entities.serializer.save.entities.ms,1781858544322000000,1781858549289000000,0
jps.save.changed.project.entities.ms,1781858544322000000,1781858549289000000,0
jps.facet.change.listener.before.change.events.ms,1781858544322000000,1781858549289000000,0
jps.artifact.entities.serializer.save.entities.ms,1781858544322000000,1781858549289000000,0
jps.global.get.library.by.name.ms,1781858544322000000,1781858549289000000,0
workspaceModel.mutableEntityStorage.remove.entity.ms,1781858544322000000,1781858549289000000,0
workspaceModel.mutableEntityStorage.changeLog.addReplaceEventForRemovedChild.ms,1781858544322000000,1781858549289000000,0
workspaceModel.mutableEntityStorage.resolve.ms,1781858544322000000,1781858549289000000,0
workspaceModel.do.save.caches.ms,1781858544322000000,1781858549289000000,0
workspaceModel.moduleBridge.update.option.ms,1781858544322000000,1781858549289000000,0
jps.module.dependency.index.workspace.model.listener.on.changed.ms,1781858544322000000,1781858549289000000,0
jps.storage.jps.conf.reader.load.component.ms,1781858544322000000,1781858549289000000,0
jps.global.initialize.library.bridges.ms,1781858544322000000,1781858549289000000,0
workspaceModel.moduleBridge.facet.initialization.ms,1781858544322000000,1781858549289000000,0
workspaceModel.moduleManagerBridge.new.nonPersistent.module.ms,1781858544322000000,1781858549289000000,0
workspaceModel.mutableEntityStorage.entities.ms,1781858544322000000,1781858549289000000,0
workspaceModel.moduleBridge.before.changed.ms,1781858544322000000,1781858549289000000,0
jps.facet.change.listener.process.change.events.ms,1781858544322000000,1781858549289000000,0
workspaceModel.sync.entities.ms,1781858544322000000,1781858549289000000,0
workspaceModel.moduleManagerBridge.load.all.modules.ms,1781858544322000000,1781858549289000000,0
workspaceModel.global.apply.state.to.project.ms,1781858544322000000,1781858549289000000,0
jps.global.get.libraries.ms,1781858544322000000,1781858549289000000,0
workspaceModel.delayed.project.synchronizer.sync.ms,1781858544322000000,1781858549289000000,0
jps.project.serializers.save.ms,1781858544322000000,1781858549289000000,0
jps.global.handle.before.change.events.ms,1781858544322000000,1781858549289000000,0
jps.save.global.entities.ms,1781858544322000000,1781858549289000000,8
jps.module.iml.entities.serializer.load.entities.ms,1781858544322000000,1781858549289000000,0
workspaceModel.moduleBridgeLoader.loading.modules.ms,1781858544322000000,1781858549289000000,0
workspaceModel.moduleManagerBridge.set.unloadedModules.ms,1781858544322000000,1781858549289000000,0
jps.global.get.library.ms,1781858544322000000,1781858549289000000,0
workspaceModel.moduleManagerBridge.build.module.graph.ms,1781858544322000000,1781858549289000000,0
workspaceModel.mutableEntityStorage.apply.changes.from.ms,1781858544322000000,1781858549289000000,0
jps.app.storage.content.reader.load.component.ms,1781858544322000000,1781858549289000000,0
workspaceModel.global.apply.state.to.project.builder.ms,1781858544322000000,1781858549289000000,0
workspaceModel.mutableEntityStorage.entities.by.source.ms,1781858544322000000,1781858549289000000,0
workspaceModel.mutableEntityStorage.mutable.ext.mapping.ms,1781858544322000000,1781858549289000000,0
workspaceModel.mutableEntityStorage.collect.changes.ms,1781858544322000000,1781858549289000000,0
jps.project.serializers.load.ms,1781858544322000000,1781858549289000000,0
workspaceModel.global.updates.ms,1781858544322000000,1781858549289000000,0
workspaceModel.save.cache.to.file.ms,1781858544322000000,1781858549289000000,0
workspaceModel.mutableEntityStorage.add.entity.ms,1781858544322000000,1781858549289000000,0
workspaceModel.moduleManagerBridge.create.module.instance.ms,1781858544322000000,1781858549289000000,0
workspaceModel.mutableEntityStorage.instances.count,1781858544322000000,1781858549289000000,0
jps.library.entities.serializer.load.entities.ms,1781858544322000000,1781858549289000000,0
workspaceModel.moduleManagerBridge.newModule.ms,1781858544322000000,1781858549289000000,0
workspaceModel.load.cache.metadata.from.file.ms,1781858544322000000,1781858549289000000,0
workspaceModel.mutableEntityStorage.put.entity.ms,1781858544322000000,1781858549289000000,0
jps.app.storage.content.writer.save.component.ms,1781858544322000000,1781858549289000000,6
workspaceModel.mutableEntityStorage.changeLog.addReplaceEventForNewChild.ms,1781858544322000000,1781858549289000000,0
jps.load.project.to.empty.storage.ms,1781858544322000000,1781858549289000000,0
jps.artifact.entities.serializer.load.entities.ms,1781858544322000000,1781858549289000000,0
workspaceModel.orphan.listener.update.ms,1781858544322000000,1781858549289000000,0
workspaceModel.moduleManagerBridge.get.modules.ms,1781858544322000000,1781858549289000000,0
jps.global.handle.changed.events.ms,1781858544322000000,1781858549289000000,0
workspaceModel.mutableEntityStorage.changeLog.addReplaceEventForNewParent.ms,1781858544322000000,1781858549289000000,0
jps.reload.project.entities.ms,1781858544322000000,1781858549289000000,0
workspaceModel.mutableEntityStorage.mutable.vfurl.index.ms,1781858544322000000,1781858549289000000,0
jps.module.iml.entities.serializer.save.entities.ms,1781858544322000000,1781858549289000000,0
cacheStateStorage.set.counter,1781858544322000000,1781858549289000000,11
cacheStateStorage.get.duration,1781858544322000000,1781858549289000000,0
cacheStateStorage.set.duration,1781858544322000000,1781858549289000000,11
cacheStateStorage.get.counter,1781858544322000000,1781858549289000000,0
StorageLockContext.competingThreads.max,1781858544322000000,1781858549289000000,0
DirectByteBufferAllocator.disposed,1781858544322000000,1781858549289000000,0
DirectByteBufferAllocator.reclaimed,1781858544322000000,1781858549289000000,13
DirectByteBufferAllocator.totalSizeOfBuffersAllocatedInBytes,1781858544322000000,1781858549289000000,10510336
StorageLockContext.competingThreads.90P,1781858544322000000,1781858549289000000,0
FilePageCache.disposedBuffers,1781858544322000000,1781858549289000000,13
StorageLockContext.competingThreads.avg,1781858544322000000,1781858549289000000,0.0
FilePageCache.capacityInBytes,1781858544322000000,1781858549289000000,629145600
FilePageCache.totalPageLoadsUs,1781858544322000000,1781858549289000000,18817
FilePageCache.pageLoads,1781858544322000000,1781858549289000000,13
DirectByteBufferAllocator.totalSizeOfBuffersCachedInBytes,1781858544322000000,1781858549289000000,87072768
FilePageCache.pageLoadsAboveSizeThreshold,1781858544322000000,1781858549289000000,0
FilePageCache.maxCacheSizeInBytes,1781858544322000000,1781858549289000000,629153792
FilePageCache.pageFastCacheHits,1781858544322000000,1781858549289000000,142
FilePageCache.totalPageDisposalsUs,1781858544322000000,1781858549289000000,71
FilePageCache.uncachedFileAccess,1781858544322000000,1781858549289000000,26
FilePageCache.maxRegisteredFiles,1781858544322000000,1781858549289000000,1652
DirectByteBufferAllocator.misses,1781858544322000000,1781858549289000000,13
FileChannelInterruptsRetryer.totalRetriedAttempts,1781858544322000000,1781858549289000000,0
DirectByteBufferAllocator.hits,1781858544322000000,1781858549289000000,0
FilePageCache.pageHits,1781858544322000000,1781858549289000000,0
LowMemory.gcOverloaded,1781858544322000000,1781858549289000000,0
writeAction.wait.ms,1781858544322000000,1781858549289000000,0
DiskQueryRelay.tasksRequested,1781858544322000000,1781858549289000000,11
writeAction.median.wait.ms,1781858544322000000,1781858549289000000,0
writeAction.max.wait.ms,1781858544322000000,1781858549289000000,42
writeAction.count,1781858544322000000,1781858549289000000,2
LowMemory.gcLoad,1781858544322000000,1781858549289000000,3.595508283538723E-7
DiskQueryRelay.taskWaitingTotalTimeUs,1781858544322000000,1781858549289000000,2542
DiskQueryRelay.taskExecutionTotalTimeUs,1781858544322000000,1781858549289000000,436
DiskQueryRelay.tasksExecuted,1781858544322000000,1781858549289000000,11
NonBlockingReadAction.finalizedExecutionTimeUs,1781858544322000000,1781858549289000000,1378
AWTEventQueue.dispatchTimeTotalNS,1781858544322000000,1781858549289000000,294823188
NonBlockingReadAction.finalizedExecutionsCount,1781858544322000000,1781858549289000000,1
NonBlockingReadAction.failedExecutionTimeUs,1781858544322000000,1781858549289000000,0
NonBlockingReadAction.failedExecutionsCount,1781858544322000000,1781858549289000000,0
workspaceModel.workspaceFileIndexContributor.registerFileSets.ms,1781858544322000000,1781858549289000000,0
workspaceModel.workspaceFileIndexData.onEntitiesChanged.ms,1781858544322000000,1781858549289000000,0
workspaceModel.workspaceFileIndexData.markDirty.ms,1781858544322000000,1781858549289000000,0
workspaceModel.cachedValue.calculated.count,1781858544322000000,1781858549289000000,0
workspaceModel.workspaceFileIndexData.visitFileSets.ms,1781858544322000000,1781858549289000000,0
workspaceModel.workspaceFileIndexData.init.ms,1781858544322000000,1781858549289000000,0
workspaceModel.collect.changes.ms,1781858544322000000,1781858549289000000,0
workspaceModel.updates.count,1781858544322000000,1781858549289000000,0
workspaceModel.initializing.ms,1781858544322000000,1781858549289000000,0
workspaceModel.cachedValueWithParameters.total.get.count,1781858544322000000,1781858549289000000,0
workspaceModel.cachedValueWithParameters.calculated.count,1781858544322000000,1781858549289000000,0
workspaceModel.on.before.changed.ms,1781858544322000000,1781858549289000000,0
workspaceModel.update.unloaded.entities.ms,1781858544322000000,1781858549289000000,0
workspaceModel.loading.total.ms,1781858544322000000,1781858549289000000,0
workspaceModel.workspaceFileIndexData.getFileInfo.ms,1781858544322000000,1781858549289000000,0
workspaceModel.workspaceFileIndexData.instances.count,1781858544322000000,1781858549289000000,0
workspaceModel.replace.project.model.ms,1781858544322000000,1781858549289000000,0
workspaceModel.to.snapshot.ms,1781858544322000000,1781858549289000000,0
workspaceModel.pre.handlers.ms,1781858544322000000,1781858549289000000,0
workspaceModel.workspaceFileIndexData.getPackageName.ms,1781858544322000000,1781858549289000000,0
workspaceModel.cachedValue.from.cache.count,1781858544322000000,1781858549289000000,2
workspaceModel.workspaceFileIndexData.updateDirtyEntities.ms,1781858544322000000,1781858549289000000,0
workspaceModel.on.changed.ms,1781858544322000000,1781858549289000000,0
workspaceModel.updates.ms,1781858544322000000,1781858549289000000,0
workspaceModel.loading.from.cache.ms,1781858544322000000,1781858549289000000,0
workspaceModel.check.recursive.update.ms,1781858544322000000,1781858549289000000,0
workspaceModel.entityStorageSnapshotImpl.instances.count,1781858544322000000,1781858549289000000,0
workspaceModel.init.bridges.ms,1781858544322000000,1781858549289000000,0
workspaceModel.workspaceFileIndexData.processFileSets.ms,1781858544322000000,1781858549289000000,0
workspaceModel.workspaceFileIndexData.getDirectoriesByPackageName.ms,1781858544322000000,1781858549289000000,0
workspaceModel.cachedValue.clear.count,1781858544322000000,1781858549289000000,0
workspaceModel.updates.precise.ms,1781858544322000000,1781858549289000000,0
workspaceModel.cachedValueWithParameters.clear.count,1781858544322000000,1781858549289000000,0
workspaceModel.full.replace.project.model.ms,1781858544322000000,1781858549289000000,0
workspaceModel.cachedValue.total.get.count,1781858544322000000,1781858549289000000,2
workspaceModel.cachedValueWithParameters.from.cache.count,1781858544322000000,1781858549289000000,0
Indexing.writer_0.totalTimeSpentWritingMs,1781858544322000000,1781858549289000000,0
Indexing.writer_3.totalTimeSpentWritingMs,1781858544322000000,1781858549289000000,0
Indexes.entries.lookupDurationAvgMs,1781858544322000000,1781858549289000000,0.0
Indexes.stubs.lookupDuration90PMs,1781858544322000000,1781858549289000000,0.0
Indexes.stubs.lookups,1781858544322000000,1781858549289000000,0
Indexes.allKeys.lookupDurationMaxMs,1781858544322000000,1781858549289000000,0.0
Indexing.writer_2.totalTimeSpentWritingMs,1781858544322000000,1781858549289000000,0
Indexing.writesQueuedMin,1781858544322000000,1781858549289000000,9223372036854775807
Indexing.cache.totalCacheEvicted,1781858544322000000,1781858549289000000,586
Indexing.writer_1.totalTimeSpentWritingMs,1781858544322000000,1781858549289000000,0
Indexes.stubs.lookupDurationAvgMs,1781858544322000000,1781858549289000000,0.0
Indexes.entries.lookups,1781858544322000000,1781858549289000000,0
Indexes.allKeys.lookups,1781858544322000000,1781858549289000000,0
Indexing.cache.totalCacheAccesses,1781858544322000000,1781858549289000000,0
Indexes.allKeys.lookupDurationAvgMs,1781858544322000000,1781858549289000000,0.0
Indexing.cache.totalCacheMisses,1781858544322000000,1781858549289000000,0
Indexes.stubs.lookupDurationMaxMs,1781858544322000000,1781858549289000000,0.0
Indexing.totalTimeIndexersSleptMs,1781858544322000000,1781858549289000000,0
Indexing.writesQueuedMax,1781858544322000000,1781858549289000000,0
Indexes.entries.lookupDuration90PMs,1781858544322000000,1781858549289000000,0.0
Indexes.entries.lookupDurationMaxMs,1781858544322000000,1781858549289000000,0.0
Indexes.allKeys.lookupDuration90PMs,1781858544322000000,1781858549289000000,0.0
JVM.usedHeapBytes,1781858544322000000,1781858549289000000,387521664
JVM.totalTimeAtSafepointsMs,1781858544322000000,1781858549289000000,28
JVM.totalSafepointCount,1781858544322000000,1781858549289000000,1
JVM.GC.collections,1781858544322000000,1781858549289000000,1
MEM.ramBytes,1781858544322000000,1781858549289000000,2140676096
MEM.fileMappingsRamBytes,1781858544322000000,1781858549289000000,751513600
JVM.threadCount,1781858544322000000,1781858549289000000,69
JVM.committedHeapBytes,1781858544322000000,1781858549289000000,633339904
MEM.ramPlusSwapMinusFileMappingsBytes,1781858544322000000,1781858549289000000,1376108544
JVM.usedNativeBytes,1781858544322000000,1781858549289000000,460963296
JVM.maxThreadCount,1781858544322000000,1781858549289000000,135
JVM.totalBytesAllocated,1781858544322000000,1781858549289000000,57248264
JVM.GC.collectionTimesMs,1781858544322000000,1781858549289000000,28
MEM.ramMinusFileMappingsBytes,1781858544322000000,1781858549289000000,1376108544
JVM.maxHeapBytes,1781858544322000000,1781858549289000000,2147483648
OS.loadAverage,1781858544322000000,1781858549289000000,0.16064453125
JVM.totalCpuTimeMs,1781858544322000000,1781858549289000000,4000
JVM.totalTimeToSafepointsMs,1781858544322000000,1781858549289000000,1
JVM.newThreadsCount,1781858544322000000,1781858549289000000,19
JVM.totalDirectByteBuffersBytes,1781858544322000000,1781858549289000000,10588161
